ISO-10303-21;
HEADER;
/* Generated by software containing ST-Developer
 * from STEP Tools, Inc. (www.steptools.com) 
 */

FILE_DESCRIPTION(
/* description */ (''),
/* implementation_level */ '2;1');

FILE_NAME(
/* name */ 'EMOCD_Magazine_Cassette_Gen2.step',
/* time_stamp */ '2026-07-28T19:15:11+05:30',
/* author */ (''),
/* organization */ (''),
/* preprocessor_version */ 'ST-DEVELOPER v20.1',
/* originating_system */ 'Autodesk Translation Framework v15.8.0.0',
/* authorisation */ '');

FILE_SCHEMA (('AUTOMOTIVE_DESIGN { 1 0 10303 214 3 1 1 }'));
ENDSEC;

DATA;
#10=MECHANICAL_DESIGN_GEOMETRIC_PRESENTATION_REPRESENTATION('',(#22,#23,
#24,#25,#26,#27,#28,#29,#30,#31,#32,#33,#34,#35,#36,#37,#38,#39,#40,#41,
#42,#43,#44,#45),#3365);
#11=SHAPE_REPRESENTATION_RELATIONSHIP('SRR','None',#3372,#12);
#12=ADVANCED_BREP_SHAPE_REPRESENTATION('',(#46,#47,#48,#49,#50,#51,#52,
#53,#54,#55,#56,#57,#58,#59,#60,#61,#62,#63,#64,#65,#66,#67,#68,#69),#3364);
#13=CIRCLE('',#2142,6.00000000000001);
#14=CIRCLE('',#2143,6.00000000000001);
#15=CIRCLE('',#2237,3.00000000000001);
#16=CIRCLE('',#2238,3.00000000000001);
#17=CIRCLE('',#2242,3.00000000000001);
#18=CIRCLE('',#2243,3.00000000000001);
#19=CYLINDRICAL_SURFACE('',#2141,6.00000000000001);
#20=CYLINDRICAL_SURFACE('',#2236,3.00000000000001);
#21=CYLINDRICAL_SURFACE('',#2241,3.00000000000001);
#22=STYLED_ITEM('',(#3382),#46);
#23=STYLED_ITEM('',(#3382),#47);
#24=STYLED_ITEM('',(#3382),#48);
#25=STYLED_ITEM('',(#3382),#49);
#26=STYLED_ITEM('',(#3382),#50);
#27=STYLED_ITEM('',(#3383),#51);
#28=STYLED_ITEM('',(#3384),#52);
#29=STYLED_ITEM('',(#3385),#53);
#30=STYLED_ITEM('',(#3385),#54);
#31=STYLED_ITEM('',(#3385),#55);
#32=STYLED_ITEM('',(#3385),#56);
#33=STYLED_ITEM('',(#3385),#57);
#34=STYLED_ITEM('',(#3386),#58);
#35=STYLED_ITEM('',(#3386),#59);
#36=STYLED_ITEM('',(#3385),#60);
#37=STYLED_ITEM('',(#3385),#61);
#38=STYLED_ITEM('',(#3385),#62);
#39=STYLED_ITEM('',(#3385),#63);
#40=STYLED_ITEM('',(#3385),#64);
#41=STYLED_ITEM('',(#3385),#65);
#42=STYLED_ITEM('',(#3387),#66);
#43=STYLED_ITEM('',(#3383),#67);
#44=STYLED_ITEM('',(#3383),#68);
#45=STYLED_ITEM('',(#3381),#69);
#46=MANIFOLD_SOLID_BREP('cassette_wall',#2074);
#47=MANIFOLD_SOLID_BREP('cassette_end_aft',#2075);
#48=MANIFOLD_SOLID_BREP('cassette_end_fwd',#2076);
#49=MANIFOLD_SOLID_BREP('cassette_floor',#2077);
#50=MANIFOLD_SOLID_BREP('cassette_roof',#2078);
#51=MANIFOLD_SOLID_BREP('leadscrew',#2079);
#52=MANIFOLD_SOLID_BREP('follower_motor',#2080);
#53=MANIFOLD_SOLID_BREP('follower_plate',#2081);
#54=MANIFOLD_SOLID_BREP('follower_rib_70',#2082);
#55=MANIFOLD_SOLID_BREP('follower_rib_200',#2083);
#56=MANIFOLD_SOLID_BREP('follower_rib_330',#2084);
#57=MANIFOLD_SOLID_BREP('follower_nut_arm',#2085);
#58=MANIFOLD_SOLID_BREP('escapement_finger_70',#2086);
#59=MANIFOLD_SOLID_BREP('escapement_finger_300',#2087);
#60=MANIFOLD_SOLID_BREP('gate_rail_lower',#2088);
#61=MANIFOLD_SOLID_BREP('gate_rail_upper',#2089);
#62=MANIFOLD_SOLID_BREP('gate_stile_aft',#2090);
#63=MANIFOLD_SOLID_BREP('gate_stile_fwd',#2091);
#64=MANIFOLD_SOLID_BREP('gate_crossmember_233',#2092);
#65=MANIFOLD_SOLID_BREP('gate_crossmember_440',#2093);
#66=MANIFOLD_SOLID_BREP('sma_pin_puller',#2094);
#67=MANIFOLD_SOLID_BREP('gate_pin_D6_110',#2095);
#68=MANIFOLD_SOLID_BREP('gate_pin_D6_290',#2096);
#69=MANIFOLD_SOLID_BREP('septum_silicon_steel',#2097);
#70=FACE_OUTER_BOUND('',#205,.T.);
#71=FACE_OUTER_BOUND('',#206,.T.);
#72=FACE_OUTER_BOUND('',#207,.T.);
#73=FACE_OUTER_BOUND('',#208,.T.);
#74=FACE_OUTER_BOUND('',#209,.T.);
#75=FACE_OUTER_BOUND('',#210,.T.);
#76=FACE_OUTER_BOUND('',#211,.T.);
#77=FACE_OUTER_BOUND('',#212,.T.);
#78=FACE_OUTER_BOUND('',#213,.T.);
#79=FACE_OUTER_BOUND('',#214,.T.);
#80=FACE_OUTER_BOUND('',#215,.T.);
#81=FACE_OUTER_BOUND('',#216,.T.);
#82=FACE_OUTER_BOUND('',#217,.T.);
#83=FACE_OUTER_BOUND('',#218,.T.);
#84=FACE_OUTER_BOUND('',#219,.T.);
#85=FACE_OUTER_BOUND('',#220,.T.);
#86=FACE_OUTER_BOUND('',#221,.T.);
#87=FACE_OUTER_BOUND('',#222,.T.);
#88=FACE_OUTER_BOUND('',#223,.T.);
#89=FACE_OUTER_BOUND('',#224,.T.);
#90=FACE_OUTER_BOUND('',#225,.T.);
#91=FACE_OUTER_BOUND('',#226,.T.);
#92=FACE_OUTER_BOUND('',#227,.T.);
#93=FACE_OUTER_BOUND('',#228,.T.);
#94=FACE_OUTER_BOUND('',#229,.T.);
#95=FACE_OUTER_BOUND('',#230,.T.);
#96=FACE_OUTER_BOUND('',#231,.T.);
#97=FACE_OUTER_BOUND('',#232,.T.);
#98=FACE_OUTER_BOUND('',#233,.T.);
#99=FACE_OUTER_BOUND('',#234,.T.);
#100=FACE_OUTER_BOUND('',#235,.T.);
#101=FACE_OUTER_BOUND('',#236,.T.);
#102=FACE_OUTER_BOUND('',#237,.T.);
#103=FACE_OUTER_BOUND('',#238,.T.);
#104=FACE_OUTER_BOUND('',#239,.T.);
#105=FACE_OUTER_BOUND('',#240,.T.);
#106=FACE_OUTER_BOUND('',#241,.T.);
#107=FACE_OUTER_BOUND('',#242,.T.);
#108=FACE_OUTER_BOUND('',#243,.T.);
#109=FACE_OUTER_BOUND('',#244,.T.);
#110=FACE_OUTER_BOUND('',#245,.T.);
#111=FACE_OUTER_BOUND('',#246,.T.);
#112=FACE_OUTER_BOUND('',#247,.T.);
#113=FACE_OUTER_BOUND('',#248,.T.);
#114=FACE_OUTER_BOUND('',#249,.T.);
#115=FACE_OUTER_BOUND('',#250,.T.);
#116=FACE_OUTER_BOUND('',#251,.T.);
#117=FACE_OUTER_BOUND('',#252,.T.);
#118=FACE_OUTER_BOUND('',#253,.T.);
#119=FACE_OUTER_BOUND('',#254,.T.);
#120=FACE_OUTER_BOUND('',#255,.T.);
#121=FACE_OUTER_BOUND('',#256,.T.);
#122=FACE_OUTER_BOUND('',#257,.T.);
#123=FACE_OUTER_BOUND('',#258,.T.);
#124=FACE_OUTER_BOUND('',#259,.T.);
#125=FACE_OUTER_BOUND('',#260,.T.);
#126=FACE_OUTER_BOUND('',#261,.T.);
#127=FACE_OUTER_BOUND('',#262,.T.);
#128=FACE_OUTER_BOUND('',#263,.T.);
#129=FACE_OUTER_BOUND('',#264,.T.);
#130=FACE_OUTER_BOUND('',#265,.T.);
#131=FACE_OUTER_BOUND('',#266,.T.);
#132=FACE_OUTER_BOUND('',#267,.T.);
#133=FACE_OUTER_BOUND('',#268,.T.);
#134=FACE_OUTER_BOUND('',#269,.T.);
#135=FACE_OUTER_BOUND('',#270,.T.);
#136=FACE_OUTER_BOUND('',#271,.T.);
#137=FACE_OUTER_BOUND('',#272,.T.);
#138=FACE_OUTER_BOUND('',#273,.T.);
#139=FACE_OUTER_BOUND('',#274,.T.);
#140=FACE_OUTER_BOUND('',#275,.T.);
#141=FACE_OUTER_BOUND('',#276,.T.);
#142=FACE_OUTER_BOUND('',#277,.T.);
#143=FACE_OUTER_BOUND('',#278,.T.);
#144=FACE_OUTER_BOUND('',#279,.T.);
#145=FACE_OUTER_BOUND('',#280,.T.);
#146=FACE_OUTER_BOUND('',#281,.T.);
#147=FACE_OUTER_BOUND('',#282,.T.);
#148=FACE_OUTER_BOUND('',#283,.T.);
#149=FACE_OUTER_BOUND('',#284,.T.);
#150=FACE_OUTER_BOUND('',#285,.T.);
#151=FACE_OUTER_BOUND('',#286,.T.);
#152=FACE_OUTER_BOUND('',#287,.T.);
#153=FACE_OUTER_BOUND('',#288,.T.);
#154=FACE_OUTER_BOUND('',#289,.T.);
#155=FACE_OUTER_BOUND('',#290,.T.);
#156=FACE_OUTER_BOUND('',#291,.T.);
#157=FACE_OUTER_BOUND('',#292,.T.);
#158=FACE_OUTER_BOUND('',#293,.T.);
#159=FACE_OUTER_BOUND('',#294,.T.);
#160=FACE_OUTER_BOUND('',#295,.T.);
#161=FACE_OUTER_BOUND('',#296,.T.);
#162=FACE_OUTER_BOUND('',#297,.T.);
#163=FACE_OUTER_BOUND('',#298,.T.);
#164=FACE_OUTER_BOUND('',#299,.T.);
#165=FACE_OUTER_BOUND('',#300,.T.);
#166=FACE_OUTER_BOUND('',#301,.T.);
#167=FACE_OUTER_BOUND('',#302,.T.);
#168=FACE_OUTER_BOUND('',#303,.T.);
#169=FACE_OUTER_BOUND('',#304,.T.);
#170=FACE_OUTER_BOUND('',#305,.T.);
#171=FACE_OUTER_BOUND('',#306,.T.);
#172=FACE_OUTER_BOUND('',#307,.T.);
#173=FACE_OUTER_BOUND('',#308,.T.);
#174=FACE_OUTER_BOUND('',#309,.T.);
#175=FACE_OUTER_BOUND('',#310,.T.);
#176=FACE_OUTER_BOUND('',#311,.T.);
#177=FACE_OUTER_BOUND('',#312,.T.);
#178=FACE_OUTER_BOUND('',#313,.T.);
#179=FACE_OUTER_BOUND('',#314,.T.);
#180=FACE_OUTER_BOUND('',#315,.T.);
#181=FACE_OUTER_BOUND('',#316,.T.);
#182=FACE_OUTER_BOUND('',#317,.T.);
#183=FACE_OUTER_BOUND('',#318,.T.);
#184=FACE_OUTER_BOUND('',#319,.T.);
#185=FACE_OUTER_BOUND('',#320,.T.);
#186=FACE_OUTER_BOUND('',#321,.T.);
#187=FACE_OUTER_BOUND('',#322,.T.);
#188=FACE_OUTER_BOUND('',#323,.T.);
#189=FACE_OUTER_BOUND('',#324,.T.);
#190=FACE_OUTER_BOUND('',#325,.T.);
#191=FACE_OUTER_BOUND('',#326,.T.);
#192=FACE_OUTER_BOUND('',#327,.T.);
#193=FACE_OUTER_BOUND('',#328,.T.);
#194=FACE_OUTER_BOUND('',#329,.T.);
#195=FACE_OUTER_BOUND('',#330,.T.);
#196=FACE_OUTER_BOUND('',#331,.T.);
#197=FACE_OUTER_BOUND('',#332,.T.);
#198=FACE_OUTER_BOUND('',#333,.T.);
#199=FACE_OUTER_BOUND('',#334,.T.);
#200=FACE_OUTER_BOUND('',#335,.T.);
#201=FACE_OUTER_BOUND('',#336,.T.);
#202=FACE_OUTER_BOUND('',#337,.T.);
#203=FACE_OUTER_BOUND('',#338,.T.);
#204=FACE_OUTER_BOUND('',#339,.T.);
#205=EDGE_LOOP('',(#1285,#1286,#1287,#1288));
#206=EDGE_LOOP('',(#1289,#1290,#1291,#1292));
#207=EDGE_LOOP('',(#1293,#1294,#1295,#1296));
#208=EDGE_LOOP('',(#1297,#1298,#1299,#1300));
#209=EDGE_LOOP('',(#1301,#1302,#1303,#1304));
#210=EDGE_LOOP('',(#1305,#1306,#1307,#1308));
#211=EDGE_LOOP('',(#1309,#1310,#1311,#1312));
#212=EDGE_LOOP('',(#1313,#1314,#1315,#1316));
#213=EDGE_LOOP('',(#1317,#1318,#1319,#1320));
#214=EDGE_LOOP('',(#1321,#1322,#1323,#1324));
#215=EDGE_LOOP('',(#1325,#1326,#1327,#1328));
#216=EDGE_LOOP('',(#1329,#1330,#1331,#1332));
#217=EDGE_LOOP('',(#1333,#1334,#1335,#1336));
#218=EDGE_LOOP('',(#1337,#1338,#1339,#1340));
#219=EDGE_LOOP('',(#1341,#1342,#1343,#1344));
#220=EDGE_LOOP('',(#1345,#1346,#1347,#1348));
#221=EDGE_LOOP('',(#1349,#1350,#1351,#1352));
#222=EDGE_LOOP('',(#1353,#1354,#1355,#1356));
#223=EDGE_LOOP('',(#1357,#1358,#1359,#1360));
#224=EDGE_LOOP('',(#1361,#1362,#1363,#1364));
#225=EDGE_LOOP('',(#1365,#1366,#1367,#1368));
#226=EDGE_LOOP('',(#1369,#1370,#1371,#1372));
#227=EDGE_LOOP('',(#1373,#1374,#1375,#1376));
#228=EDGE_LOOP('',(#1377,#1378,#1379,#1380));
#229=EDGE_LOOP('',(#1381,#1382,#1383,#1384));
#230=EDGE_LOOP('',(#1385,#1386,#1387,#1388));
#231=EDGE_LOOP('',(#1389,#1390,#1391,#1392));
#232=EDGE_LOOP('',(#1393,#1394,#1395,#1396));
#233=EDGE_LOOP('',(#1397,#1398,#1399,#1400));
#234=EDGE_LOOP('',(#1401,#1402,#1403,#1404));
#235=EDGE_LOOP('',(#1405,#1406,#1407,#1408));
#236=EDGE_LOOP('',(#1409));
#237=EDGE_LOOP('',(#1410));
#238=EDGE_LOOP('',(#1411,#1412,#1413,#1414));
#239=EDGE_LOOP('',(#1415,#1416,#1417,#1418));
#240=EDGE_LOOP('',(#1419,#1420,#1421,#1422));
#241=EDGE_LOOP('',(#1423,#1424,#1425,#1426));
#242=EDGE_LOOP('',(#1427,#1428,#1429,#1430));
#243=EDGE_LOOP('',(#1431,#1432,#1433,#1434));
#244=EDGE_LOOP('',(#1435,#1436,#1437,#1438));
#245=EDGE_LOOP('',(#1439,#1440,#1441,#1442));
#246=EDGE_LOOP('',(#1443,#1444,#1445,#1446));
#247=EDGE_LOOP('',(#1447,#1448,#1449,#1450));
#248=EDGE_LOOP('',(#1451,#1452,#1453,#1454));
#249=EDGE_LOOP('',(#1455,#1456,#1457,#1458));
#250=EDGE_LOOP('',(#1459,#1460,#1461,#1462));
#251=EDGE_LOOP('',(#1463,#1464,#1465,#1466));
#252=EDGE_LOOP('',(#1467,#1468,#1469,#1470));
#253=EDGE_LOOP('',(#1471,#1472,#1473,#1474));
#254=EDGE_LOOP('',(#1475,#1476,#1477,#1478));
#255=EDGE_LOOP('',(#1479,#1480,#1481,#1482));
#256=EDGE_LOOP('',(#1483,#1484,#1485,#1486));
#257=EDGE_LOOP('',(#1487,#1488,#1489,#1490));
#258=EDGE_LOOP('',(#1491,#1492,#1493,#1494));
#259=EDGE_LOOP('',(#1495,#1496,#1497,#1498));
#260=EDGE_LOOP('',(#1499,#1500,#1501,#1502));
#261=EDGE_LOOP('',(#1503,#1504,#1505,#1506));
#262=EDGE_LOOP('',(#1507,#1508,#1509,#1510));
#263=EDGE_LOOP('',(#1511,#1512,#1513,#1514));
#264=EDGE_LOOP('',(#1515,#1516,#1517,#1518));
#265=EDGE_LOOP('',(#1519,#1520,#1521,#1522));
#266=EDGE_LOOP('',(#1523,#1524,#1525,#1526));
#267=EDGE_LOOP('',(#1527,#1528,#1529,#1530));
#268=EDGE_LOOP('',(#1531,#1532,#1533,#1534));
#269=EDGE_LOOP('',(#1535,#1536,#1537,#1538));
#270=EDGE_LOOP('',(#1539,#1540,#1541,#1542));
#271=EDGE_LOOP('',(#1543,#1544,#1545,#1546));
#272=EDGE_LOOP('',(#1547,#1548,#1549,#1550));
#273=EDGE_LOOP('',(#1551,#1552,#1553,#1554));
#274=EDGE_LOOP('',(#1555,#1556,#1557,#1558));
#275=EDGE_LOOP('',(#1559,#1560,#1561,#1562));
#276=EDGE_LOOP('',(#1563,#1564,#1565,#1566));
#277=EDGE_LOOP('',(#1567,#1568,#1569,#1570));
#278=EDGE_LOOP('',(#1571,#1572,#1573,#1574));
#279=EDGE_LOOP('',(#1575,#1576,#1577,#1578));
#280=EDGE_LOOP('',(#1579,#1580,#1581,#1582));
#281=EDGE_LOOP('',(#1583,#1584,#1585,#1586));
#282=EDGE_LOOP('',(#1587,#1588,#1589,#1590));
#283=EDGE_LOOP('',(#1591,#1592,#1593,#1594));
#284=EDGE_LOOP('',(#1595,#1596,#1597,#1598));
#285=EDGE_LOOP('',(#1599,#1600,#1601,#1602));
#286=EDGE_LOOP('',(#1603,#1604,#1605,#1606));
#287=EDGE_LOOP('',(#1607,#1608,#1609,#1610));
#288=EDGE_LOOP('',(#1611,#1612,#1613,#1614));
#289=EDGE_LOOP('',(#1615,#1616,#1617,#1618));
#290=EDGE_LOOP('',(#1619,#1620,#1621,#1622));
#291=EDGE_LOOP('',(#1623,#1624,#1625,#1626));
#292=EDGE_LOOP('',(#1627,#1628,#1629,#1630));
#293=EDGE_LOOP('',(#1631,#1632,#1633,#1634));
#294=EDGE_LOOP('',(#1635,#1636,#1637,#1638));
#295=EDGE_LOOP('',(#1639,#1640,#1641,#1642));
#296=EDGE_LOOP('',(#1643,#1644,#1645,#1646));
#297=EDGE_LOOP('',(#1647,#1648,#1649,#1650));
#298=EDGE_LOOP('',(#1651,#1652,#1653,#1654));
#299=EDGE_LOOP('',(#1655,#1656,#1657,#1658));
#300=EDGE_LOOP('',(#1659,#1660,#1661,#1662));
#301=EDGE_LOOP('',(#1663,#1664,#1665,#1666));
#302=EDGE_LOOP('',(#1667,#1668,#1669,#1670));
#303=EDGE_LOOP('',(#1671,#1672,#1673,#1674));
#304=EDGE_LOOP('',(#1675,#1676,#1677,#1678));
#305=EDGE_LOOP('',(#1679,#1680,#1681,#1682));
#306=EDGE_LOOP('',(#1683,#1684,#1685,#1686));
#307=EDGE_LOOP('',(#1687,#1688,#1689,#1690));
#308=EDGE_LOOP('',(#1691,#1692,#1693,#1694));
#309=EDGE_LOOP('',(#1695,#1696,#1697,#1698));
#310=EDGE_LOOP('',(#1699,#1700,#1701,#1702));
#311=EDGE_LOOP('',(#1703,#1704,#1705,#1706));
#312=EDGE_LOOP('',(#1707,#1708,#1709,#1710));
#313=EDGE_LOOP('',(#1711,#1712,#1713,#1714));
#314=EDGE_LOOP('',(#1715,#1716,#1717,#1718));
#315=EDGE_LOOP('',(#1719,#1720,#1721,#1722));
#316=EDGE_LOOP('',(#1723,#1724,#1725,#1726));
#317=EDGE_LOOP('',(#1727,#1728,#1729,#1730));
#318=EDGE_LOOP('',(#1731,#1732,#1733,#1734));
#319=EDGE_LOOP('',(#1735,#1736,#1737,#1738));
#320=EDGE_LOOP('',(#1739,#1740,#1741,#1742));
#321=EDGE_LOOP('',(#1743,#1744,#1745,#1746));
#322=EDGE_LOOP('',(#1747,#1748,#1749,#1750));
#323=EDGE_LOOP('',(#1751,#1752,#1753,#1754));
#324=EDGE_LOOP('',(#1755,#1756,#1757,#1758));
#325=EDGE_LOOP('',(#1759,#1760,#1761,#1762));
#326=EDGE_LOOP('',(#1763,#1764,#1765,#1766));
#327=EDGE_LOOP('',(#1767,#1768,#1769,#1770));
#328=EDGE_LOOP('',(#1771,#1772,#1773,#1774));
#329=EDGE_LOOP('',(#1775));
#330=EDGE_LOOP('',(#1776));
#331=EDGE_LOOP('',(#1777,#1778,#1779,#1780));
#332=EDGE_LOOP('',(#1781));
#333=EDGE_LOOP('',(#1782));
#334=EDGE_LOOP('',(#1783,#1784,#1785,#1786));
#335=EDGE_LOOP('',(#1787,#1788,#1789,#1790));
#336=EDGE_LOOP('',(#1791,#1792,#1793,#1794));
#337=EDGE_LOOP('',(#1795,#1796,#1797,#1798));
#338=EDGE_LOOP('',(#1799,#1800,#1801,#1802));
#339=EDGE_LOOP('',(#1803,#1804,#1805,#1806));
#340=LINE('',#2795,#595);
#341=LINE('',#2797,#596);
#342=LINE('',#2799,#597);
#343=LINE('',#2800,#598);
#344=LINE('',#2803,#599);
#345=LINE('',#2805,#600);
#346=LINE('',#2806,#601);
#347=LINE('',#2809,#602);
#348=LINE('',#2811,#603);
#349=LINE('',#2812,#604);
#350=LINE('',#2814,#605);
#351=LINE('',#2815,#606);
#352=LINE('',#2821,#607);
#353=LINE('',#2823,#608);
#354=LINE('',#2825,#609);
#355=LINE('',#2826,#610);
#356=LINE('',#2829,#611);
#357=LINE('',#2831,#612);
#358=LINE('',#2832,#613);
#359=LINE('',#2835,#614);
#360=LINE('',#2837,#615);
#361=LINE('',#2838,#616);
#362=LINE('',#2840,#617);
#363=LINE('',#2841,#618);
#364=LINE('',#2847,#619);
#365=LINE('',#2849,#620);
#366=LINE('',#2851,#621);
#367=LINE('',#2852,#622);
#368=LINE('',#2855,#623);
#369=LINE('',#2857,#624);
#370=LINE('',#2858,#625);
#371=LINE('',#2861,#626);
#372=LINE('',#2863,#627);
#373=LINE('',#2864,#628);
#374=LINE('',#2866,#629);
#375=LINE('',#2867,#630);
#376=LINE('',#2873,#631);
#377=LINE('',#2875,#632);
#378=LINE('',#2877,#633);
#379=LINE('',#2878,#634);
#380=LINE('',#2881,#635);
#381=LINE('',#2883,#636);
#382=LINE('',#2884,#637);
#383=LINE('',#2887,#638);
#384=LINE('',#2889,#639);
#385=LINE('',#2890,#640);
#386=LINE('',#2892,#641);
#387=LINE('',#2893,#642);
#388=LINE('',#2899,#643);
#389=LINE('',#2901,#644);
#390=LINE('',#2903,#645);
#391=LINE('',#2904,#646);
#392=LINE('',#2907,#647);
#393=LINE('',#2909,#648);
#394=LINE('',#2910,#649);
#395=LINE('',#2913,#650);
#396=LINE('',#2915,#651);
#397=LINE('',#2916,#652);
#398=LINE('',#2918,#653);
#399=LINE('',#2919,#654);
#400=LINE('',#2926,#655);
#401=LINE('',#2933,#656);
#402=LINE('',#2935,#657);
#403=LINE('',#2937,#658);
#404=LINE('',#2938,#659);
#405=LINE('',#2941,#660);
#406=LINE('',#2943,#661);
#407=LINE('',#2944,#662);
#408=LINE('',#2947,#663);
#409=LINE('',#2949,#664);
#410=LINE('',#2950,#665);
#411=LINE('',#2952,#666);
#412=LINE('',#2953,#667);
#413=LINE('',#2959,#668);
#414=LINE('',#2961,#669);
#415=LINE('',#2963,#670);
#416=LINE('',#2964,#671);
#417=LINE('',#2967,#672);
#418=LINE('',#2969,#673);
#419=LINE('',#2970,#674);
#420=LINE('',#2973,#675);
#421=LINE('',#2975,#676);
#422=LINE('',#2976,#677);
#423=LINE('',#2978,#678);
#424=LINE('',#2979,#679);
#425=LINE('',#2985,#680);
#426=LINE('',#2987,#681);
#427=LINE('',#2989,#682);
#428=LINE('',#2990,#683);
#429=LINE('',#2993,#684);
#430=LINE('',#2995,#685);
#431=LINE('',#2996,#686);
#432=LINE('',#2999,#687);
#433=LINE('',#3001,#688);
#434=LINE('',#3002,#689);
#435=LINE('',#3004,#690);
#436=LINE('',#3005,#691);
#437=LINE('',#3011,#692);
#438=LINE('',#3013,#693);
#439=LINE('',#3015,#694);
#440=LINE('',#3016,#695);
#441=LINE('',#3019,#696);
#442=LINE('',#3021,#697);
#443=LINE('',#3022,#698);
#444=LINE('',#3025,#699);
#445=LINE('',#3027,#700);
#446=LINE('',#3028,#701);
#447=LINE('',#3030,#702);
#448=LINE('',#3031,#703);
#449=LINE('',#3037,#704);
#450=LINE('',#3039,#705);
#451=LINE('',#3041,#706);
#452=LINE('',#3042,#707);
#453=LINE('',#3045,#708);
#454=LINE('',#3047,#709);
#455=LINE('',#3048,#710);
#456=LINE('',#3051,#711);
#457=LINE('',#3053,#712);
#458=LINE('',#3054,#713);
#459=LINE('',#3056,#714);
#460=LINE('',#3057,#715);
#461=LINE('',#3063,#716);
#462=LINE('',#3065,#717);
#463=LINE('',#3067,#718);
#464=LINE('',#3068,#719);
#465=LINE('',#3071,#720);
#466=LINE('',#3073,#721);
#467=LINE('',#3074,#722);
#468=LINE('',#3077,#723);
#469=LINE('',#3079,#724);
#470=LINE('',#3080,#725);
#471=LINE('',#3082,#726);
#472=LINE('',#3083,#727);
#473=LINE('',#3089,#728);
#474=LINE('',#3091,#729);
#475=LINE('',#3093,#730);
#476=LINE('',#3094,#731);
#477=LINE('',#3097,#732);
#478=LINE('',#3099,#733);
#479=LINE('',#3100,#734);
#480=LINE('',#3103,#735);
#481=LINE('',#3105,#736);
#482=LINE('',#3106,#737);
#483=LINE('',#3108,#738);
#484=LINE('',#3109,#739);
#485=LINE('',#3115,#740);
#486=LINE('',#3117,#741);
#487=LINE('',#3119,#742);
#488=LINE('',#3120,#743);
#489=LINE('',#3123,#744);
#490=LINE('',#3125,#745);
#491=LINE('',#3126,#746);
#492=LINE('',#3129,#747);
#493=LINE('',#3131,#748);
#494=LINE('',#3132,#749);
#495=LINE('',#3134,#750);
#496=LINE('',#3135,#751);
#497=LINE('',#3141,#752);
#498=LINE('',#3143,#753);
#499=LINE('',#3145,#754);
#500=LINE('',#3146,#755);
#501=LINE('',#3149,#756);
#502=LINE('',#3151,#757);
#503=LINE('',#3152,#758);
#504=LINE('',#3155,#759);
#505=LINE('',#3157,#760);
#506=LINE('',#3158,#761);
#507=LINE('',#3160,#762);
#508=LINE('',#3161,#763);
#509=LINE('',#3167,#764);
#510=LINE('',#3169,#765);
#511=LINE('',#3171,#766);
#512=LINE('',#3172,#767);
#513=LINE('',#3175,#768);
#514=LINE('',#3177,#769);
#515=LINE('',#3178,#770);
#516=LINE('',#3181,#771);
#517=LINE('',#3183,#772);
#518=LINE('',#3184,#773);
#519=LINE('',#3186,#774);
#520=LINE('',#3187,#775);
#521=LINE('',#3193,#776);
#522=LINE('',#3195,#777);
#523=LINE('',#3197,#778);
#524=LINE('',#3198,#779);
#525=LINE('',#3201,#780);
#526=LINE('',#3203,#781);
#527=LINE('',#3204,#782);
#528=LINE('',#3207,#783);
#529=LINE('',#3209,#784);
#530=LINE('',#3210,#785);
#531=LINE('',#3212,#786);
#532=LINE('',#3213,#787);
#533=LINE('',#3219,#788);
#534=LINE('',#3221,#789);
#535=LINE('',#3223,#790);
#536=LINE('',#3224,#791);
#537=LINE('',#3227,#792);
#538=LINE('',#3229,#793);
#539=LINE('',#3230,#794);
#540=LINE('',#3233,#795);
#541=LINE('',#3235,#796);
#542=LINE('',#3236,#797);
#543=LINE('',#3238,#798);
#544=LINE('',#3239,#799);
#545=LINE('',#3245,#800);
#546=LINE('',#3247,#801);
#547=LINE('',#3249,#802);
#548=LINE('',#3250,#803);
#549=LINE('',#3253,#804);
#550=LINE('',#3255,#805);
#551=LINE('',#3256,#806);
#552=LINE('',#3259,#807);
#553=LINE('',#3261,#808);
#554=LINE('',#3262,#809);
#555=LINE('',#3264,#810);
#556=LINE('',#3265,#811);
#557=LINE('',#3271,#812);
#558=LINE('',#3273,#813);
#559=LINE('',#3275,#814);
#560=LINE('',#3276,#815);
#561=LINE('',#3279,#816);
#562=LINE('',#3281,#817);
#563=LINE('',#3282,#818);
#564=LINE('',#3285,#819);
#565=LINE('',#3287,#820);
#566=LINE('',#3288,#821);
#567=LINE('',#3290,#822);
#568=LINE('',#3291,#823);
#569=LINE('',#3297,#824);
#570=LINE('',#3299,#825);
#571=LINE('',#3301,#826);
#572=LINE('',#3302,#827);
#573=LINE('',#3305,#828);
#574=LINE('',#3307,#829);
#575=LINE('',#3308,#830);
#576=LINE('',#3311,#831);
#577=LINE('',#3313,#832);
#578=LINE('',#3314,#833);
#579=LINE('',#3316,#834);
#580=LINE('',#3317,#835);
#581=LINE('',#3324,#836);
#582=LINE('',#3332,#837);
#583=LINE('',#3339,#838);
#584=LINE('',#3341,#839);
#585=LINE('',#3343,#840);
#586=LINE('',#3344,#841);
#587=LINE('',#3347,#842);
#588=LINE('',#3349,#843);
#589=LINE('',#3350,#844);
#590=LINE('',#3353,#845);
#591=LINE('',#3355,#846);
#592=LINE('',#3356,#847);
#593=LINE('',#3358,#848);
#594=LINE('',#3359,#849);
#595=VECTOR('',#2256,10.);
#596=VECTOR('',#2257,10.);
#597=VECTOR('',#2258,10.);
#598=VECTOR('',#2259,10.);
#599=VECTOR('',#2262,10.);
#600=VECTOR('',#2263,10.);
#601=VECTOR('',#2264,10.);
#602=VECTOR('',#2267,10.);
#603=VECTOR('',#2268,10.);
#604=VECTOR('',#2269,10.);
#605=VECTOR('',#2272,10.);
#606=VECTOR('',#2273,10.);
#607=VECTOR('',#2280,10.);
#608=VECTOR('',#2281,10.);
#609=VECTOR('',#2282,10.);
#610=VECTOR('',#2283,10.);
#611=VECTOR('',#2286,10.);
#612=VECTOR('',#2287,10.);
#613=VECTOR('',#2288,10.);
#614=VECTOR('',#2291,10.);
#615=VECTOR('',#2292,10.);
#616=VECTOR('',#2293,10.);
#617=VECTOR('',#2296,10.);
#618=VECTOR('',#2297,10.);
#619=VECTOR('',#2304,10.);
#620=VECTOR('',#2305,10.);
#621=VECTOR('',#2306,10.);
#622=VECTOR('',#2307,10.);
#623=VECTOR('',#2310,10.);
#624=VECTOR('',#2311,10.);
#625=VECTOR('',#2312,10.);
#626=VECTOR('',#2315,10.);
#627=VECTOR('',#2316,10.);
#628=VECTOR('',#2317,10.);
#629=VECTOR('',#2320,10.);
#630=VECTOR('',#2321,10.);
#631=VECTOR('',#2328,10.);
#632=VECTOR('',#2329,10.);
#633=VECTOR('',#2330,10.);
#634=VECTOR('',#2331,10.);
#635=VECTOR('',#2334,10.);
#636=VECTOR('',#2335,10.);
#637=VECTOR('',#2336,10.);
#638=VECTOR('',#2339,10.);
#639=VECTOR('',#2340,10.);
#640=VECTOR('',#2341,10.);
#641=VECTOR('',#2344,10.);
#642=VECTOR('',#2345,10.);
#643=VECTOR('',#2352,10.);
#644=VECTOR('',#2353,10.);
#645=VECTOR('',#2354,10.);
#646=VECTOR('',#2355,10.);
#647=VECTOR('',#2358,10.);
#648=VECTOR('',#2359,10.);
#649=VECTOR('',#2360,10.);
#650=VECTOR('',#2363,10.);
#651=VECTOR('',#2364,10.);
#652=VECTOR('',#2365,10.);
#653=VECTOR('',#2368,10.);
#654=VECTOR('',#2369,10.);
#655=VECTOR('',#2378,6.00000000000001);
#656=VECTOR('',#2387,10.);
#657=VECTOR('',#2388,10.);
#658=VECTOR('',#2389,10.);
#659=VECTOR('',#2390,10.);
#660=VECTOR('',#2393,10.);
#661=VECTOR('',#2394,10.);
#662=VECTOR('',#2395,10.);
#663=VECTOR('',#2398,10.);
#664=VECTOR('',#2399,10.);
#665=VECTOR('',#2400,10.);
#666=VECTOR('',#2403,10.);
#667=VECTOR('',#2404,10.);
#668=VECTOR('',#2411,10.);
#669=VECTOR('',#2412,10.);
#670=VECTOR('',#2413,10.);
#671=VECTOR('',#2414,10.);
#672=VECTOR('',#2417,10.);
#673=VECTOR('',#2418,10.);
#674=VECTOR('',#2419,10.);
#675=VECTOR('',#2422,10.);
#676=VECTOR('',#2423,10.);
#677=VECTOR('',#2424,10.);
#678=VECTOR('',#2427,10.);
#679=VECTOR('',#2428,10.);
#680=VECTOR('',#2435,10.);
#681=VECTOR('',#2436,10.);
#682=VECTOR('',#2437,10.);
#683=VECTOR('',#2438,10.);
#684=VECTOR('',#2441,10.);
#685=VECTOR('',#2442,10.);
#686=VECTOR('',#2443,10.);
#687=VECTOR('',#2446,10.);
#688=VECTOR('',#2447,10.);
#689=VECTOR('',#2448,10.);
#690=VECTOR('',#2451,10.);
#691=VECTOR('',#2452,10.);
#692=VECTOR('',#2459,10.);
#693=VECTOR('',#2460,10.);
#694=VECTOR('',#2461,10.);
#695=VECTOR('',#2462,10.);
#696=VECTOR('',#2465,10.);
#697=VECTOR('',#2466,10.);
#698=VECTOR('',#2467,10.);
#699=VECTOR('',#2470,10.);
#700=VECTOR('',#2471,10.);
#701=VECTOR('',#2472,10.);
#702=VECTOR('',#2475,10.);
#703=VECTOR('',#2476,10.);
#704=VECTOR('',#2483,10.);
#705=VECTOR('',#2484,10.);
#706=VECTOR('',#2485,10.);
#707=VECTOR('',#2486,10.);
#708=VECTOR('',#2489,10.);
#709=VECTOR('',#2490,10.);
#710=VECTOR('',#2491,10.);
#711=VECTOR('',#2494,10.);
#712=VECTOR('',#2495,10.);
#713=VECTOR('',#2496,10.);
#714=VECTOR('',#2499,10.);
#715=VECTOR('',#2500,10.);
#716=VECTOR('',#2507,10.);
#717=VECTOR('',#2508,10.);
#718=VECTOR('',#2509,10.);
#719=VECTOR('',#2510,10.);
#720=VECTOR('',#2513,10.);
#721=VECTOR('',#2514,10.);
#722=VECTOR('',#2515,10.);
#723=VECTOR('',#2518,10.);
#724=VECTOR('',#2519,10.);
#725=VECTOR('',#2520,10.);
#726=VECTOR('',#2523,10.);
#727=VECTOR('',#2524,10.);
#728=VECTOR('',#2531,10.);
#729=VECTOR('',#2532,10.);
#730=VECTOR('',#2533,10.);
#731=VECTOR('',#2534,10.);
#732=VECTOR('',#2537,10.);
#733=VECTOR('',#2538,10.);
#734=VECTOR('',#2539,10.);
#735=VECTOR('',#2542,10.);
#736=VECTOR('',#2543,10.);
#737=VECTOR('',#2544,10.);
#738=VECTOR('',#2547,10.);
#739=VECTOR('',#2548,10.);
#740=VECTOR('',#2555,10.);
#741=VECTOR('',#2556,10.);
#742=VECTOR('',#2557,10.);
#743=VECTOR('',#2558,10.);
#744=VECTOR('',#2561,10.);
#745=VECTOR('',#2562,10.);
#746=VECTOR('',#2563,10.);
#747=VECTOR('',#2566,10.);
#748=VECTOR('',#2567,10.);
#749=VECTOR('',#2568,10.);
#750=VECTOR('',#2571,10.);
#751=VECTOR('',#2572,10.);
#752=VECTOR('',#2579,10.);
#753=VECTOR('',#2580,10.);
#754=VECTOR('',#2581,10.);
#755=VECTOR('',#2582,10.);
#756=VECTOR('',#2585,10.);
#757=VECTOR('',#2586,10.);
#758=VECTOR('',#2587,10.);
#759=VECTOR('',#2590,10.);
#760=VECTOR('',#2591,10.);
#761=VECTOR('',#2592,10.);
#762=VECTOR('',#2595,10.);
#763=VECTOR('',#2596,10.);
#764=VECTOR('',#2603,10.);
#765=VECTOR('',#2604,10.);
#766=VECTOR('',#2605,10.);
#767=VECTOR('',#2606,10.);
#768=VECTOR('',#2609,10.);
#769=VECTOR('',#2610,10.);
#770=VECTOR('',#2611,10.);
#771=VECTOR('',#2614,10.);
#772=VECTOR('',#2615,10.);
#773=VECTOR('',#2616,10.);
#774=VECTOR('',#2619,10.);
#775=VECTOR('',#2620,10.);
#776=VECTOR('',#2627,10.);
#777=VECTOR('',#2628,10.);
#778=VECTOR('',#2629,10.);
#779=VECTOR('',#2630,10.);
#780=VECTOR('',#2633,10.);
#781=VECTOR('',#2634,10.);
#782=VECTOR('',#2635,10.);
#783=VECTOR('',#2638,10.);
#784=VECTOR('',#2639,10.);
#785=VECTOR('',#2640,10.);
#786=VECTOR('',#2643,10.);
#787=VECTOR('',#2644,10.);
#788=VECTOR('',#2651,10.);
#789=VECTOR('',#2652,10.);
#790=VECTOR('',#2653,10.);
#791=VECTOR('',#2654,10.);
#792=VECTOR('',#2657,10.);
#793=VECTOR('',#2658,10.);
#794=VECTOR('',#2659,10.);
#795=VECTOR('',#2662,10.);
#796=VECTOR('',#2663,10.);
#797=VECTOR('',#2664,10.);
#798=VECTOR('',#2667,10.);
#799=VECTOR('',#2668,10.);
#800=VECTOR('',#2675,10.);
#801=VECTOR('',#2676,10.);
#802=VECTOR('',#2677,10.);
#803=VECTOR('',#2678,10.);
#804=VECTOR('',#2681,10.);
#805=VECTOR('',#2682,10.);
#806=VECTOR('',#2683,10.);
#807=VECTOR('',#2686,10.);
#808=VECTOR('',#2687,10.);
#809=VECTOR('',#2688,10.);
#810=VECTOR('',#2691,10.);
#811=VECTOR('',#2692,10.);
#812=VECTOR('',#2699,10.);
#813=VECTOR('',#2700,10.);
#814=VECTOR('',#2701,10.);
#815=VECTOR('',#2702,10.);
#816=VECTOR('',#2705,10.);
#817=VECTOR('',#2706,10.);
#818=VECTOR('',#2707,10.);
#819=VECTOR('',#2710,10.);
#820=VECTOR('',#2711,10.);
#821=VECTOR('',#2712,10.);
#822=VECTOR('',#2715,10.);
#823=VECTOR('',#2716,10.);
#824=VECTOR('',#2723,10.);
#825=VECTOR('',#2724,10.);
#826=VECTOR('',#2725,10.);
#827=VECTOR('',#2726,10.);
#828=VECTOR('',#2729,10.);
#829=VECTOR('',#2730,10.);
#830=VECTOR('',#2731,10.);
#831=VECTOR('',#2734,10.);
#832=VECTOR('',#2735,10.);
#833=VECTOR('',#2736,10.);
#834=VECTOR('',#2739,10.);
#835=VECTOR('',#2740,10.);
#836=VECTOR('',#2749,3.00000000000001);
#837=VECTOR('',#2760,3.00000000000001);
#838=VECTOR('',#2769,10.);
#839=VECTOR('',#2770,10.);
#840=VECTOR('',#2771,10.);
#841=VECTOR('',#2772,10.);
#842=VECTOR('',#2775,10.);
#843=VECTOR('',#2776,10.);
#844=VECTOR('',#2777,10.);
#845=VECTOR('',#2780,10.);
#846=VECTOR('',#2781,10.);
#847=VECTOR('',#2782,10.);
#848=VECTOR('',#2785,10.);
#849=VECTOR('',#2786,10.);
#850=VERTEX_POINT('',#2793);
#851=VERTEX_POINT('',#2794);
#852=VERTEX_POINT('',#2796);
#853=VERTEX_POINT('',#2798);
#854=VERTEX_POINT('',#2802);
#855=VERTEX_POINT('',#2804);
#856=VERTEX_POINT('',#2808);
#857=VERTEX_POINT('',#2810);
#858=VERTEX_POINT('',#2819);
#859=VERTEX_POINT('',#2820);
#860=VERTEX_POINT('',#2822);
#861=VERTEX_POINT('',#2824);
#862=VERTEX_POINT('',#2828);
#863=VERTEX_POINT('',#2830);
#864=VERTEX_POINT('',#2834);
#865=VERTEX_POINT('',#2836);
#866=VERTEX_POINT('',#2845);
#867=VERTEX_POINT('',#2846);
#868=VERTEX_POINT('',#2848);
#869=VERTEX_POINT('',#2850);
#870=VERTEX_POINT('',#2854);
#871=VERTEX_POINT('',#2856);
#872=VERTEX_POINT('',#2860);
#873=VERTEX_POINT('',#2862);
#874=VERTEX_POINT('',#2871);
#875=VERTEX_POINT('',#2872);
#876=VERTEX_POINT('',#2874);
#877=VERTEX_POINT('',#2876);
#878=VERTEX_POINT('',#2880);
#879=VERTEX_POINT('',#2882);
#880=VERTEX_POINT('',#2886);
#881=VERTEX_POINT('',#2888);
#882=VERTEX_POINT('',#2897);
#883=VERTEX_POINT('',#2898);
#884=VERTEX_POINT('',#2900);
#885=VERTEX_POINT('',#2902);
#886=VERTEX_POINT('',#2906);
#887=VERTEX_POINT('',#2908);
#888=VERTEX_POINT('',#2912);
#889=VERTEX_POINT('',#2914);
#890=VERTEX_POINT('',#2923);
#891=VERTEX_POINT('',#2925);
#892=VERTEX_POINT('',#2931);
#893=VERTEX_POINT('',#2932);
#894=VERTEX_POINT('',#2934);
#895=VERTEX_POINT('',#2936);
#896=VERTEX_POINT('',#2940);
#897=VERTEX_POINT('',#2942);
#898=VERTEX_POINT('',#2946);
#899=VERTEX_POINT('',#2948);
#900=VERTEX_POINT('',#2957);
#901=VERTEX_POINT('',#2958);
#902=VERTEX_POINT('',#2960);
#903=VERTEX_POINT('',#2962);
#904=VERTEX_POINT('',#2966);
#905=VERTEX_POINT('',#2968);
#906=VERTEX_POINT('',#2972);
#907=VERTEX_POINT('',#2974);
#908=VERTEX_POINT('',#2983);
#909=VERTEX_POINT('',#2984);
#910=VERTEX_POINT('',#2986);
#911=VERTEX_POINT('',#2988);
#912=VERTEX_POINT('',#2992);
#913=VERTEX_POINT('',#2994);
#914=VERTEX_POINT('',#2998);
#915=VERTEX_POINT('',#3000);
#916=VERTEX_POINT('',#3009);
#917=VERTEX_POINT('',#3010);
#918=VERTEX_POINT('',#3012);
#919=VERTEX_POINT('',#3014);
#920=VERTEX_POINT('',#3018);
#921=VERTEX_POINT('',#3020);
#922=VERTEX_POINT('',#3024);
#923=VERTEX_POINT('',#3026);
#924=VERTEX_POINT('',#3035);
#925=VERTEX_POINT('',#3036);
#926=VERTEX_POINT('',#3038);
#927=VERTEX_POINT('',#3040);
#928=VERTEX_POINT('',#3044);
#929=VERTEX_POINT('',#3046);
#930=VERTEX_POINT('',#3050);
#931=VERTEX_POINT('',#3052);
#932=VERTEX_POINT('',#3061);
#933=VERTEX_POINT('',#3062);
#934=VERTEX_POINT('',#3064);
#935=VERTEX_POINT('',#3066);
#936=VERTEX_POINT('',#3070);
#937=VERTEX_POINT('',#3072);
#938=VERTEX_POINT('',#3076);
#939=VERTEX_POINT('',#3078);
#940=VERTEX_POINT('',#3087);
#941=VERTEX_POINT('',#3088);
#942=VERTEX_POINT('',#3090);
#943=VERTEX_POINT('',#3092);
#944=VERTEX_POINT('',#3096);
#945=VERTEX_POINT('',#3098);
#946=VERTEX_POINT('',#3102);
#947=VERTEX_POINT('',#3104);
#948=VERTEX_POINT('',#3113);
#949=VERTEX_POINT('',#3114);
#950=VERTEX_POINT('',#3116);
#951=VERTEX_POINT('',#3118);
#952=VERTEX_POINT('',#3122);
#953=VERTEX_POINT('',#3124);
#954=VERTEX_POINT('',#3128);
#955=VERTEX_POINT('',#3130);
#956=VERTEX_POINT('',#3139);
#957=VERTEX_POINT('',#3140);
#958=VERTEX_POINT('',#3142);
#959=VERTEX_POINT('',#3144);
#960=VERTEX_POINT('',#3148);
#961=VERTEX_POINT('',#3150);
#962=VERTEX_POINT('',#3154);
#963=VERTEX_POINT('',#3156);
#964=VERTEX_POINT('',#3165);
#965=VERTEX_POINT('',#3166);
#966=VERTEX_POINT('',#3168);
#967=VERTEX_POINT('',#3170);
#968=VERTEX_POINT('',#3174);
#969=VERTEX_POINT('',#3176);
#970=VERTEX_POINT('',#3180);
#971=VERTEX_POINT('',#3182);
#972=VERTEX_POINT('',#3191);
#973=VERTEX_POINT('',#3192);
#974=VERTEX_POINT('',#3194);
#975=VERTEX_POINT('',#3196);
#976=VERTEX_POINT('',#3200);
#977=VERTEX_POINT('',#3202);
#978=VERTEX_POINT('',#3206);
#979=VERTEX_POINT('',#3208);
#980=VERTEX_POINT('',#3217);
#981=VERTEX_POINT('',#3218);
#982=VERTEX_POINT('',#3220);
#983=VERTEX_POINT('',#3222);
#984=VERTEX_POINT('',#3226);
#985=VERTEX_POINT('',#3228);
#986=VERTEX_POINT('',#3232);
#987=VERTEX_POINT('',#3234);
#988=VERTEX_POINT('',#3243);
#989=VERTEX_POINT('',#3244);
#990=VERTEX_POINT('',#3246);
#991=VERTEX_POINT('',#3248);
#992=VERTEX_POINT('',#3252);
#993=VERTEX_POINT('',#3254);
#994=VERTEX_POINT('',#3258);
#995=VERTEX_POINT('',#3260);
#996=VERTEX_POINT('',#3269);
#997=VERTEX_POINT('',#3270);
#998=VERTEX_POINT('',#3272);
#999=VERTEX_POINT('',#3274);
#1000=VERTEX_POINT('',#3278);
#1001=VERTEX_POINT('',#3280);
#1002=VERTEX_POINT('',#3284);
#1003=VERTEX_POINT('',#3286);
#1004=VERTEX_POINT('',#3295);
#1005=VERTEX_POINT('',#3296);
#1006=VERTEX_POINT('',#3298);
#1007=VERTEX_POINT('',#3300);
#1008=VERTEX_POINT('',#3304);
#1009=VERTEX_POINT('',#3306);
#1010=VERTEX_POINT('',#3310);
#1011=VERTEX_POINT('',#3312);
#1012=VERTEX_POINT('',#3321);
#1013=VERTEX_POINT('',#3323);
#1014=VERTEX_POINT('',#3329);
#1015=VERTEX_POINT('',#3331);
#1016=VERTEX_POINT('',#3337);
#1017=VERTEX_POINT('',#3338);
#1018=VERTEX_POINT('',#3340);
#1019=VERTEX_POINT('',#3342);
#1020=VERTEX_POINT('',#3346);
#1021=VERTEX_POINT('',#3348);
#1022=VERTEX_POINT('',#3352);
#1023=VERTEX_POINT('',#3354);
#1024=EDGE_CURVE('',#850,#851,#340,.T.);
#1025=EDGE_CURVE('',#851,#852,#341,.T.);
#1026=EDGE_CURVE('',#853,#852,#342,.T.);
#1027=EDGE_CURVE('',#850,#853,#343,.T.);
#1028=EDGE_CURVE('',#854,#850,#344,.T.);
#1029=EDGE_CURVE('',#855,#853,#345,.T.);
#1030=EDGE_CURVE('',#854,#855,#346,.T.);
#1031=EDGE_CURVE('',#856,#854,#347,.T.);
#1032=EDGE_CURVE('',#857,#855,#348,.T.);
#1033=EDGE_CURVE('',#856,#857,#349,.T.);
#1034=EDGE_CURVE('',#851,#856,#350,.T.);
#1035=EDGE_CURVE('',#852,#857,#351,.T.);
#1036=EDGE_CURVE('',#858,#859,#352,.T.);
#1037=EDGE_CURVE('',#859,#860,#353,.T.);
#1038=EDGE_CURVE('',#861,#860,#354,.T.);
#1039=EDGE_CURVE('',#858,#861,#355,.T.);
#1040=EDGE_CURVE('',#862,#858,#356,.T.);
#1041=EDGE_CURVE('',#863,#861,#357,.T.);
#1042=EDGE_CURVE('',#862,#863,#358,.T.);
#1043=EDGE_CURVE('',#864,#862,#359,.T.);
#1044=EDGE_CURVE('',#865,#863,#360,.T.);
#1045=EDGE_CURVE('',#864,#865,#361,.T.);
#1046=EDGE_CURVE('',#859,#864,#362,.T.);
#1047=EDGE_CURVE('',#860,#865,#363,.T.);
#1048=EDGE_CURVE('',#866,#867,#364,.T.);
#1049=EDGE_CURVE('',#867,#868,#365,.T.);
#1050=EDGE_CURVE('',#869,#868,#366,.T.);
#1051=EDGE_CURVE('',#866,#869,#367,.T.);
#1052=EDGE_CURVE('',#870,#866,#368,.T.);
#1053=EDGE_CURVE('',#871,#869,#369,.T.);
#1054=EDGE_CURVE('',#870,#871,#370,.T.);
#1055=EDGE_CURVE('',#872,#870,#371,.T.);
#1056=EDGE_CURVE('',#873,#871,#372,.T.);
#1057=EDGE_CURVE('',#872,#873,#373,.T.);
#1058=EDGE_CURVE('',#867,#872,#374,.T.);
#1059=EDGE_CURVE('',#868,#873,#375,.T.);
#1060=EDGE_CURVE('',#874,#875,#376,.T.);
#1061=EDGE_CURVE('',#875,#876,#377,.T.);
#1062=EDGE_CURVE('',#877,#876,#378,.T.);
#1063=EDGE_CURVE('',#874,#877,#379,.T.);
#1064=EDGE_CURVE('',#878,#874,#380,.T.);
#1065=EDGE_CURVE('',#879,#877,#381,.T.);
#1066=EDGE_CURVE('',#878,#879,#382,.T.);
#1067=EDGE_CURVE('',#880,#878,#383,.T.);
#1068=EDGE_CURVE('',#881,#879,#384,.T.);
#1069=EDGE_CURVE('',#880,#881,#385,.T.);
#1070=EDGE_CURVE('',#875,#880,#386,.T.);
#1071=EDGE_CURVE('',#876,#881,#387,.T.);
#1072=EDGE_CURVE('',#882,#883,#388,.T.);
#1073=EDGE_CURVE('',#883,#884,#389,.T.);
#1074=EDGE_CURVE('',#885,#884,#390,.T.);
#1075=EDGE_CURVE('',#882,#885,#391,.T.);
#1076=EDGE_CURVE('',#886,#882,#392,.T.);
#1077=EDGE_CURVE('',#887,#885,#393,.T.);
#1078=EDGE_CURVE('',#886,#887,#394,.T.);
#1079=EDGE_CURVE('',#888,#886,#395,.T.);
#1080=EDGE_CURVE('',#889,#887,#396,.T.);
#1081=EDGE_CURVE('',#888,#889,#397,.T.);
#1082=EDGE_CURVE('',#883,#888,#398,.T.);
#1083=EDGE_CURVE('',#884,#889,#399,.T.);
#1084=EDGE_CURVE('',#890,#890,#13,.T.);
#1085=EDGE_CURVE('',#890,#891,#400,.T.);
#1086=EDGE_CURVE('',#891,#891,#14,.T.);
#1087=EDGE_CURVE('',#892,#893,#401,.T.);
#1088=EDGE_CURVE('',#893,#894,#402,.T.);
#1089=EDGE_CURVE('',#895,#894,#403,.T.);
#1090=EDGE_CURVE('',#892,#895,#404,.T.);
#1091=EDGE_CURVE('',#896,#892,#405,.T.);
#1092=EDGE_CURVE('',#897,#895,#406,.T.);
#1093=EDGE_CURVE('',#896,#897,#407,.T.);
#1094=EDGE_CURVE('',#898,#896,#408,.T.);
#1095=EDGE_CURVE('',#899,#897,#409,.T.);
#1096=EDGE_CURVE('',#898,#899,#410,.T.);
#1097=EDGE_CURVE('',#893,#898,#411,.T.);
#1098=EDGE_CURVE('',#894,#899,#412,.T.);
#1099=EDGE_CURVE('',#900,#901,#413,.T.);
#1100=EDGE_CURVE('',#901,#902,#414,.T.);
#1101=EDGE_CURVE('',#903,#902,#415,.T.);
#1102=EDGE_CURVE('',#900,#903,#416,.T.);
#1103=EDGE_CURVE('',#904,#900,#417,.T.);
#1104=EDGE_CURVE('',#905,#903,#418,.T.);
#1105=EDGE_CURVE('',#904,#905,#419,.T.);
#1106=EDGE_CURVE('',#906,#904,#420,.T.);
#1107=EDGE_CURVE('',#907,#905,#421,.T.);
#1108=EDGE_CURVE('',#906,#907,#422,.T.);
#1109=EDGE_CURVE('',#901,#906,#423,.T.);
#1110=EDGE_CURVE('',#902,#907,#424,.T.);
#1111=EDGE_CURVE('',#908,#909,#425,.T.);
#1112=EDGE_CURVE('',#909,#910,#426,.T.);
#1113=EDGE_CURVE('',#911,#910,#427,.T.);
#1114=EDGE_CURVE('',#908,#911,#428,.T.);
#1115=EDGE_CURVE('',#912,#908,#429,.T.);
#1116=EDGE_CURVE('',#913,#911,#430,.T.);
#1117=EDGE_CURVE('',#912,#913,#431,.T.);
#1118=EDGE_CURVE('',#914,#912,#432,.T.);
#1119=EDGE_CURVE('',#915,#913,#433,.T.);
#1120=EDGE_CURVE('',#914,#915,#434,.T.);
#1121=EDGE_CURVE('',#909,#914,#435,.T.);
#1122=EDGE_CURVE('',#910,#915,#436,.T.);
#1123=EDGE_CURVE('',#916,#917,#437,.T.);
#1124=EDGE_CURVE('',#917,#918,#438,.T.);
#1125=EDGE_CURVE('',#919,#918,#439,.T.);
#1126=EDGE_CURVE('',#916,#919,#440,.T.);
#1127=EDGE_CURVE('',#920,#916,#441,.T.);
#1128=EDGE_CURVE('',#921,#919,#442,.T.);
#1129=EDGE_CURVE('',#920,#921,#443,.T.);
#1130=EDGE_CURVE('',#922,#920,#444,.T.);
#1131=EDGE_CURVE('',#923,#921,#445,.T.);
#1132=EDGE_CURVE('',#922,#923,#446,.T.);
#1133=EDGE_CURVE('',#917,#922,#447,.T.);
#1134=EDGE_CURVE('',#918,#923,#448,.T.);
#1135=EDGE_CURVE('',#924,#925,#449,.T.);
#1136=EDGE_CURVE('',#925,#926,#450,.T.);
#1137=EDGE_CURVE('',#927,#926,#451,.T.);
#1138=EDGE_CURVE('',#924,#927,#452,.T.);
#1139=EDGE_CURVE('',#928,#924,#453,.T.);
#1140=EDGE_CURVE('',#929,#927,#454,.T.);
#1141=EDGE_CURVE('',#928,#929,#455,.T.);
#1142=EDGE_CURVE('',#930,#928,#456,.T.);
#1143=EDGE_CURVE('',#931,#929,#457,.T.);
#1144=EDGE_CURVE('',#930,#931,#458,.T.);
#1145=EDGE_CURVE('',#925,#930,#459,.T.);
#1146=EDGE_CURVE('',#926,#931,#460,.T.);
#1147=EDGE_CURVE('',#932,#933,#461,.T.);
#1148=EDGE_CURVE('',#933,#934,#462,.T.);
#1149=EDGE_CURVE('',#935,#934,#463,.T.);
#1150=EDGE_CURVE('',#932,#935,#464,.T.);
#1151=EDGE_CURVE('',#936,#932,#465,.T.);
#1152=EDGE_CURVE('',#937,#935,#466,.T.);
#1153=EDGE_CURVE('',#936,#937,#467,.T.);
#1154=EDGE_CURVE('',#938,#936,#468,.T.);
#1155=EDGE_CURVE('',#939,#937,#469,.T.);
#1156=EDGE_CURVE('',#938,#939,#470,.T.);
#1157=EDGE_CURVE('',#933,#938,#471,.T.);
#1158=EDGE_CURVE('',#934,#939,#472,.T.);
#1159=EDGE_CURVE('',#940,#941,#473,.T.);
#1160=EDGE_CURVE('',#941,#942,#474,.T.);
#1161=EDGE_CURVE('',#943,#942,#475,.T.);
#1162=EDGE_CURVE('',#940,#943,#476,.T.);
#1163=EDGE_CURVE('',#944,#940,#477,.T.);
#1164=EDGE_CURVE('',#945,#943,#478,.T.);
#1165=EDGE_CURVE('',#944,#945,#479,.T.);
#1166=EDGE_CURVE('',#946,#944,#480,.T.);
#1167=EDGE_CURVE('',#947,#945,#481,.T.);
#1168=EDGE_CURVE('',#946,#947,#482,.T.);
#1169=EDGE_CURVE('',#941,#946,#483,.T.);
#1170=EDGE_CURVE('',#942,#947,#484,.T.);
#1171=EDGE_CURVE('',#948,#949,#485,.T.);
#1172=EDGE_CURVE('',#949,#950,#486,.T.);
#1173=EDGE_CURVE('',#951,#950,#487,.T.);
#1174=EDGE_CURVE('',#948,#951,#488,.T.);
#1175=EDGE_CURVE('',#952,#948,#489,.T.);
#1176=EDGE_CURVE('',#953,#951,#490,.T.);
#1177=EDGE_CURVE('',#952,#953,#491,.T.);
#1178=EDGE_CURVE('',#954,#952,#492,.T.);
#1179=EDGE_CURVE('',#955,#953,#493,.T.);
#1180=EDGE_CURVE('',#954,#955,#494,.T.);
#1181=EDGE_CURVE('',#949,#954,#495,.T.);
#1182=EDGE_CURVE('',#950,#955,#496,.T.);
#1183=EDGE_CURVE('',#956,#957,#497,.T.);
#1184=EDGE_CURVE('',#957,#958,#498,.T.);
#1185=EDGE_CURVE('',#959,#958,#499,.T.);
#1186=EDGE_CURVE('',#956,#959,#500,.T.);
#1187=EDGE_CURVE('',#960,#956,#501,.T.);
#1188=EDGE_CURVE('',#961,#959,#502,.T.);
#1189=EDGE_CURVE('',#960,#961,#503,.T.);
#1190=EDGE_CURVE('',#962,#960,#504,.T.);
#1191=EDGE_CURVE('',#963,#961,#505,.T.);
#1192=EDGE_CURVE('',#962,#963,#506,.T.);
#1193=EDGE_CURVE('',#957,#962,#507,.T.);
#1194=EDGE_CURVE('',#958,#963,#508,.T.);
#1195=EDGE_CURVE('',#964,#965,#509,.T.);
#1196=EDGE_CURVE('',#965,#966,#510,.T.);
#1197=EDGE_CURVE('',#967,#966,#511,.T.);
#1198=EDGE_CURVE('',#964,#967,#512,.T.);
#1199=EDGE_CURVE('',#968,#964,#513,.T.);
#1200=EDGE_CURVE('',#969,#967,#514,.T.);
#1201=EDGE_CURVE('',#968,#969,#515,.T.);
#1202=EDGE_CURVE('',#970,#968,#516,.T.);
#1203=EDGE_CURVE('',#971,#969,#517,.T.);
#1204=EDGE_CURVE('',#970,#971,#518,.T.);
#1205=EDGE_CURVE('',#965,#970,#519,.T.);
#1206=EDGE_CURVE('',#966,#971,#520,.T.);
#1207=EDGE_CURVE('',#972,#973,#521,.T.);
#1208=EDGE_CURVE('',#973,#974,#522,.T.);
#1209=EDGE_CURVE('',#975,#974,#523,.T.);
#1210=EDGE_CURVE('',#972,#975,#524,.T.);
#1211=EDGE_CURVE('',#976,#972,#525,.T.);
#1212=EDGE_CURVE('',#977,#975,#526,.T.);
#1213=EDGE_CURVE('',#976,#977,#527,.T.);
#1214=EDGE_CURVE('',#978,#976,#528,.T.);
#1215=EDGE_CURVE('',#979,#977,#529,.T.);
#1216=EDGE_CURVE('',#978,#979,#530,.T.);
#1217=EDGE_CURVE('',#973,#978,#531,.T.);
#1218=EDGE_CURVE('',#974,#979,#532,.T.);
#1219=EDGE_CURVE('',#980,#981,#533,.T.);
#1220=EDGE_CURVE('',#981,#982,#534,.T.);
#1221=EDGE_CURVE('',#983,#982,#535,.T.);
#1222=EDGE_CURVE('',#980,#983,#536,.T.);
#1223=EDGE_CURVE('',#984,#980,#537,.T.);
#1224=EDGE_CURVE('',#985,#983,#538,.T.);
#1225=EDGE_CURVE('',#984,#985,#539,.T.);
#1226=EDGE_CURVE('',#986,#984,#540,.T.);
#1227=EDGE_CURVE('',#987,#985,#541,.T.);
#1228=EDGE_CURVE('',#986,#987,#542,.T.);
#1229=EDGE_CURVE('',#981,#986,#543,.T.);
#1230=EDGE_CURVE('',#982,#987,#544,.T.);
#1231=EDGE_CURVE('',#988,#989,#545,.T.);
#1232=EDGE_CURVE('',#989,#990,#546,.T.);
#1233=EDGE_CURVE('',#991,#990,#547,.T.);
#1234=EDGE_CURVE('',#988,#991,#548,.T.);
#1235=EDGE_CURVE('',#992,#988,#549,.T.);
#1236=EDGE_CURVE('',#993,#991,#550,.T.);
#1237=EDGE_CURVE('',#992,#993,#551,.T.);
#1238=EDGE_CURVE('',#994,#992,#552,.T.);
#1239=EDGE_CURVE('',#995,#993,#553,.T.);
#1240=EDGE_CURVE('',#994,#995,#554,.T.);
#1241=EDGE_CURVE('',#989,#994,#555,.T.);
#1242=EDGE_CURVE('',#990,#995,#556,.T.);
#1243=EDGE_CURVE('',#996,#997,#557,.T.);
#1244=EDGE_CURVE('',#997,#998,#558,.T.);
#1245=EDGE_CURVE('',#999,#998,#559,.T.);
#1246=EDGE_CURVE('',#996,#999,#560,.T.);
#1247=EDGE_CURVE('',#1000,#996,#561,.T.);
#1248=EDGE_CURVE('',#1001,#999,#562,.T.);
#1249=EDGE_CURVE('',#1000,#1001,#563,.T.);
#1250=EDGE_CURVE('',#1002,#1000,#564,.T.);
#1251=EDGE_CURVE('',#1003,#1001,#565,.T.);
#1252=EDGE_CURVE('',#1002,#1003,#566,.T.);
#1253=EDGE_CURVE('',#997,#1002,#567,.T.);
#1254=EDGE_CURVE('',#998,#1003,#568,.T.);
#1255=EDGE_CURVE('',#1004,#1005,#569,.T.);
#1256=EDGE_CURVE('',#1005,#1006,#570,.T.);
#1257=EDGE_CURVE('',#1007,#1006,#571,.T.);
#1258=EDGE_CURVE('',#1004,#1007,#572,.T.);
#1259=EDGE_CURVE('',#1008,#1004,#573,.T.);
#1260=EDGE_CURVE('',#1009,#1007,#574,.T.);
#1261=EDGE_CURVE('',#1008,#1009,#575,.T.);
#1262=EDGE_CURVE('',#1010,#1008,#576,.T.);
#1263=EDGE_CURVE('',#1011,#1009,#577,.T.);
#1264=EDGE_CURVE('',#1010,#1011,#578,.T.);
#1265=EDGE_CURVE('',#1005,#1010,#579,.T.);
#1266=EDGE_CURVE('',#1006,#1011,#580,.T.);
#1267=EDGE_CURVE('',#1012,#1012,#15,.T.);
#1268=EDGE_CURVE('',#1012,#1013,#581,.T.);
#1269=EDGE_CURVE('',#1013,#1013,#16,.T.);
#1270=EDGE_CURVE('',#1014,#1014,#17,.T.);
#1271=EDGE_CURVE('',#1014,#1015,#582,.T.);
#1272=EDGE_CURVE('',#1015,#1015,#18,.T.);
#1273=EDGE_CURVE('',#1016,#1017,#583,.T.);
#1274=EDGE_CURVE('',#1017,#1018,#584,.T.);
#1275=EDGE_CURVE('',#1019,#1018,#585,.T.);
#1276=EDGE_CURVE('',#1016,#1019,#586,.T.);
#1277=EDGE_CURVE('',#1020,#1016,#587,.T.);
#1278=EDGE_CURVE('',#1021,#1019,#588,.T.);
#1279=EDGE_CURVE('',#1020,#1021,#589,.T.);
#1280=EDGE_CURVE('',#1022,#1020,#590,.T.);
#1281=EDGE_CURVE('',#1023,#1021,#591,.T.);
#1282=EDGE_CURVE('',#1022,#1023,#592,.T.);
#1283=EDGE_CURVE('',#1017,#1022,#593,.T.);
#1284=EDGE_CURVE('',#1018,#1023,#594,.T.);
#1285=ORIENTED_EDGE('',*,*,#1024,.T.);
#1286=ORIENTED_EDGE('',*,*,#1025,.T.);
#1287=ORIENTED_EDGE('',*,*,#1026,.F.);
#1288=ORIENTED_EDGE('',*,*,#1027,.F.);
#1289=ORIENTED_EDGE('',*,*,#1028,.T.);
#1290=ORIENTED_EDGE('',*,*,#1027,.T.);
#1291=ORIENTED_EDGE('',*,*,#1029,.F.);
#1292=ORIENTED_EDGE('',*,*,#1030,.F.);
#1293=ORIENTED_EDGE('',*,*,#1031,.T.);
#1294=ORIENTED_EDGE('',*,*,#1030,.T.);
#1295=ORIENTED_EDGE('',*,*,#1032,.F.);
#1296=ORIENTED_EDGE('',*,*,#1033,.F.);
#1297=ORIENTED_EDGE('',*,*,#1034,.T.);
#1298=ORIENTED_EDGE('',*,*,#1033,.T.);
#1299=ORIENTED_EDGE('',*,*,#1035,.F.);
#1300=ORIENTED_EDGE('',*,*,#1025,.F.);
#1301=ORIENTED_EDGE('',*,*,#1035,.T.);
#1302=ORIENTED_EDGE('',*,*,#1032,.T.);
#1303=ORIENTED_EDGE('',*,*,#1029,.T.);
#1304=ORIENTED_EDGE('',*,*,#1026,.T.);
#1305=ORIENTED_EDGE('',*,*,#1034,.F.);
#1306=ORIENTED_EDGE('',*,*,#1024,.F.);
#1307=ORIENTED_EDGE('',*,*,#1028,.F.);
#1308=ORIENTED_EDGE('',*,*,#1031,.F.);
#1309=ORIENTED_EDGE('',*,*,#1036,.T.);
#1310=ORIENTED_EDGE('',*,*,#1037,.T.);
#1311=ORIENTED_EDGE('',*,*,#1038,.F.);
#1312=ORIENTED_EDGE('',*,*,#1039,.F.);
#1313=ORIENTED_EDGE('',*,*,#1040,.T.);
#1314=ORIENTED_EDGE('',*,*,#1039,.T.);
#1315=ORIENTED_EDGE('',*,*,#1041,.F.);
#1316=ORIENTED_EDGE('',*,*,#1042,.F.);
#1317=ORIENTED_EDGE('',*,*,#1043,.T.);
#1318=ORIENTED_EDGE('',*,*,#1042,.T.);
#1319=ORIENTED_EDGE('',*,*,#1044,.F.);
#1320=ORIENTED_EDGE('',*,*,#1045,.F.);
#1321=ORIENTED_EDGE('',*,*,#1046,.T.);
#1322=ORIENTED_EDGE('',*,*,#1045,.T.);
#1323=ORIENTED_EDGE('',*,*,#1047,.F.);
#1324=ORIENTED_EDGE('',*,*,#1037,.F.);
#1325=ORIENTED_EDGE('',*,*,#1047,.T.);
#1326=ORIENTED_EDGE('',*,*,#1044,.T.);
#1327=ORIENTED_EDGE('',*,*,#1041,.T.);
#1328=ORIENTED_EDGE('',*,*,#1038,.T.);
#1329=ORIENTED_EDGE('',*,*,#1046,.F.);
#1330=ORIENTED_EDGE('',*,*,#1036,.F.);
#1331=ORIENTED_EDGE('',*,*,#1040,.F.);
#1332=ORIENTED_EDGE('',*,*,#1043,.F.);
#1333=ORIENTED_EDGE('',*,*,#1048,.T.);
#1334=ORIENTED_EDGE('',*,*,#1049,.T.);
#1335=ORIENTED_EDGE('',*,*,#1050,.F.);
#1336=ORIENTED_EDGE('',*,*,#1051,.F.);
#1337=ORIENTED_EDGE('',*,*,#1052,.T.);
#1338=ORIENTED_EDGE('',*,*,#1051,.T.);
#1339=ORIENTED_EDGE('',*,*,#1053,.F.);
#1340=ORIENTED_EDGE('',*,*,#1054,.F.);
#1341=ORIENTED_EDGE('',*,*,#1055,.T.);
#1342=ORIENTED_EDGE('',*,*,#1054,.T.);
#1343=ORIENTED_EDGE('',*,*,#1056,.F.);
#1344=ORIENTED_EDGE('',*,*,#1057,.F.);
#1345=ORIENTED_EDGE('',*,*,#1058,.T.);
#1346=ORIENTED_EDGE('',*,*,#1057,.T.);
#1347=ORIENTED_EDGE('',*,*,#1059,.F.);
#1348=ORIENTED_EDGE('',*,*,#1049,.F.);
#1349=ORIENTED_EDGE('',*,*,#1059,.T.);
#1350=ORIENTED_EDGE('',*,*,#1056,.T.);
#1351=ORIENTED_EDGE('',*,*,#1053,.T.);
#1352=ORIENTED_EDGE('',*,*,#1050,.T.);
#1353=ORIENTED_EDGE('',*,*,#1058,.F.);
#1354=ORIENTED_EDGE('',*,*,#1048,.F.);
#1355=ORIENTED_EDGE('',*,*,#1052,.F.);
#1356=ORIENTED_EDGE('',*,*,#1055,.F.);
#1357=ORIENTED_EDGE('',*,*,#1060,.T.);
#1358=ORIENTED_EDGE('',*,*,#1061,.T.);
#1359=ORIENTED_EDGE('',*,*,#1062,.F.);
#1360=ORIENTED_EDGE('',*,*,#1063,.F.);
#1361=ORIENTED_EDGE('',*,*,#1064,.T.);
#1362=ORIENTED_EDGE('',*,*,#1063,.T.);
#1363=ORIENTED_EDGE('',*,*,#1065,.F.);
#1364=ORIENTED_EDGE('',*,*,#1066,.F.);
#1365=ORIENTED_EDGE('',*,*,#1067,.T.);
#1366=ORIENTED_EDGE('',*,*,#1066,.T.);
#1367=ORIENTED_EDGE('',*,*,#1068,.F.);
#1368=ORIENTED_EDGE('',*,*,#1069,.F.);
#1369=ORIENTED_EDGE('',*,*,#1070,.T.);
#1370=ORIENTED_EDGE('',*,*,#1069,.T.);
#1371=ORIENTED_EDGE('',*,*,#1071,.F.);
#1372=ORIENTED_EDGE('',*,*,#1061,.F.);
#1373=ORIENTED_EDGE('',*,*,#1071,.T.);
#1374=ORIENTED_EDGE('',*,*,#1068,.T.);
#1375=ORIENTED_EDGE('',*,*,#1065,.T.);
#1376=ORIENTED_EDGE('',*,*,#1062,.T.);
#1377=ORIENTED_EDGE('',*,*,#1070,.F.);
#1378=ORIENTED_EDGE('',*,*,#1060,.F.);
#1379=ORIENTED_EDGE('',*,*,#1064,.F.);
#1380=ORIENTED_EDGE('',*,*,#1067,.F.);
#1381=ORIENTED_EDGE('',*,*,#1072,.T.);
#1382=ORIENTED_EDGE('',*,*,#1073,.T.);
#1383=ORIENTED_EDGE('',*,*,#1074,.F.);
#1384=ORIENTED_EDGE('',*,*,#1075,.F.);
#1385=ORIENTED_EDGE('',*,*,#1076,.T.);
#1386=ORIENTED_EDGE('',*,*,#1075,.T.);
#1387=ORIENTED_EDGE('',*,*,#1077,.F.);
#1388=ORIENTED_EDGE('',*,*,#1078,.F.);
#1389=ORIENTED_EDGE('',*,*,#1079,.T.);
#1390=ORIENTED_EDGE('',*,*,#1078,.T.);
#1391=ORIENTED_EDGE('',*,*,#1080,.F.);
#1392=ORIENTED_EDGE('',*,*,#1081,.F.);
#1393=ORIENTED_EDGE('',*,*,#1082,.T.);
#1394=ORIENTED_EDGE('',*,*,#1081,.T.);
#1395=ORIENTED_EDGE('',*,*,#1083,.F.);
#1396=ORIENTED_EDGE('',*,*,#1073,.F.);
#1397=ORIENTED_EDGE('',*,*,#1083,.T.);
#1398=ORIENTED_EDGE('',*,*,#1080,.T.);
#1399=ORIENTED_EDGE('',*,*,#1077,.T.);
#1400=ORIENTED_EDGE('',*,*,#1074,.T.);
#1401=ORIENTED_EDGE('',*,*,#1082,.F.);
#1402=ORIENTED_EDGE('',*,*,#1072,.F.);
#1403=ORIENTED_EDGE('',*,*,#1076,.F.);
#1404=ORIENTED_EDGE('',*,*,#1079,.F.);
#1405=ORIENTED_EDGE('',*,*,#1084,.F.);
#1406=ORIENTED_EDGE('',*,*,#1085,.T.);
#1407=ORIENTED_EDGE('',*,*,#1086,.T.);
#1408=ORIENTED_EDGE('',*,*,#1085,.F.);
#1409=ORIENTED_EDGE('',*,*,#1084,.T.);
#1410=ORIENTED_EDGE('',*,*,#1086,.F.);
#1411=ORIENTED_EDGE('',*,*,#1087,.T.);
#1412=ORIENTED_EDGE('',*,*,#1088,.T.);
#1413=ORIENTED_EDGE('',*,*,#1089,.F.);
#1414=ORIENTED_EDGE('',*,*,#1090,.F.);
#1415=ORIENTED_EDGE('',*,*,#1091,.T.);
#1416=ORIENTED_EDGE('',*,*,#1090,.T.);
#1417=ORIENTED_EDGE('',*,*,#1092,.F.);
#1418=ORIENTED_EDGE('',*,*,#1093,.F.);
#1419=ORIENTED_EDGE('',*,*,#1094,.T.);
#1420=ORIENTED_EDGE('',*,*,#1093,.T.);
#1421=ORIENTED_EDGE('',*,*,#1095,.F.);
#1422=ORIENTED_EDGE('',*,*,#1096,.F.);
#1423=ORIENTED_EDGE('',*,*,#1097,.T.);
#1424=ORIENTED_EDGE('',*,*,#1096,.T.);
#1425=ORIENTED_EDGE('',*,*,#1098,.F.);
#1426=ORIENTED_EDGE('',*,*,#1088,.F.);
#1427=ORIENTED_EDGE('',*,*,#1098,.T.);
#1428=ORIENTED_EDGE('',*,*,#1095,.T.);
#1429=ORIENTED_EDGE('',*,*,#1092,.T.);
#1430=ORIENTED_EDGE('',*,*,#1089,.T.);
#1431=ORIENTED_EDGE('',*,*,#1097,.F.);
#1432=ORIENTED_EDGE('',*,*,#1087,.F.);
#1433=ORIENTED_EDGE('',*,*,#1091,.F.);
#1434=ORIENTED_EDGE('',*,*,#1094,.F.);
#1435=ORIENTED_EDGE('',*,*,#1099,.T.);
#1436=ORIENTED_EDGE('',*,*,#1100,.T.);
#1437=ORIENTED_EDGE('',*,*,#1101,.F.);
#1438=ORIENTED_EDGE('',*,*,#1102,.F.);
#1439=ORIENTED_EDGE('',*,*,#1103,.T.);
#1440=ORIENTED_EDGE('',*,*,#1102,.T.);
#1441=ORIENTED_EDGE('',*,*,#1104,.F.);
#1442=ORIENTED_EDGE('',*,*,#1105,.F.);
#1443=ORIENTED_EDGE('',*,*,#1106,.T.);
#1444=ORIENTED_EDGE('',*,*,#1105,.T.);
#1445=ORIENTED_EDGE('',*,*,#1107,.F.);
#1446=ORIENTED_EDGE('',*,*,#1108,.F.);
#1447=ORIENTED_EDGE('',*,*,#1109,.T.);
#1448=ORIENTED_EDGE('',*,*,#1108,.T.);
#1449=ORIENTED_EDGE('',*,*,#1110,.F.);
#1450=ORIENTED_EDGE('',*,*,#1100,.F.);
#1451=ORIENTED_EDGE('',*,*,#1110,.T.);
#1452=ORIENTED_EDGE('',*,*,#1107,.T.);
#1453=ORIENTED_EDGE('',*,*,#1104,.T.);
#1454=ORIENTED_EDGE('',*,*,#1101,.T.);
#1455=ORIENTED_EDGE('',*,*,#1109,.F.);
#1456=ORIENTED_EDGE('',*,*,#1099,.F.);
#1457=ORIENTED_EDGE('',*,*,#1103,.F.);
#1458=ORIENTED_EDGE('',*,*,#1106,.F.);
#1459=ORIENTED_EDGE('',*,*,#1111,.T.);
#1460=ORIENTED_EDGE('',*,*,#1112,.T.);
#1461=ORIENTED_EDGE('',*,*,#1113,.F.);
#1462=ORIENTED_EDGE('',*,*,#1114,.F.);
#1463=ORIENTED_EDGE('',*,*,#1115,.T.);
#1464=ORIENTED_EDGE('',*,*,#1114,.T.);
#1465=ORIENTED_EDGE('',*,*,#1116,.F.);
#1466=ORIENTED_EDGE('',*,*,#1117,.F.);
#1467=ORIENTED_EDGE('',*,*,#1118,.T.);
#1468=ORIENTED_EDGE('',*,*,#1117,.T.);
#1469=ORIENTED_EDGE('',*,*,#1119,.F.);
#1470=ORIENTED_EDGE('',*,*,#1120,.F.);
#1471=ORIENTED_EDGE('',*,*,#1121,.T.);
#1472=ORIENTED_EDGE('',*,*,#1120,.T.);
#1473=ORIENTED_EDGE('',*,*,#1122,.F.);
#1474=ORIENTED_EDGE('',*,*,#1112,.F.);
#1475=ORIENTED_EDGE('',*,*,#1122,.T.);
#1476=ORIENTED_EDGE('',*,*,#1119,.T.);
#1477=ORIENTED_EDGE('',*,*,#1116,.T.);
#1478=ORIENTED_EDGE('',*,*,#1113,.T.);
#1479=ORIENTED_EDGE('',*,*,#1121,.F.);
#1480=ORIENTED_EDGE('',*,*,#1111,.F.);
#1481=ORIENTED_EDGE('',*,*,#1115,.F.);
#1482=ORIENTED_EDGE('',*,*,#1118,.F.);
#1483=ORIENTED_EDGE('',*,*,#1123,.T.);
#1484=ORIENTED_EDGE('',*,*,#1124,.T.);
#1485=ORIENTED_EDGE('',*,*,#1125,.F.);
#1486=ORIENTED_EDGE('',*,*,#1126,.F.);
#1487=ORIENTED_EDGE('',*,*,#1127,.T.);
#1488=ORIENTED_EDGE('',*,*,#1126,.T.);
#1489=ORIENTED_EDGE('',*,*,#1128,.F.);
#1490=ORIENTED_EDGE('',*,*,#1129,.F.);
#1491=ORIENTED_EDGE('',*,*,#1130,.T.);
#1492=ORIENTED_EDGE('',*,*,#1129,.T.);
#1493=ORIENTED_EDGE('',*,*,#1131,.F.);
#1494=ORIENTED_EDGE('',*,*,#1132,.F.);
#1495=ORIENTED_EDGE('',*,*,#1133,.T.);
#1496=ORIENTED_EDGE('',*,*,#1132,.T.);
#1497=ORIENTED_EDGE('',*,*,#1134,.F.);
#1498=ORIENTED_EDGE('',*,*,#1124,.F.);
#1499=ORIENTED_EDGE('',*,*,#1134,.T.);
#1500=ORIENTED_EDGE('',*,*,#1131,.T.);
#1501=ORIENTED_EDGE('',*,*,#1128,.T.);
#1502=ORIENTED_EDGE('',*,*,#1125,.T.);
#1503=ORIENTED_EDGE('',*,*,#1133,.F.);
#1504=ORIENTED_EDGE('',*,*,#1123,.F.);
#1505=ORIENTED_EDGE('',*,*,#1127,.F.);
#1506=ORIENTED_EDGE('',*,*,#1130,.F.);
#1507=ORIENTED_EDGE('',*,*,#1135,.T.);
#1508=ORIENTED_EDGE('',*,*,#1136,.T.);
#1509=ORIENTED_EDGE('',*,*,#1137,.F.);
#1510=ORIENTED_EDGE('',*,*,#1138,.F.);
#1511=ORIENTED_EDGE('',*,*,#1139,.T.);
#1512=ORIENTED_EDGE('',*,*,#1138,.T.);
#1513=ORIENTED_EDGE('',*,*,#1140,.F.);
#1514=ORIENTED_EDGE('',*,*,#1141,.F.);
#1515=ORIENTED_EDGE('',*,*,#1142,.T.);
#1516=ORIENTED_EDGE('',*,*,#1141,.T.);
#1517=ORIENTED_EDGE('',*,*,#1143,.F.);
#1518=ORIENTED_EDGE('',*,*,#1144,.F.);
#1519=ORIENTED_EDGE('',*,*,#1145,.T.);
#1520=ORIENTED_EDGE('',*,*,#1144,.T.);
#1521=ORIENTED_EDGE('',*,*,#1146,.F.);
#1522=ORIENTED_EDGE('',*,*,#1136,.F.);
#1523=ORIENTED_EDGE('',*,*,#1146,.T.);
#1524=ORIENTED_EDGE('',*,*,#1143,.T.);
#1525=ORIENTED_EDGE('',*,*,#1140,.T.);
#1526=ORIENTED_EDGE('',*,*,#1137,.T.);
#1527=ORIENTED_EDGE('',*,*,#1145,.F.);
#1528=ORIENTED_EDGE('',*,*,#1135,.F.);
#1529=ORIENTED_EDGE('',*,*,#1139,.F.);
#1530=ORIENTED_EDGE('',*,*,#1142,.F.);
#1531=ORIENTED_EDGE('',*,*,#1147,.T.);
#1532=ORIENTED_EDGE('',*,*,#1148,.T.);
#1533=ORIENTED_EDGE('',*,*,#1149,.F.);
#1534=ORIENTED_EDGE('',*,*,#1150,.F.);
#1535=ORIENTED_EDGE('',*,*,#1151,.T.);
#1536=ORIENTED_EDGE('',*,*,#1150,.T.);
#1537=ORIENTED_EDGE('',*,*,#1152,.F.);
#1538=ORIENTED_EDGE('',*,*,#1153,.F.);
#1539=ORIENTED_EDGE('',*,*,#1154,.T.);
#1540=ORIENTED_EDGE('',*,*,#1153,.T.);
#1541=ORIENTED_EDGE('',*,*,#1155,.F.);
#1542=ORIENTED_EDGE('',*,*,#1156,.F.);
#1543=ORIENTED_EDGE('',*,*,#1157,.T.);
#1544=ORIENTED_EDGE('',*,*,#1156,.T.);
#1545=ORIENTED_EDGE('',*,*,#1158,.F.);
#1546=ORIENTED_EDGE('',*,*,#1148,.F.);
#1547=ORIENTED_EDGE('',*,*,#1158,.T.);
#1548=ORIENTED_EDGE('',*,*,#1155,.T.);
#1549=ORIENTED_EDGE('',*,*,#1152,.T.);
#1550=ORIENTED_EDGE('',*,*,#1149,.T.);
#1551=ORIENTED_EDGE('',*,*,#1157,.F.);
#1552=ORIENTED_EDGE('',*,*,#1147,.F.);
#1553=ORIENTED_EDGE('',*,*,#1151,.F.);
#1554=ORIENTED_EDGE('',*,*,#1154,.F.);
#1555=ORIENTED_EDGE('',*,*,#1159,.T.);
#1556=ORIENTED_EDGE('',*,*,#1160,.T.);
#1557=ORIENTED_EDGE('',*,*,#1161,.F.);
#1558=ORIENTED_EDGE('',*,*,#1162,.F.);
#1559=ORIENTED_EDGE('',*,*,#1163,.T.);
#1560=ORIENTED_EDGE('',*,*,#1162,.T.);
#1561=ORIENTED_EDGE('',*,*,#1164,.F.);
#1562=ORIENTED_EDGE('',*,*,#1165,.F.);
#1563=ORIENTED_EDGE('',*,*,#1166,.T.);
#1564=ORIENTED_EDGE('',*,*,#1165,.T.);
#1565=ORIENTED_EDGE('',*,*,#1167,.F.);
#1566=ORIENTED_EDGE('',*,*,#1168,.F.);
#1567=ORIENTED_EDGE('',*,*,#1169,.T.);
#1568=ORIENTED_EDGE('',*,*,#1168,.T.);
#1569=ORIENTED_EDGE('',*,*,#1170,.F.);
#1570=ORIENTED_EDGE('',*,*,#1160,.F.);
#1571=ORIENTED_EDGE('',*,*,#1170,.T.);
#1572=ORIENTED_EDGE('',*,*,#1167,.T.);
#1573=ORIENTED_EDGE('',*,*,#1164,.T.);
#1574=ORIENTED_EDGE('',*,*,#1161,.T.);
#1575=ORIENTED_EDGE('',*,*,#1169,.F.);
#1576=ORIENTED_EDGE('',*,*,#1159,.F.);
#1577=ORIENTED_EDGE('',*,*,#1163,.F.);
#1578=ORIENTED_EDGE('',*,*,#1166,.F.);
#1579=ORIENTED_EDGE('',*,*,#1171,.T.);
#1580=ORIENTED_EDGE('',*,*,#1172,.T.);
#1581=ORIENTED_EDGE('',*,*,#1173,.F.);
#1582=ORIENTED_EDGE('',*,*,#1174,.F.);
#1583=ORIENTED_EDGE('',*,*,#1175,.T.);
#1584=ORIENTED_EDGE('',*,*,#1174,.T.);
#1585=ORIENTED_EDGE('',*,*,#1176,.F.);
#1586=ORIENTED_EDGE('',*,*,#1177,.F.);
#1587=ORIENTED_EDGE('',*,*,#1178,.T.);
#1588=ORIENTED_EDGE('',*,*,#1177,.T.);
#1589=ORIENTED_EDGE('',*,*,#1179,.F.);
#1590=ORIENTED_EDGE('',*,*,#1180,.F.);
#1591=ORIENTED_EDGE('',*,*,#1181,.T.);
#1592=ORIENTED_EDGE('',*,*,#1180,.T.);
#1593=ORIENTED_EDGE('',*,*,#1182,.F.);
#1594=ORIENTED_EDGE('',*,*,#1172,.F.);
#1595=ORIENTED_EDGE('',*,*,#1182,.T.);
#1596=ORIENTED_EDGE('',*,*,#1179,.T.);
#1597=ORIENTED_EDGE('',*,*,#1176,.T.);
#1598=ORIENTED_EDGE('',*,*,#1173,.T.);
#1599=ORIENTED_EDGE('',*,*,#1181,.F.);
#1600=ORIENTED_EDGE('',*,*,#1171,.F.);
#1601=ORIENTED_EDGE('',*,*,#1175,.F.);
#1602=ORIENTED_EDGE('',*,*,#1178,.F.);
#1603=ORIENTED_EDGE('',*,*,#1183,.T.);
#1604=ORIENTED_EDGE('',*,*,#1184,.T.);
#1605=ORIENTED_EDGE('',*,*,#1185,.F.);
#1606=ORIENTED_EDGE('',*,*,#1186,.F.);
#1607=ORIENTED_EDGE('',*,*,#1187,.T.);
#1608=ORIENTED_EDGE('',*,*,#1186,.T.);
#1609=ORIENTED_EDGE('',*,*,#1188,.F.);
#1610=ORIENTED_EDGE('',*,*,#1189,.F.);
#1611=ORIENTED_EDGE('',*,*,#1190,.T.);
#1612=ORIENTED_EDGE('',*,*,#1189,.T.);
#1613=ORIENTED_EDGE('',*,*,#1191,.F.);
#1614=ORIENTED_EDGE('',*,*,#1192,.F.);
#1615=ORIENTED_EDGE('',*,*,#1193,.T.);
#1616=ORIENTED_EDGE('',*,*,#1192,.T.);
#1617=ORIENTED_EDGE('',*,*,#1194,.F.);
#1618=ORIENTED_EDGE('',*,*,#1184,.F.);
#1619=ORIENTED_EDGE('',*,*,#1194,.T.);
#1620=ORIENTED_EDGE('',*,*,#1191,.T.);
#1621=ORIENTED_EDGE('',*,*,#1188,.T.);
#1622=ORIENTED_EDGE('',*,*,#1185,.T.);
#1623=ORIENTED_EDGE('',*,*,#1193,.F.);
#1624=ORIENTED_EDGE('',*,*,#1183,.F.);
#1625=ORIENTED_EDGE('',*,*,#1187,.F.);
#1626=ORIENTED_EDGE('',*,*,#1190,.F.);
#1627=ORIENTED_EDGE('',*,*,#1195,.T.);
#1628=ORIENTED_EDGE('',*,*,#1196,.T.);
#1629=ORIENTED_EDGE('',*,*,#1197,.F.);
#1630=ORIENTED_EDGE('',*,*,#1198,.F.);
#1631=ORIENTED_EDGE('',*,*,#1199,.T.);
#1632=ORIENTED_EDGE('',*,*,#1198,.T.);
#1633=ORIENTED_EDGE('',*,*,#1200,.F.);
#1634=ORIENTED_EDGE('',*,*,#1201,.F.);
#1635=ORIENTED_EDGE('',*,*,#1202,.T.);
#1636=ORIENTED_EDGE('',*,*,#1201,.T.);
#1637=ORIENTED_EDGE('',*,*,#1203,.F.);
#1638=ORIENTED_EDGE('',*,*,#1204,.F.);
#1639=ORIENTED_EDGE('',*,*,#1205,.T.);
#1640=ORIENTED_EDGE('',*,*,#1204,.T.);
#1641=ORIENTED_EDGE('',*,*,#1206,.F.);
#1642=ORIENTED_EDGE('',*,*,#1196,.F.);
#1643=ORIENTED_EDGE('',*,*,#1206,.T.);
#1644=ORIENTED_EDGE('',*,*,#1203,.T.);
#1645=ORIENTED_EDGE('',*,*,#1200,.T.);
#1646=ORIENTED_EDGE('',*,*,#1197,.T.);
#1647=ORIENTED_EDGE('',*,*,#1205,.F.);
#1648=ORIENTED_EDGE('',*,*,#1195,.F.);
#1649=ORIENTED_EDGE('',*,*,#1199,.F.);
#1650=ORIENTED_EDGE('',*,*,#1202,.F.);
#1651=ORIENTED_EDGE('',*,*,#1207,.T.);
#1652=ORIENTED_EDGE('',*,*,#1208,.T.);
#1653=ORIENTED_EDGE('',*,*,#1209,.F.);
#1654=ORIENTED_EDGE('',*,*,#1210,.F.);
#1655=ORIENTED_EDGE('',*,*,#1211,.T.);
#1656=ORIENTED_EDGE('',*,*,#1210,.T.);
#1657=ORIENTED_EDGE('',*,*,#1212,.F.);
#1658=ORIENTED_EDGE('',*,*,#1213,.F.);
#1659=ORIENTED_EDGE('',*,*,#1214,.T.);
#1660=ORIENTED_EDGE('',*,*,#1213,.T.);
#1661=ORIENTED_EDGE('',*,*,#1215,.F.);
#1662=ORIENTED_EDGE('',*,*,#1216,.F.);
#1663=ORIENTED_EDGE('',*,*,#1217,.T.);
#1664=ORIENTED_EDGE('',*,*,#1216,.T.);
#1665=ORIENTED_EDGE('',*,*,#1218,.F.);
#1666=ORIENTED_EDGE('',*,*,#1208,.F.);
#1667=ORIENTED_EDGE('',*,*,#1218,.T.);
#1668=ORIENTED_EDGE('',*,*,#1215,.T.);
#1669=ORIENTED_EDGE('',*,*,#1212,.T.);
#1670=ORIENTED_EDGE('',*,*,#1209,.T.);
#1671=ORIENTED_EDGE('',*,*,#1217,.F.);
#1672=ORIENTED_EDGE('',*,*,#1207,.F.);
#1673=ORIENTED_EDGE('',*,*,#1211,.F.);
#1674=ORIENTED_EDGE('',*,*,#1214,.F.);
#1675=ORIENTED_EDGE('',*,*,#1219,.T.);
#1676=ORIENTED_EDGE('',*,*,#1220,.T.);
#1677=ORIENTED_EDGE('',*,*,#1221,.F.);
#1678=ORIENTED_EDGE('',*,*,#1222,.F.);
#1679=ORIENTED_EDGE('',*,*,#1223,.T.);
#1680=ORIENTED_EDGE('',*,*,#1222,.T.);
#1681=ORIENTED_EDGE('',*,*,#1224,.F.);
#1682=ORIENTED_EDGE('',*,*,#1225,.F.);
#1683=ORIENTED_EDGE('',*,*,#1226,.T.);
#1684=ORIENTED_EDGE('',*,*,#1225,.T.);
#1685=ORIENTED_EDGE('',*,*,#1227,.F.);
#1686=ORIENTED_EDGE('',*,*,#1228,.F.);
#1687=ORIENTED_EDGE('',*,*,#1229,.T.);
#1688=ORIENTED_EDGE('',*,*,#1228,.T.);
#1689=ORIENTED_EDGE('',*,*,#1230,.F.);
#1690=ORIENTED_EDGE('',*,*,#1220,.F.);
#1691=ORIENTED_EDGE('',*,*,#1230,.T.);
#1692=ORIENTED_EDGE('',*,*,#1227,.T.);
#1693=ORIENTED_EDGE('',*,*,#1224,.T.);
#1694=ORIENTED_EDGE('',*,*,#1221,.T.);
#1695=ORIENTED_EDGE('',*,*,#1229,.F.);
#1696=ORIENTED_EDGE('',*,*,#1219,.F.);
#1697=ORIENTED_EDGE('',*,*,#1223,.F.);
#1698=ORIENTED_EDGE('',*,*,#1226,.F.);
#1699=ORIENTED_EDGE('',*,*,#1231,.T.);
#1700=ORIENTED_EDGE('',*,*,#1232,.T.);
#1701=ORIENTED_EDGE('',*,*,#1233,.F.);
#1702=ORIENTED_EDGE('',*,*,#1234,.F.);
#1703=ORIENTED_EDGE('',*,*,#1235,.T.);
#1704=ORIENTED_EDGE('',*,*,#1234,.T.);
#1705=ORIENTED_EDGE('',*,*,#1236,.F.);
#1706=ORIENTED_EDGE('',*,*,#1237,.F.);
#1707=ORIENTED_EDGE('',*,*,#1238,.T.);
#1708=ORIENTED_EDGE('',*,*,#1237,.T.);
#1709=ORIENTED_EDGE('',*,*,#1239,.F.);
#1710=ORIENTED_EDGE('',*,*,#1240,.F.);
#1711=ORIENTED_EDGE('',*,*,#1241,.T.);
#1712=ORIENTED_EDGE('',*,*,#1240,.T.);
#1713=ORIENTED_EDGE('',*,*,#1242,.F.);
#1714=ORIENTED_EDGE('',*,*,#1232,.F.);
#1715=ORIENTED_EDGE('',*,*,#1242,.T.);
#1716=ORIENTED_EDGE('',*,*,#1239,.T.);
#1717=ORIENTED_EDGE('',*,*,#1236,.T.);
#1718=ORIENTED_EDGE('',*,*,#1233,.T.);
#1719=ORIENTED_EDGE('',*,*,#1241,.F.);
#1720=ORIENTED_EDGE('',*,*,#1231,.F.);
#1721=ORIENTED_EDGE('',*,*,#1235,.F.);
#1722=ORIENTED_EDGE('',*,*,#1238,.F.);
#1723=ORIENTED_EDGE('',*,*,#1243,.T.);
#1724=ORIENTED_EDGE('',*,*,#1244,.T.);
#1725=ORIENTED_EDGE('',*,*,#1245,.F.);
#1726=ORIENTED_EDGE('',*,*,#1246,.F.);
#1727=ORIENTED_EDGE('',*,*,#1247,.T.);
#1728=ORIENTED_EDGE('',*,*,#1246,.T.);
#1729=ORIENTED_EDGE('',*,*,#1248,.F.);
#1730=ORIENTED_EDGE('',*,*,#1249,.F.);
#1731=ORIENTED_EDGE('',*,*,#1250,.T.);
#1732=ORIENTED_EDGE('',*,*,#1249,.T.);
#1733=ORIENTED_EDGE('',*,*,#1251,.F.);
#1734=ORIENTED_EDGE('',*,*,#1252,.F.);
#1735=ORIENTED_EDGE('',*,*,#1253,.T.);
#1736=ORIENTED_EDGE('',*,*,#1252,.T.);
#1737=ORIENTED_EDGE('',*,*,#1254,.F.);
#1738=ORIENTED_EDGE('',*,*,#1244,.F.);
#1739=ORIENTED_EDGE('',*,*,#1254,.T.);
#1740=ORIENTED_EDGE('',*,*,#1251,.T.);
#1741=ORIENTED_EDGE('',*,*,#1248,.T.);
#1742=ORIENTED_EDGE('',*,*,#1245,.T.);
#1743=ORIENTED_EDGE('',*,*,#1253,.F.);
#1744=ORIENTED_EDGE('',*,*,#1243,.F.);
#1745=ORIENTED_EDGE('',*,*,#1247,.F.);
#1746=ORIENTED_EDGE('',*,*,#1250,.F.);
#1747=ORIENTED_EDGE('',*,*,#1255,.T.);
#1748=ORIENTED_EDGE('',*,*,#1256,.T.);
#1749=ORIENTED_EDGE('',*,*,#1257,.F.);
#1750=ORIENTED_EDGE('',*,*,#1258,.F.);
#1751=ORIENTED_EDGE('',*,*,#1259,.T.);
#1752=ORIENTED_EDGE('',*,*,#1258,.T.);
#1753=ORIENTED_EDGE('',*,*,#1260,.F.);
#1754=ORIENTED_EDGE('',*,*,#1261,.F.);
#1755=ORIENTED_EDGE('',*,*,#1262,.T.);
#1756=ORIENTED_EDGE('',*,*,#1261,.T.);
#1757=ORIENTED_EDGE('',*,*,#1263,.F.);
#1758=ORIENTED_EDGE('',*,*,#1264,.F.);
#1759=ORIENTED_EDGE('',*,*,#1265,.T.);
#1760=ORIENTED_EDGE('',*,*,#1264,.T.);
#1761=ORIENTED_EDGE('',*,*,#1266,.F.);
#1762=ORIENTED_EDGE('',*,*,#1256,.F.);
#1763=ORIENTED_EDGE('',*,*,#1266,.T.);
#1764=ORIENTED_EDGE('',*,*,#1263,.T.);
#1765=ORIENTED_EDGE('',*,*,#1260,.T.);
#1766=ORIENTED_EDGE('',*,*,#1257,.T.);
#1767=ORIENTED_EDGE('',*,*,#1265,.F.);
#1768=ORIENTED_EDGE('',*,*,#1255,.F.);
#1769=ORIENTED_EDGE('',*,*,#1259,.F.);
#1770=ORIENTED_EDGE('',*,*,#1262,.F.);
#1771=ORIENTED_EDGE('',*,*,#1267,.F.);
#1772=ORIENTED_EDGE('',*,*,#1268,.T.);
#1773=ORIENTED_EDGE('',*,*,#1269,.T.);
#1774=ORIENTED_EDGE('',*,*,#1268,.F.);
#1775=ORIENTED_EDGE('',*,*,#1267,.T.);
#1776=ORIENTED_EDGE('',*,*,#1269,.F.);
#1777=ORIENTED_EDGE('',*,*,#1270,.F.);
#1778=ORIENTED_EDGE('',*,*,#1271,.T.);
#1779=ORIENTED_EDGE('',*,*,#1272,.T.);
#1780=ORIENTED_EDGE('',*,*,#1271,.F.);
#1781=ORIENTED_EDGE('',*,*,#1270,.T.);
#1782=ORIENTED_EDGE('',*,*,#1272,.F.);
#1783=ORIENTED_EDGE('',*,*,#1273,.T.);
#1784=ORIENTED_EDGE('',*,*,#1274,.T.);
#1785=ORIENTED_EDGE('',*,*,#1275,.F.);
#1786=ORIENTED_EDGE('',*,*,#1276,.F.);
#1787=ORIENTED_EDGE('',*,*,#1277,.T.);
#1788=ORIENTED_EDGE('',*,*,#1276,.T.);
#1789=ORIENTED_EDGE('',*,*,#1278,.F.);
#1790=ORIENTED_EDGE('',*,*,#1279,.F.);
#1791=ORIENTED_EDGE('',*,*,#1280,.T.);
#1792=ORIENTED_EDGE('',*,*,#1279,.T.);
#1793=ORIENTED_EDGE('',*,*,#1281,.F.);
#1794=ORIENTED_EDGE('',*,*,#1282,.F.);
#1795=ORIENTED_EDGE('',*,*,#1283,.T.);
#1796=ORIENTED_EDGE('',*,*,#1282,.T.);
#1797=ORIENTED_EDGE('',*,*,#1284,.F.);
#1798=ORIENTED_EDGE('',*,*,#1274,.F.);
#1799=ORIENTED_EDGE('',*,*,#1284,.T.);
#1800=ORIENTED_EDGE('',*,*,#1281,.T.);
#1801=ORIENTED_EDGE('',*,*,#1278,.T.);
#1802=ORIENTED_EDGE('',*,*,#1275,.T.);
#1803=ORIENTED_EDGE('',*,*,#1283,.F.);
#1804=ORIENTED_EDGE('',*,*,#1273,.F.);
#1805=ORIENTED_EDGE('',*,*,#1277,.F.);
#1806=ORIENTED_EDGE('',*,*,#1280,.F.);
#1807=PLANE('',#2111);
#1808=PLANE('',#2112);
#1809=PLANE('',#2113);
#1810=PLANE('',#2114);
#1811=PLANE('',#2115);
#1812=PLANE('',#2116);
#1813=PLANE('',#2117);
#1814=PLANE('',#2118);
#1815=PLANE('',#2119);
#1816=PLANE('',#2120);
#1817=PLANE('',#2121);
#1818=PLANE('',#2122);
#1819=PLANE('',#2123);
#1820=PLANE('',#2124);
#1821=PLANE('',#2125);
#1822=PLANE('',#2126);
#1823=PLANE('',#2127);
#1824=PLANE('',#2128);
#1825=PLANE('',#2129);
#1826=PLANE('',#2130);
#1827=PLANE('',#2131);
#1828=PLANE('',#2132);
#1829=PLANE('',#2133);
#1830=PLANE('',#2134);
#1831=PLANE('',#2135);
#1832=PLANE('',#2136);
#1833=PLANE('',#2137);
#1834=PLANE('',#2138);
#1835=PLANE('',#2139);
#1836=PLANE('',#2140);
#1837=PLANE('',#2144);
#1838=PLANE('',#2145);
#1839=PLANE('',#2146);
#1840=PLANE('',#2147);
#1841=PLANE('',#2148);
#1842=PLANE('',#2149);
#1843=PLANE('',#2150);
#1844=PLANE('',#2151);
#1845=PLANE('',#2152);
#1846=PLANE('',#2153);
#1847=PLANE('',#2154);
#1848=PLANE('',#2155);
#1849=PLANE('',#2156);
#1850=PLANE('',#2157);
#1851=PLANE('',#2158);
#1852=PLANE('',#2159);
#1853=PLANE('',#2160);
#1854=PLANE('',#2161);
#1855=PLANE('',#2162);
#1856=PLANE('',#2163);
#1857=PLANE('',#2164);
#1858=PLANE('',#2165);
#1859=PLANE('',#2166);
#1860=PLANE('',#2167);
#1861=PLANE('',#2168);
#1862=PLANE('',#2169);
#1863=PLANE('',#2170);
#1864=PLANE('',#2171);
#1865=PLANE('',#2172);
#1866=PLANE('',#2173);
#1867=PLANE('',#2174);
#1868=PLANE('',#2175);
#1869=PLANE('',#2176);
#1870=PLANE('',#2177);
#1871=PLANE('',#2178);
#1872=PLANE('',#2179);
#1873=PLANE('',#2180);
#1874=PLANE('',#2181);
#1875=PLANE('',#2182);
#1876=PLANE('',#2183);
#1877=PLANE('',#2184);
#1878=PLANE('',#2185);
#1879=PLANE('',#2186);
#1880=PLANE('',#2187);
#1881=PLANE('',#2188);
#1882=PLANE('',#2189);
#1883=PLANE('',#2190);
#1884=PLANE('',#2191);
#1885=PLANE('',#2192);
#1886=PLANE('',#2193);
#1887=PLANE('',#2194);
#1888=PLANE('',#2195);
#1889=PLANE('',#2196);
#1890=PLANE('',#2197);
#1891=PLANE('',#2198);
#1892=PLANE('',#2199);
#1893=PLANE('',#2200);
#1894=PLANE('',#2201);
#1895=PLANE('',#2202);
#1896=PLANE('',#2203);
#1897=PLANE('',#2204);
#1898=PLANE('',#2205);
#1899=PLANE('',#2206);
#1900=PLANE('',#2207);
#1901=PLANE('',#2208);
#1902=PLANE('',#2209);
#1903=PLANE('',#2210);
#1904=PLANE('',#2211);
#1905=PLANE('',#2212);
#1906=PLANE('',#2213);
#1907=PLANE('',#2214);
#1908=PLANE('',#2215);
#1909=PLANE('',#2216);
#1910=PLANE('',#2217);
#1911=PLANE('',#2218);
#1912=PLANE('',#2219);
#1913=PLANE('',#2220);
#1914=PLANE('',#2221);
#1915=PLANE('',#2222);
#1916=PLANE('',#2223);
#1917=PLANE('',#2224);
#1918=PLANE('',#2225);
#1919=PLANE('',#2226);
#1920=PLANE('',#2227);
#1921=PLANE('',#2228);
#1922=PLANE('',#2229);
#1923=PLANE('',#2230);
#1924=PLANE('',#2231);
#1925=PLANE('',#2232);
#1926=PLANE('',#2233);
#1927=PLANE('',#2234);
#1928=PLANE('',#2235);
#1929=PLANE('',#2239);
#1930=PLANE('',#2240);
#1931=PLANE('',#2244);
#1932=PLANE('',#2245);
#1933=PLANE('',#2246);
#1934=PLANE('',#2247);
#1935=PLANE('',#2248);
#1936=PLANE('',#2249);
#1937=PLANE('',#2250);
#1938=PLANE('',#2251);
#1939=ADVANCED_FACE('',(#70),#1807,.T.);
#1940=ADVANCED_FACE('',(#71),#1808,.T.);
#1941=ADVANCED_FACE('',(#72),#1809,.T.);
#1942=ADVANCED_FACE('',(#73),#1810,.T.);
#1943=ADVANCED_FACE('',(#74),#1811,.T.);
#1944=ADVANCED_FACE('',(#75),#1812,.F.);
#1945=ADVANCED_FACE('',(#76),#1813,.T.);
#1946=ADVANCED_FACE('',(#77),#1814,.T.);
#1947=ADVANCED_FACE('',(#78),#1815,.T.);
#1948=ADVANCED_FACE('',(#79),#1816,.T.);
#1949=ADVANCED_FACE('',(#80),#1817,.T.);
#1950=ADVANCED_FACE('',(#81),#1818,.F.);
#1951=ADVANCED_FACE('',(#82),#1819,.T.);
#1952=ADVANCED_FACE('',(#83),#1820,.T.);
#1953=ADVANCED_FACE('',(#84),#1821,.T.);
#1954=ADVANCED_FACE('',(#85),#1822,.T.);
#1955=ADVANCED_FACE('',(#86),#1823,.T.);
#1956=ADVANCED_FACE('',(#87),#1824,.F.);
#1957=ADVANCED_FACE('',(#88),#1825,.T.);
#1958=ADVANCED_FACE('',(#89),#1826,.T.);
#1959=ADVANCED_FACE('',(#90),#1827,.T.);
#1960=ADVANCED_FACE('',(#91),#1828,.T.);
#1961=ADVANCED_FACE('',(#92),#1829,.T.);
#1962=ADVANCED_FACE('',(#93),#1830,.F.);
#1963=ADVANCED_FACE('',(#94),#1831,.T.);
#1964=ADVANCED_FACE('',(#95),#1832,.T.);
#1965=ADVANCED_FACE('',(#96),#1833,.T.);
#1966=ADVANCED_FACE('',(#97),#1834,.T.);
#1967=ADVANCED_FACE('',(#98),#1835,.T.);
#1968=ADVANCED_FACE('',(#99),#1836,.F.);
#1969=ADVANCED_FACE('',(#100),#19,.T.);
#1970=ADVANCED_FACE('',(#101),#1837,.T.);
#1971=ADVANCED_FACE('',(#102),#1838,.F.);
#1972=ADVANCED_FACE('',(#103),#1839,.T.);
#1973=ADVANCED_FACE('',(#104),#1840,.T.);
#1974=ADVANCED_FACE('',(#105),#1841,.T.);
#1975=ADVANCED_FACE('',(#106),#1842,.T.);
#1976=ADVANCED_FACE('',(#107),#1843,.T.);
#1977=ADVANCED_FACE('',(#108),#1844,.F.);
#1978=ADVANCED_FACE('',(#109),#1845,.T.);
#1979=ADVANCED_FACE('',(#110),#1846,.T.);
#1980=ADVANCED_FACE('',(#111),#1847,.T.);
#1981=ADVANCED_FACE('',(#112),#1848,.T.);
#1982=ADVANCED_FACE('',(#113),#1849,.T.);
#1983=ADVANCED_FACE('',(#114),#1850,.F.);
#1984=ADVANCED_FACE('',(#115),#1851,.T.);
#1985=ADVANCED_FACE('',(#116),#1852,.T.);
#1986=ADVANCED_FACE('',(#117),#1853,.T.);
#1987=ADVANCED_FACE('',(#118),#1854,.T.);
#1988=ADVANCED_FACE('',(#119),#1855,.T.);
#1989=ADVANCED_FACE('',(#120),#1856,.F.);
#1990=ADVANCED_FACE('',(#121),#1857,.T.);
#1991=ADVANCED_FACE('',(#122),#1858,.T.);
#1992=ADVANCED_FACE('',(#123),#1859,.T.);
#1993=ADVANCED_FACE('',(#124),#1860,.T.);
#1994=ADVANCED_FACE('',(#125),#1861,.T.);
#1995=ADVANCED_FACE('',(#126),#1862,.F.);
#1996=ADVANCED_FACE('',(#127),#1863,.T.);
#1997=ADVANCED_FACE('',(#128),#1864,.T.);
#1998=ADVANCED_FACE('',(#129),#1865,.T.);
#1999=ADVANCED_FACE('',(#130),#1866,.T.);
#2000=ADVANCED_FACE('',(#131),#1867,.T.);
#2001=ADVANCED_FACE('',(#132),#1868,.F.);
#2002=ADVANCED_FACE('',(#133),#1869,.T.);
#2003=ADVANCED_FACE('',(#134),#1870,.T.);
#2004=ADVANCED_FACE('',(#135),#1871,.T.);
#2005=ADVANCED_FACE('',(#136),#1872,.T.);
#2006=ADVANCED_FACE('',(#137),#1873,.T.);
#2007=ADVANCED_FACE('',(#138),#1874,.F.);
#2008=ADVANCED_FACE('',(#139),#1875,.T.);
#2009=ADVANCED_FACE('',(#140),#1876,.T.);
#2010=ADVANCED_FACE('',(#141),#1877,.T.);
#2011=ADVANCED_FACE('',(#142),#1878,.T.);
#2012=ADVANCED_FACE('',(#143),#1879,.T.);
#2013=ADVANCED_FACE('',(#144),#1880,.F.);
#2014=ADVANCED_FACE('',(#145),#1881,.T.);
#2015=ADVANCED_FACE('',(#146),#1882,.T.);
#2016=ADVANCED_FACE('',(#147),#1883,.T.);
#2017=ADVANCED_FACE('',(#148),#1884,.T.);
#2018=ADVANCED_FACE('',(#149),#1885,.T.);
#2019=ADVANCED_FACE('',(#150),#1886,.F.);
#2020=ADVANCED_FACE('',(#151),#1887,.T.);
#2021=ADVANCED_FACE('',(#152),#1888,.T.);
#2022=ADVANCED_FACE('',(#153),#1889,.T.);
#2023=ADVANCED_FACE('',(#154),#1890,.T.);
#2024=ADVANCED_FACE('',(#155),#1891,.T.);
#2025=ADVANCED_FACE('',(#156),#1892,.F.);
#2026=ADVANCED_FACE('',(#157),#1893,.T.);
#2027=ADVANCED_FACE('',(#158),#1894,.T.);
#2028=ADVANCED_FACE('',(#159),#1895,.T.);
#2029=ADVANCED_FACE('',(#160),#1896,.T.);
#2030=ADVANCED_FACE('',(#161),#1897,.T.);
#2031=ADVANCED_FACE('',(#162),#1898,.F.);
#2032=ADVANCED_FACE('',(#163),#1899,.T.);
#2033=ADVANCED_FACE('',(#164),#1900,.T.);
#2034=ADVANCED_FACE('',(#165),#1901,.T.);
#2035=ADVANCED_FACE('',(#166),#1902,.T.);
#2036=ADVANCED_FACE('',(#167),#1903,.T.);
#2037=ADVANCED_FACE('',(#168),#1904,.F.);
#2038=ADVANCED_FACE('',(#169),#1905,.T.);
#2039=ADVANCED_FACE('',(#170),#1906,.T.);
#2040=ADVANCED_FACE('',(#171),#1907,.T.);
#2041=ADVANCED_FACE('',(#172),#1908,.T.);
#2042=ADVANCED_FACE('',(#173),#1909,.T.);
#2043=ADVANCED_FACE('',(#174),#1910,.F.);
#2044=ADVANCED_FACE('',(#175),#1911,.T.);
#2045=ADVANCED_FACE('',(#176),#1912,.T.);
#2046=ADVANCED_FACE('',(#177),#1913,.T.);
#2047=ADVANCED_FACE('',(#178),#1914,.T.);
#2048=ADVANCED_FACE('',(#179),#1915,.T.);
#2049=ADVANCED_FACE('',(#180),#1916,.F.);
#2050=ADVANCED_FACE('',(#181),#1917,.T.);
#2051=ADVANCED_FACE('',(#182),#1918,.T.);
#2052=ADVANCED_FACE('',(#183),#1919,.T.);
#2053=ADVANCED_FACE('',(#184),#1920,.T.);
#2054=ADVANCED_FACE('',(#185),#1921,.T.);
#2055=ADVANCED_FACE('',(#186),#1922,.F.);
#2056=ADVANCED_FACE('',(#187),#1923,.T.);
#2057=ADVANCED_FACE('',(#188),#1924,.T.);
#2058=ADVANCED_FACE('',(#189),#1925,.T.);
#2059=ADVANCED_FACE('',(#190),#1926,.T.);
#2060=ADVANCED_FACE('',(#191),#1927,.T.);
#2061=ADVANCED_FACE('',(#192),#1928,.F.);
#2062=ADVANCED_FACE('',(#193),#20,.T.);
#2063=ADVANCED_FACE('',(#194),#1929,.T.);
#2064=ADVANCED_FACE('',(#195),#1930,.F.);
#2065=ADVANCED_FACE('',(#196),#21,.T.);
#2066=ADVANCED_FACE('',(#197),#1931,.T.);
#2067=ADVANCED_FACE('',(#198),#1932,.F.);
#2068=ADVANCED_FACE('',(#199),#1933,.T.);
#2069=ADVANCED_FACE('',(#200),#1934,.T.);
#2070=ADVANCED_FACE('',(#201),#1935,.T.);
#2071=ADVANCED_FACE('',(#202),#1936,.T.);
#2072=ADVANCED_FACE('',(#203),#1937,.T.);
#2073=ADVANCED_FACE('',(#204),#1938,.F.);
#2074=CLOSED_SHELL('',(#1939,#1940,#1941,#1942,#1943,#1944));
#2075=CLOSED_SHELL('',(#1945,#1946,#1947,#1948,#1949,#1950));
#2076=CLOSED_SHELL('',(#1951,#1952,#1953,#1954,#1955,#1956));
#2077=CLOSED_SHELL('',(#1957,#1958,#1959,#1960,#1961,#1962));
#2078=CLOSED_SHELL('',(#1963,#1964,#1965,#1966,#1967,#1968));
#2079=CLOSED_SHELL('',(#1969,#1970,#1971));
#2080=CLOSED_SHELL('',(#1972,#1973,#1974,#1975,#1976,#1977));
#2081=CLOSED_SHELL('',(#1978,#1979,#1980,#1981,#1982,#1983));
#2082=CLOSED_SHELL('',(#1984,#1985,#1986,#1987,#1988,#1989));
#2083=CLOSED_SHELL('',(#1990,#1991,#1992,#1993,#1994,#1995));
#2084=CLOSED_SHELL('',(#1996,#1997,#1998,#1999,#2000,#2001));
#2085=CLOSED_SHELL('',(#2002,#2003,#2004,#2005,#2006,#2007));
#2086=CLOSED_SHELL('',(#2008,#2009,#2010,#2011,#2012,#2013));
#2087=CLOSED_SHELL('',(#2014,#2015,#2016,#2017,#2018,#2019));
#2088=CLOSED_SHELL('',(#2020,#2021,#2022,#2023,#2024,#2025));
#2089=CLOSED_SHELL('',(#2026,#2027,#2028,#2029,#2030,#2031));
#2090=CLOSED_SHELL('',(#2032,#2033,#2034,#2035,#2036,#2037));
#2091=CLOSED_SHELL('',(#2038,#2039,#2040,#2041,#2042,#2043));
#2092=CLOSED_SHELL('',(#2044,#2045,#2046,#2047,#2048,#2049));
#2093=CLOSED_SHELL('',(#2050,#2051,#2052,#2053,#2054,#2055));
#2094=CLOSED_SHELL('',(#2056,#2057,#2058,#2059,#2060,#2061));
#2095=CLOSED_SHELL('',(#2062,#2063,#2064));
#2096=CLOSED_SHELL('',(#2065,#2066,#2067));
#2097=CLOSED_SHELL('',(#2068,#2069,#2070,#2071,#2072,#2073));
#2098=DERIVED_UNIT_ELEMENT(#2100,1.);
#2099=DERIVED_UNIT_ELEMENT(#3367,-3.);
#2100=(
MASS_UNIT()
NAMED_UNIT(*)
SI_UNIT(.KILO.,.GRAM.)
);
#2101=DERIVED_UNIT((#2098,#2099));
#2102=MEASURE_REPRESENTATION_ITEM('density measure',
POSITIVE_RATIO_MEASURE(7850.),#2101);
#2103=PROPERTY_DEFINITION_REPRESENTATION(#2108,#2105);
#2104=PROPERTY_DEFINITION_REPRESENTATION(#2109,#2106);
#2105=REPRESENTATION('material name',(#2107),#3364);
#2106=REPRESENTATION('density',(#2102),#3364);
#2107=DESCRIPTIVE_REPRESENTATION_ITEM('Steel','Steel');
#2108=PROPERTY_DEFINITION('material property','material name',#3374);
#2109=PROPERTY_DEFINITION('material property','density of part',#3374);
#2110=AXIS2_PLACEMENT_3D('',#2791,#2252,#2253);
#2111=AXIS2_PLACEMENT_3D('',#2792,#2254,#2255);
#2112=AXIS2_PLACEMENT_3D('',#2801,#2260,#2261);
#2113=AXIS2_PLACEMENT_3D('',#2807,#2265,#2266);
#2114=AXIS2_PLACEMENT_3D('',#2813,#2270,#2271);
#2115=AXIS2_PLACEMENT_3D('',#2816,#2274,#2275);
#2116=AXIS2_PLACEMENT_3D('',#2817,#2276,#2277);
#2117=AXIS2_PLACEMENT_3D('',#2818,#2278,#2279);
#2118=AXIS2_PLACEMENT_3D('',#2827,#2284,#2285);
#2119=AXIS2_PLACEMENT_3D('',#2833,#2289,#2290);
#2120=AXIS2_PLACEMENT_3D('',#2839,#2294,#2295);
#2121=AXIS2_PLACEMENT_3D('',#2842,#2298,#2299);
#2122=AXIS2_PLACEMENT_3D('',#2843,#2300,#2301);
#2123=AXIS2_PLACEMENT_3D('',#2844,#2302,#2303);
#2124=AXIS2_PLACEMENT_3D('',#2853,#2308,#2309);
#2125=AXIS2_PLACEMENT_3D('',#2859,#2313,#2314);
#2126=AXIS2_PLACEMENT_3D('',#2865,#2318,#2319);
#2127=AXIS2_PLACEMENT_3D('',#2868,#2322,#2323);
#2128=AXIS2_PLACEMENT_3D('',#2869,#2324,#2325);
#2129=AXIS2_PLACEMENT_3D('',#2870,#2326,#2327);
#2130=AXIS2_PLACEMENT_3D('',#2879,#2332,#2333);
#2131=AXIS2_PLACEMENT_3D('',#2885,#2337,#2338);
#2132=AXIS2_PLACEMENT_3D('',#2891,#2342,#2343);
#2133=AXIS2_PLACEMENT_3D('',#2894,#2346,#2347);
#2134=AXIS2_PLACEMENT_3D('',#2895,#2348,#2349);
#2135=AXIS2_PLACEMENT_3D('',#2896,#2350,#2351);
#2136=AXIS2_PLACEMENT_3D('',#2905,#2356,#2357);
#2137=AXIS2_PLACEMENT_3D('',#2911,#2361,#2362);
#2138=AXIS2_PLACEMENT_3D('',#2917,#2366,#2367);
#2139=AXIS2_PLACEMENT_3D('',#2920,#2370,#2371);
#2140=AXIS2_PLACEMENT_3D('',#2921,#2372,#2373);
#2141=AXIS2_PLACEMENT_3D('',#2922,#2374,#2375);
#2142=AXIS2_PLACEMENT_3D('',#2924,#2376,#2377);
#2143=AXIS2_PLACEMENT_3D('',#2927,#2379,#2380);
#2144=AXIS2_PLACEMENT_3D('',#2928,#2381,#2382);
#2145=AXIS2_PLACEMENT_3D('',#2929,#2383,#2384);
#2146=AXIS2_PLACEMENT_3D('',#2930,#2385,#2386);
#2147=AXIS2_PLACEMENT_3D('',#2939,#2391,#2392);
#2148=AXIS2_PLACEMENT_3D('',#2945,#2396,#2397);
#2149=AXIS2_PLACEMENT_3D('',#2951,#2401,#2402);
#2150=AXIS2_PLACEMENT_3D('',#2954,#2405,#2406);
#2151=AXIS2_PLACEMENT_3D('',#2955,#2407,#2408);
#2152=AXIS2_PLACEMENT_3D('',#2956,#2409,#2410);
#2153=AXIS2_PLACEMENT_3D('',#2965,#2415,#2416);
#2154=AXIS2_PLACEMENT_3D('',#2971,#2420,#2421);
#2155=AXIS2_PLACEMENT_3D('',#2977,#2425,#2426);
#2156=AXIS2_PLACEMENT_3D('',#2980,#2429,#2430);
#2157=AXIS2_PLACEMENT_3D('',#2981,#2431,#2432);
#2158=AXIS2_PLACEMENT_3D('',#2982,#2433,#2434);
#2159=AXIS2_PLACEMENT_3D('',#2991,#2439,#2440);
#2160=AXIS2_PLACEMENT_3D('',#2997,#2444,#2445);
#2161=AXIS2_PLACEMENT_3D('',#3003,#2449,#2450);
#2162=AXIS2_PLACEMENT_3D('',#3006,#2453,#2454);
#2163=AXIS2_PLACEMENT_3D('',#3007,#2455,#2456);
#2164=AXIS2_PLACEMENT_3D('',#3008,#2457,#2458);
#2165=AXIS2_PLACEMENT_3D('',#3017,#2463,#2464);
#2166=AXIS2_PLACEMENT_3D('',#3023,#2468,#2469);
#2167=AXIS2_PLACEMENT_3D('',#3029,#2473,#2474);
#2168=AXIS2_PLACEMENT_3D('',#3032,#2477,#2478);
#2169=AXIS2_PLACEMENT_3D('',#3033,#2479,#2480);
#2170=AXIS2_PLACEMENT_3D('',#3034,#2481,#2482);
#2171=AXIS2_PLACEMENT_3D('',#3043,#2487,#2488);
#2172=AXIS2_PLACEMENT_3D('',#3049,#2492,#2493);
#2173=AXIS2_PLACEMENT_3D('',#3055,#2497,#2498);
#2174=AXIS2_PLACEMENT_3D('',#3058,#2501,#2502);
#2175=AXIS2_PLACEMENT_3D('',#3059,#2503,#2504);
#2176=AXIS2_PLACEMENT_3D('',#3060,#2505,#2506);
#2177=AXIS2_PLACEMENT_3D('',#3069,#2511,#2512);
#2178=AXIS2_PLACEMENT_3D('',#3075,#2516,#2517);
#2179=AXIS2_PLACEMENT_3D('',#3081,#2521,#2522);
#2180=AXIS2_PLACEMENT_3D('',#3084,#2525,#2526);
#2181=AXIS2_PLACEMENT_3D('',#3085,#2527,#2528);
#2182=AXIS2_PLACEMENT_3D('',#3086,#2529,#2530);
#2183=AXIS2_PLACEMENT_3D('',#3095,#2535,#2536);
#2184=AXIS2_PLACEMENT_3D('',#3101,#2540,#2541);
#2185=AXIS2_PLACEMENT_3D('',#3107,#2545,#2546);
#2186=AXIS2_PLACEMENT_3D('',#3110,#2549,#2550);
#2187=AXIS2_PLACEMENT_3D('',#3111,#2551,#2552);
#2188=AXIS2_PLACEMENT_3D('',#3112,#2553,#2554);
#2189=AXIS2_PLACEMENT_3D('',#3121,#2559,#2560);
#2190=AXIS2_PLACEMENT_3D('',#3127,#2564,#2565);
#2191=AXIS2_PLACEMENT_3D('',#3133,#2569,#2570);
#2192=AXIS2_PLACEMENT_3D('',#3136,#2573,#2574);
#2193=AXIS2_PLACEMENT_3D('',#3137,#2575,#2576);
#2194=AXIS2_PLACEMENT_3D('',#3138,#2577,#2578);
#2195=AXIS2_PLACEMENT_3D('',#3147,#2583,#2584);
#2196=AXIS2_PLACEMENT_3D('',#3153,#2588,#2589);
#2197=AXIS2_PLACEMENT_3D('',#3159,#2593,#2594);
#2198=AXIS2_PLACEMENT_3D('',#3162,#2597,#2598);
#2199=AXIS2_PLACEMENT_3D('',#3163,#2599,#2600);
#2200=AXIS2_PLACEMENT_3D('',#3164,#2601,#2602);
#2201=AXIS2_PLACEMENT_3D('',#3173,#2607,#2608);
#2202=AXIS2_PLACEMENT_3D('',#3179,#2612,#2613);
#2203=AXIS2_PLACEMENT_3D('',#3185,#2617,#2618);
#2204=AXIS2_PLACEMENT_3D('',#3188,#2621,#2622);
#2205=AXIS2_PLACEMENT_3D('',#3189,#2623,#2624);
#2206=AXIS2_PLACEMENT_3D('',#3190,#2625,#2626);
#2207=AXIS2_PLACEMENT_3D('',#3199,#2631,#2632);
#2208=AXIS2_PLACEMENT_3D('',#3205,#2636,#2637);
#2209=AXIS2_PLACEMENT_3D('',#3211,#2641,#2642);
#2210=AXIS2_PLACEMENT_3D('',#3214,#2645,#2646);
#2211=AXIS2_PLACEMENT_3D('',#3215,#2647,#2648);
#2212=AXIS2_PLACEMENT_3D('',#3216,#2649,#2650);
#2213=AXIS2_PLACEMENT_3D('',#3225,#2655,#2656);
#2214=AXIS2_PLACEMENT_3D('',#3231,#2660,#2661);
#2215=AXIS2_PLACEMENT_3D('',#3237,#2665,#2666);
#2216=AXIS2_PLACEMENT_3D('',#3240,#2669,#2670);
#2217=AXIS2_PLACEMENT_3D('',#3241,#2671,#2672);
#2218=AXIS2_PLACEMENT_3D('',#3242,#2673,#2674);
#2219=AXIS2_PLACEMENT_3D('',#3251,#2679,#2680);
#2220=AXIS2_PLACEMENT_3D('',#3257,#2684,#2685);
#2221=AXIS2_PLACEMENT_3D('',#3263,#2689,#2690);
#2222=AXIS2_PLACEMENT_3D('',#3266,#2693,#2694);
#2223=AXIS2_PLACEMENT_3D('',#3267,#2695,#2696);
#2224=AXIS2_PLACEMENT_3D('',#3268,#2697,#2698);
#2225=AXIS2_PLACEMENT_3D('',#3277,#2703,#2704);
#2226=AXIS2_PLACEMENT_3D('',#3283,#2708,#2709);
#2227=AXIS2_PLACEMENT_3D('',#3289,#2713,#2714);
#2228=AXIS2_PLACEMENT_3D('',#3292,#2717,#2718);
#2229=AXIS2_PLACEMENT_3D('',#3293,#2719,#2720);
#2230=AXIS2_PLACEMENT_3D('',#3294,#2721,#2722);
#2231=AXIS2_PLACEMENT_3D('',#3303,#2727,#2728);
#2232=AXIS2_PLACEMENT_3D('',#3309,#2732,#2733);
#2233=AXIS2_PLACEMENT_3D('',#3315,#2737,#2738);
#2234=AXIS2_PLACEMENT_3D('',#3318,#2741,#2742);
#2235=AXIS2_PLACEMENT_3D('',#3319,#2743,#2744);
#2236=AXIS2_PLACEMENT_3D('',#3320,#2745,#2746);
#2237=AXIS2_PLACEMENT_3D('',#3322,#2747,#2748);
#2238=AXIS2_PLACEMENT_3D('',#3325,#2750,#2751);
#2239=AXIS2_PLACEMENT_3D('',#3326,#2752,#2753);
#2240=AXIS2_PLACEMENT_3D('',#3327,#2754,#2755);
#2241=AXIS2_PLACEMENT_3D('',#3328,#2756,#2757);
#2242=AXIS2_PLACEMENT_3D('',#3330,#2758,#2759);
#2243=AXIS2_PLACEMENT_3D('',#3333,#2761,#2762);
#2244=AXIS2_PLACEMENT_3D('',#3334,#2763,#2764);
#2245=AXIS2_PLACEMENT_3D('',#3335,#2765,#2766);
#2246=AXIS2_PLACEMENT_3D('',#3336,#2767,#2768);
#2247=AXIS2_PLACEMENT_3D('',#3345,#2773,#2774);
#2248=AXIS2_PLACEMENT_3D('',#3351,#2778,#2779);
#2249=AXIS2_PLACEMENT_3D('',#3357,#2783,#2784);
#2250=AXIS2_PLACEMENT_3D('',#3360,#2787,#2788);
#2251=AXIS2_PLACEMENT_3D('',#3361,#2789,#2790);
#2252=DIRECTION('axis',(0.,0.,1.));
#2253=DIRECTION('refdir',(1.,0.,0.));
#2254=DIRECTION('center_axis',(0.,1.,0.));
#2255=DIRECTION('ref_axis',(-1.,0.,0.));
#2256=DIRECTION('',(-1.,0.,0.));
#2257=DIRECTION('',(0.,0.,1.));
#2258=DIRECTION('',(-1.,0.,0.));
#2259=DIRECTION('',(0.,0.,1.));
#2260=DIRECTION('center_axis',(1.,0.,0.));
#2261=DIRECTION('ref_axis',(0.,1.,0.));
#2262=DIRECTION('',(0.,1.,0.));
#2263=DIRECTION('',(0.,1.,0.));
#2264=DIRECTION('',(0.,0.,1.));
#2265=DIRECTION('center_axis',(0.,-1.,0.));
#2266=DIRECTION('ref_axis',(1.,0.,0.));
#2267=DIRECTION('',(1.,0.,0.));
#2268=DIRECTION('',(1.,0.,0.));
#2269=DIRECTION('',(0.,0.,1.));
#2270=DIRECTION('center_axis',(-1.,0.,0.));
#2271=DIRECTION('ref_axis',(0.,-1.,0.));
#2272=DIRECTION('',(0.,-1.,0.));
#2273=DIRECTION('',(0.,-1.,0.));
#2274=DIRECTION('center_axis',(0.,0.,1.));
#2275=DIRECTION('ref_axis',(1.,0.,0.));
#2276=DIRECTION('center_axis',(0.,0.,1.));
#2277=DIRECTION('ref_axis',(1.,0.,0.));
#2278=DIRECTION('center_axis',(0.,1.,0.));
#2279=DIRECTION('ref_axis',(-1.,0.,0.));
#2280=DIRECTION('',(-1.,0.,0.));
#2281=DIRECTION('',(0.,0.,1.));
#2282=DIRECTION('',(-1.,0.,0.));
#2283=DIRECTION('',(0.,0.,1.));
#2284=DIRECTION('center_axis',(1.,0.,0.));
#2285=DIRECTION('ref_axis',(0.,1.,0.));
#2286=DIRECTION('',(0.,1.,0.));
#2287=DIRECTION('',(0.,1.,0.));
#2288=DIRECTION('',(0.,0.,1.));
#2289=DIRECTION('center_axis',(0.,-1.,0.));
#2290=DIRECTION('ref_axis',(1.,0.,0.));
#2291=DIRECTION('',(1.,0.,0.));
#2292=DIRECTION('',(1.,0.,0.));
#2293=DIRECTION('',(0.,0.,1.));
#2294=DIRECTION('center_axis',(-1.,0.,0.));
#2295=DIRECTION('ref_axis',(0.,-1.,0.));
#2296=DIRECTION('',(0.,-1.,0.));
#2297=DIRECTION('',(0.,-1.,0.));
#2298=DIRECTION('center_axis',(0.,0.,1.));
#2299=DIRECTION('ref_axis',(1.,0.,0.));
#2300=DIRECTION('center_axis',(0.,0.,1.));
#2301=DIRECTION('ref_axis',(1.,0.,0.));
#2302=DIRECTION('center_axis',(0.,1.,0.));
#2303=DIRECTION('ref_axis',(-1.,0.,0.));
#2304=DIRECTION('',(-1.,0.,0.));
#2305=DIRECTION('',(0.,0.,1.));
#2306=DIRECTION('',(-1.,0.,0.));
#2307=DIRECTION('',(0.,0.,1.));
#2308=DIRECTION('center_axis',(1.,0.,0.));
#2309=DIRECTION('ref_axis',(0.,1.,0.));
#2310=DIRECTION('',(0.,1.,0.));
#2311=DIRECTION('',(0.,1.,0.));
#2312=DIRECTION('',(0.,0.,1.));
#2313=DIRECTION('center_axis',(0.,-1.,0.));
#2314=DIRECTION('ref_axis',(1.,0.,0.));
#2315=DIRECTION('',(1.,0.,0.));
#2316=DIRECTION('',(1.,0.,0.));
#2317=DIRECTION('',(0.,0.,1.));
#2318=DIRECTION('center_axis',(-1.,0.,0.));
#2319=DIRECTION('ref_axis',(0.,-1.,0.));
#2320=DIRECTION('',(0.,-1.,0.));
#2321=DIRECTION('',(0.,-1.,0.));
#2322=DIRECTION('center_axis',(0.,0.,1.));
#2323=DIRECTION('ref_axis',(1.,0.,0.));
#2324=DIRECTION('center_axis',(0.,0.,1.));
#2325=DIRECTION('ref_axis',(1.,0.,0.));
#2326=DIRECTION('center_axis',(0.,1.,0.));
#2327=DIRECTION('ref_axis',(-1.,0.,0.));
#2328=DIRECTION('',(-1.,0.,0.));
#2329=DIRECTION('',(0.,0.,1.));
#2330=DIRECTION('',(-1.,0.,0.));
#2331=DIRECTION('',(0.,0.,1.));
#2332=DIRECTION('center_axis',(1.,0.,0.));
#2333=DIRECTION('ref_axis',(0.,1.,0.));
#2334=DIRECTION('',(0.,1.,0.));
#2335=DIRECTION('',(0.,1.,0.));
#2336=DIRECTION('',(0.,0.,1.));
#2337=DIRECTION('center_axis',(0.,-1.,0.));
#2338=DIRECTION('ref_axis',(1.,0.,0.));
#2339=DIRECTION('',(1.,0.,0.));
#2340=DIRECTION('',(1.,0.,0.));
#2341=DIRECTION('',(0.,0.,1.));
#2342=DIRECTION('center_axis',(-1.,0.,0.));
#2343=DIRECTION('ref_axis',(0.,-1.,0.));
#2344=DIRECTION('',(0.,-1.,0.));
#2345=DIRECTION('',(0.,-1.,0.));
#2346=DIRECTION('center_axis',(0.,0.,1.));
#2347=DIRECTION('ref_axis',(1.,0.,0.));
#2348=DIRECTION('center_axis',(0.,0.,1.));
#2349=DIRECTION('ref_axis',(1.,0.,0.));
#2350=DIRECTION('center_axis',(0.,1.,0.));
#2351=DIRECTION('ref_axis',(-1.,0.,0.));
#2352=DIRECTION('',(-1.,0.,0.));
#2353=DIRECTION('',(0.,0.,1.));
#2354=DIRECTION('',(-1.,0.,0.));
#2355=DIRECTION('',(0.,0.,1.));
#2356=DIRECTION('center_axis',(1.,0.,0.));
#2357=DIRECTION('ref_axis',(0.,1.,0.));
#2358=DIRECTION('',(0.,1.,0.));
#2359=DIRECTION('',(0.,1.,0.));
#2360=DIRECTION('',(0.,0.,1.));
#2361=DIRECTION('center_axis',(0.,-1.,0.));
#2362=DIRECTION('ref_axis',(1.,0.,0.));
#2363=DIRECTION('',(1.,0.,0.));
#2364=DIRECTION('',(1.,0.,0.));
#2365=DIRECTION('',(0.,0.,1.));
#2366=DIRECTION('center_axis',(-1.,0.,0.));
#2367=DIRECTION('ref_axis',(0.,-1.,0.));
#2368=DIRECTION('',(0.,-1.,0.));
#2369=DIRECTION('',(0.,-1.,0.));
#2370=DIRECTION('center_axis',(0.,0.,1.));
#2371=DIRECTION('ref_axis',(1.,0.,0.));
#2372=DIRECTION('center_axis',(0.,0.,1.));
#2373=DIRECTION('ref_axis',(1.,0.,0.));
#2374=DIRECTION('center_axis',(0.,0.,1.));
#2375=DIRECTION('ref_axis',(1.,0.,0.));
#2376=DIRECTION('center_axis',(0.,0.,1.));
#2377=DIRECTION('ref_axis',(1.,0.,0.));
#2378=DIRECTION('',(0.,0.,-1.));
#2379=DIRECTION('center_axis',(0.,0.,1.));
#2380=DIRECTION('ref_axis',(1.,0.,0.));
#2381=DIRECTION('center_axis',(0.,0.,1.));
#2382=DIRECTION('ref_axis',(1.,0.,0.));
#2383=DIRECTION('center_axis',(0.,0.,1.));
#2384=DIRECTION('ref_axis',(1.,0.,0.));
#2385=DIRECTION('center_axis',(0.,1.,0.));
#2386=DIRECTION('ref_axis',(-1.,0.,0.));
#2387=DIRECTION('',(-1.,0.,0.));
#2388=DIRECTION('',(0.,0.,1.));
#2389=DIRECTION('',(-1.,0.,0.));
#2390=DIRECTION('',(0.,0.,1.));
#2391=DIRECTION('center_axis',(1.,0.,0.));
#2392=DIRECTION('ref_axis',(0.,1.,0.));
#2393=DIRECTION('',(0.,1.,0.));
#2394=DIRECTION('',(0.,1.,0.));
#2395=DIRECTION('',(0.,0.,1.));
#2396=DIRECTION('center_axis',(0.,-1.,0.));
#2397=DIRECTION('ref_axis',(1.,0.,0.));
#2398=DIRECTION('',(1.,0.,0.));
#2399=DIRECTION('',(1.,0.,0.));
#2400=DIRECTION('',(0.,0.,1.));
#2401=DIRECTION('center_axis',(-1.,0.,0.));
#2402=DIRECTION('ref_axis',(0.,-1.,0.));
#2403=DIRECTION('',(0.,-1.,0.));
#2404=DIRECTION('',(0.,-1.,0.));
#2405=DIRECTION('center_axis',(0.,0.,1.));
#2406=DIRECTION('ref_axis',(1.,0.,0.));
#2407=DIRECTION('center_axis',(0.,0.,1.));
#2408=DIRECTION('ref_axis',(1.,0.,0.));
#2409=DIRECTION('center_axis',(0.,1.,0.));
#2410=DIRECTION('ref_axis',(-1.,0.,0.));
#2411=DIRECTION('',(-1.,0.,0.));
#2412=DIRECTION('',(0.,0.,1.));
#2413=DIRECTION('',(-1.,0.,0.));
#2414=DIRECTION('',(0.,0.,1.));
#2415=DIRECTION('center_axis',(1.,0.,0.));
#2416=DIRECTION('ref_axis',(0.,1.,0.));
#2417=DIRECTION('',(0.,1.,0.));
#2418=DIRECTION('',(0.,1.,0.));
#2419=DIRECTION('',(0.,0.,1.));
#2420=DIRECTION('center_axis',(0.,-1.,0.));
#2421=DIRECTION('ref_axis',(1.,0.,0.));
#2422=DIRECTION('',(1.,0.,0.));
#2423=DIRECTION('',(1.,0.,0.));
#2424=DIRECTION('',(0.,0.,1.));
#2425=DIRECTION('center_axis',(-1.,0.,0.));
#2426=DIRECTION('ref_axis',(0.,-1.,0.));
#2427=DIRECTION('',(0.,-1.,0.));
#2428=DIRECTION('',(0.,-1.,0.));
#2429=DIRECTION('center_axis',(0.,0.,1.));
#2430=DIRECTION('ref_axis',(1.,0.,0.));
#2431=DIRECTION('center_axis',(0.,0.,1.));
#2432=DIRECTION('ref_axis',(1.,0.,0.));
#2433=DIRECTION('center_axis',(0.,1.,0.));
#2434=DIRECTION('ref_axis',(-1.,0.,0.));
#2435=DIRECTION('',(-1.,0.,0.));
#2436=DIRECTION('',(0.,0.,1.));
#2437=DIRECTION('',(-1.,0.,0.));
#2438=DIRECTION('',(0.,0.,1.));
#2439=DIRECTION('center_axis',(1.,0.,0.));
#2440=DIRECTION('ref_axis',(0.,1.,0.));
#2441=DIRECTION('',(0.,1.,0.));
#2442=DIRECTION('',(0.,1.,0.));
#2443=DIRECTION('',(0.,0.,1.));
#2444=DIRECTION('center_axis',(0.,-1.,0.));
#2445=DIRECTION('ref_axis',(1.,0.,0.));
#2446=DIRECTION('',(1.,0.,0.));
#2447=DIRECTION('',(1.,0.,0.));
#2448=DIRECTION('',(0.,0.,1.));
#2449=DIRECTION('center_axis',(-1.,0.,0.));
#2450=DIRECTION('ref_axis',(0.,-1.,0.));
#2451=DIRECTION('',(0.,-1.,0.));
#2452=DIRECTION('',(0.,-1.,0.));
#2453=DIRECTION('center_axis',(0.,0.,1.));
#2454=DIRECTION('ref_axis',(1.,0.,0.));
#2455=DIRECTION('center_axis',(0.,0.,1.));
#2456=DIRECTION('ref_axis',(1.,0.,0.));
#2457=DIRECTION('center_axis',(0.,1.,0.));
#2458=DIRECTION('ref_axis',(-1.,0.,0.));
#2459=DIRECTION('',(-1.,0.,0.));
#2460=DIRECTION('',(0.,0.,1.));
#2461=DIRECTION('',(-1.,0.,0.));
#2462=DIRECTION('',(0.,0.,1.));
#2463=DIRECTION('center_axis',(1.,0.,0.));
#2464=DIRECTION('ref_axis',(0.,1.,0.));
#2465=DIRECTION('',(0.,1.,0.));
#2466=DIRECTION('',(0.,1.,0.));
#2467=DIRECTION('',(0.,0.,1.));
#2468=DIRECTION('center_axis',(0.,-1.,0.));
#2469=DIRECTION('ref_axis',(1.,0.,0.));
#2470=DIRECTION('',(1.,0.,0.));
#2471=DIRECTION('',(1.,0.,0.));
#2472=DIRECTION('',(0.,0.,1.));
#2473=DIRECTION('center_axis',(-1.,0.,0.));
#2474=DIRECTION('ref_axis',(0.,-1.,0.));
#2475=DIRECTION('',(0.,-1.,0.));
#2476=DIRECTION('',(0.,-1.,0.));
#2477=DIRECTION('center_axis',(0.,0.,1.));
#2478=DIRECTION('ref_axis',(1.,0.,0.));
#2479=DIRECTION('center_axis',(0.,0.,1.));
#2480=DIRECTION('ref_axis',(1.,0.,0.));
#2481=DIRECTION('center_axis',(0.,1.,0.));
#2482=DIRECTION('ref_axis',(-1.,0.,0.));
#2483=DIRECTION('',(-1.,0.,0.));
#2484=DIRECTION('',(0.,0.,1.));
#2485=DIRECTION('',(-1.,0.,0.));
#2486=DIRECTION('',(0.,0.,1.));
#2487=DIRECTION('center_axis',(1.,0.,0.));
#2488=DIRECTION('ref_axis',(0.,1.,0.));
#2489=DIRECTION('',(0.,1.,0.));
#2490=DIRECTION('',(0.,1.,0.));
#2491=DIRECTION('',(0.,0.,1.));
#2492=DIRECTION('center_axis',(0.,-1.,0.));
#2493=DIRECTION('ref_axis',(1.,0.,0.));
#2494=DIRECTION('',(1.,0.,0.));
#2495=DIRECTION('',(1.,0.,0.));
#2496=DIRECTION('',(0.,0.,1.));
#2497=DIRECTION('center_axis',(-1.,0.,0.));
#2498=DIRECTION('ref_axis',(0.,-1.,0.));
#2499=DIRECTION('',(0.,-1.,0.));
#2500=DIRECTION('',(0.,-1.,0.));
#2501=DIRECTION('center_axis',(0.,0.,1.));
#2502=DIRECTION('ref_axis',(1.,0.,0.));
#2503=DIRECTION('center_axis',(0.,0.,1.));
#2504=DIRECTION('ref_axis',(1.,0.,0.));
#2505=DIRECTION('center_axis',(0.,1.,0.));
#2506=DIRECTION('ref_axis',(-1.,0.,0.));
#2507=DIRECTION('',(-1.,0.,0.));
#2508=DIRECTION('',(0.,0.,1.));
#2509=DIRECTION('',(-1.,0.,0.));
#2510=DIRECTION('',(0.,0.,1.));
#2511=DIRECTION('center_axis',(1.,0.,0.));
#2512=DIRECTION('ref_axis',(0.,1.,0.));
#2513=DIRECTION('',(0.,1.,0.));
#2514=DIRECTION('',(0.,1.,0.));
#2515=DIRECTION('',(0.,0.,1.));
#2516=DIRECTION('center_axis',(0.,-1.,0.));
#2517=DIRECTION('ref_axis',(1.,0.,0.));
#2518=DIRECTION('',(1.,0.,0.));
#2519=DIRECTION('',(1.,0.,0.));
#2520=DIRECTION('',(0.,0.,1.));
#2521=DIRECTION('center_axis',(-1.,0.,0.));
#2522=DIRECTION('ref_axis',(0.,-1.,0.));
#2523=DIRECTION('',(0.,-1.,0.));
#2524=DIRECTION('',(0.,-1.,0.));
#2525=DIRECTION('center_axis',(0.,0.,1.));
#2526=DIRECTION('ref_axis',(1.,0.,0.));
#2527=DIRECTION('center_axis',(0.,0.,1.));
#2528=DIRECTION('ref_axis',(1.,0.,0.));
#2529=DIRECTION('center_axis',(0.,1.,0.));
#2530=DIRECTION('ref_axis',(-1.,0.,0.));
#2531=DIRECTION('',(-1.,0.,0.));
#2532=DIRECTION('',(0.,0.,1.));
#2533=DIRECTION('',(-1.,0.,0.));
#2534=DIRECTION('',(0.,0.,1.));
#2535=DIRECTION('center_axis',(1.,0.,0.));
#2536=DIRECTION('ref_axis',(0.,1.,0.));
#2537=DIRECTION('',(0.,1.,0.));
#2538=DIRECTION('',(0.,1.,0.));
#2539=DIRECTION('',(0.,0.,1.));
#2540=DIRECTION('center_axis',(0.,-1.,0.));
#2541=DIRECTION('ref_axis',(1.,0.,0.));
#2542=DIRECTION('',(1.,0.,0.));
#2543=DIRECTION('',(1.,0.,0.));
#2544=DIRECTION('',(0.,0.,1.));
#2545=DIRECTION('center_axis',(-1.,0.,0.));
#2546=DIRECTION('ref_axis',(0.,-1.,0.));
#2547=DIRECTION('',(0.,-1.,0.));
#2548=DIRECTION('',(0.,-1.,0.));
#2549=DIRECTION('center_axis',(0.,0.,1.));
#2550=DIRECTION('ref_axis',(1.,0.,0.));
#2551=DIRECTION('center_axis',(0.,0.,1.));
#2552=DIRECTION('ref_axis',(1.,0.,0.));
#2553=DIRECTION('center_axis',(0.,1.,0.));
#2554=DIRECTION('ref_axis',(-1.,0.,0.));
#2555=DIRECTION('',(-1.,0.,0.));
#2556=DIRECTION('',(0.,0.,1.));
#2557=DIRECTION('',(-1.,0.,0.));
#2558=DIRECTION('',(0.,0.,1.));
#2559=DIRECTION('center_axis',(1.,0.,0.));
#2560=DIRECTION('ref_axis',(0.,1.,0.));
#2561=DIRECTION('',(0.,1.,0.));
#2562=DIRECTION('',(0.,1.,0.));
#2563=DIRECTION('',(0.,0.,1.));
#2564=DIRECTION('center_axis',(0.,-1.,0.));
#2565=DIRECTION('ref_axis',(1.,0.,0.));
#2566=DIRECTION('',(1.,0.,0.));
#2567=DIRECTION('',(1.,0.,0.));
#2568=DIRECTION('',(0.,0.,1.));
#2569=DIRECTION('center_axis',(-1.,0.,0.));
#2570=DIRECTION('ref_axis',(0.,-1.,0.));
#2571=DIRECTION('',(0.,-1.,0.));
#2572=DIRECTION('',(0.,-1.,0.));
#2573=DIRECTION('center_axis',(0.,0.,1.));
#2574=DIRECTION('ref_axis',(1.,0.,0.));
#2575=DIRECTION('center_axis',(0.,0.,1.));
#2576=DIRECTION('ref_axis',(1.,0.,0.));
#2577=DIRECTION('center_axis',(0.,1.,0.));
#2578=DIRECTION('ref_axis',(-1.,0.,0.));
#2579=DIRECTION('',(-1.,0.,0.));
#2580=DIRECTION('',(0.,0.,1.));
#2581=DIRECTION('',(-1.,0.,0.));
#2582=DIRECTION('',(0.,0.,1.));
#2583=DIRECTION('center_axis',(1.,0.,0.));
#2584=DIRECTION('ref_axis',(0.,1.,0.));
#2585=DIRECTION('',(0.,1.,0.));
#2586=DIRECTION('',(0.,1.,0.));
#2587=DIRECTION('',(0.,0.,1.));
#2588=DIRECTION('center_axis',(0.,-1.,0.));
#2589=DIRECTION('ref_axis',(1.,0.,0.));
#2590=DIRECTION('',(1.,0.,0.));
#2591=DIRECTION('',(1.,0.,0.));
#2592=DIRECTION('',(0.,0.,1.));
#2593=DIRECTION('center_axis',(-1.,0.,0.));
#2594=DIRECTION('ref_axis',(0.,-1.,0.));
#2595=DIRECTION('',(0.,-1.,0.));
#2596=DIRECTION('',(0.,-1.,0.));
#2597=DIRECTION('center_axis',(0.,0.,1.));
#2598=DIRECTION('ref_axis',(1.,0.,0.));
#2599=DIRECTION('center_axis',(0.,0.,1.));
#2600=DIRECTION('ref_axis',(1.,0.,0.));
#2601=DIRECTION('center_axis',(0.,1.,0.));
#2602=DIRECTION('ref_axis',(-1.,0.,0.));
#2603=DIRECTION('',(-1.,0.,0.));
#2604=DIRECTION('',(0.,0.,1.));
#2605=DIRECTION('',(-1.,0.,0.));
#2606=DIRECTION('',(0.,0.,1.));
#2607=DIRECTION('center_axis',(1.,0.,0.));
#2608=DIRECTION('ref_axis',(0.,1.,0.));
#2609=DIRECTION('',(0.,1.,0.));
#2610=DIRECTION('',(0.,1.,0.));
#2611=DIRECTION('',(0.,0.,1.));
#2612=DIRECTION('center_axis',(0.,-1.,0.));
#2613=DIRECTION('ref_axis',(1.,0.,0.));
#2614=DIRECTION('',(1.,0.,0.));
#2615=DIRECTION('',(1.,0.,0.));
#2616=DIRECTION('',(0.,0.,1.));
#2617=DIRECTION('center_axis',(-1.,0.,0.));
#2618=DIRECTION('ref_axis',(0.,-1.,0.));
#2619=DIRECTION('',(0.,-1.,0.));
#2620=DIRECTION('',(0.,-1.,0.));
#2621=DIRECTION('center_axis',(0.,0.,1.));
#2622=DIRECTION('ref_axis',(1.,0.,0.));
#2623=DIRECTION('center_axis',(0.,0.,1.));
#2624=DIRECTION('ref_axis',(1.,0.,0.));
#2625=DIRECTION('center_axis',(0.,1.,0.));
#2626=DIRECTION('ref_axis',(-1.,0.,0.));
#2627=DIRECTION('',(-1.,0.,0.));
#2628=DIRECTION('',(0.,0.,1.));
#2629=DIRECTION('',(-1.,0.,0.));
#2630=DIRECTION('',(0.,0.,1.));
#2631=DIRECTION('center_axis',(1.,0.,0.));
#2632=DIRECTION('ref_axis',(0.,1.,0.));
#2633=DIRECTION('',(0.,1.,0.));
#2634=DIRECTION('',(0.,1.,0.));
#2635=DIRECTION('',(0.,0.,1.));
#2636=DIRECTION('center_axis',(0.,-1.,0.));
#2637=DIRECTION('ref_axis',(1.,0.,0.));
#2638=DIRECTION('',(1.,0.,0.));
#2639=DIRECTION('',(1.,0.,0.));
#2640=DIRECTION('',(0.,0.,1.));
#2641=DIRECTION('center_axis',(-1.,0.,0.));
#2642=DIRECTION('ref_axis',(0.,-1.,0.));
#2643=DIRECTION('',(0.,-1.,0.));
#2644=DIRECTION('',(0.,-1.,0.));
#2645=DIRECTION('center_axis',(0.,0.,1.));
#2646=DIRECTION('ref_axis',(1.,0.,0.));
#2647=DIRECTION('center_axis',(0.,0.,1.));
#2648=DIRECTION('ref_axis',(1.,0.,0.));
#2649=DIRECTION('center_axis',(0.,1.,0.));
#2650=DIRECTION('ref_axis',(-1.,0.,0.));
#2651=DIRECTION('',(-1.,0.,0.));
#2652=DIRECTION('',(0.,0.,1.));
#2653=DIRECTION('',(-1.,0.,0.));
#2654=DIRECTION('',(0.,0.,1.));
#2655=DIRECTION('center_axis',(1.,0.,0.));
#2656=DIRECTION('ref_axis',(0.,1.,0.));
#2657=DIRECTION('',(0.,1.,0.));
#2658=DIRECTION('',(0.,1.,0.));
#2659=DIRECTION('',(0.,0.,1.));
#2660=DIRECTION('center_axis',(0.,-1.,0.));
#2661=DIRECTION('ref_axis',(1.,0.,0.));
#2662=DIRECTION('',(1.,0.,0.));
#2663=DIRECTION('',(1.,0.,0.));
#2664=DIRECTION('',(0.,0.,1.));
#2665=DIRECTION('center_axis',(-1.,0.,0.));
#2666=DIRECTION('ref_axis',(0.,-1.,0.));
#2667=DIRECTION('',(0.,-1.,0.));
#2668=DIRECTION('',(0.,-1.,0.));
#2669=DIRECTION('center_axis',(0.,0.,1.));
#2670=DIRECTION('ref_axis',(1.,0.,0.));
#2671=DIRECTION('center_axis',(0.,0.,1.));
#2672=DIRECTION('ref_axis',(1.,0.,0.));
#2673=DIRECTION('center_axis',(0.,1.,0.));
#2674=DIRECTION('ref_axis',(-1.,0.,0.));
#2675=DIRECTION('',(-1.,0.,0.));
#2676=DIRECTION('',(0.,0.,1.));
#2677=DIRECTION('',(-1.,0.,0.));
#2678=DIRECTION('',(0.,0.,1.));
#2679=DIRECTION('center_axis',(1.,0.,0.));
#2680=DIRECTION('ref_axis',(0.,1.,0.));
#2681=DIRECTION('',(0.,1.,0.));
#2682=DIRECTION('',(0.,1.,0.));
#2683=DIRECTION('',(0.,0.,1.));
#2684=DIRECTION('center_axis',(0.,-1.,0.));
#2685=DIRECTION('ref_axis',(1.,0.,0.));
#2686=DIRECTION('',(1.,0.,0.));
#2687=DIRECTION('',(1.,0.,0.));
#2688=DIRECTION('',(0.,0.,1.));
#2689=DIRECTION('center_axis',(-1.,0.,0.));
#2690=DIRECTION('ref_axis',(0.,-1.,0.));
#2691=DIRECTION('',(0.,-1.,0.));
#2692=DIRECTION('',(0.,-1.,0.));
#2693=DIRECTION('center_axis',(0.,0.,1.));
#2694=DIRECTION('ref_axis',(1.,0.,0.));
#2695=DIRECTION('center_axis',(0.,0.,1.));
#2696=DIRECTION('ref_axis',(1.,0.,0.));
#2697=DIRECTION('center_axis',(0.,1.,0.));
#2698=DIRECTION('ref_axis',(-1.,0.,0.));
#2699=DIRECTION('',(-1.,0.,0.));
#2700=DIRECTION('',(0.,0.,1.));
#2701=DIRECTION('',(-1.,0.,0.));
#2702=DIRECTION('',(0.,0.,1.));
#2703=DIRECTION('center_axis',(1.,0.,0.));
#2704=DIRECTION('ref_axis',(0.,1.,0.));
#2705=DIRECTION('',(0.,1.,0.));
#2706=DIRECTION('',(0.,1.,0.));
#2707=DIRECTION('',(0.,0.,1.));
#2708=DIRECTION('center_axis',(0.,-1.,0.));
#2709=DIRECTION('ref_axis',(1.,0.,0.));
#2710=DIRECTION('',(1.,0.,0.));
#2711=DIRECTION('',(1.,0.,0.));
#2712=DIRECTION('',(0.,0.,1.));
#2713=DIRECTION('center_axis',(-1.,0.,0.));
#2714=DIRECTION('ref_axis',(0.,-1.,0.));
#2715=DIRECTION('',(0.,-1.,0.));
#2716=DIRECTION('',(0.,-1.,0.));
#2717=DIRECTION('center_axis',(0.,0.,1.));
#2718=DIRECTION('ref_axis',(1.,0.,0.));
#2719=DIRECTION('center_axis',(0.,0.,1.));
#2720=DIRECTION('ref_axis',(1.,0.,0.));
#2721=DIRECTION('center_axis',(0.,1.,0.));
#2722=DIRECTION('ref_axis',(-1.,0.,0.));
#2723=DIRECTION('',(-1.,0.,0.));
#2724=DIRECTION('',(0.,0.,1.));
#2725=DIRECTION('',(-1.,0.,0.));
#2726=DIRECTION('',(0.,0.,1.));
#2727=DIRECTION('center_axis',(1.,0.,0.));
#2728=DIRECTION('ref_axis',(0.,1.,0.));
#2729=DIRECTION('',(0.,1.,0.));
#2730=DIRECTION('',(0.,1.,0.));
#2731=DIRECTION('',(0.,0.,1.));
#2732=DIRECTION('center_axis',(0.,-1.,0.));
#2733=DIRECTION('ref_axis',(1.,0.,0.));
#2734=DIRECTION('',(1.,0.,0.));
#2735=DIRECTION('',(1.,0.,0.));
#2736=DIRECTION('',(0.,0.,1.));
#2737=DIRECTION('center_axis',(-1.,0.,0.));
#2738=DIRECTION('ref_axis',(0.,-1.,0.));
#2739=DIRECTION('',(0.,-1.,0.));
#2740=DIRECTION('',(0.,-1.,0.));
#2741=DIRECTION('center_axis',(0.,0.,1.));
#2742=DIRECTION('ref_axis',(1.,0.,0.));
#2743=DIRECTION('center_axis',(0.,0.,1.));
#2744=DIRECTION('ref_axis',(1.,0.,0.));
#2745=DIRECTION('center_axis',(0.,1.,0.));
#2746=DIRECTION('ref_axis',(1.,0.,0.));
#2747=DIRECTION('center_axis',(0.,1.,0.));
#2748=DIRECTION('ref_axis',(1.,0.,0.));
#2749=DIRECTION('',(0.,-1.,0.));
#2750=DIRECTION('center_axis',(0.,1.,0.));
#2751=DIRECTION('ref_axis',(1.,0.,0.));
#2752=DIRECTION('center_axis',(0.,1.,0.));
#2753=DIRECTION('ref_axis',(1.,0.,0.));
#2754=DIRECTION('center_axis',(0.,1.,0.));
#2755=DIRECTION('ref_axis',(1.,0.,0.));
#2756=DIRECTION('center_axis',(0.,1.,0.));
#2757=DIRECTION('ref_axis',(1.,0.,0.));
#2758=DIRECTION('center_axis',(0.,1.,0.));
#2759=DIRECTION('ref_axis',(1.,0.,0.));
#2760=DIRECTION('',(0.,-1.,0.));
#2761=DIRECTION('center_axis',(0.,1.,0.));
#2762=DIRECTION('ref_axis',(1.,0.,0.));
#2763=DIRECTION('center_axis',(0.,1.,0.));
#2764=DIRECTION('ref_axis',(1.,0.,0.));
#2765=DIRECTION('center_axis',(0.,1.,0.));
#2766=DIRECTION('ref_axis',(1.,0.,0.));
#2767=DIRECTION('center_axis',(0.,0.,-1.));
#2768=DIRECTION('ref_axis',(-1.,0.,0.));
#2769=DIRECTION('',(-1.,0.,0.));
#2770=DIRECTION('',(0.,1.,0.));
#2771=DIRECTION('',(-1.,0.,0.));
#2772=DIRECTION('',(0.,1.,0.));
#2773=DIRECTION('center_axis',(1.,0.,0.));
#2774=DIRECTION('ref_axis',(0.,0.,-1.));
#2775=DIRECTION('',(0.,0.,-1.));
#2776=DIRECTION('',(0.,0.,-1.));
#2777=DIRECTION('',(0.,1.,0.));
#2778=DIRECTION('center_axis',(0.,0.,1.));
#2779=DIRECTION('ref_axis',(1.,0.,0.));
#2780=DIRECTION('',(1.,0.,0.));
#2781=DIRECTION('',(1.,0.,0.));
#2782=DIRECTION('',(0.,1.,0.));
#2783=DIRECTION('center_axis',(-1.,0.,0.));
#2784=DIRECTION('ref_axis',(0.,0.,1.));
#2785=DIRECTION('',(0.,0.,1.));
#2786=DIRECTION('',(0.,0.,1.));
#2787=DIRECTION('center_axis',(0.,1.,0.));
#2788=DIRECTION('ref_axis',(0.,0.,1.));
#2789=DIRECTION('center_axis',(0.,1.,0.));
#2790=DIRECTION('ref_axis',(1.,0.,0.));
#2791=CARTESIAN_POINT('',(0.,0.,0.));
#2792=CARTESIAN_POINT('Origin',(400.5,255.,10.));
#2793=CARTESIAN_POINT('',(400.5,255.,10.));
#2794=CARTESIAN_POINT('',(20.,255.,10.));
#2795=CARTESIAN_POINT('',(400.5,255.,10.));
#2796=CARTESIAN_POINT('',(20.,255.,650.));
#2797=CARTESIAN_POINT('',(20.,255.,10.));
#2798=CARTESIAN_POINT('',(400.5,255.,650.));
#2799=CARTESIAN_POINT('',(400.5,255.,650.));
#2800=CARTESIAN_POINT('',(400.5,255.,10.));
#2801=CARTESIAN_POINT('Origin',(400.5,251.,10.));
#2802=CARTESIAN_POINT('',(400.5,251.,10.));
#2803=CARTESIAN_POINT('',(400.5,251.,10.));
#2804=CARTESIAN_POINT('',(400.5,251.,650.));
#2805=CARTESIAN_POINT('',(400.5,251.,650.));
#2806=CARTESIAN_POINT('',(400.5,251.,10.));
#2807=CARTESIAN_POINT('Origin',(20.,251.,10.));
#2808=CARTESIAN_POINT('',(20.,251.,10.));
#2809=CARTESIAN_POINT('',(20.,251.,10.));
#2810=CARTESIAN_POINT('',(20.,251.,650.));
#2811=CARTESIAN_POINT('',(20.,251.,650.));
#2812=CARTESIAN_POINT('',(20.,251.,10.));
#2813=CARTESIAN_POINT('Origin',(20.,255.,10.));
#2814=CARTESIAN_POINT('',(20.,255.,10.));
#2815=CARTESIAN_POINT('',(20.,255.,650.));
#2816=CARTESIAN_POINT('Origin',(210.25,253.,650.));
#2817=CARTESIAN_POINT('Origin',(210.25,253.,10.));
#2818=CARTESIAN_POINT('Origin',(24.,255.,10.));
#2819=CARTESIAN_POINT('',(24.,255.,10.));
#2820=CARTESIAN_POINT('',(20.,255.,10.));
#2821=CARTESIAN_POINT('',(24.,255.,10.));
#2822=CARTESIAN_POINT('',(20.,255.,650.));
#2823=CARTESIAN_POINT('',(20.,255.,10.));
#2824=CARTESIAN_POINT('',(24.,255.,650.));
#2825=CARTESIAN_POINT('',(24.,255.,650.));
#2826=CARTESIAN_POINT('',(24.,255.,10.));
#2827=CARTESIAN_POINT('Origin',(24.,115.,10.));
#2828=CARTESIAN_POINT('',(24.,115.,10.));
#2829=CARTESIAN_POINT('',(24.,115.,10.));
#2830=CARTESIAN_POINT('',(24.,115.,650.));
#2831=CARTESIAN_POINT('',(24.,115.,650.));
#2832=CARTESIAN_POINT('',(24.,115.,10.));
#2833=CARTESIAN_POINT('Origin',(20.,115.,10.));
#2834=CARTESIAN_POINT('',(20.,115.,10.));
#2835=CARTESIAN_POINT('',(20.,115.,10.));
#2836=CARTESIAN_POINT('',(20.,115.,650.));
#2837=CARTESIAN_POINT('',(20.,115.,650.));
#2838=CARTESIAN_POINT('',(20.,115.,10.));
#2839=CARTESIAN_POINT('Origin',(20.,255.,10.));
#2840=CARTESIAN_POINT('',(20.,255.,10.));
#2841=CARTESIAN_POINT('',(20.,255.,650.));
#2842=CARTESIAN_POINT('Origin',(22.,185.,650.));
#2843=CARTESIAN_POINT('Origin',(22.,185.,10.));
#2844=CARTESIAN_POINT('Origin',(400.5,255.,10.));
#2845=CARTESIAN_POINT('',(400.5,255.,10.));
#2846=CARTESIAN_POINT('',(396.5,255.,10.));
#2847=CARTESIAN_POINT('',(400.5,255.,10.));
#2848=CARTESIAN_POINT('',(396.5,255.,650.));
#2849=CARTESIAN_POINT('',(396.5,255.,10.));
#2850=CARTESIAN_POINT('',(400.5,255.,650.));
#2851=CARTESIAN_POINT('',(400.5,255.,650.));
#2852=CARTESIAN_POINT('',(400.5,255.,10.));
#2853=CARTESIAN_POINT('Origin',(400.5,115.,10.));
#2854=CARTESIAN_POINT('',(400.5,115.,10.));
#2855=CARTESIAN_POINT('',(400.5,115.,10.));
#2856=CARTESIAN_POINT('',(400.5,115.,650.));
#2857=CARTESIAN_POINT('',(400.5,115.,650.));
#2858=CARTESIAN_POINT('',(400.5,115.,10.));
#2859=CARTESIAN_POINT('Origin',(396.5,115.,10.));
#2860=CARTESIAN_POINT('',(396.5,115.,10.));
#2861=CARTESIAN_POINT('',(396.5,115.,10.));
#2862=CARTESIAN_POINT('',(396.5,115.,650.));
#2863=CARTESIAN_POINT('',(396.5,115.,650.));
#2864=CARTESIAN_POINT('',(396.5,115.,10.));
#2865=CARTESIAN_POINT('Origin',(396.5,255.,10.));
#2866=CARTESIAN_POINT('',(396.5,255.,10.));
#2867=CARTESIAN_POINT('',(396.5,255.,650.));
#2868=CARTESIAN_POINT('Origin',(398.5,185.,650.));
#2869=CARTESIAN_POINT('Origin',(398.5,185.,10.));
#2870=CARTESIAN_POINT('Origin',(400.5,255.,10.));
#2871=CARTESIAN_POINT('',(400.5,255.,10.));
#2872=CARTESIAN_POINT('',(20.,255.,10.));
#2873=CARTESIAN_POINT('',(400.5,255.,10.));
#2874=CARTESIAN_POINT('',(20.,255.,14.));
#2875=CARTESIAN_POINT('',(20.,255.,10.));
#2876=CARTESIAN_POINT('',(400.5,255.,14.));
#2877=CARTESIAN_POINT('',(400.5,255.,14.));
#2878=CARTESIAN_POINT('',(400.5,255.,10.));
#2879=CARTESIAN_POINT('Origin',(400.5,115.,10.));
#2880=CARTESIAN_POINT('',(400.5,115.,10.));
#2881=CARTESIAN_POINT('',(400.5,115.,10.));
#2882=CARTESIAN_POINT('',(400.5,115.,14.));
#2883=CARTESIAN_POINT('',(400.5,115.,14.));
#2884=CARTESIAN_POINT('',(400.5,115.,10.));
#2885=CARTESIAN_POINT('Origin',(20.,115.,10.));
#2886=CARTESIAN_POINT('',(20.,115.,10.));
#2887=CARTESIAN_POINT('',(20.,115.,10.));
#2888=CARTESIAN_POINT('',(20.,115.,14.));
#2889=CARTESIAN_POINT('',(20.,115.,14.));
#2890=CARTESIAN_POINT('',(20.,115.,10.));
#2891=CARTESIAN_POINT('Origin',(20.,255.,10.));
#2892=CARTESIAN_POINT('',(20.,255.,10.));
#2893=CARTESIAN_POINT('',(20.,255.,14.));
#2894=CARTESIAN_POINT('Origin',(210.25,185.,14.));
#2895=CARTESIAN_POINT('Origin',(210.25,185.,10.));
#2896=CARTESIAN_POINT('Origin',(400.5,255.,646.));
#2897=CARTESIAN_POINT('',(400.5,255.,646.));
#2898=CARTESIAN_POINT('',(20.,255.,646.));
#2899=CARTESIAN_POINT('',(400.5,255.,646.));
#2900=CARTESIAN_POINT('',(20.,255.,650.));
#2901=CARTESIAN_POINT('',(20.,255.,646.));
#2902=CARTESIAN_POINT('',(400.5,255.,650.));
#2903=CARTESIAN_POINT('',(400.5,255.,650.));
#2904=CARTESIAN_POINT('',(400.5,255.,646.));
#2905=CARTESIAN_POINT('Origin',(400.5,115.,646.));
#2906=CARTESIAN_POINT('',(400.5,115.,646.));
#2907=CARTESIAN_POINT('',(400.5,115.,646.));
#2908=CARTESIAN_POINT('',(400.5,115.,650.));
#2909=CARTESIAN_POINT('',(400.5,115.,650.));
#2910=CARTESIAN_POINT('',(400.5,115.,646.));
#2911=CARTESIAN_POINT('Origin',(20.,115.,646.));
#2912=CARTESIAN_POINT('',(20.,115.,646.));
#2913=CARTESIAN_POINT('',(20.,115.,646.));
#2914=CARTESIAN_POINT('',(20.,115.,650.));
#2915=CARTESIAN_POINT('',(20.,115.,650.));
#2916=CARTESIAN_POINT('',(20.,115.,646.));
#2917=CARTESIAN_POINT('Origin',(20.,255.,646.));
#2918=CARTESIAN_POINT('',(20.,255.,646.));
#2919=CARTESIAN_POINT('',(20.,255.,650.));
#2920=CARTESIAN_POINT('Origin',(210.25,185.,650.));
#2921=CARTESIAN_POINT('Origin',(210.25,185.,646.));
#2922=CARTESIAN_POINT('Origin',(200.,240.,20.));
#2923=CARTESIAN_POINT('',(194.,240.,640.));
#2924=CARTESIAN_POINT('Origin',(200.,240.,640.));
#2925=CARTESIAN_POINT('',(194.,240.,20.));
#2926=CARTESIAN_POINT('',(194.,240.,20.));
#2927=CARTESIAN_POINT('Origin',(200.,240.,20.));
#2928=CARTESIAN_POINT('Origin',(200.,240.,640.));
#2929=CARTESIAN_POINT('Origin',(200.,240.,20.));
#2930=CARTESIAN_POINT('Origin',(230.,258.,640.));
#2931=CARTESIAN_POINT('',(230.,258.,640.));
#2932=CARTESIAN_POINT('',(170.,258.,640.));
#2933=CARTESIAN_POINT('',(230.,258.,640.));
#2934=CARTESIAN_POINT('',(170.,258.,700.));
#2935=CARTESIAN_POINT('',(170.,258.,640.));
#2936=CARTESIAN_POINT('',(230.,258.,700.));
#2937=CARTESIAN_POINT('',(230.,258.,700.));
#2938=CARTESIAN_POINT('',(230.,258.,640.));
#2939=CARTESIAN_POINT('Origin',(230.,222.,640.));
#2940=CARTESIAN_POINT('',(230.,222.,640.));
#2941=CARTESIAN_POINT('',(230.,222.,640.));
#2942=CARTESIAN_POINT('',(230.,222.,700.));
#2943=CARTESIAN_POINT('',(230.,222.,700.));
#2944=CARTESIAN_POINT('',(230.,222.,640.));
#2945=CARTESIAN_POINT('Origin',(170.,222.,640.));
#2946=CARTESIAN_POINT('',(170.,222.,640.));
#2947=CARTESIAN_POINT('',(170.,222.,640.));
#2948=CARTESIAN_POINT('',(170.,222.,700.));
#2949=CARTESIAN_POINT('',(170.,222.,700.));
#2950=CARTESIAN_POINT('',(170.,222.,640.));
#2951=CARTESIAN_POINT('Origin',(170.,258.,640.));
#2952=CARTESIAN_POINT('',(170.,258.,640.));
#2953=CARTESIAN_POINT('',(170.,258.,700.));
#2954=CARTESIAN_POINT('Origin',(200.,240.,700.));
#2955=CARTESIAN_POINT('Origin',(200.,240.,640.));
#2956=CARTESIAN_POINT('Origin',(369.5,222.5,640.));
#2957=CARTESIAN_POINT('',(369.5,222.5,640.));
#2958=CARTESIAN_POINT('',(29.,222.5,640.));
#2959=CARTESIAN_POINT('',(369.5,222.5,640.));
#2960=CARTESIAN_POINT('',(29.,222.5,646.));
#2961=CARTESIAN_POINT('',(29.,222.5,640.));
#2962=CARTESIAN_POINT('',(369.5,222.5,646.));
#2963=CARTESIAN_POINT('',(369.5,222.5,646.));
#2964=CARTESIAN_POINT('',(369.5,222.5,640.));
#2965=CARTESIAN_POINT('Origin',(369.5,122.5,640.));
#2966=CARTESIAN_POINT('',(369.5,122.5,640.));
#2967=CARTESIAN_POINT('',(369.5,122.5,640.));
#2968=CARTESIAN_POINT('',(369.5,122.5,646.));
#2969=CARTESIAN_POINT('',(369.5,122.5,646.));
#2970=CARTESIAN_POINT('',(369.5,122.5,640.));
#2971=CARTESIAN_POINT('Origin',(29.,122.5,640.));
#2972=CARTESIAN_POINT('',(29.,122.5,640.));
#2973=CARTESIAN_POINT('',(29.,122.5,640.));
#2974=CARTESIAN_POINT('',(29.,122.5,646.));
#2975=CARTESIAN_POINT('',(29.,122.5,646.));
#2976=CARTESIAN_POINT('',(29.,122.5,640.));
#2977=CARTESIAN_POINT('Origin',(29.,222.5,640.));
#2978=CARTESIAN_POINT('',(29.,222.5,640.));
#2979=CARTESIAN_POINT('',(29.,222.5,646.));
#2980=CARTESIAN_POINT('Origin',(199.25,172.5,646.));
#2981=CARTESIAN_POINT('Origin',(199.25,172.5,640.));
#2982=CARTESIAN_POINT('Origin',(76.,222.5,646.));
#2983=CARTESIAN_POINT('',(76.,222.5,646.));
#2984=CARTESIAN_POINT('',(64.,222.5,646.));
#2985=CARTESIAN_POINT('',(76.,222.5,646.));
#2986=CARTESIAN_POINT('',(64.,222.5,660.));
#2987=CARTESIAN_POINT('',(64.,222.5,646.));
#2988=CARTESIAN_POINT('',(76.,222.5,660.));
#2989=CARTESIAN_POINT('',(76.,222.5,660.));
#2990=CARTESIAN_POINT('',(76.,222.5,646.));
#2991=CARTESIAN_POINT('Origin',(76.,122.5,646.));
#2992=CARTESIAN_POINT('',(76.,122.5,646.));
#2993=CARTESIAN_POINT('',(76.,122.5,646.));
#2994=CARTESIAN_POINT('',(76.,122.5,660.));
#2995=CARTESIAN_POINT('',(76.,122.5,660.));
#2996=CARTESIAN_POINT('',(76.,122.5,646.));
#2997=CARTESIAN_POINT('Origin',(64.,122.5,646.));
#2998=CARTESIAN_POINT('',(64.,122.5,646.));
#2999=CARTESIAN_POINT('',(64.,122.5,646.));
#3000=CARTESIAN_POINT('',(64.,122.5,660.));
#3001=CARTESIAN_POINT('',(64.,122.5,660.));
#3002=CARTESIAN_POINT('',(64.,122.5,646.));
#3003=CARTESIAN_POINT('Origin',(64.,222.5,646.));
#3004=CARTESIAN_POINT('',(64.,222.5,646.));
#3005=CARTESIAN_POINT('',(64.,222.5,660.));
#3006=CARTESIAN_POINT('Origin',(70.,172.5,660.));
#3007=CARTESIAN_POINT('Origin',(70.,172.5,646.));
#3008=CARTESIAN_POINT('Origin',(206.,222.5,646.));
#3009=CARTESIAN_POINT('',(206.,222.5,646.));
#3010=CARTESIAN_POINT('',(194.,222.5,646.));
#3011=CARTESIAN_POINT('',(206.,222.5,646.));
#3012=CARTESIAN_POINT('',(194.,222.5,660.));
#3013=CARTESIAN_POINT('',(194.,222.5,646.));
#3014=CARTESIAN_POINT('',(206.,222.5,660.));
#3015=CARTESIAN_POINT('',(206.,222.5,660.));
#3016=CARTESIAN_POINT('',(206.,222.5,646.));
#3017=CARTESIAN_POINT('Origin',(206.,122.5,646.));
#3018=CARTESIAN_POINT('',(206.,122.5,646.));
#3019=CARTESIAN_POINT('',(206.,122.5,646.));
#3020=CARTESIAN_POINT('',(206.,122.5,660.));
#3021=CARTESIAN_POINT('',(206.,122.5,660.));
#3022=CARTESIAN_POINT('',(206.,122.5,646.));
#3023=CARTESIAN_POINT('Origin',(194.,122.5,646.));
#3024=CARTESIAN_POINT('',(194.,122.5,646.));
#3025=CARTESIAN_POINT('',(194.,122.5,646.));
#3026=CARTESIAN_POINT('',(194.,122.5,660.));
#3027=CARTESIAN_POINT('',(194.,122.5,660.));
#3028=CARTESIAN_POINT('',(194.,122.5,646.));
#3029=CARTESIAN_POINT('Origin',(194.,222.5,646.));
#3030=CARTESIAN_POINT('',(194.,222.5,646.));
#3031=CARTESIAN_POINT('',(194.,222.5,660.));
#3032=CARTESIAN_POINT('Origin',(200.,172.5,660.));
#3033=CARTESIAN_POINT('Origin',(200.,172.5,646.));
#3034=CARTESIAN_POINT('Origin',(336.,222.5,646.));
#3035=CARTESIAN_POINT('',(336.,222.5,646.));
#3036=CARTESIAN_POINT('',(324.,222.5,646.));
#3037=CARTESIAN_POINT('',(336.,222.5,646.));
#3038=CARTESIAN_POINT('',(324.,222.5,660.));
#3039=CARTESIAN_POINT('',(324.,222.5,646.));
#3040=CARTESIAN_POINT('',(336.,222.5,660.));
#3041=CARTESIAN_POINT('',(336.,222.5,660.));
#3042=CARTESIAN_POINT('',(336.,222.5,646.));
#3043=CARTESIAN_POINT('Origin',(336.,122.5,646.));
#3044=CARTESIAN_POINT('',(336.,122.5,646.));
#3045=CARTESIAN_POINT('',(336.,122.5,646.));
#3046=CARTESIAN_POINT('',(336.,122.5,660.));
#3047=CARTESIAN_POINT('',(336.,122.5,660.));
#3048=CARTESIAN_POINT('',(336.,122.5,646.));
#3049=CARTESIAN_POINT('Origin',(324.,122.5,646.));
#3050=CARTESIAN_POINT('',(324.,122.5,646.));
#3051=CARTESIAN_POINT('',(324.,122.5,646.));
#3052=CARTESIAN_POINT('',(324.,122.5,660.));
#3053=CARTESIAN_POINT('',(324.,122.5,660.));
#3054=CARTESIAN_POINT('',(324.,122.5,646.));
#3055=CARTESIAN_POINT('Origin',(324.,222.5,646.));
#3056=CARTESIAN_POINT('',(324.,222.5,646.));
#3057=CARTESIAN_POINT('',(324.,222.5,660.));
#3058=CARTESIAN_POINT('Origin',(330.,172.5,660.));
#3059=CARTESIAN_POINT('Origin',(330.,172.5,646.));
#3060=CARTESIAN_POINT('Origin',(215.,252.,640.));
#3061=CARTESIAN_POINT('',(215.,252.,640.));
#3062=CARTESIAN_POINT('',(185.,252.,640.));
#3063=CARTESIAN_POINT('',(215.,252.,640.));
#3064=CARTESIAN_POINT('',(185.,252.,652.));
#3065=CARTESIAN_POINT('',(185.,252.,640.));
#3066=CARTESIAN_POINT('',(215.,252.,652.));
#3067=CARTESIAN_POINT('',(215.,252.,652.));
#3068=CARTESIAN_POINT('',(215.,252.,640.));
#3069=CARTESIAN_POINT('Origin',(215.,222.5,640.));
#3070=CARTESIAN_POINT('',(215.,222.5,640.));
#3071=CARTESIAN_POINT('',(215.,222.5,640.));
#3072=CARTESIAN_POINT('',(215.,222.5,652.));
#3073=CARTESIAN_POINT('',(215.,222.5,652.));
#3074=CARTESIAN_POINT('',(215.,222.5,640.));
#3075=CARTESIAN_POINT('Origin',(185.,222.5,640.));
#3076=CARTESIAN_POINT('',(185.,222.5,640.));
#3077=CARTESIAN_POINT('',(185.,222.5,640.));
#3078=CARTESIAN_POINT('',(185.,222.5,652.));
#3079=CARTESIAN_POINT('',(185.,222.5,652.));
#3080=CARTESIAN_POINT('',(185.,222.5,640.));
#3081=CARTESIAN_POINT('Origin',(185.,252.,640.));
#3082=CARTESIAN_POINT('',(185.,252.,640.));
#3083=CARTESIAN_POINT('',(185.,252.,652.));
#3084=CARTESIAN_POINT('Origin',(200.,237.25,652.));
#3085=CARTESIAN_POINT('Origin',(200.,237.25,640.));
#3086=CARTESIAN_POINT('Origin',(85.,122.,124.));
#3087=CARTESIAN_POINT('',(85.,122.,124.));
#3088=CARTESIAN_POINT('',(55.,122.,124.));
#3089=CARTESIAN_POINT('',(85.,122.,124.));
#3090=CARTESIAN_POINT('',(55.,122.,154.));
#3091=CARTESIAN_POINT('',(55.,122.,124.));
#3092=CARTESIAN_POINT('',(85.,122.,154.));
#3093=CARTESIAN_POINT('',(85.,122.,154.));
#3094=CARTESIAN_POINT('',(85.,122.,124.));
#3095=CARTESIAN_POINT('Origin',(85.,108.,124.));
#3096=CARTESIAN_POINT('',(85.,108.,124.));
#3097=CARTESIAN_POINT('',(85.,108.,124.));
#3098=CARTESIAN_POINT('',(85.,108.,154.));
#3099=CARTESIAN_POINT('',(85.,108.,154.));
#3100=CARTESIAN_POINT('',(85.,108.,124.));
#3101=CARTESIAN_POINT('Origin',(55.,108.,124.));
#3102=CARTESIAN_POINT('',(55.,108.,124.));
#3103=CARTESIAN_POINT('',(55.,108.,124.));
#3104=CARTESIAN_POINT('',(55.,108.,154.));
#3105=CARTESIAN_POINT('',(55.,108.,154.));
#3106=CARTESIAN_POINT('',(55.,108.,124.));
#3107=CARTESIAN_POINT('Origin',(55.,122.,124.));
#3108=CARTESIAN_POINT('',(55.,122.,124.));
#3109=CARTESIAN_POINT('',(55.,122.,154.));
#3110=CARTESIAN_POINT('Origin',(70.,115.,154.));
#3111=CARTESIAN_POINT('Origin',(70.,115.,124.));
#3112=CARTESIAN_POINT('Origin',(315.,122.,124.));
#3113=CARTESIAN_POINT('',(315.,122.,124.));
#3114=CARTESIAN_POINT('',(285.,122.,124.));
#3115=CARTESIAN_POINT('',(315.,122.,124.));
#3116=CARTESIAN_POINT('',(285.,122.,154.));
#3117=CARTESIAN_POINT('',(285.,122.,124.));
#3118=CARTESIAN_POINT('',(315.,122.,154.));
#3119=CARTESIAN_POINT('',(315.,122.,154.));
#3120=CARTESIAN_POINT('',(315.,122.,124.));
#3121=CARTESIAN_POINT('Origin',(315.,108.,124.));
#3122=CARTESIAN_POINT('',(315.,108.,124.));
#3123=CARTESIAN_POINT('',(315.,108.,124.));
#3124=CARTESIAN_POINT('',(315.,108.,154.));
#3125=CARTESIAN_POINT('',(315.,108.,154.));
#3126=CARTESIAN_POINT('',(315.,108.,124.));
#3127=CARTESIAN_POINT('Origin',(285.,108.,124.));
#3128=CARTESIAN_POINT('',(285.,108.,124.));
#3129=CARTESIAN_POINT('',(285.,108.,124.));
#3130=CARTESIAN_POINT('',(285.,108.,154.));
#3131=CARTESIAN_POINT('',(285.,108.,154.));
#3132=CARTESIAN_POINT('',(285.,108.,124.));
#3133=CARTESIAN_POINT('Origin',(285.,122.,124.));
#3134=CARTESIAN_POINT('',(285.,122.,124.));
#3135=CARTESIAN_POINT('',(285.,122.,154.));
#3136=CARTESIAN_POINT('Origin',(300.,115.,154.));
#3137=CARTESIAN_POINT('Origin',(300.,115.,124.));
#3138=CARTESIAN_POINT('Origin',(375.,112.,26.));
#3139=CARTESIAN_POINT('',(375.,112.,26.));
#3140=CARTESIAN_POINT('',(25.,112.,26.));
#3141=CARTESIAN_POINT('',(375.,112.,26.));
#3142=CARTESIAN_POINT('',(25.,112.,46.));
#3143=CARTESIAN_POINT('',(25.,112.,26.));
#3144=CARTESIAN_POINT('',(375.,112.,46.));
#3145=CARTESIAN_POINT('',(375.,112.,46.));
#3146=CARTESIAN_POINT('',(375.,112.,26.));
#3147=CARTESIAN_POINT('Origin',(375.,106.,26.));
#3148=CARTESIAN_POINT('',(375.,106.,26.));
#3149=CARTESIAN_POINT('',(375.,106.,26.));
#3150=CARTESIAN_POINT('',(375.,106.,46.));
#3151=CARTESIAN_POINT('',(375.,106.,46.));
#3152=CARTESIAN_POINT('',(375.,106.,26.));
#3153=CARTESIAN_POINT('Origin',(25.,106.,26.));
#3154=CARTESIAN_POINT('',(25.,106.,26.));
#3155=CARTESIAN_POINT('',(25.,106.,26.));
#3156=CARTESIAN_POINT('',(25.,106.,46.));
#3157=CARTESIAN_POINT('',(25.,106.,46.));
#3158=CARTESIAN_POINT('',(25.,106.,26.));
#3159=CARTESIAN_POINT('Origin',(25.,112.,26.));
#3160=CARTESIAN_POINT('',(25.,112.,26.));
#3161=CARTESIAN_POINT('',(25.,112.,46.));
#3162=CARTESIAN_POINT('Origin',(200.,109.,46.));
#3163=CARTESIAN_POINT('Origin',(200.,109.,26.));
#3164=CARTESIAN_POINT('Origin',(375.,112.,626.));
#3165=CARTESIAN_POINT('',(375.,112.,626.));
#3166=CARTESIAN_POINT('',(25.,112.,626.));
#3167=CARTESIAN_POINT('',(375.,112.,626.));
#3168=CARTESIAN_POINT('',(25.,112.,646.));
#3169=CARTESIAN_POINT('',(25.,112.,626.));
#3170=CARTESIAN_POINT('',(375.,112.,646.));
#3171=CARTESIAN_POINT('',(375.,112.,646.));
#3172=CARTESIAN_POINT('',(375.,112.,626.));
#3173=CARTESIAN_POINT('Origin',(375.,106.,626.));
#3174=CARTESIAN_POINT('',(375.,106.,626.));
#3175=CARTESIAN_POINT('',(375.,106.,626.));
#3176=CARTESIAN_POINT('',(375.,106.,646.));
#3177=CARTESIAN_POINT('',(375.,106.,646.));
#3178=CARTESIAN_POINT('',(375.,106.,626.));
#3179=CARTESIAN_POINT('Origin',(25.,106.,626.));
#3180=CARTESIAN_POINT('',(25.,106.,626.));
#3181=CARTESIAN_POINT('',(25.,106.,626.));
#3182=CARTESIAN_POINT('',(25.,106.,646.));
#3183=CARTESIAN_POINT('',(25.,106.,646.));
#3184=CARTESIAN_POINT('',(25.,106.,626.));
#3185=CARTESIAN_POINT('Origin',(25.,112.,626.));
#3186=CARTESIAN_POINT('',(25.,112.,626.));
#3187=CARTESIAN_POINT('',(25.,112.,646.));
#3188=CARTESIAN_POINT('Origin',(200.,109.,646.));
#3189=CARTESIAN_POINT('Origin',(200.,109.,626.));
#3190=CARTESIAN_POINT('Origin',(45.,112.,46.));
#3191=CARTESIAN_POINT('',(45.,112.,46.));
#3192=CARTESIAN_POINT('',(25.,112.,46.));
#3193=CARTESIAN_POINT('',(45.,112.,46.));
#3194=CARTESIAN_POINT('',(25.,112.,626.));
#3195=CARTESIAN_POINT('',(25.,112.,46.));
#3196=CARTESIAN_POINT('',(45.,112.,626.));
#3197=CARTESIAN_POINT('',(45.,112.,626.));
#3198=CARTESIAN_POINT('',(45.,112.,46.));
#3199=CARTESIAN_POINT('Origin',(45.,106.,46.));
#3200=CARTESIAN_POINT('',(45.,106.,46.));
#3201=CARTESIAN_POINT('',(45.,106.,46.));
#3202=CARTESIAN_POINT('',(45.,106.,626.));
#3203=CARTESIAN_POINT('',(45.,106.,626.));
#3204=CARTESIAN_POINT('',(45.,106.,46.));
#3205=CARTESIAN_POINT('Origin',(25.,106.,46.));
#3206=CARTESIAN_POINT('',(25.,106.,46.));
#3207=CARTESIAN_POINT('',(25.,106.,46.));
#3208=CARTESIAN_POINT('',(25.,106.,626.));
#3209=CARTESIAN_POINT('',(25.,106.,626.));
#3210=CARTESIAN_POINT('',(25.,106.,46.));
#3211=CARTESIAN_POINT('Origin',(25.,112.,46.));
#3212=CARTESIAN_POINT('',(25.,112.,46.));
#3213=CARTESIAN_POINT('',(25.,112.,626.));
#3214=CARTESIAN_POINT('Origin',(35.,109.,626.));
#3215=CARTESIAN_POINT('Origin',(35.,109.,46.));
#3216=CARTESIAN_POINT('Origin',(375.,112.,46.));
#3217=CARTESIAN_POINT('',(375.,112.,46.));
#3218=CARTESIAN_POINT('',(355.,112.,46.));
#3219=CARTESIAN_POINT('',(375.,112.,46.));
#3220=CARTESIAN_POINT('',(355.,112.,626.));
#3221=CARTESIAN_POINT('',(355.,112.,46.));
#3222=CARTESIAN_POINT('',(375.,112.,626.));
#3223=CARTESIAN_POINT('',(375.,112.,626.));
#3224=CARTESIAN_POINT('',(375.,112.,46.));
#3225=CARTESIAN_POINT('Origin',(375.,106.,46.));
#3226=CARTESIAN_POINT('',(375.,106.,46.));
#3227=CARTESIAN_POINT('',(375.,106.,46.));
#3228=CARTESIAN_POINT('',(375.,106.,626.));
#3229=CARTESIAN_POINT('',(375.,106.,626.));
#3230=CARTESIAN_POINT('',(375.,106.,46.));
#3231=CARTESIAN_POINT('Origin',(355.,106.,46.));
#3232=CARTESIAN_POINT('',(355.,106.,46.));
#3233=CARTESIAN_POINT('',(355.,106.,46.));
#3234=CARTESIAN_POINT('',(355.,106.,626.));
#3235=CARTESIAN_POINT('',(355.,106.,626.));
#3236=CARTESIAN_POINT('',(355.,106.,46.));
#3237=CARTESIAN_POINT('Origin',(355.,112.,46.));
#3238=CARTESIAN_POINT('',(355.,112.,46.));
#3239=CARTESIAN_POINT('',(355.,112.,626.));
#3240=CARTESIAN_POINT('Origin',(365.,109.,626.));
#3241=CARTESIAN_POINT('Origin',(365.,109.,46.));
#3242=CARTESIAN_POINT('Origin',(355.,112.,233.));
#3243=CARTESIAN_POINT('',(355.,112.,233.));
#3244=CARTESIAN_POINT('',(45.,112.,233.));
#3245=CARTESIAN_POINT('',(355.,112.,233.));
#3246=CARTESIAN_POINT('',(45.,112.,253.));
#3247=CARTESIAN_POINT('',(45.,112.,233.));
#3248=CARTESIAN_POINT('',(355.,112.,253.));
#3249=CARTESIAN_POINT('',(355.,112.,253.));
#3250=CARTESIAN_POINT('',(355.,112.,233.));
#3251=CARTESIAN_POINT('Origin',(355.,106.,233.));
#3252=CARTESIAN_POINT('',(355.,106.,233.));
#3253=CARTESIAN_POINT('',(355.,106.,233.));
#3254=CARTESIAN_POINT('',(355.,106.,253.));
#3255=CARTESIAN_POINT('',(355.,106.,253.));
#3256=CARTESIAN_POINT('',(355.,106.,233.));
#3257=CARTESIAN_POINT('Origin',(45.,106.,233.));
#3258=CARTESIAN_POINT('',(45.,106.,233.));
#3259=CARTESIAN_POINT('',(45.,106.,233.));
#3260=CARTESIAN_POINT('',(45.,106.,253.));
#3261=CARTESIAN_POINT('',(45.,106.,253.));
#3262=CARTESIAN_POINT('',(45.,106.,233.));
#3263=CARTESIAN_POINT('Origin',(45.,112.,233.));
#3264=CARTESIAN_POINT('',(45.,112.,233.));
#3265=CARTESIAN_POINT('',(45.,112.,253.));
#3266=CARTESIAN_POINT('Origin',(200.,109.,253.));
#3267=CARTESIAN_POINT('Origin',(200.,109.,233.));
#3268=CARTESIAN_POINT('Origin',(355.,112.,440.));
#3269=CARTESIAN_POINT('',(355.,112.,440.));
#3270=CARTESIAN_POINT('',(45.,112.,440.));
#3271=CARTESIAN_POINT('',(355.,112.,440.));
#3272=CARTESIAN_POINT('',(45.,112.,460.));
#3273=CARTESIAN_POINT('',(45.,112.,440.));
#3274=CARTESIAN_POINT('',(355.,112.,460.));
#3275=CARTESIAN_POINT('',(355.,112.,460.));
#3276=CARTESIAN_POINT('',(355.,112.,440.));
#3277=CARTESIAN_POINT('Origin',(355.,106.,440.));
#3278=CARTESIAN_POINT('',(355.,106.,440.));
#3279=CARTESIAN_POINT('',(355.,106.,440.));
#3280=CARTESIAN_POINT('',(355.,106.,460.));
#3281=CARTESIAN_POINT('',(355.,106.,460.));
#3282=CARTESIAN_POINT('',(355.,106.,440.));
#3283=CARTESIAN_POINT('Origin',(45.,106.,440.));
#3284=CARTESIAN_POINT('',(45.,106.,440.));
#3285=CARTESIAN_POINT('',(45.,106.,440.));
#3286=CARTESIAN_POINT('',(45.,106.,460.));
#3287=CARTESIAN_POINT('',(45.,106.,460.));
#3288=CARTESIAN_POINT('',(45.,106.,440.));
#3289=CARTESIAN_POINT('Origin',(45.,112.,440.));
#3290=CARTESIAN_POINT('',(45.,112.,440.));
#3291=CARTESIAN_POINT('',(45.,112.,460.));
#3292=CARTESIAN_POINT('Origin',(200.,109.,460.));
#3293=CARTESIAN_POINT('Origin',(200.,109.,440.));
#3294=CARTESIAN_POINT('Origin',(220.,106.,320.));
#3295=CARTESIAN_POINT('',(220.,106.,320.));
#3296=CARTESIAN_POINT('',(180.,106.,320.));
#3297=CARTESIAN_POINT('',(220.,106.,320.));
#3298=CARTESIAN_POINT('',(180.,106.,350.));
#3299=CARTESIAN_POINT('',(180.,106.,320.));
#3300=CARTESIAN_POINT('',(220.,106.,350.));
#3301=CARTESIAN_POINT('',(220.,106.,350.));
#3302=CARTESIAN_POINT('',(220.,106.,320.));
#3303=CARTESIAN_POINT('Origin',(220.,92.,320.));
#3304=CARTESIAN_POINT('',(220.,92.,320.));
#3305=CARTESIAN_POINT('',(220.,92.,320.));
#3306=CARTESIAN_POINT('',(220.,92.,350.));
#3307=CARTESIAN_POINT('',(220.,92.,350.));
#3308=CARTESIAN_POINT('',(220.,92.,320.));
#3309=CARTESIAN_POINT('Origin',(180.,92.,320.));
#3310=CARTESIAN_POINT('',(180.,92.,320.));
#3311=CARTESIAN_POINT('',(180.,92.,320.));
#3312=CARTESIAN_POINT('',(180.,92.,350.));
#3313=CARTESIAN_POINT('',(180.,92.,350.));
#3314=CARTESIAN_POINT('',(180.,92.,320.));
#3315=CARTESIAN_POINT('Origin',(180.,106.,320.));
#3316=CARTESIAN_POINT('',(180.,106.,320.));
#3317=CARTESIAN_POINT('',(180.,106.,350.));
#3318=CARTESIAN_POINT('Origin',(200.,99.,350.));
#3319=CARTESIAN_POINT('Origin',(200.,99.,320.));
#3320=CARTESIAN_POINT('Origin',(110.,-120.,336.));
#3321=CARTESIAN_POINT('',(107.,-100.,336.));
#3322=CARTESIAN_POINT('Origin',(110.,-100.,336.));
#3323=CARTESIAN_POINT('',(107.,-120.,336.));
#3324=CARTESIAN_POINT('',(107.,-120.,336.));
#3325=CARTESIAN_POINT('Origin',(110.,-120.,336.));
#3326=CARTESIAN_POINT('Origin',(110.,-100.,336.));
#3327=CARTESIAN_POINT('Origin',(110.,-120.,336.));
#3328=CARTESIAN_POINT('Origin',(290.,-120.,336.));
#3329=CARTESIAN_POINT('',(287.,-100.,336.));
#3330=CARTESIAN_POINT('Origin',(290.,-100.,336.));
#3331=CARTESIAN_POINT('',(287.,-120.,336.));
#3332=CARTESIAN_POINT('',(287.,-120.,336.));
#3333=CARTESIAN_POINT('Origin',(290.,-120.,336.));
#3334=CARTESIAN_POINT('Origin',(290.,-100.,336.));
#3335=CARTESIAN_POINT('Origin',(290.,-120.,336.));
#3336=CARTESIAN_POINT('Origin',(375.,-99.,25.9999999999999));
#3337=CARTESIAN_POINT('',(375.,-99.,25.9999999999999));
#3338=CARTESIAN_POINT('',(25.,-99.,25.9999999999999));
#3339=CARTESIAN_POINT('',(375.,-99.,25.9999999999999));
#3340=CARTESIAN_POINT('',(25.,-98.,25.9999999999999));
#3341=CARTESIAN_POINT('',(25.,-99.,25.9999999999999));
#3342=CARTESIAN_POINT('',(375.,-98.,25.9999999999999));
#3343=CARTESIAN_POINT('',(375.,-98.,25.9999999999999));
#3344=CARTESIAN_POINT('',(375.,-99.,25.9999999999999));
#3345=CARTESIAN_POINT('Origin',(375.,-99.,646.));
#3346=CARTESIAN_POINT('',(375.,-99.,646.));
#3347=CARTESIAN_POINT('',(375.,-99.,646.));
#3348=CARTESIAN_POINT('',(375.,-98.,646.));
#3349=CARTESIAN_POINT('',(375.,-98.,646.));
#3350=CARTESIAN_POINT('',(375.,-99.,646.));
#3351=CARTESIAN_POINT('Origin',(25.,-99.,646.));
#3352=CARTESIAN_POINT('',(25.,-99.,646.));
#3353=CARTESIAN_POINT('',(25.,-99.,646.));
#3354=CARTESIAN_POINT('',(25.,-98.,646.));
#3355=CARTESIAN_POINT('',(25.,-98.,646.));
#3356=CARTESIAN_POINT('',(25.,-99.,646.));
#3357=CARTESIAN_POINT('Origin',(25.,-99.,25.9999999999999));
#3358=CARTESIAN_POINT('',(25.,-99.,25.9999999999999));
#3359=CARTESIAN_POINT('',(25.,-98.,25.9999999999999));
#3360=CARTESIAN_POINT('Origin',(200.,-98.,336.));
#3361=CARTESIAN_POINT('Origin',(200.,-99.,336.));
#3362=UNCERTAINTY_MEASURE_WITH_UNIT(LENGTH_MEASURE(0.01),#3366,
'DISTANCE_ACCURACY_VALUE',
'Maximum model space distance between geometric entities at asserted c
onnectivities');
#3363=UNCERTAINTY_MEASURE_WITH_UNIT(LENGTH_MEASURE(0.01),#3366,
'DISTANCE_ACCURACY_VALUE',
'Maximum model space distance between geometric entities at asserted c
onnectivities');
#3364=(
GEOMETRIC_REPRESENTATION_CONTEXT(3)
GLOBAL_UNCERTAINTY_ASSIGNED_CONTEXT((#3362))
GLOBAL_UNIT_ASSIGNED_CONTEXT((#3366,#3368,#3369))
REPRESENTATION_CONTEXT('','3D')
);
#3365=(
GEOMETRIC_REPRESENTATION_CONTEXT(3)
GLOBAL_UNCERTAINTY_ASSIGNED_CONTEXT((#3363))
GLOBAL_UNIT_ASSIGNED_CONTEXT((#3366,#3368,#3369))
REPRESENTATION_CONTEXT('','3D')
);
#3366=(
LENGTH_UNIT()
NAMED_UNIT(*)
SI_UNIT(.MILLI.,.METRE.)
);
#3367=(
LENGTH_UNIT()
NAMED_UNIT(*)
SI_UNIT($,.METRE.)
);
#3368=(
NAMED_UNIT(*)
PLANE_ANGLE_UNIT()
SI_UNIT($,.RADIAN.)
);
#3369=(
NAMED_UNIT(*)
SI_UNIT($,.STERADIAN.)
SOLID_ANGLE_UNIT()
);
#3370=SHAPE_DEFINITION_REPRESENTATION(#3371,#3372);
#3371=PRODUCT_DEFINITION_SHAPE('',$,#3374);
#3372=SHAPE_REPRESENTATION('',(#2110),#3364);
#3373=PRODUCT_DEFINITION_CONTEXT('part definition',#3378,'design');
#3374=PRODUCT_DEFINITION('EMOCD_Magazine_Cassette_FRESH',
'EMOCD_Magazine_Cassette_FRESH v4',#3375,#3373);
#3375=PRODUCT_DEFINITION_FORMATION('',$,#3380);
#3376=PRODUCT_RELATED_PRODUCT_CATEGORY(
'EMOCD_Magazine_Cassette_FRESH v4','EMOCD_Magazine_Cassette_FRESH v4',(#3380));
#3377=APPLICATION_PROTOCOL_DEFINITION('international standard',
'automotive_design',2009,#3378);
#3378=APPLICATION_CONTEXT(
'Core Data for Automotive Mechanical Design Process');
#3379=PRODUCT_CONTEXT('part definition',#3378,'mechanical');
#3380=PRODUCT('EMOCD_Magazine_Cassette_FRESH',
'EMOCD_Magazine_Cassette_FRESH v4',$,(#3379));
#3381=PRESENTATION_STYLE_ASSIGNMENT((#3388));
#3382=PRESENTATION_STYLE_ASSIGNMENT((#3389));
#3383=PRESENTATION_STYLE_ASSIGNMENT((#3390));
#3384=PRESENTATION_STYLE_ASSIGNMENT((#3391));
#3385=PRESENTATION_STYLE_ASSIGNMENT((#3392));
#3386=PRESENTATION_STYLE_ASSIGNMENT((#3393));
#3387=PRESENTATION_STYLE_ASSIGNMENT((#3394));
#3388=SURFACE_STYLE_USAGE(.BOTH.,#3395);
#3389=SURFACE_STYLE_USAGE(.BOTH.,#3396);
#3390=SURFACE_STYLE_USAGE(.BOTH.,#3397);
#3391=SURFACE_STYLE_USAGE(.BOTH.,#3398);
#3392=SURFACE_STYLE_USAGE(.BOTH.,#3399);
#3393=SURFACE_STYLE_USAGE(.BOTH.,#3400);
#3394=SURFACE_STYLE_USAGE(.BOTH.,#3401);
#3395=SURFACE_SIDE_STYLE('',(#3402));
#3396=SURFACE_SIDE_STYLE('',(#3403));
#3397=SURFACE_SIDE_STYLE('',(#3404));
#3398=SURFACE_SIDE_STYLE('',(#3405));
#3399=SURFACE_SIDE_STYLE('',(#3406));
#3400=SURFACE_SIDE_STYLE('',(#3407));
#3401=SURFACE_SIDE_STYLE('',(#3408));
#3402=SURFACE_STYLE_FILL_AREA(#3409);
#3403=SURFACE_STYLE_FILL_AREA(#3410);
#3404=SURFACE_STYLE_FILL_AREA(#3411);
#3405=SURFACE_STYLE_FILL_AREA(#3412);
#3406=SURFACE_STYLE_FILL_AREA(#3413);
#3407=SURFACE_STYLE_FILL_AREA(#3414);
#3408=SURFACE_STYLE_FILL_AREA(#3415);
#3409=FILL_AREA_STYLE('Steel - Satin',(#3416));
#3410=FILL_AREA_STYLE('Aluminum - Anodized Glossy (Blue)',(#3417));
#3411=FILL_AREA_STYLE('Stainless Steel - Satin',(#3418));
#3412=FILL_AREA_STYLE('Paint - Enamel Glossy (Dark Grey)',(#3419));
#3413=FILL_AREA_STYLE('Aluminum - Anodized Glossy (Red)',(#3420));
#3414=FILL_AREA_STYLE('Titanium - Polished',(#3421));
#3415=FILL_AREA_STYLE('Paint - Enamel Glossy (Green)',(#3422));
#3416=FILL_AREA_STYLE_COLOUR('Steel - Satin',#3423);
#3417=FILL_AREA_STYLE_COLOUR('Aluminum - Anodized Glossy (Blue)',#3424);
#3418=FILL_AREA_STYLE_COLOUR('Stainless Steel - Satin',#3425);
#3419=FILL_AREA_STYLE_COLOUR('Paint - Enamel Glossy (Dark Grey)',#3426);
#3420=FILL_AREA_STYLE_COLOUR('Aluminum - Anodized Glossy (Red)',#3427);
#3421=FILL_AREA_STYLE_COLOUR('Titanium - Polished',#3428);
#3422=FILL_AREA_STYLE_COLOUR('Paint - Enamel Glossy (Green)',#3429);
#3423=COLOUR_RGB('Steel - Satin',0.627450980392157,0.627450980392157,0.627450980392157);
#3424=COLOUR_RGB('Aluminum - Anodized Glossy (Blue)',0.349019607843137,
0.584313725490196,0.854901960784314);
#3425=COLOUR_RGB('Stainless Steel - Satin',0.796078431372549,0.796078431372549,
0.796078431372549);
#3426=COLOUR_RGB('Paint - Enamel Glossy (Dark Grey)',0.349019607843137,
0.349019607843137,0.349019607843137);
#3427=COLOUR_RGB('Aluminum - Anodized Glossy (Red)',0.854901960784314,0.349019607843137,
0.349019607843137);
#3428=COLOUR_RGB('Titanium - Polished',0.749019607843137,0.729411764705882,
0.701960784313725);
#3429=COLOUR_RGB('Paint - Enamel Glossy (Green)',0.266666666666667,0.588235294117647,
0.282352941176471);
ENDSEC;
END-ISO-10303-21;
