ISO-10303-21;
HEADER;
/* Generated by software containing ST-Developer
 * from STEP Tools, Inc. (www.steptools.com) 
 */

FILE_DESCRIPTION(
/* description */ (''),
/* implementation_level */ '2;1');

FILE_NAME(
/* name */ 'EMOCD_Stator_Gen2.step',
/* time_stamp */ '2026-07-28T19:15:08+05:30',
/* author */ (''),
/* organization */ (''),
/* preprocessor_version */ 'ST-DEVELOPER v20.1',
/* originating_system */ 'Autodesk Translation Framework v15.8.0.0',
/* authorisation */ '');

FILE_SCHEMA (('AUTOMOTIVE_DESIGN { 1 0 10303 214 3 1 1 }'));
ENDSEC;

DATA;
#10=MECHANICAL_DESIGN_GEOMETRIC_PRESENTATION_REPRESENTATION('',(#13,#14,
#15,#16,#17,#18,#19,#20,#21,#22,#23,#24,#25,#26,#27,#28,#29,#30,#31,#32,
#33,#34,#35,#36,#37,#38,#39,#40,#41,#42,#43,#44,#45,#46,#47,#48,#49,#50,
#51,#52,#53,#54,#55,#56,#57,#58,#59,#60,#61,#62,#63,#64,#65,#66,#67,#68,
#69,#70,#71,#72,#73,#74,#75,#76,#77,#78,#79,#80,#81,#82,#83,#84,#85,#86,
#87,#88,#89,#90,#91,#92,#93,#94,#95,#96,#97,#98,#99,#100,#101,#102,#103,
#104,#105,#106,#107,#108,#109,#110,#111,#112,#113,#114,#115,#116,#117,#118,
#119,#120,#121,#122,#123,#124,#125,#126,#127,#128,#129,#130,#131,#132,#133,
#134,#135,#136,#137,#138,#139,#140,#141,#142,#143,#144,#145,#146,#147,#148,
#149,#150,#151,#152,#153,#154,#155,#156,#157,#158,#159,#160,#161,#162,#163,
#164,#165,#166,#167,#168,#169,#170,#171,#172,#173,#174),#24494);
#11=SHAPE_REPRESENTATION_RELATIONSHIP('SRR','None',#24501,#12);
#12=ADVANCED_BREP_SHAPE_REPRESENTATION('',(#175,#176,#177,#178,#179,#180,
#181,#182,#183,#184,#185,#186,#187,#188,#189,#190,#191,#192,#193,#194,#195,
#196,#197,#198,#199,#200,#201,#202,#203,#204,#205,#206,#207,#208,#209,#210,
#211,#212,#213,#214,#215,#216,#217,#218,#219,#220,#221,#222,#223,#224,#225,
#226,#227,#228,#229,#230,#231,#232,#233,#234,#235,#236,#237,#238,#239,#240,
#241,#242,#243,#244,#245,#246,#247,#248,#249,#250,#251,#252,#253,#254,#255,
#256,#257,#258,#259,#260,#261,#262,#263,#264,#265,#266,#267,#268,#269,#270,
#271,#272,#273,#274,#275,#276,#277,#278,#279,#280,#281,#282,#283,#284,#285,
#286,#287,#288,#289,#290,#291,#292,#293,#294,#295,#296,#297,#298,#299,#300,
#301,#302,#303,#304,#305,#306,#307,#308,#309,#310,#311,#312,#313,#314,#315,
#316,#317,#318,#319,#320,#321,#322,#323,#324,#325,#326,#327,#328,#329,#330,
#331,#332,#333,#334,#335,#336),#24493);
#13=STYLED_ITEM('',(#24511),#175);
#14=STYLED_ITEM('',(#24512),#176);
#15=STYLED_ITEM('',(#24513),#177);
#16=STYLED_ITEM('',(#24511),#178);
#17=STYLED_ITEM('',(#24512),#179);
#18=STYLED_ITEM('',(#24513),#180);
#19=STYLED_ITEM('',(#24511),#181);
#20=STYLED_ITEM('',(#24512),#182);
#21=STYLED_ITEM('',(#24513),#183);
#22=STYLED_ITEM('',(#24511),#184);
#23=STYLED_ITEM('',(#24512),#185);
#24=STYLED_ITEM('',(#24513),#186);
#25=STYLED_ITEM('',(#24511),#187);
#26=STYLED_ITEM('',(#24512),#188);
#27=STYLED_ITEM('',(#24513),#189);
#28=STYLED_ITEM('',(#24511),#190);
#29=STYLED_ITEM('',(#24512),#191);
#30=STYLED_ITEM('',(#24513),#192);
#31=STYLED_ITEM('',(#24511),#193);
#32=STYLED_ITEM('',(#24512),#194);
#33=STYLED_ITEM('',(#24513),#195);
#34=STYLED_ITEM('',(#24511),#196);
#35=STYLED_ITEM('',(#24512),#197);
#36=STYLED_ITEM('',(#24513),#198);
#37=STYLED_ITEM('',(#24511),#199);
#38=STYLED_ITEM('',(#24512),#200);
#39=STYLED_ITEM('',(#24513),#201);
#40=STYLED_ITEM('',(#24511),#202);
#41=STYLED_ITEM('',(#24512),#203);
#42=STYLED_ITEM('',(#24513),#204);
#43=STYLED_ITEM('',(#24511),#205);
#44=STYLED_ITEM('',(#24512),#206);
#45=STYLED_ITEM('',(#24513),#207);
#46=STYLED_ITEM('',(#24511),#208);
#47=STYLED_ITEM('',(#24512),#209);
#48=STYLED_ITEM('',(#24513),#210);
#49=STYLED_ITEM('',(#24511),#211);
#50=STYLED_ITEM('',(#24512),#212);
#51=STYLED_ITEM('',(#24513),#213);
#52=STYLED_ITEM('',(#24511),#214);
#53=STYLED_ITEM('',(#24513),#215);
#54=STYLED_ITEM('',(#24511),#216);
#55=STYLED_ITEM('',(#24512),#217);
#56=STYLED_ITEM('',(#24513),#218);
#57=STYLED_ITEM('',(#24511),#219);
#58=STYLED_ITEM('',(#24512),#220);
#59=STYLED_ITEM('',(#24513),#221);
#60=STYLED_ITEM('',(#24511),#222);
#61=STYLED_ITEM('',(#24512),#223);
#62=STYLED_ITEM('',(#24513),#224);
#63=STYLED_ITEM('',(#24511),#225);
#64=STYLED_ITEM('',(#24512),#226);
#65=STYLED_ITEM('',(#24513),#227);
#66=STYLED_ITEM('',(#24511),#228);
#67=STYLED_ITEM('',(#24512),#229);
#68=STYLED_ITEM('',(#24513),#230);
#69=STYLED_ITEM('',(#24511),#231);
#70=STYLED_ITEM('',(#24512),#232);
#71=STYLED_ITEM('',(#24513),#233);
#72=STYLED_ITEM('',(#24511),#234);
#73=STYLED_ITEM('',(#24512),#235);
#74=STYLED_ITEM('',(#24513),#236);
#75=STYLED_ITEM('',(#24511),#237);
#76=STYLED_ITEM('',(#24512),#238);
#77=STYLED_ITEM('',(#24513),#239);
#78=STYLED_ITEM('',(#24511),#240);
#79=STYLED_ITEM('',(#24512),#241);
#80=STYLED_ITEM('',(#24513),#242);
#81=STYLED_ITEM('',(#24511),#243);
#82=STYLED_ITEM('',(#24512),#244);
#83=STYLED_ITEM('',(#24513),#245);
#84=STYLED_ITEM('',(#24511),#246);
#85=STYLED_ITEM('',(#24512),#247);
#86=STYLED_ITEM('',(#24513),#248);
#87=STYLED_ITEM('',(#24511),#249);
#88=STYLED_ITEM('',(#24512),#250);
#89=STYLED_ITEM('',(#24513),#251);
#90=STYLED_ITEM('',(#24511),#252);
#91=STYLED_ITEM('',(#24512),#253);
#92=STYLED_ITEM('',(#24513),#254);
#93=STYLED_ITEM('',(#24511),#255);
#94=STYLED_ITEM('',(#24512),#256);
#95=STYLED_ITEM('',(#24511),#257);
#96=STYLED_ITEM('',(#24513),#258);
#97=STYLED_ITEM('',(#24512),#259);
#98=STYLED_ITEM('',(#24511),#260);
#99=STYLED_ITEM('',(#24513),#261);
#100=STYLED_ITEM('',(#24512),#262);
#101=STYLED_ITEM('',(#24511),#263);
#102=STYLED_ITEM('',(#24513),#264);
#103=STYLED_ITEM('',(#24512),#265);
#104=STYLED_ITEM('',(#24511),#266);
#105=STYLED_ITEM('',(#24513),#267);
#106=STYLED_ITEM('',(#24512),#268);
#107=STYLED_ITEM('',(#24511),#269);
#108=STYLED_ITEM('',(#24513),#270);
#109=STYLED_ITEM('',(#24512),#271);
#110=STYLED_ITEM('',(#24511),#272);
#111=STYLED_ITEM('',(#24513),#273);
#112=STYLED_ITEM('',(#24512),#274);
#113=STYLED_ITEM('',(#24511),#275);
#114=STYLED_ITEM('',(#24513),#276);
#115=STYLED_ITEM('',(#24512),#277);
#116=STYLED_ITEM('',(#24511),#278);
#117=STYLED_ITEM('',(#24513),#279);
#118=STYLED_ITEM('',(#24512),#280);
#119=STYLED_ITEM('',(#24511),#281);
#120=STYLED_ITEM('',(#24513),#282);
#121=STYLED_ITEM('',(#24512),#283);
#122=STYLED_ITEM('',(#24511),#284);
#123=STYLED_ITEM('',(#24513),#285);
#124=STYLED_ITEM('',(#24512),#286);
#125=STYLED_ITEM('',(#24511),#287);
#126=STYLED_ITEM('',(#24513),#288);
#127=STYLED_ITEM('',(#24512),#289);
#128=STYLED_ITEM('',(#24511),#290);
#129=STYLED_ITEM('',(#24513),#291);
#130=STYLED_ITEM('',(#24512),#292);
#131=STYLED_ITEM('',(#24511),#293);
#132=STYLED_ITEM('',(#24513),#294);
#133=STYLED_ITEM('',(#24512),#295);
#134=STYLED_ITEM('',(#24513),#296);
#135=STYLED_ITEM('',(#24512),#297);
#136=STYLED_ITEM('',(#24511),#298);
#137=STYLED_ITEM('',(#24513),#299);
#138=STYLED_ITEM('',(#24512),#300);
#139=STYLED_ITEM('',(#24511),#301);
#140=STYLED_ITEM('',(#24513),#302);
#141=STYLED_ITEM('',(#24512),#303);
#142=STYLED_ITEM('',(#24511),#304);
#143=STYLED_ITEM('',(#24513),#305);
#144=STYLED_ITEM('',(#24512),#306);
#145=STYLED_ITEM('',(#24511),#307);
#146=STYLED_ITEM('',(#24513),#308);
#147=STYLED_ITEM('',(#24512),#309);
#148=STYLED_ITEM('',(#24511),#310);
#149=STYLED_ITEM('',(#24513),#311);
#150=STYLED_ITEM('',(#24512),#312);
#151=STYLED_ITEM('',(#24511),#313);
#152=STYLED_ITEM('',(#24513),#314);
#153=STYLED_ITEM('',(#24512),#315);
#154=STYLED_ITEM('',(#24511),#316);
#155=STYLED_ITEM('',(#24513),#317);
#156=STYLED_ITEM('',(#24512),#318);
#157=STYLED_ITEM('',(#24511),#319);
#158=STYLED_ITEM('',(#24513),#320);
#159=STYLED_ITEM('',(#24512),#321);
#160=STYLED_ITEM('',(#24511),#322);
#161=STYLED_ITEM('',(#24513),#323);
#162=STYLED_ITEM('',(#24512),#324);
#163=STYLED_ITEM('',(#24511),#325);
#164=STYLED_ITEM('',(#24513),#326);
#165=STYLED_ITEM('',(#24512),#327);
#166=STYLED_ITEM('',(#24511),#328);
#167=STYLED_ITEM('',(#24513),#329);
#168=STYLED_ITEM('',(#24512),#330);
#169=STYLED_ITEM('',(#24511),#331);
#170=STYLED_ITEM('',(#24513),#332);
#171=STYLED_ITEM('',(#24512),#333);
#172=STYLED_ITEM('',(#24511),#334);
#173=STYLED_ITEM('',(#24513),#335);
#174=STYLED_ITEM('',(#24512),#336);
#175=MANIFOLD_SOLID_BREP('belt_160_C+',#15241);
#176=MANIFOLD_SOLID_BREP('belt_158_B+',#15242);
#177=MANIFOLD_SOLID_BREP('belt_156_A+',#15243);
#178=MANIFOLD_SOLID_BREP('belt_154_C+',#15244);
#179=MANIFOLD_SOLID_BREP('belt_152_B+',#15245);
#180=MANIFOLD_SOLID_BREP('belt_150_A+',#15246);
#181=MANIFOLD_SOLID_BREP('belt_148_C+',#15247);
#182=MANIFOLD_SOLID_BREP('belt_146_B+',#15248);
#183=MANIFOLD_SOLID_BREP('belt_144_A+',#15249);
#184=MANIFOLD_SOLID_BREP('belt_142_C+',#15250);
#185=MANIFOLD_SOLID_BREP('belt_140_B+',#15251);
#186=MANIFOLD_SOLID_BREP('belt_138_A+',#15252);
#187=MANIFOLD_SOLID_BREP('belt_136_C+',#15253);
#188=MANIFOLD_SOLID_BREP('belt_134_B+',#15254);
#189=MANIFOLD_SOLID_BREP('belt_132_A+',#15255);
#190=MANIFOLD_SOLID_BREP('belt_130_C+',#15256);
#191=MANIFOLD_SOLID_BREP('belt_128_B+',#15257);
#192=MANIFOLD_SOLID_BREP('belt_126_A+',#15258);
#193=MANIFOLD_SOLID_BREP('belt_124_C+',#15259);
#194=MANIFOLD_SOLID_BREP('belt_122_B+',#15260);
#195=MANIFOLD_SOLID_BREP('belt_120_A+',#15261);
#196=MANIFOLD_SOLID_BREP('belt_118_C+',#15262);
#197=MANIFOLD_SOLID_BREP('belt_116_B+',#15263);
#198=MANIFOLD_SOLID_BREP('belt_114_A+',#15264);
#199=MANIFOLD_SOLID_BREP('belt_112_C+',#15265);
#200=MANIFOLD_SOLID_BREP('belt_110_B+',#15266);
#201=MANIFOLD_SOLID_BREP('belt_108_A+',#15267);
#202=MANIFOLD_SOLID_BREP('belt_106_C+',#15268);
#203=MANIFOLD_SOLID_BREP('belt_104_B+',#15269);
#204=MANIFOLD_SOLID_BREP('belt_102_A+',#15270);
#205=MANIFOLD_SOLID_BREP('belt_100_C+',#15271);
#206=MANIFOLD_SOLID_BREP('belt_098_B+',#15272);
#207=MANIFOLD_SOLID_BREP('belt_096_A+',#15273);
#208=MANIFOLD_SOLID_BREP('belt_094_C+',#15274);
#209=MANIFOLD_SOLID_BREP('belt_092_B+',#15275);
#210=MANIFOLD_SOLID_BREP('belt_090_A+',#15276);
#211=MANIFOLD_SOLID_BREP('belt_088_C+',#15277);
#212=MANIFOLD_SOLID_BREP('belt_086_B+',#15278);
#213=MANIFOLD_SOLID_BREP('belt_084_A+',#15279);
#214=MANIFOLD_SOLID_BREP('belt_082_C+',#15280);
#215=MANIFOLD_SOLID_BREP('belt_000_A+',#15281);
#216=MANIFOLD_SOLID_BREP('belt_079_C-',#15282);
#217=MANIFOLD_SOLID_BREP('belt_077_B-',#15283);
#218=MANIFOLD_SOLID_BREP('belt_075_A-',#15284);
#219=MANIFOLD_SOLID_BREP('belt_073_C-',#15285);
#220=MANIFOLD_SOLID_BREP('belt_071_B-',#15286);
#221=MANIFOLD_SOLID_BREP('belt_069_A-',#15287);
#222=MANIFOLD_SOLID_BREP('belt_067_C-',#15288);
#223=MANIFOLD_SOLID_BREP('belt_065_B-',#15289);
#224=MANIFOLD_SOLID_BREP('belt_063_A-',#15290);
#225=MANIFOLD_SOLID_BREP('belt_061_C-',#15291);
#226=MANIFOLD_SOLID_BREP('belt_059_B-',#15292);
#227=MANIFOLD_SOLID_BREP('belt_057_A-',#15293);
#228=MANIFOLD_SOLID_BREP('belt_055_C-',#15294);
#229=MANIFOLD_SOLID_BREP('belt_053_B-',#15295);
#230=MANIFOLD_SOLID_BREP('belt_051_A-',#15296);
#231=MANIFOLD_SOLID_BREP('belt_049_C-',#15297);
#232=MANIFOLD_SOLID_BREP('belt_047_B-',#15298);
#233=MANIFOLD_SOLID_BREP('belt_045_A-',#15299);
#234=MANIFOLD_SOLID_BREP('belt_043_C-',#15300);
#235=MANIFOLD_SOLID_BREP('belt_041_B-',#15301);
#236=MANIFOLD_SOLID_BREP('belt_039_A-',#15302);
#237=MANIFOLD_SOLID_BREP('belt_037_C-',#15303);
#238=MANIFOLD_SOLID_BREP('belt_035_B-',#15304);
#239=MANIFOLD_SOLID_BREP('belt_033_A-',#15305);
#240=MANIFOLD_SOLID_BREP('belt_031_C-',#15306);
#241=MANIFOLD_SOLID_BREP('belt_029_B-',#15307);
#242=MANIFOLD_SOLID_BREP('belt_027_A-',#15308);
#243=MANIFOLD_SOLID_BREP('belt_025_C-',#15309);
#244=MANIFOLD_SOLID_BREP('belt_023_B-',#15310);
#245=MANIFOLD_SOLID_BREP('belt_021_A-',#15311);
#246=MANIFOLD_SOLID_BREP('belt_019_C-',#15312);
#247=MANIFOLD_SOLID_BREP('belt_017_B-',#15313);
#248=MANIFOLD_SOLID_BREP('belt_015_A-',#15314);
#249=MANIFOLD_SOLID_BREP('belt_013_C-',#15315);
#250=MANIFOLD_SOLID_BREP('belt_011_B-',#15316);
#251=MANIFOLD_SOLID_BREP('belt_009_A-',#15317);
#252=MANIFOLD_SOLID_BREP('belt_007_C-',#15318);
#253=MANIFOLD_SOLID_BREP('belt_005_B-',#15319);
#254=MANIFOLD_SOLID_BREP('belt_003_A-',#15320);
#255=MANIFOLD_SOLID_BREP('belt_001_C-',#15321);
#256=MANIFOLD_SOLID_BREP('belt_002_B+',#15322);
#257=MANIFOLD_SOLID_BREP('belt_004_C+',#15323);
#258=MANIFOLD_SOLID_BREP('belt_006_A+',#15324);
#259=MANIFOLD_SOLID_BREP('belt_008_B+',#15325);
#260=MANIFOLD_SOLID_BREP('belt_010_C+',#15326);
#261=MANIFOLD_SOLID_BREP('belt_012_A+',#15327);
#262=MANIFOLD_SOLID_BREP('belt_014_B+',#15328);
#263=MANIFOLD_SOLID_BREP('belt_016_C+',#15329);
#264=MANIFOLD_SOLID_BREP('belt_018_A+',#15330);
#265=MANIFOLD_SOLID_BREP('belt_020_B+',#15331);
#266=MANIFOLD_SOLID_BREP('belt_022_C+',#15332);
#267=MANIFOLD_SOLID_BREP('belt_024_A+',#15333);
#268=MANIFOLD_SOLID_BREP('belt_026_B+',#15334);
#269=MANIFOLD_SOLID_BREP('belt_028_C+',#15335);
#270=MANIFOLD_SOLID_BREP('belt_030_A+',#15336);
#271=MANIFOLD_SOLID_BREP('belt_032_B+',#15337);
#272=MANIFOLD_SOLID_BREP('belt_034_C+',#15338);
#273=MANIFOLD_SOLID_BREP('belt_036_A+',#15339);
#274=MANIFOLD_SOLID_BREP('belt_038_B+',#15340);
#275=MANIFOLD_SOLID_BREP('belt_040_C+',#15341);
#276=MANIFOLD_SOLID_BREP('belt_042_A+',#15342);
#277=MANIFOLD_SOLID_BREP('belt_044_B+',#15343);
#278=MANIFOLD_SOLID_BREP('belt_046_C+',#15344);
#279=MANIFOLD_SOLID_BREP('belt_048_A+',#15345);
#280=MANIFOLD_SOLID_BREP('belt_050_B+',#15346);
#281=MANIFOLD_SOLID_BREP('belt_052_C+',#15347);
#282=MANIFOLD_SOLID_BREP('belt_054_A+',#15348);
#283=MANIFOLD_SOLID_BREP('belt_056_B+',#15349);
#284=MANIFOLD_SOLID_BREP('belt_058_C+',#15350);
#285=MANIFOLD_SOLID_BREP('belt_060_A+',#15351);
#286=MANIFOLD_SOLID_BREP('belt_062_B+',#15352);
#287=MANIFOLD_SOLID_BREP('belt_064_C+',#15353);
#288=MANIFOLD_SOLID_BREP('belt_066_A+',#15354);
#289=MANIFOLD_SOLID_BREP('belt_068_B+',#15355);
#290=MANIFOLD_SOLID_BREP('belt_070_C+',#15356);
#291=MANIFOLD_SOLID_BREP('belt_072_A+',#15357);
#292=MANIFOLD_SOLID_BREP('belt_074_B+',#15358);
#293=MANIFOLD_SOLID_BREP('belt_076_C+',#15359);
#294=MANIFOLD_SOLID_BREP('belt_078_A+',#15360);
#295=MANIFOLD_SOLID_BREP('belt_080_B+',#15361);
#296=MANIFOLD_SOLID_BREP('belt_081_A-',#15362);
#297=MANIFOLD_SOLID_BREP('belt_083_B-',#15363);
#298=MANIFOLD_SOLID_BREP('belt_085_C-',#15364);
#299=MANIFOLD_SOLID_BREP('belt_087_A-',#15365);
#300=MANIFOLD_SOLID_BREP('belt_089_B-',#15366);
#301=MANIFOLD_SOLID_BREP('belt_091_C-',#15367);
#302=MANIFOLD_SOLID_BREP('belt_093_A-',#15368);
#303=MANIFOLD_SOLID_BREP('belt_095_B-',#15369);
#304=MANIFOLD_SOLID_BREP('belt_097_C-',#15370);
#305=MANIFOLD_SOLID_BREP('belt_099_A-',#15371);
#306=MANIFOLD_SOLID_BREP('belt_101_B-',#15372);
#307=MANIFOLD_SOLID_BREP('belt_103_C-',#15373);
#308=MANIFOLD_SOLID_BREP('belt_105_A-',#15374);
#309=MANIFOLD_SOLID_BREP('belt_107_B-',#15375);
#310=MANIFOLD_SOLID_BREP('belt_109_C-',#15376);
#311=MANIFOLD_SOLID_BREP('belt_111_A-',#15377);
#312=MANIFOLD_SOLID_BREP('belt_113_B-',#15378);
#313=MANIFOLD_SOLID_BREP('belt_115_C-',#15379);
#314=MANIFOLD_SOLID_BREP('belt_117_A-',#15380);
#315=MANIFOLD_SOLID_BREP('belt_119_B-',#15381);
#316=MANIFOLD_SOLID_BREP('belt_121_C-',#15382);
#317=MANIFOLD_SOLID_BREP('belt_123_A-',#15383);
#318=MANIFOLD_SOLID_BREP('belt_125_B-',#15384);
#319=MANIFOLD_SOLID_BREP('belt_127_C-',#15385);
#320=MANIFOLD_SOLID_BREP('belt_129_A-',#15386);
#321=MANIFOLD_SOLID_BREP('belt_131_B-',#15387);
#322=MANIFOLD_SOLID_BREP('belt_133_C-',#15388);
#323=MANIFOLD_SOLID_BREP('belt_135_A-',#15389);
#324=MANIFOLD_SOLID_BREP('belt_137_B-',#15390);
#325=MANIFOLD_SOLID_BREP('belt_139_C-',#15391);
#326=MANIFOLD_SOLID_BREP('belt_141_A-',#15392);
#327=MANIFOLD_SOLID_BREP('belt_143_B-',#15393);
#328=MANIFOLD_SOLID_BREP('belt_145_C-',#15394);
#329=MANIFOLD_SOLID_BREP('belt_147_A-',#15395);
#330=MANIFOLD_SOLID_BREP('belt_149_B-',#15396);
#331=MANIFOLD_SOLID_BREP('belt_151_C-',#15397);
#332=MANIFOLD_SOLID_BREP('belt_153_A-',#15398);
#333=MANIFOLD_SOLID_BREP('belt_155_B-',#15399);
#334=MANIFOLD_SOLID_BREP('belt_157_C-',#15400);
#335=MANIFOLD_SOLID_BREP('belt_159_A-',#15401);
#336=MANIFOLD_SOLID_BREP('belt_161_B-',#15402);
#337=FACE_OUTER_BOUND('',#1309,.T.);
#338=FACE_OUTER_BOUND('',#1310,.T.);
#339=FACE_OUTER_BOUND('',#1311,.T.);
#340=FACE_OUTER_BOUND('',#1312,.T.);
#341=FACE_OUTER_BOUND('',#1313,.T.);
#342=FACE_OUTER_BOUND('',#1314,.T.);
#343=FACE_OUTER_BOUND('',#1315,.T.);
#344=FACE_OUTER_BOUND('',#1316,.T.);
#345=FACE_OUTER_BOUND('',#1317,.T.);
#346=FACE_OUTER_BOUND('',#1318,.T.);
#347=FACE_OUTER_BOUND('',#1319,.T.);
#348=FACE_OUTER_BOUND('',#1320,.T.);
#349=FACE_OUTER_BOUND('',#1321,.T.);
#350=FACE_OUTER_BOUND('',#1322,.T.);
#351=FACE_OUTER_BOUND('',#1323,.T.);
#352=FACE_OUTER_BOUND('',#1324,.T.);
#353=FACE_OUTER_BOUND('',#1325,.T.);
#354=FACE_OUTER_BOUND('',#1326,.T.);
#355=FACE_OUTER_BOUND('',#1327,.T.);
#356=FACE_OUTER_BOUND('',#1328,.T.);
#357=FACE_OUTER_BOUND('',#1329,.T.);
#358=FACE_OUTER_BOUND('',#1330,.T.);
#359=FACE_OUTER_BOUND('',#1331,.T.);
#360=FACE_OUTER_BOUND('',#1332,.T.);
#361=FACE_OUTER_BOUND('',#1333,.T.);
#362=FACE_OUTER_BOUND('',#1334,.T.);
#363=FACE_OUTER_BOUND('',#1335,.T.);
#364=FACE_OUTER_BOUND('',#1336,.T.);
#365=FACE_OUTER_BOUND('',#1337,.T.);
#366=FACE_OUTER_BOUND('',#1338,.T.);
#367=FACE_OUTER_BOUND('',#1339,.T.);
#368=FACE_OUTER_BOUND('',#1340,.T.);
#369=FACE_OUTER_BOUND('',#1341,.T.);
#370=FACE_OUTER_BOUND('',#1342,.T.);
#371=FACE_OUTER_BOUND('',#1343,.T.);
#372=FACE_OUTER_BOUND('',#1344,.T.);
#373=FACE_OUTER_BOUND('',#1345,.T.);
#374=FACE_OUTER_BOUND('',#1346,.T.);
#375=FACE_OUTER_BOUND('',#1347,.T.);
#376=FACE_OUTER_BOUND('',#1348,.T.);
#377=FACE_OUTER_BOUND('',#1349,.T.);
#378=FACE_OUTER_BOUND('',#1350,.T.);
#379=FACE_OUTER_BOUND('',#1351,.T.);
#380=FACE_OUTER_BOUND('',#1352,.T.);
#381=FACE_OUTER_BOUND('',#1353,.T.);
#382=FACE_OUTER_BOUND('',#1354,.T.);
#383=FACE_OUTER_BOUND('',#1355,.T.);
#384=FACE_OUTER_BOUND('',#1356,.T.);
#385=FACE_OUTER_BOUND('',#1357,.T.);
#386=FACE_OUTER_BOUND('',#1358,.T.);
#387=FACE_OUTER_BOUND('',#1359,.T.);
#388=FACE_OUTER_BOUND('',#1360,.T.);
#389=FACE_OUTER_BOUND('',#1361,.T.);
#390=FACE_OUTER_BOUND('',#1362,.T.);
#391=FACE_OUTER_BOUND('',#1363,.T.);
#392=FACE_OUTER_BOUND('',#1364,.T.);
#393=FACE_OUTER_BOUND('',#1365,.T.);
#394=FACE_OUTER_BOUND('',#1366,.T.);
#395=FACE_OUTER_BOUND('',#1367,.T.);
#396=FACE_OUTER_BOUND('',#1368,.T.);
#397=FACE_OUTER_BOUND('',#1369,.T.);
#398=FACE_OUTER_BOUND('',#1370,.T.);
#399=FACE_OUTER_BOUND('',#1371,.T.);
#400=FACE_OUTER_BOUND('',#1372,.T.);
#401=FACE_OUTER_BOUND('',#1373,.T.);
#402=FACE_OUTER_BOUND('',#1374,.T.);
#403=FACE_OUTER_BOUND('',#1375,.T.);
#404=FACE_OUTER_BOUND('',#1376,.T.);
#405=FACE_OUTER_BOUND('',#1377,.T.);
#406=FACE_OUTER_BOUND('',#1378,.T.);
#407=FACE_OUTER_BOUND('',#1379,.T.);
#408=FACE_OUTER_BOUND('',#1380,.T.);
#409=FACE_OUTER_BOUND('',#1381,.T.);
#410=FACE_OUTER_BOUND('',#1382,.T.);
#411=FACE_OUTER_BOUND('',#1383,.T.);
#412=FACE_OUTER_BOUND('',#1384,.T.);
#413=FACE_OUTER_BOUND('',#1385,.T.);
#414=FACE_OUTER_BOUND('',#1386,.T.);
#415=FACE_OUTER_BOUND('',#1387,.T.);
#416=FACE_OUTER_BOUND('',#1388,.T.);
#417=FACE_OUTER_BOUND('',#1389,.T.);
#418=FACE_OUTER_BOUND('',#1390,.T.);
#419=FACE_OUTER_BOUND('',#1391,.T.);
#420=FACE_OUTER_BOUND('',#1392,.T.);
#421=FACE_OUTER_BOUND('',#1393,.T.);
#422=FACE_OUTER_BOUND('',#1394,.T.);
#423=FACE_OUTER_BOUND('',#1395,.T.);
#424=FACE_OUTER_BOUND('',#1396,.T.);
#425=FACE_OUTER_BOUND('',#1397,.T.);
#426=FACE_OUTER_BOUND('',#1398,.T.);
#427=FACE_OUTER_BOUND('',#1399,.T.);
#428=FACE_OUTER_BOUND('',#1400,.T.);
#429=FACE_OUTER_BOUND('',#1401,.T.);
#430=FACE_OUTER_BOUND('',#1402,.T.);
#431=FACE_OUTER_BOUND('',#1403,.T.);
#432=FACE_OUTER_BOUND('',#1404,.T.);
#433=FACE_OUTER_BOUND('',#1405,.T.);
#434=FACE_OUTER_BOUND('',#1406,.T.);
#435=FACE_OUTER_BOUND('',#1407,.T.);
#436=FACE_OUTER_BOUND('',#1408,.T.);
#437=FACE_OUTER_BOUND('',#1409,.T.);
#438=FACE_OUTER_BOUND('',#1410,.T.);
#439=FACE_OUTER_BOUND('',#1411,.T.);
#440=FACE_OUTER_BOUND('',#1412,.T.);
#441=FACE_OUTER_BOUND('',#1413,.T.);
#442=FACE_OUTER_BOUND('',#1414,.T.);
#443=FACE_OUTER_BOUND('',#1415,.T.);
#444=FACE_OUTER_BOUND('',#1416,.T.);
#445=FACE_OUTER_BOUND('',#1417,.T.);
#446=FACE_OUTER_BOUND('',#1418,.T.);
#447=FACE_OUTER_BOUND('',#1419,.T.);
#448=FACE_OUTER_BOUND('',#1420,.T.);
#449=FACE_OUTER_BOUND('',#1421,.T.);
#450=FACE_OUTER_BOUND('',#1422,.T.);
#451=FACE_OUTER_BOUND('',#1423,.T.);
#452=FACE_OUTER_BOUND('',#1424,.T.);
#453=FACE_OUTER_BOUND('',#1425,.T.);
#454=FACE_OUTER_BOUND('',#1426,.T.);
#455=FACE_OUTER_BOUND('',#1427,.T.);
#456=FACE_OUTER_BOUND('',#1428,.T.);
#457=FACE_OUTER_BOUND('',#1429,.T.);
#458=FACE_OUTER_BOUND('',#1430,.T.);
#459=FACE_OUTER_BOUND('',#1431,.T.);
#460=FACE_OUTER_BOUND('',#1432,.T.);
#461=FACE_OUTER_BOUND('',#1433,.T.);
#462=FACE_OUTER_BOUND('',#1434,.T.);
#463=FACE_OUTER_BOUND('',#1435,.T.);
#464=FACE_OUTER_BOUND('',#1436,.T.);
#465=FACE_OUTER_BOUND('',#1437,.T.);
#466=FACE_OUTER_BOUND('',#1438,.T.);
#467=FACE_OUTER_BOUND('',#1439,.T.);
#468=FACE_OUTER_BOUND('',#1440,.T.);
#469=FACE_OUTER_BOUND('',#1441,.T.);
#470=FACE_OUTER_BOUND('',#1442,.T.);
#471=FACE_OUTER_BOUND('',#1443,.T.);
#472=FACE_OUTER_BOUND('',#1444,.T.);
#473=FACE_OUTER_BOUND('',#1445,.T.);
#474=FACE_OUTER_BOUND('',#1446,.T.);
#475=FACE_OUTER_BOUND('',#1447,.T.);
#476=FACE_OUTER_BOUND('',#1448,.T.);
#477=FACE_OUTER_BOUND('',#1449,.T.);
#478=FACE_OUTER_BOUND('',#1450,.T.);
#479=FACE_OUTER_BOUND('',#1451,.T.);
#480=FACE_OUTER_BOUND('',#1452,.T.);
#481=FACE_OUTER_BOUND('',#1453,.T.);
#482=FACE_OUTER_BOUND('',#1454,.T.);
#483=FACE_OUTER_BOUND('',#1455,.T.);
#484=FACE_OUTER_BOUND('',#1456,.T.);
#485=FACE_OUTER_BOUND('',#1457,.T.);
#486=FACE_OUTER_BOUND('',#1458,.T.);
#487=FACE_OUTER_BOUND('',#1459,.T.);
#488=FACE_OUTER_BOUND('',#1460,.T.);
#489=FACE_OUTER_BOUND('',#1461,.T.);
#490=FACE_OUTER_BOUND('',#1462,.T.);
#491=FACE_OUTER_BOUND('',#1463,.T.);
#492=FACE_OUTER_BOUND('',#1464,.T.);
#493=FACE_OUTER_BOUND('',#1465,.T.);
#494=FACE_OUTER_BOUND('',#1466,.T.);
#495=FACE_OUTER_BOUND('',#1467,.T.);
#496=FACE_OUTER_BOUND('',#1468,.T.);
#497=FACE_OUTER_BOUND('',#1469,.T.);
#498=FACE_OUTER_BOUND('',#1470,.T.);
#499=FACE_OUTER_BOUND('',#1471,.T.);
#500=FACE_OUTER_BOUND('',#1472,.T.);
#501=FACE_OUTER_BOUND('',#1473,.T.);
#502=FACE_OUTER_BOUND('',#1474,.T.);
#503=FACE_OUTER_BOUND('',#1475,.T.);
#504=FACE_OUTER_BOUND('',#1476,.T.);
#505=FACE_OUTER_BOUND('',#1477,.T.);
#506=FACE_OUTER_BOUND('',#1478,.T.);
#507=FACE_OUTER_BOUND('',#1479,.T.);
#508=FACE_OUTER_BOUND('',#1480,.T.);
#509=FACE_OUTER_BOUND('',#1481,.T.);
#510=FACE_OUTER_BOUND('',#1482,.T.);
#511=FACE_OUTER_BOUND('',#1483,.T.);
#512=FACE_OUTER_BOUND('',#1484,.T.);
#513=FACE_OUTER_BOUND('',#1485,.T.);
#514=FACE_OUTER_BOUND('',#1486,.T.);
#515=FACE_OUTER_BOUND('',#1487,.T.);
#516=FACE_OUTER_BOUND('',#1488,.T.);
#517=FACE_OUTER_BOUND('',#1489,.T.);
#518=FACE_OUTER_BOUND('',#1490,.T.);
#519=FACE_OUTER_BOUND('',#1491,.T.);
#520=FACE_OUTER_BOUND('',#1492,.T.);
#521=FACE_OUTER_BOUND('',#1493,.T.);
#522=FACE_OUTER_BOUND('',#1494,.T.);
#523=FACE_OUTER_BOUND('',#1495,.T.);
#524=FACE_OUTER_BOUND('',#1496,.T.);
#525=FACE_OUTER_BOUND('',#1497,.T.);
#526=FACE_OUTER_BOUND('',#1498,.T.);
#527=FACE_OUTER_BOUND('',#1499,.T.);
#528=FACE_OUTER_BOUND('',#1500,.T.);
#529=FACE_OUTER_BOUND('',#1501,.T.);
#530=FACE_OUTER_BOUND('',#1502,.T.);
#531=FACE_OUTER_BOUND('',#1503,.T.);
#532=FACE_OUTER_BOUND('',#1504,.T.);
#533=FACE_OUTER_BOUND('',#1505,.T.);
#534=FACE_OUTER_BOUND('',#1506,.T.);
#535=FACE_OUTER_BOUND('',#1507,.T.);
#536=FACE_OUTER_BOUND('',#1508,.T.);
#537=FACE_OUTER_BOUND('',#1509,.T.);
#538=FACE_OUTER_BOUND('',#1510,.T.);
#539=FACE_OUTER_BOUND('',#1511,.T.);
#540=FACE_OUTER_BOUND('',#1512,.T.);
#541=FACE_OUTER_BOUND('',#1513,.T.);
#542=FACE_OUTER_BOUND('',#1514,.T.);
#543=FACE_OUTER_BOUND('',#1515,.T.);
#544=FACE_OUTER_BOUND('',#1516,.T.);
#545=FACE_OUTER_BOUND('',#1517,.T.);
#546=FACE_OUTER_BOUND('',#1518,.T.);
#547=FACE_OUTER_BOUND('',#1519,.T.);
#548=FACE_OUTER_BOUND('',#1520,.T.);
#549=FACE_OUTER_BOUND('',#1521,.T.);
#550=FACE_OUTER_BOUND('',#1522,.T.);
#551=FACE_OUTER_BOUND('',#1523,.T.);
#552=FACE_OUTER_BOUND('',#1524,.T.);
#553=FACE_OUTER_BOUND('',#1525,.T.);
#554=FACE_OUTER_BOUND('',#1526,.T.);
#555=FACE_OUTER_BOUND('',#1527,.T.);
#556=FACE_OUTER_BOUND('',#1528,.T.);
#557=FACE_OUTER_BOUND('',#1529,.T.);
#558=FACE_OUTER_BOUND('',#1530,.T.);
#559=FACE_OUTER_BOUND('',#1531,.T.);
#560=FACE_OUTER_BOUND('',#1532,.T.);
#561=FACE_OUTER_BOUND('',#1533,.T.);
#562=FACE_OUTER_BOUND('',#1534,.T.);
#563=FACE_OUTER_BOUND('',#1535,.T.);
#564=FACE_OUTER_BOUND('',#1536,.T.);
#565=FACE_OUTER_BOUND('',#1537,.T.);
#566=FACE_OUTER_BOUND('',#1538,.T.);
#567=FACE_OUTER_BOUND('',#1539,.T.);
#568=FACE_OUTER_BOUND('',#1540,.T.);
#569=FACE_OUTER_BOUND('',#1541,.T.);
#570=FACE_OUTER_BOUND('',#1542,.T.);
#571=FACE_OUTER_BOUND('',#1543,.T.);
#572=FACE_OUTER_BOUND('',#1544,.T.);
#573=FACE_OUTER_BOUND('',#1545,.T.);
#574=FACE_OUTER_BOUND('',#1546,.T.);
#575=FACE_OUTER_BOUND('',#1547,.T.);
#576=FACE_OUTER_BOUND('',#1548,.T.);
#577=FACE_OUTER_BOUND('',#1549,.T.);
#578=FACE_OUTER_BOUND('',#1550,.T.);
#579=FACE_OUTER_BOUND('',#1551,.T.);
#580=FACE_OUTER_BOUND('',#1552,.T.);
#581=FACE_OUTER_BOUND('',#1553,.T.);
#582=FACE_OUTER_BOUND('',#1554,.T.);
#583=FACE_OUTER_BOUND('',#1555,.T.);
#584=FACE_OUTER_BOUND('',#1556,.T.);
#585=FACE_OUTER_BOUND('',#1557,.T.);
#586=FACE_OUTER_BOUND('',#1558,.T.);
#587=FACE_OUTER_BOUND('',#1559,.T.);
#588=FACE_OUTER_BOUND('',#1560,.T.);
#589=FACE_OUTER_BOUND('',#1561,.T.);
#590=FACE_OUTER_BOUND('',#1562,.T.);
#591=FACE_OUTER_BOUND('',#1563,.T.);
#592=FACE_OUTER_BOUND('',#1564,.T.);
#593=FACE_OUTER_BOUND('',#1565,.T.);
#594=FACE_OUTER_BOUND('',#1566,.T.);
#595=FACE_OUTER_BOUND('',#1567,.T.);
#596=FACE_OUTER_BOUND('',#1568,.T.);
#597=FACE_OUTER_BOUND('',#1569,.T.);
#598=FACE_OUTER_BOUND('',#1570,.T.);
#599=FACE_OUTER_BOUND('',#1571,.T.);
#600=FACE_OUTER_BOUND('',#1572,.T.);
#601=FACE_OUTER_BOUND('',#1573,.T.);
#602=FACE_OUTER_BOUND('',#1574,.T.);
#603=FACE_OUTER_BOUND('',#1575,.T.);
#604=FACE_OUTER_BOUND('',#1576,.T.);
#605=FACE_OUTER_BOUND('',#1577,.T.);
#606=FACE_OUTER_BOUND('',#1578,.T.);
#607=FACE_OUTER_BOUND('',#1579,.T.);
#608=FACE_OUTER_BOUND('',#1580,.T.);
#609=FACE_OUTER_BOUND('',#1581,.T.);
#610=FACE_OUTER_BOUND('',#1582,.T.);
#611=FACE_OUTER_BOUND('',#1583,.T.);
#612=FACE_OUTER_BOUND('',#1584,.T.);
#613=FACE_OUTER_BOUND('',#1585,.T.);
#614=FACE_OUTER_BOUND('',#1586,.T.);
#615=FACE_OUTER_BOUND('',#1587,.T.);
#616=FACE_OUTER_BOUND('',#1588,.T.);
#617=FACE_OUTER_BOUND('',#1589,.T.);
#618=FACE_OUTER_BOUND('',#1590,.T.);
#619=FACE_OUTER_BOUND('',#1591,.T.);
#620=FACE_OUTER_BOUND('',#1592,.T.);
#621=FACE_OUTER_BOUND('',#1593,.T.);
#622=FACE_OUTER_BOUND('',#1594,.T.);
#623=FACE_OUTER_BOUND('',#1595,.T.);
#624=FACE_OUTER_BOUND('',#1596,.T.);
#625=FACE_OUTER_BOUND('',#1597,.T.);
#626=FACE_OUTER_BOUND('',#1598,.T.);
#627=FACE_OUTER_BOUND('',#1599,.T.);
#628=FACE_OUTER_BOUND('',#1600,.T.);
#629=FACE_OUTER_BOUND('',#1601,.T.);
#630=FACE_OUTER_BOUND('',#1602,.T.);
#631=FACE_OUTER_BOUND('',#1603,.T.);
#632=FACE_OUTER_BOUND('',#1604,.T.);
#633=FACE_OUTER_BOUND('',#1605,.T.);
#634=FACE_OUTER_BOUND('',#1606,.T.);
#635=FACE_OUTER_BOUND('',#1607,.T.);
#636=FACE_OUTER_BOUND('',#1608,.T.);
#637=FACE_OUTER_BOUND('',#1609,.T.);
#638=FACE_OUTER_BOUND('',#1610,.T.);
#639=FACE_OUTER_BOUND('',#1611,.T.);
#640=FACE_OUTER_BOUND('',#1612,.T.);
#641=FACE_OUTER_BOUND('',#1613,.T.);
#642=FACE_OUTER_BOUND('',#1614,.T.);
#643=FACE_OUTER_BOUND('',#1615,.T.);
#644=FACE_OUTER_BOUND('',#1616,.T.);
#645=FACE_OUTER_BOUND('',#1617,.T.);
#646=FACE_OUTER_BOUND('',#1618,.T.);
#647=FACE_OUTER_BOUND('',#1619,.T.);
#648=FACE_OUTER_BOUND('',#1620,.T.);
#649=FACE_OUTER_BOUND('',#1621,.T.);
#650=FACE_OUTER_BOUND('',#1622,.T.);
#651=FACE_OUTER_BOUND('',#1623,.T.);
#652=FACE_OUTER_BOUND('',#1624,.T.);
#653=FACE_OUTER_BOUND('',#1625,.T.);
#654=FACE_OUTER_BOUND('',#1626,.T.);
#655=FACE_OUTER_BOUND('',#1627,.T.);
#656=FACE_OUTER_BOUND('',#1628,.T.);
#657=FACE_OUTER_BOUND('',#1629,.T.);
#658=FACE_OUTER_BOUND('',#1630,.T.);
#659=FACE_OUTER_BOUND('',#1631,.T.);
#660=FACE_OUTER_BOUND('',#1632,.T.);
#661=FACE_OUTER_BOUND('',#1633,.T.);
#662=FACE_OUTER_BOUND('',#1634,.T.);
#663=FACE_OUTER_BOUND('',#1635,.T.);
#664=FACE_OUTER_BOUND('',#1636,.T.);
#665=FACE_OUTER_BOUND('',#1637,.T.);
#666=FACE_OUTER_BOUND('',#1638,.T.);
#667=FACE_OUTER_BOUND('',#1639,.T.);
#668=FACE_OUTER_BOUND('',#1640,.T.);
#669=FACE_OUTER_BOUND('',#1641,.T.);
#670=FACE_OUTER_BOUND('',#1642,.T.);
#671=FACE_OUTER_BOUND('',#1643,.T.);
#672=FACE_OUTER_BOUND('',#1644,.T.);
#673=FACE_OUTER_BOUND('',#1645,.T.);
#674=FACE_OUTER_BOUND('',#1646,.T.);
#675=FACE_OUTER_BOUND('',#1647,.T.);
#676=FACE_OUTER_BOUND('',#1648,.T.);
#677=FACE_OUTER_BOUND('',#1649,.T.);
#678=FACE_OUTER_BOUND('',#1650,.T.);
#679=FACE_OUTER_BOUND('',#1651,.T.);
#680=FACE_OUTER_BOUND('',#1652,.T.);
#681=FACE_OUTER_BOUND('',#1653,.T.);
#682=FACE_OUTER_BOUND('',#1654,.T.);
#683=FACE_OUTER_BOUND('',#1655,.T.);
#684=FACE_OUTER_BOUND('',#1656,.T.);
#685=FACE_OUTER_BOUND('',#1657,.T.);
#686=FACE_OUTER_BOUND('',#1658,.T.);
#687=FACE_OUTER_BOUND('',#1659,.T.);
#688=FACE_OUTER_BOUND('',#1660,.T.);
#689=FACE_OUTER_BOUND('',#1661,.T.);
#690=FACE_OUTER_BOUND('',#1662,.T.);
#691=FACE_OUTER_BOUND('',#1663,.T.);
#692=FACE_OUTER_BOUND('',#1664,.T.);
#693=FACE_OUTER_BOUND('',#1665,.T.);
#694=FACE_OUTER_BOUND('',#1666,.T.);
#695=FACE_OUTER_BOUND('',#1667,.T.);
#696=FACE_OUTER_BOUND('',#1668,.T.);
#697=FACE_OUTER_BOUND('',#1669,.T.);
#698=FACE_OUTER_BOUND('',#1670,.T.);
#699=FACE_OUTER_BOUND('',#1671,.T.);
#700=FACE_OUTER_BOUND('',#1672,.T.);
#701=FACE_OUTER_BOUND('',#1673,.T.);
#702=FACE_OUTER_BOUND('',#1674,.T.);
#703=FACE_OUTER_BOUND('',#1675,.T.);
#704=FACE_OUTER_BOUND('',#1676,.T.);
#705=FACE_OUTER_BOUND('',#1677,.T.);
#706=FACE_OUTER_BOUND('',#1678,.T.);
#707=FACE_OUTER_BOUND('',#1679,.T.);
#708=FACE_OUTER_BOUND('',#1680,.T.);
#709=FACE_OUTER_BOUND('',#1681,.T.);
#710=FACE_OUTER_BOUND('',#1682,.T.);
#711=FACE_OUTER_BOUND('',#1683,.T.);
#712=FACE_OUTER_BOUND('',#1684,.T.);
#713=FACE_OUTER_BOUND('',#1685,.T.);
#714=FACE_OUTER_BOUND('',#1686,.T.);
#715=FACE_OUTER_BOUND('',#1687,.T.);
#716=FACE_OUTER_BOUND('',#1688,.T.);
#717=FACE_OUTER_BOUND('',#1689,.T.);
#718=FACE_OUTER_BOUND('',#1690,.T.);
#719=FACE_OUTER_BOUND('',#1691,.T.);
#720=FACE_OUTER_BOUND('',#1692,.T.);
#721=FACE_OUTER_BOUND('',#1693,.T.);
#722=FACE_OUTER_BOUND('',#1694,.T.);
#723=FACE_OUTER_BOUND('',#1695,.T.);
#724=FACE_OUTER_BOUND('',#1696,.T.);
#725=FACE_OUTER_BOUND('',#1697,.T.);
#726=FACE_OUTER_BOUND('',#1698,.T.);
#727=FACE_OUTER_BOUND('',#1699,.T.);
#728=FACE_OUTER_BOUND('',#1700,.T.);
#729=FACE_OUTER_BOUND('',#1701,.T.);
#730=FACE_OUTER_BOUND('',#1702,.T.);
#731=FACE_OUTER_BOUND('',#1703,.T.);
#732=FACE_OUTER_BOUND('',#1704,.T.);
#733=FACE_OUTER_BOUND('',#1705,.T.);
#734=FACE_OUTER_BOUND('',#1706,.T.);
#735=FACE_OUTER_BOUND('',#1707,.T.);
#736=FACE_OUTER_BOUND('',#1708,.T.);
#737=FACE_OUTER_BOUND('',#1709,.T.);
#738=FACE_OUTER_BOUND('',#1710,.T.);
#739=FACE_OUTER_BOUND('',#1711,.T.);
#740=FACE_OUTER_BOUND('',#1712,.T.);
#741=FACE_OUTER_BOUND('',#1713,.T.);
#742=FACE_OUTER_BOUND('',#1714,.T.);
#743=FACE_OUTER_BOUND('',#1715,.T.);
#744=FACE_OUTER_BOUND('',#1716,.T.);
#745=FACE_OUTER_BOUND('',#1717,.T.);
#746=FACE_OUTER_BOUND('',#1718,.T.);
#747=FACE_OUTER_BOUND('',#1719,.T.);
#748=FACE_OUTER_BOUND('',#1720,.T.);
#749=FACE_OUTER_BOUND('',#1721,.T.);
#750=FACE_OUTER_BOUND('',#1722,.T.);
#751=FACE_OUTER_BOUND('',#1723,.T.);
#752=FACE_OUTER_BOUND('',#1724,.T.);
#753=FACE_OUTER_BOUND('',#1725,.T.);
#754=FACE_OUTER_BOUND('',#1726,.T.);
#755=FACE_OUTER_BOUND('',#1727,.T.);
#756=FACE_OUTER_BOUND('',#1728,.T.);
#757=FACE_OUTER_BOUND('',#1729,.T.);
#758=FACE_OUTER_BOUND('',#1730,.T.);
#759=FACE_OUTER_BOUND('',#1731,.T.);
#760=FACE_OUTER_BOUND('',#1732,.T.);
#761=FACE_OUTER_BOUND('',#1733,.T.);
#762=FACE_OUTER_BOUND('',#1734,.T.);
#763=FACE_OUTER_BOUND('',#1735,.T.);
#764=FACE_OUTER_BOUND('',#1736,.T.);
#765=FACE_OUTER_BOUND('',#1737,.T.);
#766=FACE_OUTER_BOUND('',#1738,.T.);
#767=FACE_OUTER_BOUND('',#1739,.T.);
#768=FACE_OUTER_BOUND('',#1740,.T.);
#769=FACE_OUTER_BOUND('',#1741,.T.);
#770=FACE_OUTER_BOUND('',#1742,.T.);
#771=FACE_OUTER_BOUND('',#1743,.T.);
#772=FACE_OUTER_BOUND('',#1744,.T.);
#773=FACE_OUTER_BOUND('',#1745,.T.);
#774=FACE_OUTER_BOUND('',#1746,.T.);
#775=FACE_OUTER_BOUND('',#1747,.T.);
#776=FACE_OUTER_BOUND('',#1748,.T.);
#777=FACE_OUTER_BOUND('',#1749,.T.);
#778=FACE_OUTER_BOUND('',#1750,.T.);
#779=FACE_OUTER_BOUND('',#1751,.T.);
#780=FACE_OUTER_BOUND('',#1752,.T.);
#781=FACE_OUTER_BOUND('',#1753,.T.);
#782=FACE_OUTER_BOUND('',#1754,.T.);
#783=FACE_OUTER_BOUND('',#1755,.T.);
#784=FACE_OUTER_BOUND('',#1756,.T.);
#785=FACE_OUTER_BOUND('',#1757,.T.);
#786=FACE_OUTER_BOUND('',#1758,.T.);
#787=FACE_OUTER_BOUND('',#1759,.T.);
#788=FACE_OUTER_BOUND('',#1760,.T.);
#789=FACE_OUTER_BOUND('',#1761,.T.);
#790=FACE_OUTER_BOUND('',#1762,.T.);
#791=FACE_OUTER_BOUND('',#1763,.T.);
#792=FACE_OUTER_BOUND('',#1764,.T.);
#793=FACE_OUTER_BOUND('',#1765,.T.);
#794=FACE_OUTER_BOUND('',#1766,.T.);
#795=FACE_OUTER_BOUND('',#1767,.T.);
#796=FACE_OUTER_BOUND('',#1768,.T.);
#797=FACE_OUTER_BOUND('',#1769,.T.);
#798=FACE_OUTER_BOUND('',#1770,.T.);
#799=FACE_OUTER_BOUND('',#1771,.T.);
#800=FACE_OUTER_BOUND('',#1772,.T.);
#801=FACE_OUTER_BOUND('',#1773,.T.);
#802=FACE_OUTER_BOUND('',#1774,.T.);
#803=FACE_OUTER_BOUND('',#1775,.T.);
#804=FACE_OUTER_BOUND('',#1776,.T.);
#805=FACE_OUTER_BOUND('',#1777,.T.);
#806=FACE_OUTER_BOUND('',#1778,.T.);
#807=FACE_OUTER_BOUND('',#1779,.T.);
#808=FACE_OUTER_BOUND('',#1780,.T.);
#809=FACE_OUTER_BOUND('',#1781,.T.);
#810=FACE_OUTER_BOUND('',#1782,.T.);
#811=FACE_OUTER_BOUND('',#1783,.T.);
#812=FACE_OUTER_BOUND('',#1784,.T.);
#813=FACE_OUTER_BOUND('',#1785,.T.);
#814=FACE_OUTER_BOUND('',#1786,.T.);
#815=FACE_OUTER_BOUND('',#1787,.T.);
#816=FACE_OUTER_BOUND('',#1788,.T.);
#817=FACE_OUTER_BOUND('',#1789,.T.);
#818=FACE_OUTER_BOUND('',#1790,.T.);
#819=FACE_OUTER_BOUND('',#1791,.T.);
#820=FACE_OUTER_BOUND('',#1792,.T.);
#821=FACE_OUTER_BOUND('',#1793,.T.);
#822=FACE_OUTER_BOUND('',#1794,.T.);
#823=FACE_OUTER_BOUND('',#1795,.T.);
#824=FACE_OUTER_BOUND('',#1796,.T.);
#825=FACE_OUTER_BOUND('',#1797,.T.);
#826=FACE_OUTER_BOUND('',#1798,.T.);
#827=FACE_OUTER_BOUND('',#1799,.T.);
#828=FACE_OUTER_BOUND('',#1800,.T.);
#829=FACE_OUTER_BOUND('',#1801,.T.);
#830=FACE_OUTER_BOUND('',#1802,.T.);
#831=FACE_OUTER_BOUND('',#1803,.T.);
#832=FACE_OUTER_BOUND('',#1804,.T.);
#833=FACE_OUTER_BOUND('',#1805,.T.);
#834=FACE_OUTER_BOUND('',#1806,.T.);
#835=FACE_OUTER_BOUND('',#1807,.T.);
#836=FACE_OUTER_BOUND('',#1808,.T.);
#837=FACE_OUTER_BOUND('',#1809,.T.);
#838=FACE_OUTER_BOUND('',#1810,.T.);
#839=FACE_OUTER_BOUND('',#1811,.T.);
#840=FACE_OUTER_BOUND('',#1812,.T.);
#841=FACE_OUTER_BOUND('',#1813,.T.);
#842=FACE_OUTER_BOUND('',#1814,.T.);
#843=FACE_OUTER_BOUND('',#1815,.T.);
#844=FACE_OUTER_BOUND('',#1816,.T.);
#845=FACE_OUTER_BOUND('',#1817,.T.);
#846=FACE_OUTER_BOUND('',#1818,.T.);
#847=FACE_OUTER_BOUND('',#1819,.T.);
#848=FACE_OUTER_BOUND('',#1820,.T.);
#849=FACE_OUTER_BOUND('',#1821,.T.);
#850=FACE_OUTER_BOUND('',#1822,.T.);
#851=FACE_OUTER_BOUND('',#1823,.T.);
#852=FACE_OUTER_BOUND('',#1824,.T.);
#853=FACE_OUTER_BOUND('',#1825,.T.);
#854=FACE_OUTER_BOUND('',#1826,.T.);
#855=FACE_OUTER_BOUND('',#1827,.T.);
#856=FACE_OUTER_BOUND('',#1828,.T.);
#857=FACE_OUTER_BOUND('',#1829,.T.);
#858=FACE_OUTER_BOUND('',#1830,.T.);
#859=FACE_OUTER_BOUND('',#1831,.T.);
#860=FACE_OUTER_BOUND('',#1832,.T.);
#861=FACE_OUTER_BOUND('',#1833,.T.);
#862=FACE_OUTER_BOUND('',#1834,.T.);
#863=FACE_OUTER_BOUND('',#1835,.T.);
#864=FACE_OUTER_BOUND('',#1836,.T.);
#865=FACE_OUTER_BOUND('',#1837,.T.);
#866=FACE_OUTER_BOUND('',#1838,.T.);
#867=FACE_OUTER_BOUND('',#1839,.T.);
#868=FACE_OUTER_BOUND('',#1840,.T.);
#869=FACE_OUTER_BOUND('',#1841,.T.);
#870=FACE_OUTER_BOUND('',#1842,.T.);
#871=FACE_OUTER_BOUND('',#1843,.T.);
#872=FACE_OUTER_BOUND('',#1844,.T.);
#873=FACE_OUTER_BOUND('',#1845,.T.);
#874=FACE_OUTER_BOUND('',#1846,.T.);
#875=FACE_OUTER_BOUND('',#1847,.T.);
#876=FACE_OUTER_BOUND('',#1848,.T.);
#877=FACE_OUTER_BOUND('',#1849,.T.);
#878=FACE_OUTER_BOUND('',#1850,.T.);
#879=FACE_OUTER_BOUND('',#1851,.T.);
#880=FACE_OUTER_BOUND('',#1852,.T.);
#881=FACE_OUTER_BOUND('',#1853,.T.);
#882=FACE_OUTER_BOUND('',#1854,.T.);
#883=FACE_OUTER_BOUND('',#1855,.T.);
#884=FACE_OUTER_BOUND('',#1856,.T.);
#885=FACE_OUTER_BOUND('',#1857,.T.);
#886=FACE_OUTER_BOUND('',#1858,.T.);
#887=FACE_OUTER_BOUND('',#1859,.T.);
#888=FACE_OUTER_BOUND('',#1860,.T.);
#889=FACE_OUTER_BOUND('',#1861,.T.);
#890=FACE_OUTER_BOUND('',#1862,.T.);
#891=FACE_OUTER_BOUND('',#1863,.T.);
#892=FACE_OUTER_BOUND('',#1864,.T.);
#893=FACE_OUTER_BOUND('',#1865,.T.);
#894=FACE_OUTER_BOUND('',#1866,.T.);
#895=FACE_OUTER_BOUND('',#1867,.T.);
#896=FACE_OUTER_BOUND('',#1868,.T.);
#897=FACE_OUTER_BOUND('',#1869,.T.);
#898=FACE_OUTER_BOUND('',#1870,.T.);
#899=FACE_OUTER_BOUND('',#1871,.T.);
#900=FACE_OUTER_BOUND('',#1872,.T.);
#901=FACE_OUTER_BOUND('',#1873,.T.);
#902=FACE_OUTER_BOUND('',#1874,.T.);
#903=FACE_OUTER_BOUND('',#1875,.T.);
#904=FACE_OUTER_BOUND('',#1876,.T.);
#905=FACE_OUTER_BOUND('',#1877,.T.);
#906=FACE_OUTER_BOUND('',#1878,.T.);
#907=FACE_OUTER_BOUND('',#1879,.T.);
#908=FACE_OUTER_BOUND('',#1880,.T.);
#909=FACE_OUTER_BOUND('',#1881,.T.);
#910=FACE_OUTER_BOUND('',#1882,.T.);
#911=FACE_OUTER_BOUND('',#1883,.T.);
#912=FACE_OUTER_BOUND('',#1884,.T.);
#913=FACE_OUTER_BOUND('',#1885,.T.);
#914=FACE_OUTER_BOUND('',#1886,.T.);
#915=FACE_OUTER_BOUND('',#1887,.T.);
#916=FACE_OUTER_BOUND('',#1888,.T.);
#917=FACE_OUTER_BOUND('',#1889,.T.);
#918=FACE_OUTER_BOUND('',#1890,.T.);
#919=FACE_OUTER_BOUND('',#1891,.T.);
#920=FACE_OUTER_BOUND('',#1892,.T.);
#921=FACE_OUTER_BOUND('',#1893,.T.);
#922=FACE_OUTER_BOUND('',#1894,.T.);
#923=FACE_OUTER_BOUND('',#1895,.T.);
#924=FACE_OUTER_BOUND('',#1896,.T.);
#925=FACE_OUTER_BOUND('',#1897,.T.);
#926=FACE_OUTER_BOUND('',#1898,.T.);
#927=FACE_OUTER_BOUND('',#1899,.T.);
#928=FACE_OUTER_BOUND('',#1900,.T.);
#929=FACE_OUTER_BOUND('',#1901,.T.);
#930=FACE_OUTER_BOUND('',#1902,.T.);
#931=FACE_OUTER_BOUND('',#1903,.T.);
#932=FACE_OUTER_BOUND('',#1904,.T.);
#933=FACE_OUTER_BOUND('',#1905,.T.);
#934=FACE_OUTER_BOUND('',#1906,.T.);
#935=FACE_OUTER_BOUND('',#1907,.T.);
#936=FACE_OUTER_BOUND('',#1908,.T.);
#937=FACE_OUTER_BOUND('',#1909,.T.);
#938=FACE_OUTER_BOUND('',#1910,.T.);
#939=FACE_OUTER_BOUND('',#1911,.T.);
#940=FACE_OUTER_BOUND('',#1912,.T.);
#941=FACE_OUTER_BOUND('',#1913,.T.);
#942=FACE_OUTER_BOUND('',#1914,.T.);
#943=FACE_OUTER_BOUND('',#1915,.T.);
#944=FACE_OUTER_BOUND('',#1916,.T.);
#945=FACE_OUTER_BOUND('',#1917,.T.);
#946=FACE_OUTER_BOUND('',#1918,.T.);
#947=FACE_OUTER_BOUND('',#1919,.T.);
#948=FACE_OUTER_BOUND('',#1920,.T.);
#949=FACE_OUTER_BOUND('',#1921,.T.);
#950=FACE_OUTER_BOUND('',#1922,.T.);
#951=FACE_OUTER_BOUND('',#1923,.T.);
#952=FACE_OUTER_BOUND('',#1924,.T.);
#953=FACE_OUTER_BOUND('',#1925,.T.);
#954=FACE_OUTER_BOUND('',#1926,.T.);
#955=FACE_OUTER_BOUND('',#1927,.T.);
#956=FACE_OUTER_BOUND('',#1928,.T.);
#957=FACE_OUTER_BOUND('',#1929,.T.);
#958=FACE_OUTER_BOUND('',#1930,.T.);
#959=FACE_OUTER_BOUND('',#1931,.T.);
#960=FACE_OUTER_BOUND('',#1932,.T.);
#961=FACE_OUTER_BOUND('',#1933,.T.);
#962=FACE_OUTER_BOUND('',#1934,.T.);
#963=FACE_OUTER_BOUND('',#1935,.T.);
#964=FACE_OUTER_BOUND('',#1936,.T.);
#965=FACE_OUTER_BOUND('',#1937,.T.);
#966=FACE_OUTER_BOUND('',#1938,.T.);
#967=FACE_OUTER_BOUND('',#1939,.T.);
#968=FACE_OUTER_BOUND('',#1940,.T.);
#969=FACE_OUTER_BOUND('',#1941,.T.);
#970=FACE_OUTER_BOUND('',#1942,.T.);
#971=FACE_OUTER_BOUND('',#1943,.T.);
#972=FACE_OUTER_BOUND('',#1944,.T.);
#973=FACE_OUTER_BOUND('',#1945,.T.);
#974=FACE_OUTER_BOUND('',#1946,.T.);
#975=FACE_OUTER_BOUND('',#1947,.T.);
#976=FACE_OUTER_BOUND('',#1948,.T.);
#977=FACE_OUTER_BOUND('',#1949,.T.);
#978=FACE_OUTER_BOUND('',#1950,.T.);
#979=FACE_OUTER_BOUND('',#1951,.T.);
#980=FACE_OUTER_BOUND('',#1952,.T.);
#981=FACE_OUTER_BOUND('',#1953,.T.);
#982=FACE_OUTER_BOUND('',#1954,.T.);
#983=FACE_OUTER_BOUND('',#1955,.T.);
#984=FACE_OUTER_BOUND('',#1956,.T.);
#985=FACE_OUTER_BOUND('',#1957,.T.);
#986=FACE_OUTER_BOUND('',#1958,.T.);
#987=FACE_OUTER_BOUND('',#1959,.T.);
#988=FACE_OUTER_BOUND('',#1960,.T.);
#989=FACE_OUTER_BOUND('',#1961,.T.);
#990=FACE_OUTER_BOUND('',#1962,.T.);
#991=FACE_OUTER_BOUND('',#1963,.T.);
#992=FACE_OUTER_BOUND('',#1964,.T.);
#993=FACE_OUTER_BOUND('',#1965,.T.);
#994=FACE_OUTER_BOUND('',#1966,.T.);
#995=FACE_OUTER_BOUND('',#1967,.T.);
#996=FACE_OUTER_BOUND('',#1968,.T.);
#997=FACE_OUTER_BOUND('',#1969,.T.);
#998=FACE_OUTER_BOUND('',#1970,.T.);
#999=FACE_OUTER_BOUND('',#1971,.T.);
#1000=FACE_OUTER_BOUND('',#1972,.T.);
#1001=FACE_OUTER_BOUND('',#1973,.T.);
#1002=FACE_OUTER_BOUND('',#1974,.T.);
#1003=FACE_OUTER_BOUND('',#1975,.T.);
#1004=FACE_OUTER_BOUND('',#1976,.T.);
#1005=FACE_OUTER_BOUND('',#1977,.T.);
#1006=FACE_OUTER_BOUND('',#1978,.T.);
#1007=FACE_OUTER_BOUND('',#1979,.T.);
#1008=FACE_OUTER_BOUND('',#1980,.T.);
#1009=FACE_OUTER_BOUND('',#1981,.T.);
#1010=FACE_OUTER_BOUND('',#1982,.T.);
#1011=FACE_OUTER_BOUND('',#1983,.T.);
#1012=FACE_OUTER_BOUND('',#1984,.T.);
#1013=FACE_OUTER_BOUND('',#1985,.T.);
#1014=FACE_OUTER_BOUND('',#1986,.T.);
#1015=FACE_OUTER_BOUND('',#1987,.T.);
#1016=FACE_OUTER_BOUND('',#1988,.T.);
#1017=FACE_OUTER_BOUND('',#1989,.T.);
#1018=FACE_OUTER_BOUND('',#1990,.T.);
#1019=FACE_OUTER_BOUND('',#1991,.T.);
#1020=FACE_OUTER_BOUND('',#1992,.T.);
#1021=FACE_OUTER_BOUND('',#1993,.T.);
#1022=FACE_OUTER_BOUND('',#1994,.T.);
#1023=FACE_OUTER_BOUND('',#1995,.T.);
#1024=FACE_OUTER_BOUND('',#1996,.T.);
#1025=FACE_OUTER_BOUND('',#1997,.T.);
#1026=FACE_OUTER_BOUND('',#1998,.T.);
#1027=FACE_OUTER_BOUND('',#1999,.T.);
#1028=FACE_OUTER_BOUND('',#2000,.T.);
#1029=FACE_OUTER_BOUND('',#2001,.T.);
#1030=FACE_OUTER_BOUND('',#2002,.T.);
#1031=FACE_OUTER_BOUND('',#2003,.T.);
#1032=FACE_OUTER_BOUND('',#2004,.T.);
#1033=FACE_OUTER_BOUND('',#2005,.T.);
#1034=FACE_OUTER_BOUND('',#2006,.T.);
#1035=FACE_OUTER_BOUND('',#2007,.T.);
#1036=FACE_OUTER_BOUND('',#2008,.T.);
#1037=FACE_OUTER_BOUND('',#2009,.T.);
#1038=FACE_OUTER_BOUND('',#2010,.T.);
#1039=FACE_OUTER_BOUND('',#2011,.T.);
#1040=FACE_OUTER_BOUND('',#2012,.T.);
#1041=FACE_OUTER_BOUND('',#2013,.T.);
#1042=FACE_OUTER_BOUND('',#2014,.T.);
#1043=FACE_OUTER_BOUND('',#2015,.T.);
#1044=FACE_OUTER_BOUND('',#2016,.T.);
#1045=FACE_OUTER_BOUND('',#2017,.T.);
#1046=FACE_OUTER_BOUND('',#2018,.T.);
#1047=FACE_OUTER_BOUND('',#2019,.T.);
#1048=FACE_OUTER_BOUND('',#2020,.T.);
#1049=FACE_OUTER_BOUND('',#2021,.T.);
#1050=FACE_OUTER_BOUND('',#2022,.T.);
#1051=FACE_OUTER_BOUND('',#2023,.T.);
#1052=FACE_OUTER_BOUND('',#2024,.T.);
#1053=FACE_OUTER_BOUND('',#2025,.T.);
#1054=FACE_OUTER_BOUND('',#2026,.T.);
#1055=FACE_OUTER_BOUND('',#2027,.T.);
#1056=FACE_OUTER_BOUND('',#2028,.T.);
#1057=FACE_OUTER_BOUND('',#2029,.T.);
#1058=FACE_OUTER_BOUND('',#2030,.T.);
#1059=FACE_OUTER_BOUND('',#2031,.T.);
#1060=FACE_OUTER_BOUND('',#2032,.T.);
#1061=FACE_OUTER_BOUND('',#2033,.T.);
#1062=FACE_OUTER_BOUND('',#2034,.T.);
#1063=FACE_OUTER_BOUND('',#2035,.T.);
#1064=FACE_OUTER_BOUND('',#2036,.T.);
#1065=FACE_OUTER_BOUND('',#2037,.T.);
#1066=FACE_OUTER_BOUND('',#2038,.T.);
#1067=FACE_OUTER_BOUND('',#2039,.T.);
#1068=FACE_OUTER_BOUND('',#2040,.T.);
#1069=FACE_OUTER_BOUND('',#2041,.T.);
#1070=FACE_OUTER_BOUND('',#2042,.T.);
#1071=FACE_OUTER_BOUND('',#2043,.T.);
#1072=FACE_OUTER_BOUND('',#2044,.T.);
#1073=FACE_OUTER_BOUND('',#2045,.T.);
#1074=FACE_OUTER_BOUND('',#2046,.T.);
#1075=FACE_OUTER_BOUND('',#2047,.T.);
#1076=FACE_OUTER_BOUND('',#2048,.T.);
#1077=FACE_OUTER_BOUND('',#2049,.T.);
#1078=FACE_OUTER_BOUND('',#2050,.T.);
#1079=FACE_OUTER_BOUND('',#2051,.T.);
#1080=FACE_OUTER_BOUND('',#2052,.T.);
#1081=FACE_OUTER_BOUND('',#2053,.T.);
#1082=FACE_OUTER_BOUND('',#2054,.T.);
#1083=FACE_OUTER_BOUND('',#2055,.T.);
#1084=FACE_OUTER_BOUND('',#2056,.T.);
#1085=FACE_OUTER_BOUND('',#2057,.T.);
#1086=FACE_OUTER_BOUND('',#2058,.T.);
#1087=FACE_OUTER_BOUND('',#2059,.T.);
#1088=FACE_OUTER_BOUND('',#2060,.T.);
#1089=FACE_OUTER_BOUND('',#2061,.T.);
#1090=FACE_OUTER_BOUND('',#2062,.T.);
#1091=FACE_OUTER_BOUND('',#2063,.T.);
#1092=FACE_OUTER_BOUND('',#2064,.T.);
#1093=FACE_OUTER_BOUND('',#2065,.T.);
#1094=FACE_OUTER_BOUND('',#2066,.T.);
#1095=FACE_OUTER_BOUND('',#2067,.T.);
#1096=FACE_OUTER_BOUND('',#2068,.T.);
#1097=FACE_OUTER_BOUND('',#2069,.T.);
#1098=FACE_OUTER_BOUND('',#2070,.T.);
#1099=FACE_OUTER_BOUND('',#2071,.T.);
#1100=FACE_OUTER_BOUND('',#2072,.T.);
#1101=FACE_OUTER_BOUND('',#2073,.T.);
#1102=FACE_OUTER_BOUND('',#2074,.T.);
#1103=FACE_OUTER_BOUND('',#2075,.T.);
#1104=FACE_OUTER_BOUND('',#2076,.T.);
#1105=FACE_OUTER_BOUND('',#2077,.T.);
#1106=FACE_OUTER_BOUND('',#2078,.T.);
#1107=FACE_OUTER_BOUND('',#2079,.T.);
#1108=FACE_OUTER_BOUND('',#2080,.T.);
#1109=FACE_OUTER_BOUND('',#2081,.T.);
#1110=FACE_OUTER_BOUND('',#2082,.T.);
#1111=FACE_OUTER_BOUND('',#2083,.T.);
#1112=FACE_OUTER_BOUND('',#2084,.T.);
#1113=FACE_OUTER_BOUND('',#2085,.T.);
#1114=FACE_OUTER_BOUND('',#2086,.T.);
#1115=FACE_OUTER_BOUND('',#2087,.T.);
#1116=FACE_OUTER_BOUND('',#2088,.T.);
#1117=FACE_OUTER_BOUND('',#2089,.T.);
#1118=FACE_OUTER_BOUND('',#2090,.T.);
#1119=FACE_OUTER_BOUND('',#2091,.T.);
#1120=FACE_OUTER_BOUND('',#2092,.T.);
#1121=FACE_OUTER_BOUND('',#2093,.T.);
#1122=FACE_OUTER_BOUND('',#2094,.T.);
#1123=FACE_OUTER_BOUND('',#2095,.T.);
#1124=FACE_OUTER_BOUND('',#2096,.T.);
#1125=FACE_OUTER_BOUND('',#2097,.T.);
#1126=FACE_OUTER_BOUND('',#2098,.T.);
#1127=FACE_OUTER_BOUND('',#2099,.T.);
#1128=FACE_OUTER_BOUND('',#2100,.T.);
#1129=FACE_OUTER_BOUND('',#2101,.T.);
#1130=FACE_OUTER_BOUND('',#2102,.T.);
#1131=FACE_OUTER_BOUND('',#2103,.T.);
#1132=FACE_OUTER_BOUND('',#2104,.T.);
#1133=FACE_OUTER_BOUND('',#2105,.T.);
#1134=FACE_OUTER_BOUND('',#2106,.T.);
#1135=FACE_OUTER_BOUND('',#2107,.T.);
#1136=FACE_OUTER_BOUND('',#2108,.T.);
#1137=FACE_OUTER_BOUND('',#2109,.T.);
#1138=FACE_OUTER_BOUND('',#2110,.T.);
#1139=FACE_OUTER_BOUND('',#2111,.T.);
#1140=FACE_OUTER_BOUND('',#2112,.T.);
#1141=FACE_OUTER_BOUND('',#2113,.T.);
#1142=FACE_OUTER_BOUND('',#2114,.T.);
#1143=FACE_OUTER_BOUND('',#2115,.T.);
#1144=FACE_OUTER_BOUND('',#2116,.T.);
#1145=FACE_OUTER_BOUND('',#2117,.T.);
#1146=FACE_OUTER_BOUND('',#2118,.T.);
#1147=FACE_OUTER_BOUND('',#2119,.T.);
#1148=FACE_OUTER_BOUND('',#2120,.T.);
#1149=FACE_OUTER_BOUND('',#2121,.T.);
#1150=FACE_OUTER_BOUND('',#2122,.T.);
#1151=FACE_OUTER_BOUND('',#2123,.T.);
#1152=FACE_OUTER_BOUND('',#2124,.T.);
#1153=FACE_OUTER_BOUND('',#2125,.T.);
#1154=FACE_OUTER_BOUND('',#2126,.T.);
#1155=FACE_OUTER_BOUND('',#2127,.T.);
#1156=FACE_OUTER_BOUND('',#2128,.T.);
#1157=FACE_OUTER_BOUND('',#2129,.T.);
#1158=FACE_OUTER_BOUND('',#2130,.T.);
#1159=FACE_OUTER_BOUND('',#2131,.T.);
#1160=FACE_OUTER_BOUND('',#2132,.T.);
#1161=FACE_OUTER_BOUND('',#2133,.T.);
#1162=FACE_OUTER_BOUND('',#2134,.T.);
#1163=FACE_OUTER_BOUND('',#2135,.T.);
#1164=FACE_OUTER_BOUND('',#2136,.T.);
#1165=FACE_OUTER_BOUND('',#2137,.T.);
#1166=FACE_OUTER_BOUND('',#2138,.T.);
#1167=FACE_OUTER_BOUND('',#2139,.T.);
#1168=FACE_OUTER_BOUND('',#2140,.T.);
#1169=FACE_OUTER_BOUND('',#2141,.T.);
#1170=FACE_OUTER_BOUND('',#2142,.T.);
#1171=FACE_OUTER_BOUND('',#2143,.T.);
#1172=FACE_OUTER_BOUND('',#2144,.T.);
#1173=FACE_OUTER_BOUND('',#2145,.T.);
#1174=FACE_OUTER_BOUND('',#2146,.T.);
#1175=FACE_OUTER_BOUND('',#2147,.T.);
#1176=FACE_OUTER_BOUND('',#2148,.T.);
#1177=FACE_OUTER_BOUND('',#2149,.T.);
#1178=FACE_OUTER_BOUND('',#2150,.T.);
#1179=FACE_OUTER_BOUND('',#2151,.T.);
#1180=FACE_OUTER_BOUND('',#2152,.T.);
#1181=FACE_OUTER_BOUND('',#2153,.T.);
#1182=FACE_OUTER_BOUND('',#2154,.T.);
#1183=FACE_OUTER_BOUND('',#2155,.T.);
#1184=FACE_OUTER_BOUND('',#2156,.T.);
#1185=FACE_OUTER_BOUND('',#2157,.T.);
#1186=FACE_OUTER_BOUND('',#2158,.T.);
#1187=FACE_OUTER_BOUND('',#2159,.T.);
#1188=FACE_OUTER_BOUND('',#2160,.T.);
#1189=FACE_OUTER_BOUND('',#2161,.T.);
#1190=FACE_OUTER_BOUND('',#2162,.T.);
#1191=FACE_OUTER_BOUND('',#2163,.T.);
#1192=FACE_OUTER_BOUND('',#2164,.T.);
#1193=FACE_OUTER_BOUND('',#2165,.T.);
#1194=FACE_OUTER_BOUND('',#2166,.T.);
#1195=FACE_OUTER_BOUND('',#2167,.T.);
#1196=FACE_OUTER_BOUND('',#2168,.T.);
#1197=FACE_OUTER_BOUND('',#2169,.T.);
#1198=FACE_OUTER_BOUND('',#2170,.T.);
#1199=FACE_OUTER_BOUND('',#2171,.T.);
#1200=FACE_OUTER_BOUND('',#2172,.T.);
#1201=FACE_OUTER_BOUND('',#2173,.T.);
#1202=FACE_OUTER_BOUND('',#2174,.T.);
#1203=FACE_OUTER_BOUND('',#2175,.T.);
#1204=FACE_OUTER_BOUND('',#2176,.T.);
#1205=FACE_OUTER_BOUND('',#2177,.T.);
#1206=FACE_OUTER_BOUND('',#2178,.T.);
#1207=FACE_OUTER_BOUND('',#2179,.T.);
#1208=FACE_OUTER_BOUND('',#2180,.T.);
#1209=FACE_OUTER_BOUND('',#2181,.T.);
#1210=FACE_OUTER_BOUND('',#2182,.T.);
#1211=FACE_OUTER_BOUND('',#2183,.T.);
#1212=FACE_OUTER_BOUND('',#2184,.T.);
#1213=FACE_OUTER_BOUND('',#2185,.T.);
#1214=FACE_OUTER_BOUND('',#2186,.T.);
#1215=FACE_OUTER_BOUND('',#2187,.T.);
#1216=FACE_OUTER_BOUND('',#2188,.T.);
#1217=FACE_OUTER_BOUND('',#2189,.T.);
#1218=FACE_OUTER_BOUND('',#2190,.T.);
#1219=FACE_OUTER_BOUND('',#2191,.T.);
#1220=FACE_OUTER_BOUND('',#2192,.T.);
#1221=FACE_OUTER_BOUND('',#2193,.T.);
#1222=FACE_OUTER_BOUND('',#2194,.T.);
#1223=FACE_OUTER_BOUND('',#2195,.T.);
#1224=FACE_OUTER_BOUND('',#2196,.T.);
#1225=FACE_OUTER_BOUND('',#2197,.T.);
#1226=FACE_OUTER_BOUND('',#2198,.T.);
#1227=FACE_OUTER_BOUND('',#2199,.T.);
#1228=FACE_OUTER_BOUND('',#2200,.T.);
#1229=FACE_OUTER_BOUND('',#2201,.T.);
#1230=FACE_OUTER_BOUND('',#2202,.T.);
#1231=FACE_OUTER_BOUND('',#2203,.T.);
#1232=FACE_OUTER_BOUND('',#2204,.T.);
#1233=FACE_OUTER_BOUND('',#2205,.T.);
#1234=FACE_OUTER_BOUND('',#2206,.T.);
#1235=FACE_OUTER_BOUND('',#2207,.T.);
#1236=FACE_OUTER_BOUND('',#2208,.T.);
#1237=FACE_OUTER_BOUND('',#2209,.T.);
#1238=FACE_OUTER_BOUND('',#2210,.T.);
#1239=FACE_OUTER_BOUND('',#2211,.T.);
#1240=FACE_OUTER_BOUND('',#2212,.T.);
#1241=FACE_OUTER_BOUND('',#2213,.T.);
#1242=FACE_OUTER_BOUND('',#2214,.T.);
#1243=FACE_OUTER_BOUND('',#2215,.T.);
#1244=FACE_OUTER_BOUND('',#2216,.T.);
#1245=FACE_OUTER_BOUND('',#2217,.T.);
#1246=FACE_OUTER_BOUND('',#2218,.T.);
#1247=FACE_OUTER_BOUND('',#2219,.T.);
#1248=FACE_OUTER_BOUND('',#2220,.T.);
#1249=FACE_OUTER_BOUND('',#2221,.T.);
#1250=FACE_OUTER_BOUND('',#2222,.T.);
#1251=FACE_OUTER_BOUND('',#2223,.T.);
#1252=FACE_OUTER_BOUND('',#2224,.T.);
#1253=FACE_OUTER_BOUND('',#2225,.T.);
#1254=FACE_OUTER_BOUND('',#2226,.T.);
#1255=FACE_OUTER_BOUND('',#2227,.T.);
#1256=FACE_OUTER_BOUND('',#2228,.T.);
#1257=FACE_OUTER_BOUND('',#2229,.T.);
#1258=FACE_OUTER_BOUND('',#2230,.T.);
#1259=FACE_OUTER_BOUND('',#2231,.T.);
#1260=FACE_OUTER_BOUND('',#2232,.T.);
#1261=FACE_OUTER_BOUND('',#2233,.T.);
#1262=FACE_OUTER_BOUND('',#2234,.T.);
#1263=FACE_OUTER_BOUND('',#2235,.T.);
#1264=FACE_OUTER_BOUND('',#2236,.T.);
#1265=FACE_OUTER_BOUND('',#2237,.T.);
#1266=FACE_OUTER_BOUND('',#2238,.T.);
#1267=FACE_OUTER_BOUND('',#2239,.T.);
#1268=FACE_OUTER_BOUND('',#2240,.T.);
#1269=FACE_OUTER_BOUND('',#2241,.T.);
#1270=FACE_OUTER_BOUND('',#2242,.T.);
#1271=FACE_OUTER_BOUND('',#2243,.T.);
#1272=FACE_OUTER_BOUND('',#2244,.T.);
#1273=FACE_OUTER_BOUND('',#2245,.T.);
#1274=FACE_OUTER_BOUND('',#2246,.T.);
#1275=FACE_OUTER_BOUND('',#2247,.T.);
#1276=FACE_OUTER_BOUND('',#2248,.T.);
#1277=FACE_OUTER_BOUND('',#2249,.T.);
#1278=FACE_OUTER_BOUND('',#2250,.T.);
#1279=FACE_OUTER_BOUND('',#2251,.T.);
#1280=FACE_OUTER_BOUND('',#2252,.T.);
#1281=FACE_OUTER_BOUND('',#2253,.T.);
#1282=FACE_OUTER_BOUND('',#2254,.T.);
#1283=FACE_OUTER_BOUND('',#2255,.T.);
#1284=FACE_OUTER_BOUND('',#2256,.T.);
#1285=FACE_OUTER_BOUND('',#2257,.T.);
#1286=FACE_OUTER_BOUND('',#2258,.T.);
#1287=FACE_OUTER_BOUND('',#2259,.T.);
#1288=FACE_OUTER_BOUND('',#2260,.T.);
#1289=FACE_OUTER_BOUND('',#2261,.T.);
#1290=FACE_OUTER_BOUND('',#2262,.T.);
#1291=FACE_OUTER_BOUND('',#2263,.T.);
#1292=FACE_OUTER_BOUND('',#2264,.T.);
#1293=FACE_OUTER_BOUND('',#2265,.T.);
#1294=FACE_OUTER_BOUND('',#2266,.T.);
#1295=FACE_OUTER_BOUND('',#2267,.T.);
#1296=FACE_OUTER_BOUND('',#2268,.T.);
#1297=FACE_OUTER_BOUND('',#2269,.T.);
#1298=FACE_OUTER_BOUND('',#2270,.T.);
#1299=FACE_OUTER_BOUND('',#2271,.T.);
#1300=FACE_OUTER_BOUND('',#2272,.T.);
#1301=FACE_OUTER_BOUND('',#2273,.T.);
#1302=FACE_OUTER_BOUND('',#2274,.T.);
#1303=FACE_OUTER_BOUND('',#2275,.T.);
#1304=FACE_OUTER_BOUND('',#2276,.T.);
#1305=FACE_OUTER_BOUND('',#2277,.T.);
#1306=FACE_OUTER_BOUND('',#2278,.T.);
#1307=FACE_OUTER_BOUND('',#2279,.T.);
#1308=FACE_OUTER_BOUND('',#2280,.T.);
#1309=EDGE_LOOP('',(#9409,#9410,#9411,#9412));
#1310=EDGE_LOOP('',(#9413,#9414,#9415,#9416));
#1311=EDGE_LOOP('',(#9417,#9418,#9419,#9420));
#1312=EDGE_LOOP('',(#9421,#9422,#9423,#9424));
#1313=EDGE_LOOP('',(#9425,#9426,#9427,#9428));
#1314=EDGE_LOOP('',(#9429,#9430,#9431,#9432));
#1315=EDGE_LOOP('',(#9433,#9434,#9435,#9436));
#1316=EDGE_LOOP('',(#9437,#9438,#9439,#9440));
#1317=EDGE_LOOP('',(#9441,#9442,#9443,#9444));
#1318=EDGE_LOOP('',(#9445,#9446,#9447,#9448));
#1319=EDGE_LOOP('',(#9449,#9450,#9451,#9452));
#1320=EDGE_LOOP('',(#9453,#9454,#9455,#9456));
#1321=EDGE_LOOP('',(#9457,#9458,#9459,#9460));
#1322=EDGE_LOOP('',(#9461,#9462,#9463,#9464));
#1323=EDGE_LOOP('',(#9465,#9466,#9467,#9468));
#1324=EDGE_LOOP('',(#9469,#9470,#9471,#9472));
#1325=EDGE_LOOP('',(#9473,#9474,#9475,#9476));
#1326=EDGE_LOOP('',(#9477,#9478,#9479,#9480));
#1327=EDGE_LOOP('',(#9481,#9482,#9483,#9484));
#1328=EDGE_LOOP('',(#9485,#9486,#9487,#9488));
#1329=EDGE_LOOP('',(#9489,#9490,#9491,#9492));
#1330=EDGE_LOOP('',(#9493,#9494,#9495,#9496));
#1331=EDGE_LOOP('',(#9497,#9498,#9499,#9500));
#1332=EDGE_LOOP('',(#9501,#9502,#9503,#9504));
#1333=EDGE_LOOP('',(#9505,#9506,#9507,#9508));
#1334=EDGE_LOOP('',(#9509,#9510,#9511,#9512));
#1335=EDGE_LOOP('',(#9513,#9514,#9515,#9516));
#1336=EDGE_LOOP('',(#9517,#9518,#9519,#9520));
#1337=EDGE_LOOP('',(#9521,#9522,#9523,#9524));
#1338=EDGE_LOOP('',(#9525,#9526,#9527,#9528));
#1339=EDGE_LOOP('',(#9529,#9530,#9531,#9532));
#1340=EDGE_LOOP('',(#9533,#9534,#9535,#9536));
#1341=EDGE_LOOP('',(#9537,#9538,#9539,#9540));
#1342=EDGE_LOOP('',(#9541,#9542,#9543,#9544));
#1343=EDGE_LOOP('',(#9545,#9546,#9547,#9548));
#1344=EDGE_LOOP('',(#9549,#9550,#9551,#9552));
#1345=EDGE_LOOP('',(#9553,#9554,#9555,#9556));
#1346=EDGE_LOOP('',(#9557,#9558,#9559,#9560));
#1347=EDGE_LOOP('',(#9561,#9562,#9563,#9564));
#1348=EDGE_LOOP('',(#9565,#9566,#9567,#9568));
#1349=EDGE_LOOP('',(#9569,#9570,#9571,#9572));
#1350=EDGE_LOOP('',(#9573,#9574,#9575,#9576));
#1351=EDGE_LOOP('',(#9577,#9578,#9579,#9580));
#1352=EDGE_LOOP('',(#9581,#9582,#9583,#9584));
#1353=EDGE_LOOP('',(#9585,#9586,#9587,#9588));
#1354=EDGE_LOOP('',(#9589,#9590,#9591,#9592));
#1355=EDGE_LOOP('',(#9593,#9594,#9595,#9596));
#1356=EDGE_LOOP('',(#9597,#9598,#9599,#9600));
#1357=EDGE_LOOP('',(#9601,#9602,#9603,#9604));
#1358=EDGE_LOOP('',(#9605,#9606,#9607,#9608));
#1359=EDGE_LOOP('',(#9609,#9610,#9611,#9612));
#1360=EDGE_LOOP('',(#9613,#9614,#9615,#9616));
#1361=EDGE_LOOP('',(#9617,#9618,#9619,#9620));
#1362=EDGE_LOOP('',(#9621,#9622,#9623,#9624));
#1363=EDGE_LOOP('',(#9625,#9626,#9627,#9628));
#1364=EDGE_LOOP('',(#9629,#9630,#9631,#9632));
#1365=EDGE_LOOP('',(#9633,#9634,#9635,#9636));
#1366=EDGE_LOOP('',(#9637,#9638,#9639,#9640));
#1367=EDGE_LOOP('',(#9641,#9642,#9643,#9644));
#1368=EDGE_LOOP('',(#9645,#9646,#9647,#9648));
#1369=EDGE_LOOP('',(#9649,#9650,#9651,#9652));
#1370=EDGE_LOOP('',(#9653,#9654,#9655,#9656));
#1371=EDGE_LOOP('',(#9657,#9658,#9659,#9660));
#1372=EDGE_LOOP('',(#9661,#9662,#9663,#9664));
#1373=EDGE_LOOP('',(#9665,#9666,#9667,#9668));
#1374=EDGE_LOOP('',(#9669,#9670,#9671,#9672));
#1375=EDGE_LOOP('',(#9673,#9674,#9675,#9676));
#1376=EDGE_LOOP('',(#9677,#9678,#9679,#9680));
#1377=EDGE_LOOP('',(#9681,#9682,#9683,#9684));
#1378=EDGE_LOOP('',(#9685,#9686,#9687,#9688));
#1379=EDGE_LOOP('',(#9689,#9690,#9691,#9692));
#1380=EDGE_LOOP('',(#9693,#9694,#9695,#9696));
#1381=EDGE_LOOP('',(#9697,#9698,#9699,#9700));
#1382=EDGE_LOOP('',(#9701,#9702,#9703,#9704));
#1383=EDGE_LOOP('',(#9705,#9706,#9707,#9708));
#1384=EDGE_LOOP('',(#9709,#9710,#9711,#9712));
#1385=EDGE_LOOP('',(#9713,#9714,#9715,#9716));
#1386=EDGE_LOOP('',(#9717,#9718,#9719,#9720));
#1387=EDGE_LOOP('',(#9721,#9722,#9723,#9724));
#1388=EDGE_LOOP('',(#9725,#9726,#9727,#9728));
#1389=EDGE_LOOP('',(#9729,#9730,#9731,#9732));
#1390=EDGE_LOOP('',(#9733,#9734,#9735,#9736));
#1391=EDGE_LOOP('',(#9737,#9738,#9739,#9740));
#1392=EDGE_LOOP('',(#9741,#9742,#9743,#9744));
#1393=EDGE_LOOP('',(#9745,#9746,#9747,#9748));
#1394=EDGE_LOOP('',(#9749,#9750,#9751,#9752));
#1395=EDGE_LOOP('',(#9753,#9754,#9755,#9756));
#1396=EDGE_LOOP('',(#9757,#9758,#9759,#9760));
#1397=EDGE_LOOP('',(#9761,#9762,#9763,#9764));
#1398=EDGE_LOOP('',(#9765,#9766,#9767,#9768));
#1399=EDGE_LOOP('',(#9769,#9770,#9771,#9772));
#1400=EDGE_LOOP('',(#9773,#9774,#9775,#9776));
#1401=EDGE_LOOP('',(#9777,#9778,#9779,#9780));
#1402=EDGE_LOOP('',(#9781,#9782,#9783,#9784));
#1403=EDGE_LOOP('',(#9785,#9786,#9787,#9788));
#1404=EDGE_LOOP('',(#9789,#9790,#9791,#9792));
#1405=EDGE_LOOP('',(#9793,#9794,#9795,#9796));
#1406=EDGE_LOOP('',(#9797,#9798,#9799,#9800));
#1407=EDGE_LOOP('',(#9801,#9802,#9803,#9804));
#1408=EDGE_LOOP('',(#9805,#9806,#9807,#9808));
#1409=EDGE_LOOP('',(#9809,#9810,#9811,#9812));
#1410=EDGE_LOOP('',(#9813,#9814,#9815,#9816));
#1411=EDGE_LOOP('',(#9817,#9818,#9819,#9820));
#1412=EDGE_LOOP('',(#9821,#9822,#9823,#9824));
#1413=EDGE_LOOP('',(#9825,#9826,#9827,#9828));
#1414=EDGE_LOOP('',(#9829,#9830,#9831,#9832));
#1415=EDGE_LOOP('',(#9833,#9834,#9835,#9836));
#1416=EDGE_LOOP('',(#9837,#9838,#9839,#9840));
#1417=EDGE_LOOP('',(#9841,#9842,#9843,#9844));
#1418=EDGE_LOOP('',(#9845,#9846,#9847,#9848));
#1419=EDGE_LOOP('',(#9849,#9850,#9851,#9852));
#1420=EDGE_LOOP('',(#9853,#9854,#9855,#9856));
#1421=EDGE_LOOP('',(#9857,#9858,#9859,#9860));
#1422=EDGE_LOOP('',(#9861,#9862,#9863,#9864));
#1423=EDGE_LOOP('',(#9865,#9866,#9867,#9868));
#1424=EDGE_LOOP('',(#9869,#9870,#9871,#9872));
#1425=EDGE_LOOP('',(#9873,#9874,#9875,#9876));
#1426=EDGE_LOOP('',(#9877,#9878,#9879,#9880));
#1427=EDGE_LOOP('',(#9881,#9882,#9883,#9884));
#1428=EDGE_LOOP('',(#9885,#9886,#9887,#9888));
#1429=EDGE_LOOP('',(#9889,#9890,#9891,#9892));
#1430=EDGE_LOOP('',(#9893,#9894,#9895,#9896));
#1431=EDGE_LOOP('',(#9897,#9898,#9899,#9900));
#1432=EDGE_LOOP('',(#9901,#9902,#9903,#9904));
#1433=EDGE_LOOP('',(#9905,#9906,#9907,#9908));
#1434=EDGE_LOOP('',(#9909,#9910,#9911,#9912));
#1435=EDGE_LOOP('',(#9913,#9914,#9915,#9916));
#1436=EDGE_LOOP('',(#9917,#9918,#9919,#9920));
#1437=EDGE_LOOP('',(#9921,#9922,#9923,#9924));
#1438=EDGE_LOOP('',(#9925,#9926,#9927,#9928));
#1439=EDGE_LOOP('',(#9929,#9930,#9931,#9932));
#1440=EDGE_LOOP('',(#9933,#9934,#9935,#9936));
#1441=EDGE_LOOP('',(#9937,#9938,#9939,#9940));
#1442=EDGE_LOOP('',(#9941,#9942,#9943,#9944));
#1443=EDGE_LOOP('',(#9945,#9946,#9947,#9948));
#1444=EDGE_LOOP('',(#9949,#9950,#9951,#9952));
#1445=EDGE_LOOP('',(#9953,#9954,#9955,#9956));
#1446=EDGE_LOOP('',(#9957,#9958,#9959,#9960));
#1447=EDGE_LOOP('',(#9961,#9962,#9963,#9964));
#1448=EDGE_LOOP('',(#9965,#9966,#9967,#9968));
#1449=EDGE_LOOP('',(#9969,#9970,#9971,#9972));
#1450=EDGE_LOOP('',(#9973,#9974,#9975,#9976));
#1451=EDGE_LOOP('',(#9977,#9978,#9979,#9980));
#1452=EDGE_LOOP('',(#9981,#9982,#9983,#9984));
#1453=EDGE_LOOP('',(#9985,#9986,#9987,#9988));
#1454=EDGE_LOOP('',(#9989,#9990,#9991,#9992));
#1455=EDGE_LOOP('',(#9993,#9994,#9995,#9996));
#1456=EDGE_LOOP('',(#9997,#9998,#9999,#10000));
#1457=EDGE_LOOP('',(#10001,#10002,#10003,#10004));
#1458=EDGE_LOOP('',(#10005,#10006,#10007,#10008));
#1459=EDGE_LOOP('',(#10009,#10010,#10011,#10012));
#1460=EDGE_LOOP('',(#10013,#10014,#10015,#10016));
#1461=EDGE_LOOP('',(#10017,#10018,#10019,#10020));
#1462=EDGE_LOOP('',(#10021,#10022,#10023,#10024));
#1463=EDGE_LOOP('',(#10025,#10026,#10027,#10028));
#1464=EDGE_LOOP('',(#10029,#10030,#10031,#10032));
#1465=EDGE_LOOP('',(#10033,#10034,#10035,#10036));
#1466=EDGE_LOOP('',(#10037,#10038,#10039,#10040));
#1467=EDGE_LOOP('',(#10041,#10042,#10043,#10044));
#1468=EDGE_LOOP('',(#10045,#10046,#10047,#10048));
#1469=EDGE_LOOP('',(#10049,#10050,#10051,#10052));
#1470=EDGE_LOOP('',(#10053,#10054,#10055,#10056));
#1471=EDGE_LOOP('',(#10057,#10058,#10059,#10060));
#1472=EDGE_LOOP('',(#10061,#10062,#10063,#10064));
#1473=EDGE_LOOP('',(#10065,#10066,#10067,#10068));
#1474=EDGE_LOOP('',(#10069,#10070,#10071,#10072));
#1475=EDGE_LOOP('',(#10073,#10074,#10075,#10076));
#1476=EDGE_LOOP('',(#10077,#10078,#10079,#10080));
#1477=EDGE_LOOP('',(#10081,#10082,#10083,#10084));
#1478=EDGE_LOOP('',(#10085,#10086,#10087,#10088));
#1479=EDGE_LOOP('',(#10089,#10090,#10091,#10092));
#1480=EDGE_LOOP('',(#10093,#10094,#10095,#10096));
#1481=EDGE_LOOP('',(#10097,#10098,#10099,#10100));
#1482=EDGE_LOOP('',(#10101,#10102,#10103,#10104));
#1483=EDGE_LOOP('',(#10105,#10106,#10107,#10108));
#1484=EDGE_LOOP('',(#10109,#10110,#10111,#10112));
#1485=EDGE_LOOP('',(#10113,#10114,#10115,#10116));
#1486=EDGE_LOOP('',(#10117,#10118,#10119,#10120));
#1487=EDGE_LOOP('',(#10121,#10122,#10123,#10124));
#1488=EDGE_LOOP('',(#10125,#10126,#10127,#10128));
#1489=EDGE_LOOP('',(#10129,#10130,#10131,#10132));
#1490=EDGE_LOOP('',(#10133,#10134,#10135,#10136));
#1491=EDGE_LOOP('',(#10137,#10138,#10139,#10140));
#1492=EDGE_LOOP('',(#10141,#10142,#10143,#10144));
#1493=EDGE_LOOP('',(#10145,#10146,#10147,#10148));
#1494=EDGE_LOOP('',(#10149,#10150,#10151,#10152));
#1495=EDGE_LOOP('',(#10153,#10154,#10155,#10156));
#1496=EDGE_LOOP('',(#10157,#10158,#10159,#10160));
#1497=EDGE_LOOP('',(#10161,#10162,#10163,#10164));
#1498=EDGE_LOOP('',(#10165,#10166,#10167,#10168));
#1499=EDGE_LOOP('',(#10169,#10170,#10171,#10172));
#1500=EDGE_LOOP('',(#10173,#10174,#10175,#10176));
#1501=EDGE_LOOP('',(#10177,#10178,#10179,#10180));
#1502=EDGE_LOOP('',(#10181,#10182,#10183,#10184));
#1503=EDGE_LOOP('',(#10185,#10186,#10187,#10188));
#1504=EDGE_LOOP('',(#10189,#10190,#10191,#10192));
#1505=EDGE_LOOP('',(#10193,#10194,#10195,#10196));
#1506=EDGE_LOOP('',(#10197,#10198,#10199,#10200));
#1507=EDGE_LOOP('',(#10201,#10202,#10203,#10204));
#1508=EDGE_LOOP('',(#10205,#10206,#10207,#10208));
#1509=EDGE_LOOP('',(#10209,#10210,#10211,#10212));
#1510=EDGE_LOOP('',(#10213,#10214,#10215,#10216));
#1511=EDGE_LOOP('',(#10217,#10218,#10219,#10220));
#1512=EDGE_LOOP('',(#10221,#10222,#10223,#10224));
#1513=EDGE_LOOP('',(#10225,#10226,#10227,#10228));
#1514=EDGE_LOOP('',(#10229,#10230,#10231,#10232));
#1515=EDGE_LOOP('',(#10233,#10234,#10235,#10236));
#1516=EDGE_LOOP('',(#10237,#10238,#10239,#10240));
#1517=EDGE_LOOP('',(#10241,#10242,#10243,#10244));
#1518=EDGE_LOOP('',(#10245,#10246,#10247,#10248));
#1519=EDGE_LOOP('',(#10249,#10250,#10251,#10252));
#1520=EDGE_LOOP('',(#10253,#10254,#10255,#10256));
#1521=EDGE_LOOP('',(#10257,#10258,#10259,#10260));
#1522=EDGE_LOOP('',(#10261,#10262,#10263,#10264));
#1523=EDGE_LOOP('',(#10265,#10266,#10267,#10268));
#1524=EDGE_LOOP('',(#10269,#10270,#10271,#10272));
#1525=EDGE_LOOP('',(#10273,#10274,#10275,#10276));
#1526=EDGE_LOOP('',(#10277,#10278,#10279,#10280));
#1527=EDGE_LOOP('',(#10281,#10282,#10283,#10284));
#1528=EDGE_LOOP('',(#10285,#10286,#10287,#10288));
#1529=EDGE_LOOP('',(#10289,#10290,#10291,#10292));
#1530=EDGE_LOOP('',(#10293,#10294,#10295,#10296));
#1531=EDGE_LOOP('',(#10297,#10298,#10299,#10300));
#1532=EDGE_LOOP('',(#10301,#10302,#10303,#10304));
#1533=EDGE_LOOP('',(#10305,#10306,#10307,#10308));
#1534=EDGE_LOOP('',(#10309,#10310,#10311,#10312));
#1535=EDGE_LOOP('',(#10313,#10314,#10315,#10316));
#1536=EDGE_LOOP('',(#10317,#10318,#10319,#10320));
#1537=EDGE_LOOP('',(#10321,#10322,#10323,#10324));
#1538=EDGE_LOOP('',(#10325,#10326,#10327,#10328));
#1539=EDGE_LOOP('',(#10329,#10330,#10331,#10332));
#1540=EDGE_LOOP('',(#10333,#10334,#10335,#10336));
#1541=EDGE_LOOP('',(#10337,#10338,#10339,#10340));
#1542=EDGE_LOOP('',(#10341,#10342,#10343,#10344));
#1543=EDGE_LOOP('',(#10345,#10346,#10347,#10348));
#1544=EDGE_LOOP('',(#10349,#10350,#10351,#10352));
#1545=EDGE_LOOP('',(#10353,#10354,#10355,#10356));
#1546=EDGE_LOOP('',(#10357,#10358,#10359,#10360));
#1547=EDGE_LOOP('',(#10361,#10362,#10363,#10364));
#1548=EDGE_LOOP('',(#10365,#10366,#10367,#10368));
#1549=EDGE_LOOP('',(#10369,#10370,#10371,#10372));
#1550=EDGE_LOOP('',(#10373,#10374,#10375,#10376));
#1551=EDGE_LOOP('',(#10377,#10378,#10379,#10380));
#1552=EDGE_LOOP('',(#10381,#10382,#10383,#10384));
#1553=EDGE_LOOP('',(#10385,#10386,#10387,#10388));
#1554=EDGE_LOOP('',(#10389,#10390,#10391,#10392));
#1555=EDGE_LOOP('',(#10393,#10394,#10395,#10396));
#1556=EDGE_LOOP('',(#10397,#10398,#10399,#10400));
#1557=EDGE_LOOP('',(#10401,#10402,#10403,#10404));
#1558=EDGE_LOOP('',(#10405,#10406,#10407,#10408));
#1559=EDGE_LOOP('',(#10409,#10410,#10411,#10412));
#1560=EDGE_LOOP('',(#10413,#10414,#10415,#10416));
#1561=EDGE_LOOP('',(#10417,#10418,#10419,#10420));
#1562=EDGE_LOOP('',(#10421,#10422,#10423,#10424));
#1563=EDGE_LOOP('',(#10425,#10426,#10427,#10428));
#1564=EDGE_LOOP('',(#10429,#10430,#10431,#10432));
#1565=EDGE_LOOP('',(#10433,#10434,#10435,#10436));
#1566=EDGE_LOOP('',(#10437,#10438,#10439,#10440));
#1567=EDGE_LOOP('',(#10441,#10442,#10443,#10444));
#1568=EDGE_LOOP('',(#10445,#10446,#10447,#10448));
#1569=EDGE_LOOP('',(#10449,#10450,#10451,#10452));
#1570=EDGE_LOOP('',(#10453,#10454,#10455,#10456));
#1571=EDGE_LOOP('',(#10457,#10458,#10459,#10460));
#1572=EDGE_LOOP('',(#10461,#10462,#10463,#10464));
#1573=EDGE_LOOP('',(#10465,#10466,#10467,#10468));
#1574=EDGE_LOOP('',(#10469,#10470,#10471,#10472));
#1575=EDGE_LOOP('',(#10473,#10474,#10475,#10476));
#1576=EDGE_LOOP('',(#10477,#10478,#10479,#10480));
#1577=EDGE_LOOP('',(#10481,#10482,#10483,#10484));
#1578=EDGE_LOOP('',(#10485,#10486,#10487,#10488));
#1579=EDGE_LOOP('',(#10489,#10490,#10491,#10492));
#1580=EDGE_LOOP('',(#10493,#10494,#10495,#10496));
#1581=EDGE_LOOP('',(#10497,#10498,#10499,#10500));
#1582=EDGE_LOOP('',(#10501,#10502,#10503,#10504));
#1583=EDGE_LOOP('',(#10505,#10506,#10507,#10508));
#1584=EDGE_LOOP('',(#10509,#10510,#10511,#10512));
#1585=EDGE_LOOP('',(#10513,#10514,#10515,#10516));
#1586=EDGE_LOOP('',(#10517,#10518,#10519,#10520));
#1587=EDGE_LOOP('',(#10521,#10522,#10523,#10524));
#1588=EDGE_LOOP('',(#10525,#10526,#10527,#10528));
#1589=EDGE_LOOP('',(#10529,#10530,#10531,#10532));
#1590=EDGE_LOOP('',(#10533,#10534,#10535,#10536));
#1591=EDGE_LOOP('',(#10537,#10538,#10539,#10540));
#1592=EDGE_LOOP('',(#10541,#10542,#10543,#10544));
#1593=EDGE_LOOP('',(#10545,#10546,#10547,#10548));
#1594=EDGE_LOOP('',(#10549,#10550,#10551,#10552));
#1595=EDGE_LOOP('',(#10553,#10554,#10555,#10556));
#1596=EDGE_LOOP('',(#10557,#10558,#10559,#10560));
#1597=EDGE_LOOP('',(#10561,#10562,#10563,#10564));
#1598=EDGE_LOOP('',(#10565,#10566,#10567,#10568));
#1599=EDGE_LOOP('',(#10569,#10570,#10571,#10572));
#1600=EDGE_LOOP('',(#10573,#10574,#10575,#10576));
#1601=EDGE_LOOP('',(#10577,#10578,#10579,#10580));
#1602=EDGE_LOOP('',(#10581,#10582,#10583,#10584));
#1603=EDGE_LOOP('',(#10585,#10586,#10587,#10588));
#1604=EDGE_LOOP('',(#10589,#10590,#10591,#10592));
#1605=EDGE_LOOP('',(#10593,#10594,#10595,#10596));
#1606=EDGE_LOOP('',(#10597,#10598,#10599,#10600));
#1607=EDGE_LOOP('',(#10601,#10602,#10603,#10604));
#1608=EDGE_LOOP('',(#10605,#10606,#10607,#10608));
#1609=EDGE_LOOP('',(#10609,#10610,#10611,#10612));
#1610=EDGE_LOOP('',(#10613,#10614,#10615,#10616));
#1611=EDGE_LOOP('',(#10617,#10618,#10619,#10620));
#1612=EDGE_LOOP('',(#10621,#10622,#10623,#10624));
#1613=EDGE_LOOP('',(#10625,#10626,#10627,#10628));
#1614=EDGE_LOOP('',(#10629,#10630,#10631,#10632));
#1615=EDGE_LOOP('',(#10633,#10634,#10635,#10636));
#1616=EDGE_LOOP('',(#10637,#10638,#10639,#10640));
#1617=EDGE_LOOP('',(#10641,#10642,#10643,#10644));
#1618=EDGE_LOOP('',(#10645,#10646,#10647,#10648));
#1619=EDGE_LOOP('',(#10649,#10650,#10651,#10652));
#1620=EDGE_LOOP('',(#10653,#10654,#10655,#10656));
#1621=EDGE_LOOP('',(#10657,#10658,#10659,#10660));
#1622=EDGE_LOOP('',(#10661,#10662,#10663,#10664));
#1623=EDGE_LOOP('',(#10665,#10666,#10667,#10668));
#1624=EDGE_LOOP('',(#10669,#10670,#10671,#10672));
#1625=EDGE_LOOP('',(#10673,#10674,#10675,#10676));
#1626=EDGE_LOOP('',(#10677,#10678,#10679,#10680));
#1627=EDGE_LOOP('',(#10681,#10682,#10683,#10684));
#1628=EDGE_LOOP('',(#10685,#10686,#10687,#10688));
#1629=EDGE_LOOP('',(#10689,#10690,#10691,#10692));
#1630=EDGE_LOOP('',(#10693,#10694,#10695,#10696));
#1631=EDGE_LOOP('',(#10697,#10698,#10699,#10700));
#1632=EDGE_LOOP('',(#10701,#10702,#10703,#10704));
#1633=EDGE_LOOP('',(#10705,#10706,#10707,#10708));
#1634=EDGE_LOOP('',(#10709,#10710,#10711,#10712));
#1635=EDGE_LOOP('',(#10713,#10714,#10715,#10716));
#1636=EDGE_LOOP('',(#10717,#10718,#10719,#10720));
#1637=EDGE_LOOP('',(#10721,#10722,#10723,#10724));
#1638=EDGE_LOOP('',(#10725,#10726,#10727,#10728));
#1639=EDGE_LOOP('',(#10729,#10730,#10731,#10732));
#1640=EDGE_LOOP('',(#10733,#10734,#10735,#10736));
#1641=EDGE_LOOP('',(#10737,#10738,#10739,#10740));
#1642=EDGE_LOOP('',(#10741,#10742,#10743,#10744));
#1643=EDGE_LOOP('',(#10745,#10746,#10747,#10748));
#1644=EDGE_LOOP('',(#10749,#10750,#10751,#10752));
#1645=EDGE_LOOP('',(#10753,#10754,#10755,#10756));
#1646=EDGE_LOOP('',(#10757,#10758,#10759,#10760));
#1647=EDGE_LOOP('',(#10761,#10762,#10763,#10764));
#1648=EDGE_LOOP('',(#10765,#10766,#10767,#10768));
#1649=EDGE_LOOP('',(#10769,#10770,#10771,#10772));
#1650=EDGE_LOOP('',(#10773,#10774,#10775,#10776));
#1651=EDGE_LOOP('',(#10777,#10778,#10779,#10780));
#1652=EDGE_LOOP('',(#10781,#10782,#10783,#10784));
#1653=EDGE_LOOP('',(#10785,#10786,#10787,#10788));
#1654=EDGE_LOOP('',(#10789,#10790,#10791,#10792));
#1655=EDGE_LOOP('',(#10793,#10794,#10795,#10796));
#1656=EDGE_LOOP('',(#10797,#10798,#10799,#10800));
#1657=EDGE_LOOP('',(#10801,#10802,#10803,#10804));
#1658=EDGE_LOOP('',(#10805,#10806,#10807,#10808));
#1659=EDGE_LOOP('',(#10809,#10810,#10811,#10812));
#1660=EDGE_LOOP('',(#10813,#10814,#10815,#10816));
#1661=EDGE_LOOP('',(#10817,#10818,#10819,#10820));
#1662=EDGE_LOOP('',(#10821,#10822,#10823,#10824));
#1663=EDGE_LOOP('',(#10825,#10826,#10827,#10828));
#1664=EDGE_LOOP('',(#10829,#10830,#10831,#10832));
#1665=EDGE_LOOP('',(#10833,#10834,#10835,#10836));
#1666=EDGE_LOOP('',(#10837,#10838,#10839,#10840));
#1667=EDGE_LOOP('',(#10841,#10842,#10843,#10844));
#1668=EDGE_LOOP('',(#10845,#10846,#10847,#10848));
#1669=EDGE_LOOP('',(#10849,#10850,#10851,#10852));
#1670=EDGE_LOOP('',(#10853,#10854,#10855,#10856));
#1671=EDGE_LOOP('',(#10857,#10858,#10859,#10860));
#1672=EDGE_LOOP('',(#10861,#10862,#10863,#10864));
#1673=EDGE_LOOP('',(#10865,#10866,#10867,#10868));
#1674=EDGE_LOOP('',(#10869,#10870,#10871,#10872));
#1675=EDGE_LOOP('',(#10873,#10874,#10875,#10876));
#1676=EDGE_LOOP('',(#10877,#10878,#10879,#10880));
#1677=EDGE_LOOP('',(#10881,#10882,#10883,#10884));
#1678=EDGE_LOOP('',(#10885,#10886,#10887,#10888));
#1679=EDGE_LOOP('',(#10889,#10890,#10891,#10892));
#1680=EDGE_LOOP('',(#10893,#10894,#10895,#10896));
#1681=EDGE_LOOP('',(#10897,#10898,#10899,#10900));
#1682=EDGE_LOOP('',(#10901,#10902,#10903,#10904));
#1683=EDGE_LOOP('',(#10905,#10906,#10907,#10908));
#1684=EDGE_LOOP('',(#10909,#10910,#10911,#10912));
#1685=EDGE_LOOP('',(#10913,#10914,#10915,#10916));
#1686=EDGE_LOOP('',(#10917,#10918,#10919,#10920));
#1687=EDGE_LOOP('',(#10921,#10922,#10923,#10924));
#1688=EDGE_LOOP('',(#10925,#10926,#10927,#10928));
#1689=EDGE_LOOP('',(#10929,#10930,#10931,#10932));
#1690=EDGE_LOOP('',(#10933,#10934,#10935,#10936));
#1691=EDGE_LOOP('',(#10937,#10938,#10939,#10940));
#1692=EDGE_LOOP('',(#10941,#10942,#10943,#10944));
#1693=EDGE_LOOP('',(#10945,#10946,#10947,#10948));
#1694=EDGE_LOOP('',(#10949,#10950,#10951,#10952));
#1695=EDGE_LOOP('',(#10953,#10954,#10955,#10956));
#1696=EDGE_LOOP('',(#10957,#10958,#10959,#10960));
#1697=EDGE_LOOP('',(#10961,#10962,#10963,#10964));
#1698=EDGE_LOOP('',(#10965,#10966,#10967,#10968));
#1699=EDGE_LOOP('',(#10969,#10970,#10971,#10972));
#1700=EDGE_LOOP('',(#10973,#10974,#10975,#10976));
#1701=EDGE_LOOP('',(#10977,#10978,#10979,#10980));
#1702=EDGE_LOOP('',(#10981,#10982,#10983,#10984));
#1703=EDGE_LOOP('',(#10985,#10986,#10987,#10988));
#1704=EDGE_LOOP('',(#10989,#10990,#10991,#10992));
#1705=EDGE_LOOP('',(#10993,#10994,#10995,#10996));
#1706=EDGE_LOOP('',(#10997,#10998,#10999,#11000));
#1707=EDGE_LOOP('',(#11001,#11002,#11003,#11004));
#1708=EDGE_LOOP('',(#11005,#11006,#11007,#11008));
#1709=EDGE_LOOP('',(#11009,#11010,#11011,#11012));
#1710=EDGE_LOOP('',(#11013,#11014,#11015,#11016));
#1711=EDGE_LOOP('',(#11017,#11018,#11019,#11020));
#1712=EDGE_LOOP('',(#11021,#11022,#11023,#11024));
#1713=EDGE_LOOP('',(#11025,#11026,#11027,#11028));
#1714=EDGE_LOOP('',(#11029,#11030,#11031,#11032));
#1715=EDGE_LOOP('',(#11033,#11034,#11035,#11036));
#1716=EDGE_LOOP('',(#11037,#11038,#11039,#11040));
#1717=EDGE_LOOP('',(#11041,#11042,#11043,#11044));
#1718=EDGE_LOOP('',(#11045,#11046,#11047,#11048));
#1719=EDGE_LOOP('',(#11049,#11050,#11051,#11052));
#1720=EDGE_LOOP('',(#11053,#11054,#11055,#11056));
#1721=EDGE_LOOP('',(#11057,#11058,#11059,#11060));
#1722=EDGE_LOOP('',(#11061,#11062,#11063,#11064));
#1723=EDGE_LOOP('',(#11065,#11066,#11067,#11068));
#1724=EDGE_LOOP('',(#11069,#11070,#11071,#11072));
#1725=EDGE_LOOP('',(#11073,#11074,#11075,#11076));
#1726=EDGE_LOOP('',(#11077,#11078,#11079,#11080));
#1727=EDGE_LOOP('',(#11081,#11082,#11083,#11084));
#1728=EDGE_LOOP('',(#11085,#11086,#11087,#11088));
#1729=EDGE_LOOP('',(#11089,#11090,#11091,#11092));
#1730=EDGE_LOOP('',(#11093,#11094,#11095,#11096));
#1731=EDGE_LOOP('',(#11097,#11098,#11099,#11100));
#1732=EDGE_LOOP('',(#11101,#11102,#11103,#11104));
#1733=EDGE_LOOP('',(#11105,#11106,#11107,#11108));
#1734=EDGE_LOOP('',(#11109,#11110,#11111,#11112));
#1735=EDGE_LOOP('',(#11113,#11114,#11115,#11116));
#1736=EDGE_LOOP('',(#11117,#11118,#11119,#11120));
#1737=EDGE_LOOP('',(#11121,#11122,#11123,#11124));
#1738=EDGE_LOOP('',(#11125,#11126,#11127,#11128));
#1739=EDGE_LOOP('',(#11129,#11130,#11131,#11132));
#1740=EDGE_LOOP('',(#11133,#11134,#11135,#11136));
#1741=EDGE_LOOP('',(#11137,#11138,#11139,#11140));
#1742=EDGE_LOOP('',(#11141,#11142,#11143,#11144));
#1743=EDGE_LOOP('',(#11145,#11146,#11147,#11148));
#1744=EDGE_LOOP('',(#11149,#11150,#11151,#11152));
#1745=EDGE_LOOP('',(#11153,#11154,#11155,#11156));
#1746=EDGE_LOOP('',(#11157,#11158,#11159,#11160));
#1747=EDGE_LOOP('',(#11161,#11162,#11163,#11164));
#1748=EDGE_LOOP('',(#11165,#11166,#11167,#11168));
#1749=EDGE_LOOP('',(#11169,#11170,#11171,#11172));
#1750=EDGE_LOOP('',(#11173,#11174,#11175,#11176));
#1751=EDGE_LOOP('',(#11177,#11178,#11179,#11180));
#1752=EDGE_LOOP('',(#11181,#11182,#11183,#11184));
#1753=EDGE_LOOP('',(#11185,#11186,#11187,#11188));
#1754=EDGE_LOOP('',(#11189,#11190,#11191,#11192));
#1755=EDGE_LOOP('',(#11193,#11194,#11195,#11196));
#1756=EDGE_LOOP('',(#11197,#11198,#11199,#11200));
#1757=EDGE_LOOP('',(#11201,#11202,#11203,#11204));
#1758=EDGE_LOOP('',(#11205,#11206,#11207,#11208));
#1759=EDGE_LOOP('',(#11209,#11210,#11211,#11212));
#1760=EDGE_LOOP('',(#11213,#11214,#11215,#11216));
#1761=EDGE_LOOP('',(#11217,#11218,#11219,#11220));
#1762=EDGE_LOOP('',(#11221,#11222,#11223,#11224));
#1763=EDGE_LOOP('',(#11225,#11226,#11227,#11228));
#1764=EDGE_LOOP('',(#11229,#11230,#11231,#11232));
#1765=EDGE_LOOP('',(#11233,#11234,#11235,#11236));
#1766=EDGE_LOOP('',(#11237,#11238,#11239,#11240));
#1767=EDGE_LOOP('',(#11241,#11242,#11243,#11244));
#1768=EDGE_LOOP('',(#11245,#11246,#11247,#11248));
#1769=EDGE_LOOP('',(#11249,#11250,#11251,#11252));
#1770=EDGE_LOOP('',(#11253,#11254,#11255,#11256));
#1771=EDGE_LOOP('',(#11257,#11258,#11259,#11260));
#1772=EDGE_LOOP('',(#11261,#11262,#11263,#11264));
#1773=EDGE_LOOP('',(#11265,#11266,#11267,#11268));
#1774=EDGE_LOOP('',(#11269,#11270,#11271,#11272));
#1775=EDGE_LOOP('',(#11273,#11274,#11275,#11276));
#1776=EDGE_LOOP('',(#11277,#11278,#11279,#11280));
#1777=EDGE_LOOP('',(#11281,#11282,#11283,#11284));
#1778=EDGE_LOOP('',(#11285,#11286,#11287,#11288));
#1779=EDGE_LOOP('',(#11289,#11290,#11291,#11292));
#1780=EDGE_LOOP('',(#11293,#11294,#11295,#11296));
#1781=EDGE_LOOP('',(#11297,#11298,#11299,#11300));
#1782=EDGE_LOOP('',(#11301,#11302,#11303,#11304));
#1783=EDGE_LOOP('',(#11305,#11306,#11307,#11308));
#1784=EDGE_LOOP('',(#11309,#11310,#11311,#11312));
#1785=EDGE_LOOP('',(#11313,#11314,#11315,#11316));
#1786=EDGE_LOOP('',(#11317,#11318,#11319,#11320));
#1787=EDGE_LOOP('',(#11321,#11322,#11323,#11324));
#1788=EDGE_LOOP('',(#11325,#11326,#11327,#11328));
#1789=EDGE_LOOP('',(#11329,#11330,#11331,#11332));
#1790=EDGE_LOOP('',(#11333,#11334,#11335,#11336));
#1791=EDGE_LOOP('',(#11337,#11338,#11339,#11340));
#1792=EDGE_LOOP('',(#11341,#11342,#11343,#11344));
#1793=EDGE_LOOP('',(#11345,#11346,#11347,#11348));
#1794=EDGE_LOOP('',(#11349,#11350,#11351,#11352));
#1795=EDGE_LOOP('',(#11353,#11354,#11355,#11356));
#1796=EDGE_LOOP('',(#11357,#11358,#11359,#11360));
#1797=EDGE_LOOP('',(#11361,#11362,#11363,#11364));
#1798=EDGE_LOOP('',(#11365,#11366,#11367,#11368));
#1799=EDGE_LOOP('',(#11369,#11370,#11371,#11372));
#1800=EDGE_LOOP('',(#11373,#11374,#11375,#11376));
#1801=EDGE_LOOP('',(#11377,#11378,#11379,#11380));
#1802=EDGE_LOOP('',(#11381,#11382,#11383,#11384));
#1803=EDGE_LOOP('',(#11385,#11386,#11387,#11388));
#1804=EDGE_LOOP('',(#11389,#11390,#11391,#11392));
#1805=EDGE_LOOP('',(#11393,#11394,#11395,#11396));
#1806=EDGE_LOOP('',(#11397,#11398,#11399,#11400));
#1807=EDGE_LOOP('',(#11401,#11402,#11403,#11404));
#1808=EDGE_LOOP('',(#11405,#11406,#11407,#11408));
#1809=EDGE_LOOP('',(#11409,#11410,#11411,#11412));
#1810=EDGE_LOOP('',(#11413,#11414,#11415,#11416));
#1811=EDGE_LOOP('',(#11417,#11418,#11419,#11420));
#1812=EDGE_LOOP('',(#11421,#11422,#11423,#11424));
#1813=EDGE_LOOP('',(#11425,#11426,#11427,#11428));
#1814=EDGE_LOOP('',(#11429,#11430,#11431,#11432));
#1815=EDGE_LOOP('',(#11433,#11434,#11435,#11436));
#1816=EDGE_LOOP('',(#11437,#11438,#11439,#11440));
#1817=EDGE_LOOP('',(#11441,#11442,#11443,#11444));
#1818=EDGE_LOOP('',(#11445,#11446,#11447,#11448));
#1819=EDGE_LOOP('',(#11449,#11450,#11451,#11452));
#1820=EDGE_LOOP('',(#11453,#11454,#11455,#11456));
#1821=EDGE_LOOP('',(#11457,#11458,#11459,#11460));
#1822=EDGE_LOOP('',(#11461,#11462,#11463,#11464));
#1823=EDGE_LOOP('',(#11465,#11466,#11467,#11468));
#1824=EDGE_LOOP('',(#11469,#11470,#11471,#11472));
#1825=EDGE_LOOP('',(#11473,#11474,#11475,#11476));
#1826=EDGE_LOOP('',(#11477,#11478,#11479,#11480));
#1827=EDGE_LOOP('',(#11481,#11482,#11483,#11484));
#1828=EDGE_LOOP('',(#11485,#11486,#11487,#11488));
#1829=EDGE_LOOP('',(#11489,#11490,#11491,#11492));
#1830=EDGE_LOOP('',(#11493,#11494,#11495,#11496));
#1831=EDGE_LOOP('',(#11497,#11498,#11499,#11500));
#1832=EDGE_LOOP('',(#11501,#11502,#11503,#11504));
#1833=EDGE_LOOP('',(#11505,#11506,#11507,#11508));
#1834=EDGE_LOOP('',(#11509,#11510,#11511,#11512));
#1835=EDGE_LOOP('',(#11513,#11514,#11515,#11516));
#1836=EDGE_LOOP('',(#11517,#11518,#11519,#11520));
#1837=EDGE_LOOP('',(#11521,#11522,#11523,#11524));
#1838=EDGE_LOOP('',(#11525,#11526,#11527,#11528));
#1839=EDGE_LOOP('',(#11529,#11530,#11531,#11532));
#1840=EDGE_LOOP('',(#11533,#11534,#11535,#11536));
#1841=EDGE_LOOP('',(#11537,#11538,#11539,#11540));
#1842=EDGE_LOOP('',(#11541,#11542,#11543,#11544));
#1843=EDGE_LOOP('',(#11545,#11546,#11547,#11548));
#1844=EDGE_LOOP('',(#11549,#11550,#11551,#11552));
#1845=EDGE_LOOP('',(#11553,#11554,#11555,#11556));
#1846=EDGE_LOOP('',(#11557,#11558,#11559,#11560));
#1847=EDGE_LOOP('',(#11561,#11562,#11563,#11564));
#1848=EDGE_LOOP('',(#11565,#11566,#11567,#11568));
#1849=EDGE_LOOP('',(#11569,#11570,#11571,#11572));
#1850=EDGE_LOOP('',(#11573,#11574,#11575,#11576));
#1851=EDGE_LOOP('',(#11577,#11578,#11579,#11580));
#1852=EDGE_LOOP('',(#11581,#11582,#11583,#11584));
#1853=EDGE_LOOP('',(#11585,#11586,#11587,#11588));
#1854=EDGE_LOOP('',(#11589,#11590,#11591,#11592));
#1855=EDGE_LOOP('',(#11593,#11594,#11595,#11596));
#1856=EDGE_LOOP('',(#11597,#11598,#11599,#11600));
#1857=EDGE_LOOP('',(#11601,#11602,#11603,#11604));
#1858=EDGE_LOOP('',(#11605,#11606,#11607,#11608));
#1859=EDGE_LOOP('',(#11609,#11610,#11611,#11612));
#1860=EDGE_LOOP('',(#11613,#11614,#11615,#11616));
#1861=EDGE_LOOP('',(#11617,#11618,#11619,#11620));
#1862=EDGE_LOOP('',(#11621,#11622,#11623,#11624));
#1863=EDGE_LOOP('',(#11625,#11626,#11627,#11628));
#1864=EDGE_LOOP('',(#11629,#11630,#11631,#11632));
#1865=EDGE_LOOP('',(#11633,#11634,#11635,#11636));
#1866=EDGE_LOOP('',(#11637,#11638,#11639,#11640));
#1867=EDGE_LOOP('',(#11641,#11642,#11643,#11644));
#1868=EDGE_LOOP('',(#11645,#11646,#11647,#11648));
#1869=EDGE_LOOP('',(#11649,#11650,#11651,#11652));
#1870=EDGE_LOOP('',(#11653,#11654,#11655,#11656));
#1871=EDGE_LOOP('',(#11657,#11658,#11659,#11660));
#1872=EDGE_LOOP('',(#11661,#11662,#11663,#11664));
#1873=EDGE_LOOP('',(#11665,#11666,#11667,#11668));
#1874=EDGE_LOOP('',(#11669,#11670,#11671,#11672));
#1875=EDGE_LOOP('',(#11673,#11674,#11675,#11676));
#1876=EDGE_LOOP('',(#11677,#11678,#11679,#11680));
#1877=EDGE_LOOP('',(#11681,#11682,#11683,#11684));
#1878=EDGE_LOOP('',(#11685,#11686,#11687,#11688));
#1879=EDGE_LOOP('',(#11689,#11690,#11691,#11692));
#1880=EDGE_LOOP('',(#11693,#11694,#11695,#11696));
#1881=EDGE_LOOP('',(#11697,#11698,#11699,#11700));
#1882=EDGE_LOOP('',(#11701,#11702,#11703,#11704));
#1883=EDGE_LOOP('',(#11705,#11706,#11707,#11708));
#1884=EDGE_LOOP('',(#11709,#11710,#11711,#11712));
#1885=EDGE_LOOP('',(#11713,#11714,#11715,#11716));
#1886=EDGE_LOOP('',(#11717,#11718,#11719,#11720));
#1887=EDGE_LOOP('',(#11721,#11722,#11723,#11724));
#1888=EDGE_LOOP('',(#11725,#11726,#11727,#11728));
#1889=EDGE_LOOP('',(#11729,#11730,#11731,#11732));
#1890=EDGE_LOOP('',(#11733,#11734,#11735,#11736));
#1891=EDGE_LOOP('',(#11737,#11738,#11739,#11740));
#1892=EDGE_LOOP('',(#11741,#11742,#11743,#11744));
#1893=EDGE_LOOP('',(#11745,#11746,#11747,#11748));
#1894=EDGE_LOOP('',(#11749,#11750,#11751,#11752));
#1895=EDGE_LOOP('',(#11753,#11754,#11755,#11756));
#1896=EDGE_LOOP('',(#11757,#11758,#11759,#11760));
#1897=EDGE_LOOP('',(#11761,#11762,#11763,#11764));
#1898=EDGE_LOOP('',(#11765,#11766,#11767,#11768));
#1899=EDGE_LOOP('',(#11769,#11770,#11771,#11772));
#1900=EDGE_LOOP('',(#11773,#11774,#11775,#11776));
#1901=EDGE_LOOP('',(#11777,#11778,#11779,#11780));
#1902=EDGE_LOOP('',(#11781,#11782,#11783,#11784));
#1903=EDGE_LOOP('',(#11785,#11786,#11787,#11788));
#1904=EDGE_LOOP('',(#11789,#11790,#11791,#11792));
#1905=EDGE_LOOP('',(#11793,#11794,#11795,#11796));
#1906=EDGE_LOOP('',(#11797,#11798,#11799,#11800));
#1907=EDGE_LOOP('',(#11801,#11802,#11803,#11804));
#1908=EDGE_LOOP('',(#11805,#11806,#11807,#11808));
#1909=EDGE_LOOP('',(#11809,#11810,#11811,#11812));
#1910=EDGE_LOOP('',(#11813,#11814,#11815,#11816));
#1911=EDGE_LOOP('',(#11817,#11818,#11819,#11820));
#1912=EDGE_LOOP('',(#11821,#11822,#11823,#11824));
#1913=EDGE_LOOP('',(#11825,#11826,#11827,#11828));
#1914=EDGE_LOOP('',(#11829,#11830,#11831,#11832));
#1915=EDGE_LOOP('',(#11833,#11834,#11835,#11836));
#1916=EDGE_LOOP('',(#11837,#11838,#11839,#11840));
#1917=EDGE_LOOP('',(#11841,#11842,#11843,#11844));
#1918=EDGE_LOOP('',(#11845,#11846,#11847,#11848));
#1919=EDGE_LOOP('',(#11849,#11850,#11851,#11852));
#1920=EDGE_LOOP('',(#11853,#11854,#11855,#11856));
#1921=EDGE_LOOP('',(#11857,#11858,#11859,#11860));
#1922=EDGE_LOOP('',(#11861,#11862,#11863,#11864));
#1923=EDGE_LOOP('',(#11865,#11866,#11867,#11868));
#1924=EDGE_LOOP('',(#11869,#11870,#11871,#11872));
#1925=EDGE_LOOP('',(#11873,#11874,#11875,#11876));
#1926=EDGE_LOOP('',(#11877,#11878,#11879,#11880));
#1927=EDGE_LOOP('',(#11881,#11882,#11883,#11884));
#1928=EDGE_LOOP('',(#11885,#11886,#11887,#11888));
#1929=EDGE_LOOP('',(#11889,#11890,#11891,#11892));
#1930=EDGE_LOOP('',(#11893,#11894,#11895,#11896));
#1931=EDGE_LOOP('',(#11897,#11898,#11899,#11900));
#1932=EDGE_LOOP('',(#11901,#11902,#11903,#11904));
#1933=EDGE_LOOP('',(#11905,#11906,#11907,#11908));
#1934=EDGE_LOOP('',(#11909,#11910,#11911,#11912));
#1935=EDGE_LOOP('',(#11913,#11914,#11915,#11916));
#1936=EDGE_LOOP('',(#11917,#11918,#11919,#11920));
#1937=EDGE_LOOP('',(#11921,#11922,#11923,#11924));
#1938=EDGE_LOOP('',(#11925,#11926,#11927,#11928));
#1939=EDGE_LOOP('',(#11929,#11930,#11931,#11932));
#1940=EDGE_LOOP('',(#11933,#11934,#11935,#11936));
#1941=EDGE_LOOP('',(#11937,#11938,#11939,#11940));
#1942=EDGE_LOOP('',(#11941,#11942,#11943,#11944));
#1943=EDGE_LOOP('',(#11945,#11946,#11947,#11948));
#1944=EDGE_LOOP('',(#11949,#11950,#11951,#11952));
#1945=EDGE_LOOP('',(#11953,#11954,#11955,#11956));
#1946=EDGE_LOOP('',(#11957,#11958,#11959,#11960));
#1947=EDGE_LOOP('',(#11961,#11962,#11963,#11964));
#1948=EDGE_LOOP('',(#11965,#11966,#11967,#11968));
#1949=EDGE_LOOP('',(#11969,#11970,#11971,#11972));
#1950=EDGE_LOOP('',(#11973,#11974,#11975,#11976));
#1951=EDGE_LOOP('',(#11977,#11978,#11979,#11980));
#1952=EDGE_LOOP('',(#11981,#11982,#11983,#11984));
#1953=EDGE_LOOP('',(#11985,#11986,#11987,#11988));
#1954=EDGE_LOOP('',(#11989,#11990,#11991,#11992));
#1955=EDGE_LOOP('',(#11993,#11994,#11995,#11996));
#1956=EDGE_LOOP('',(#11997,#11998,#11999,#12000));
#1957=EDGE_LOOP('',(#12001,#12002,#12003,#12004));
#1958=EDGE_LOOP('',(#12005,#12006,#12007,#12008));
#1959=EDGE_LOOP('',(#12009,#12010,#12011,#12012));
#1960=EDGE_LOOP('',(#12013,#12014,#12015,#12016));
#1961=EDGE_LOOP('',(#12017,#12018,#12019,#12020));
#1962=EDGE_LOOP('',(#12021,#12022,#12023,#12024));
#1963=EDGE_LOOP('',(#12025,#12026,#12027,#12028));
#1964=EDGE_LOOP('',(#12029,#12030,#12031,#12032));
#1965=EDGE_LOOP('',(#12033,#12034,#12035,#12036));
#1966=EDGE_LOOP('',(#12037,#12038,#12039,#12040));
#1967=EDGE_LOOP('',(#12041,#12042,#12043,#12044));
#1968=EDGE_LOOP('',(#12045,#12046,#12047,#12048));
#1969=EDGE_LOOP('',(#12049,#12050,#12051,#12052));
#1970=EDGE_LOOP('',(#12053,#12054,#12055,#12056));
#1971=EDGE_LOOP('',(#12057,#12058,#12059,#12060));
#1972=EDGE_LOOP('',(#12061,#12062,#12063,#12064));
#1973=EDGE_LOOP('',(#12065,#12066,#12067,#12068));
#1974=EDGE_LOOP('',(#12069,#12070,#12071,#12072));
#1975=EDGE_LOOP('',(#12073,#12074,#12075,#12076));
#1976=EDGE_LOOP('',(#12077,#12078,#12079,#12080));
#1977=EDGE_LOOP('',(#12081,#12082,#12083,#12084));
#1978=EDGE_LOOP('',(#12085,#12086,#12087,#12088));
#1979=EDGE_LOOP('',(#12089,#12090,#12091,#12092));
#1980=EDGE_LOOP('',(#12093,#12094,#12095,#12096));
#1981=EDGE_LOOP('',(#12097,#12098,#12099,#12100));
#1982=EDGE_LOOP('',(#12101,#12102,#12103,#12104));
#1983=EDGE_LOOP('',(#12105,#12106,#12107,#12108));
#1984=EDGE_LOOP('',(#12109,#12110,#12111,#12112));
#1985=EDGE_LOOP('',(#12113,#12114,#12115,#12116));
#1986=EDGE_LOOP('',(#12117,#12118,#12119,#12120));
#1987=EDGE_LOOP('',(#12121,#12122,#12123,#12124));
#1988=EDGE_LOOP('',(#12125,#12126,#12127,#12128));
#1989=EDGE_LOOP('',(#12129,#12130,#12131,#12132));
#1990=EDGE_LOOP('',(#12133,#12134,#12135,#12136));
#1991=EDGE_LOOP('',(#12137,#12138,#12139,#12140));
#1992=EDGE_LOOP('',(#12141,#12142,#12143,#12144));
#1993=EDGE_LOOP('',(#12145,#12146,#12147,#12148));
#1994=EDGE_LOOP('',(#12149,#12150,#12151,#12152));
#1995=EDGE_LOOP('',(#12153,#12154,#12155,#12156));
#1996=EDGE_LOOP('',(#12157,#12158,#12159,#12160));
#1997=EDGE_LOOP('',(#12161,#12162,#12163,#12164));
#1998=EDGE_LOOP('',(#12165,#12166,#12167,#12168));
#1999=EDGE_LOOP('',(#12169,#12170,#12171,#12172));
#2000=EDGE_LOOP('',(#12173,#12174,#12175,#12176));
#2001=EDGE_LOOP('',(#12177,#12178,#12179,#12180));
#2002=EDGE_LOOP('',(#12181,#12182,#12183,#12184));
#2003=EDGE_LOOP('',(#12185,#12186,#12187,#12188));
#2004=EDGE_LOOP('',(#12189,#12190,#12191,#12192));
#2005=EDGE_LOOP('',(#12193,#12194,#12195,#12196));
#2006=EDGE_LOOP('',(#12197,#12198,#12199,#12200));
#2007=EDGE_LOOP('',(#12201,#12202,#12203,#12204));
#2008=EDGE_LOOP('',(#12205,#12206,#12207,#12208));
#2009=EDGE_LOOP('',(#12209,#12210,#12211,#12212));
#2010=EDGE_LOOP('',(#12213,#12214,#12215,#12216));
#2011=EDGE_LOOP('',(#12217,#12218,#12219,#12220));
#2012=EDGE_LOOP('',(#12221,#12222,#12223,#12224));
#2013=EDGE_LOOP('',(#12225,#12226,#12227,#12228));
#2014=EDGE_LOOP('',(#12229,#12230,#12231,#12232));
#2015=EDGE_LOOP('',(#12233,#12234,#12235,#12236));
#2016=EDGE_LOOP('',(#12237,#12238,#12239,#12240));
#2017=EDGE_LOOP('',(#12241,#12242,#12243,#12244));
#2018=EDGE_LOOP('',(#12245,#12246,#12247,#12248));
#2019=EDGE_LOOP('',(#12249,#12250,#12251,#12252));
#2020=EDGE_LOOP('',(#12253,#12254,#12255,#12256));
#2021=EDGE_LOOP('',(#12257,#12258,#12259,#12260));
#2022=EDGE_LOOP('',(#12261,#12262,#12263,#12264));
#2023=EDGE_LOOP('',(#12265,#12266,#12267,#12268));
#2024=EDGE_LOOP('',(#12269,#12270,#12271,#12272));
#2025=EDGE_LOOP('',(#12273,#12274,#12275,#12276));
#2026=EDGE_LOOP('',(#12277,#12278,#12279,#12280));
#2027=EDGE_LOOP('',(#12281,#12282,#12283,#12284));
#2028=EDGE_LOOP('',(#12285,#12286,#12287,#12288));
#2029=EDGE_LOOP('',(#12289,#12290,#12291,#12292));
#2030=EDGE_LOOP('',(#12293,#12294,#12295,#12296));
#2031=EDGE_LOOP('',(#12297,#12298,#12299,#12300));
#2032=EDGE_LOOP('',(#12301,#12302,#12303,#12304));
#2033=EDGE_LOOP('',(#12305,#12306,#12307,#12308));
#2034=EDGE_LOOP('',(#12309,#12310,#12311,#12312));
#2035=EDGE_LOOP('',(#12313,#12314,#12315,#12316));
#2036=EDGE_LOOP('',(#12317,#12318,#12319,#12320));
#2037=EDGE_LOOP('',(#12321,#12322,#12323,#12324));
#2038=EDGE_LOOP('',(#12325,#12326,#12327,#12328));
#2039=EDGE_LOOP('',(#12329,#12330,#12331,#12332));
#2040=EDGE_LOOP('',(#12333,#12334,#12335,#12336));
#2041=EDGE_LOOP('',(#12337,#12338,#12339,#12340));
#2042=EDGE_LOOP('',(#12341,#12342,#12343,#12344));
#2043=EDGE_LOOP('',(#12345,#12346,#12347,#12348));
#2044=EDGE_LOOP('',(#12349,#12350,#12351,#12352));
#2045=EDGE_LOOP('',(#12353,#12354,#12355,#12356));
#2046=EDGE_LOOP('',(#12357,#12358,#12359,#12360));
#2047=EDGE_LOOP('',(#12361,#12362,#12363,#12364));
#2048=EDGE_LOOP('',(#12365,#12366,#12367,#12368));
#2049=EDGE_LOOP('',(#12369,#12370,#12371,#12372));
#2050=EDGE_LOOP('',(#12373,#12374,#12375,#12376));
#2051=EDGE_LOOP('',(#12377,#12378,#12379,#12380));
#2052=EDGE_LOOP('',(#12381,#12382,#12383,#12384));
#2053=EDGE_LOOP('',(#12385,#12386,#12387,#12388));
#2054=EDGE_LOOP('',(#12389,#12390,#12391,#12392));
#2055=EDGE_LOOP('',(#12393,#12394,#12395,#12396));
#2056=EDGE_LOOP('',(#12397,#12398,#12399,#12400));
#2057=EDGE_LOOP('',(#12401,#12402,#12403,#12404));
#2058=EDGE_LOOP('',(#12405,#12406,#12407,#12408));
#2059=EDGE_LOOP('',(#12409,#12410,#12411,#12412));
#2060=EDGE_LOOP('',(#12413,#12414,#12415,#12416));
#2061=EDGE_LOOP('',(#12417,#12418,#12419,#12420));
#2062=EDGE_LOOP('',(#12421,#12422,#12423,#12424));
#2063=EDGE_LOOP('',(#12425,#12426,#12427,#12428));
#2064=EDGE_LOOP('',(#12429,#12430,#12431,#12432));
#2065=EDGE_LOOP('',(#12433,#12434,#12435,#12436));
#2066=EDGE_LOOP('',(#12437,#12438,#12439,#12440));
#2067=EDGE_LOOP('',(#12441,#12442,#12443,#12444));
#2068=EDGE_LOOP('',(#12445,#12446,#12447,#12448));
#2069=EDGE_LOOP('',(#12449,#12450,#12451,#12452));
#2070=EDGE_LOOP('',(#12453,#12454,#12455,#12456));
#2071=EDGE_LOOP('',(#12457,#12458,#12459,#12460));
#2072=EDGE_LOOP('',(#12461,#12462,#12463,#12464));
#2073=EDGE_LOOP('',(#12465,#12466,#12467,#12468));
#2074=EDGE_LOOP('',(#12469,#12470,#12471,#12472));
#2075=EDGE_LOOP('',(#12473,#12474,#12475,#12476));
#2076=EDGE_LOOP('',(#12477,#12478,#12479,#12480));
#2077=EDGE_LOOP('',(#12481,#12482,#12483,#12484));
#2078=EDGE_LOOP('',(#12485,#12486,#12487,#12488));
#2079=EDGE_LOOP('',(#12489,#12490,#12491,#12492));
#2080=EDGE_LOOP('',(#12493,#12494,#12495,#12496));
#2081=EDGE_LOOP('',(#12497,#12498,#12499,#12500));
#2082=EDGE_LOOP('',(#12501,#12502,#12503,#12504));
#2083=EDGE_LOOP('',(#12505,#12506,#12507,#12508));
#2084=EDGE_LOOP('',(#12509,#12510,#12511,#12512));
#2085=EDGE_LOOP('',(#12513,#12514,#12515,#12516));
#2086=EDGE_LOOP('',(#12517,#12518,#12519,#12520));
#2087=EDGE_LOOP('',(#12521,#12522,#12523,#12524));
#2088=EDGE_LOOP('',(#12525,#12526,#12527,#12528));
#2089=EDGE_LOOP('',(#12529,#12530,#12531,#12532));
#2090=EDGE_LOOP('',(#12533,#12534,#12535,#12536));
#2091=EDGE_LOOP('',(#12537,#12538,#12539,#12540));
#2092=EDGE_LOOP('',(#12541,#12542,#12543,#12544));
#2093=EDGE_LOOP('',(#12545,#12546,#12547,#12548));
#2094=EDGE_LOOP('',(#12549,#12550,#12551,#12552));
#2095=EDGE_LOOP('',(#12553,#12554,#12555,#12556));
#2096=EDGE_LOOP('',(#12557,#12558,#12559,#12560));
#2097=EDGE_LOOP('',(#12561,#12562,#12563,#12564));
#2098=EDGE_LOOP('',(#12565,#12566,#12567,#12568));
#2099=EDGE_LOOP('',(#12569,#12570,#12571,#12572));
#2100=EDGE_LOOP('',(#12573,#12574,#12575,#12576));
#2101=EDGE_LOOP('',(#12577,#12578,#12579,#12580));
#2102=EDGE_LOOP('',(#12581,#12582,#12583,#12584));
#2103=EDGE_LOOP('',(#12585,#12586,#12587,#12588));
#2104=EDGE_LOOP('',(#12589,#12590,#12591,#12592));
#2105=EDGE_LOOP('',(#12593,#12594,#12595,#12596));
#2106=EDGE_LOOP('',(#12597,#12598,#12599,#12600));
#2107=EDGE_LOOP('',(#12601,#12602,#12603,#12604));
#2108=EDGE_LOOP('',(#12605,#12606,#12607,#12608));
#2109=EDGE_LOOP('',(#12609,#12610,#12611,#12612));
#2110=EDGE_LOOP('',(#12613,#12614,#12615,#12616));
#2111=EDGE_LOOP('',(#12617,#12618,#12619,#12620));
#2112=EDGE_LOOP('',(#12621,#12622,#12623,#12624));
#2113=EDGE_LOOP('',(#12625,#12626,#12627,#12628));
#2114=EDGE_LOOP('',(#12629,#12630,#12631,#12632));
#2115=EDGE_LOOP('',(#12633,#12634,#12635,#12636));
#2116=EDGE_LOOP('',(#12637,#12638,#12639,#12640));
#2117=EDGE_LOOP('',(#12641,#12642,#12643,#12644));
#2118=EDGE_LOOP('',(#12645,#12646,#12647,#12648));
#2119=EDGE_LOOP('',(#12649,#12650,#12651,#12652));
#2120=EDGE_LOOP('',(#12653,#12654,#12655,#12656));
#2121=EDGE_LOOP('',(#12657,#12658,#12659,#12660));
#2122=EDGE_LOOP('',(#12661,#12662,#12663,#12664));
#2123=EDGE_LOOP('',(#12665,#12666,#12667,#12668));
#2124=EDGE_LOOP('',(#12669,#12670,#12671,#12672));
#2125=EDGE_LOOP('',(#12673,#12674,#12675,#12676));
#2126=EDGE_LOOP('',(#12677,#12678,#12679,#12680));
#2127=EDGE_LOOP('',(#12681,#12682,#12683,#12684));
#2128=EDGE_LOOP('',(#12685,#12686,#12687,#12688));
#2129=EDGE_LOOP('',(#12689,#12690,#12691,#12692));
#2130=EDGE_LOOP('',(#12693,#12694,#12695,#12696));
#2131=EDGE_LOOP('',(#12697,#12698,#12699,#12700));
#2132=EDGE_LOOP('',(#12701,#12702,#12703,#12704));
#2133=EDGE_LOOP('',(#12705,#12706,#12707,#12708));
#2134=EDGE_LOOP('',(#12709,#12710,#12711,#12712));
#2135=EDGE_LOOP('',(#12713,#12714,#12715,#12716));
#2136=EDGE_LOOP('',(#12717,#12718,#12719,#12720));
#2137=EDGE_LOOP('',(#12721,#12722,#12723,#12724));
#2138=EDGE_LOOP('',(#12725,#12726,#12727,#12728));
#2139=EDGE_LOOP('',(#12729,#12730,#12731,#12732));
#2140=EDGE_LOOP('',(#12733,#12734,#12735,#12736));
#2141=EDGE_LOOP('',(#12737,#12738,#12739,#12740));
#2142=EDGE_LOOP('',(#12741,#12742,#12743,#12744));
#2143=EDGE_LOOP('',(#12745,#12746,#12747,#12748));
#2144=EDGE_LOOP('',(#12749,#12750,#12751,#12752));
#2145=EDGE_LOOP('',(#12753,#12754,#12755,#12756));
#2146=EDGE_LOOP('',(#12757,#12758,#12759,#12760));
#2147=EDGE_LOOP('',(#12761,#12762,#12763,#12764));
#2148=EDGE_LOOP('',(#12765,#12766,#12767,#12768));
#2149=EDGE_LOOP('',(#12769,#12770,#12771,#12772));
#2150=EDGE_LOOP('',(#12773,#12774,#12775,#12776));
#2151=EDGE_LOOP('',(#12777,#12778,#12779,#12780));
#2152=EDGE_LOOP('',(#12781,#12782,#12783,#12784));
#2153=EDGE_LOOP('',(#12785,#12786,#12787,#12788));
#2154=EDGE_LOOP('',(#12789,#12790,#12791,#12792));
#2155=EDGE_LOOP('',(#12793,#12794,#12795,#12796));
#2156=EDGE_LOOP('',(#12797,#12798,#12799,#12800));
#2157=EDGE_LOOP('',(#12801,#12802,#12803,#12804));
#2158=EDGE_LOOP('',(#12805,#12806,#12807,#12808));
#2159=EDGE_LOOP('',(#12809,#12810,#12811,#12812));
#2160=EDGE_LOOP('',(#12813,#12814,#12815,#12816));
#2161=EDGE_LOOP('',(#12817,#12818,#12819,#12820));
#2162=EDGE_LOOP('',(#12821,#12822,#12823,#12824));
#2163=EDGE_LOOP('',(#12825,#12826,#12827,#12828));
#2164=EDGE_LOOP('',(#12829,#12830,#12831,#12832));
#2165=EDGE_LOOP('',(#12833,#12834,#12835,#12836));
#2166=EDGE_LOOP('',(#12837,#12838,#12839,#12840));
#2167=EDGE_LOOP('',(#12841,#12842,#12843,#12844));
#2168=EDGE_LOOP('',(#12845,#12846,#12847,#12848));
#2169=EDGE_LOOP('',(#12849,#12850,#12851,#12852));
#2170=EDGE_LOOP('',(#12853,#12854,#12855,#12856));
#2171=EDGE_LOOP('',(#12857,#12858,#12859,#12860));
#2172=EDGE_LOOP('',(#12861,#12862,#12863,#12864));
#2173=EDGE_LOOP('',(#12865,#12866,#12867,#12868));
#2174=EDGE_LOOP('',(#12869,#12870,#12871,#12872));
#2175=EDGE_LOOP('',(#12873,#12874,#12875,#12876));
#2176=EDGE_LOOP('',(#12877,#12878,#12879,#12880));
#2177=EDGE_LOOP('',(#12881,#12882,#12883,#12884));
#2178=EDGE_LOOP('',(#12885,#12886,#12887,#12888));
#2179=EDGE_LOOP('',(#12889,#12890,#12891,#12892));
#2180=EDGE_LOOP('',(#12893,#12894,#12895,#12896));
#2181=EDGE_LOOP('',(#12897,#12898,#12899,#12900));
#2182=EDGE_LOOP('',(#12901,#12902,#12903,#12904));
#2183=EDGE_LOOP('',(#12905,#12906,#12907,#12908));
#2184=EDGE_LOOP('',(#12909,#12910,#12911,#12912));
#2185=EDGE_LOOP('',(#12913,#12914,#12915,#12916));
#2186=EDGE_LOOP('',(#12917,#12918,#12919,#12920));
#2187=EDGE_LOOP('',(#12921,#12922,#12923,#12924));
#2188=EDGE_LOOP('',(#12925,#12926,#12927,#12928));
#2189=EDGE_LOOP('',(#12929,#12930,#12931,#12932));
#2190=EDGE_LOOP('',(#12933,#12934,#12935,#12936));
#2191=EDGE_LOOP('',(#12937,#12938,#12939,#12940));
#2192=EDGE_LOOP('',(#12941,#12942,#12943,#12944));
#2193=EDGE_LOOP('',(#12945,#12946,#12947,#12948));
#2194=EDGE_LOOP('',(#12949,#12950,#12951,#12952));
#2195=EDGE_LOOP('',(#12953,#12954,#12955,#12956));
#2196=EDGE_LOOP('',(#12957,#12958,#12959,#12960));
#2197=EDGE_LOOP('',(#12961,#12962,#12963,#12964));
#2198=EDGE_LOOP('',(#12965,#12966,#12967,#12968));
#2199=EDGE_LOOP('',(#12969,#12970,#12971,#12972));
#2200=EDGE_LOOP('',(#12973,#12974,#12975,#12976));
#2201=EDGE_LOOP('',(#12977,#12978,#12979,#12980));
#2202=EDGE_LOOP('',(#12981,#12982,#12983,#12984));
#2203=EDGE_LOOP('',(#12985,#12986,#12987,#12988));
#2204=EDGE_LOOP('',(#12989,#12990,#12991,#12992));
#2205=EDGE_LOOP('',(#12993,#12994,#12995,#12996));
#2206=EDGE_LOOP('',(#12997,#12998,#12999,#13000));
#2207=EDGE_LOOP('',(#13001,#13002,#13003,#13004));
#2208=EDGE_LOOP('',(#13005,#13006,#13007,#13008));
#2209=EDGE_LOOP('',(#13009,#13010,#13011,#13012));
#2210=EDGE_LOOP('',(#13013,#13014,#13015,#13016));
#2211=EDGE_LOOP('',(#13017,#13018,#13019,#13020));
#2212=EDGE_LOOP('',(#13021,#13022,#13023,#13024));
#2213=EDGE_LOOP('',(#13025,#13026,#13027,#13028));
#2214=EDGE_LOOP('',(#13029,#13030,#13031,#13032));
#2215=EDGE_LOOP('',(#13033,#13034,#13035,#13036));
#2216=EDGE_LOOP('',(#13037,#13038,#13039,#13040));
#2217=EDGE_LOOP('',(#13041,#13042,#13043,#13044));
#2218=EDGE_LOOP('',(#13045,#13046,#13047,#13048));
#2219=EDGE_LOOP('',(#13049,#13050,#13051,#13052));
#2220=EDGE_LOOP('',(#13053,#13054,#13055,#13056));
#2221=EDGE_LOOP('',(#13057,#13058,#13059,#13060));
#2222=EDGE_LOOP('',(#13061,#13062,#13063,#13064));
#2223=EDGE_LOOP('',(#13065,#13066,#13067,#13068));
#2224=EDGE_LOOP('',(#13069,#13070,#13071,#13072));
#2225=EDGE_LOOP('',(#13073,#13074,#13075,#13076));
#2226=EDGE_LOOP('',(#13077,#13078,#13079,#13080));
#2227=EDGE_LOOP('',(#13081,#13082,#13083,#13084));
#2228=EDGE_LOOP('',(#13085,#13086,#13087,#13088));
#2229=EDGE_LOOP('',(#13089,#13090,#13091,#13092));
#2230=EDGE_LOOP('',(#13093,#13094,#13095,#13096));
#2231=EDGE_LOOP('',(#13097,#13098,#13099,#13100));
#2232=EDGE_LOOP('',(#13101,#13102,#13103,#13104));
#2233=EDGE_LOOP('',(#13105,#13106,#13107,#13108));
#2234=EDGE_LOOP('',(#13109,#13110,#13111,#13112));
#2235=EDGE_LOOP('',(#13113,#13114,#13115,#13116));
#2236=EDGE_LOOP('',(#13117,#13118,#13119,#13120));
#2237=EDGE_LOOP('',(#13121,#13122,#13123,#13124));
#2238=EDGE_LOOP('',(#13125,#13126,#13127,#13128));
#2239=EDGE_LOOP('',(#13129,#13130,#13131,#13132));
#2240=EDGE_LOOP('',(#13133,#13134,#13135,#13136));
#2241=EDGE_LOOP('',(#13137,#13138,#13139,#13140));
#2242=EDGE_LOOP('',(#13141,#13142,#13143,#13144));
#2243=EDGE_LOOP('',(#13145,#13146,#13147,#13148));
#2244=EDGE_LOOP('',(#13149,#13150,#13151,#13152));
#2245=EDGE_LOOP('',(#13153,#13154,#13155,#13156));
#2246=EDGE_LOOP('',(#13157,#13158,#13159,#13160));
#2247=EDGE_LOOP('',(#13161,#13162,#13163,#13164));
#2248=EDGE_LOOP('',(#13165,#13166,#13167,#13168));
#2249=EDGE_LOOP('',(#13169,#13170,#13171,#13172));
#2250=EDGE_LOOP('',(#13173,#13174,#13175,#13176));
#2251=EDGE_LOOP('',(#13177,#13178,#13179,#13180));
#2252=EDGE_LOOP('',(#13181,#13182,#13183,#13184));
#2253=EDGE_LOOP('',(#13185,#13186,#13187,#13188));
#2254=EDGE_LOOP('',(#13189,#13190,#13191,#13192));
#2255=EDGE_LOOP('',(#13193,#13194,#13195,#13196));
#2256=EDGE_LOOP('',(#13197,#13198,#13199,#13200));
#2257=EDGE_LOOP('',(#13201,#13202,#13203,#13204));
#2258=EDGE_LOOP('',(#13205,#13206,#13207,#13208));
#2259=EDGE_LOOP('',(#13209,#13210,#13211,#13212));
#2260=EDGE_LOOP('',(#13213,#13214,#13215,#13216));
#2261=EDGE_LOOP('',(#13217,#13218,#13219,#13220));
#2262=EDGE_LOOP('',(#13221,#13222,#13223,#13224));
#2263=EDGE_LOOP('',(#13225,#13226,#13227,#13228));
#2264=EDGE_LOOP('',(#13229,#13230,#13231,#13232));
#2265=EDGE_LOOP('',(#13233,#13234,#13235,#13236));
#2266=EDGE_LOOP('',(#13237,#13238,#13239,#13240));
#2267=EDGE_LOOP('',(#13241,#13242,#13243,#13244));
#2268=EDGE_LOOP('',(#13245,#13246,#13247,#13248));
#2269=EDGE_LOOP('',(#13249,#13250,#13251,#13252));
#2270=EDGE_LOOP('',(#13253,#13254,#13255,#13256));
#2271=EDGE_LOOP('',(#13257,#13258,#13259,#13260));
#2272=EDGE_LOOP('',(#13261,#13262,#13263,#13264));
#2273=EDGE_LOOP('',(#13265,#13266,#13267,#13268));
#2274=EDGE_LOOP('',(#13269,#13270,#13271,#13272));
#2275=EDGE_LOOP('',(#13273,#13274,#13275,#13276));
#2276=EDGE_LOOP('',(#13277,#13278,#13279,#13280));
#2277=EDGE_LOOP('',(#13281,#13282,#13283,#13284));
#2278=EDGE_LOOP('',(#13285,#13286,#13287,#13288));
#2279=EDGE_LOOP('',(#13289,#13290,#13291,#13292));
#2280=EDGE_LOOP('',(#13293,#13294,#13295,#13296));
#2281=LINE('',#20282,#4225);
#2282=LINE('',#20284,#4226);
#2283=LINE('',#20286,#4227);
#2284=LINE('',#20287,#4228);
#2285=LINE('',#20290,#4229);
#2286=LINE('',#20292,#4230);
#2287=LINE('',#20293,#4231);
#2288=LINE('',#20296,#4232);
#2289=LINE('',#20298,#4233);
#2290=LINE('',#20299,#4234);
#2291=LINE('',#20301,#4235);
#2292=LINE('',#20302,#4236);
#2293=LINE('',#20308,#4237);
#2294=LINE('',#20310,#4238);
#2295=LINE('',#20312,#4239);
#2296=LINE('',#20313,#4240);
#2297=LINE('',#20316,#4241);
#2298=LINE('',#20318,#4242);
#2299=LINE('',#20319,#4243);
#2300=LINE('',#20322,#4244);
#2301=LINE('',#20324,#4245);
#2302=LINE('',#20325,#4246);
#2303=LINE('',#20327,#4247);
#2304=LINE('',#20328,#4248);
#2305=LINE('',#20334,#4249);
#2306=LINE('',#20336,#4250);
#2307=LINE('',#20338,#4251);
#2308=LINE('',#20339,#4252);
#2309=LINE('',#20342,#4253);
#2310=LINE('',#20344,#4254);
#2311=LINE('',#20345,#4255);
#2312=LINE('',#20348,#4256);
#2313=LINE('',#20350,#4257);
#2314=LINE('',#20351,#4258);
#2315=LINE('',#20353,#4259);
#2316=LINE('',#20354,#4260);
#2317=LINE('',#20360,#4261);
#2318=LINE('',#20362,#4262);
#2319=LINE('',#20364,#4263);
#2320=LINE('',#20365,#4264);
#2321=LINE('',#20368,#4265);
#2322=LINE('',#20370,#4266);
#2323=LINE('',#20371,#4267);
#2324=LINE('',#20374,#4268);
#2325=LINE('',#20376,#4269);
#2326=LINE('',#20377,#4270);
#2327=LINE('',#20379,#4271);
#2328=LINE('',#20380,#4272);
#2329=LINE('',#20386,#4273);
#2330=LINE('',#20388,#4274);
#2331=LINE('',#20390,#4275);
#2332=LINE('',#20391,#4276);
#2333=LINE('',#20394,#4277);
#2334=LINE('',#20396,#4278);
#2335=LINE('',#20397,#4279);
#2336=LINE('',#20400,#4280);
#2337=LINE('',#20402,#4281);
#2338=LINE('',#20403,#4282);
#2339=LINE('',#20405,#4283);
#2340=LINE('',#20406,#4284);
#2341=LINE('',#20412,#4285);
#2342=LINE('',#20414,#4286);
#2343=LINE('',#20416,#4287);
#2344=LINE('',#20417,#4288);
#2345=LINE('',#20420,#4289);
#2346=LINE('',#20422,#4290);
#2347=LINE('',#20423,#4291);
#2348=LINE('',#20426,#4292);
#2349=LINE('',#20428,#4293);
#2350=LINE('',#20429,#4294);
#2351=LINE('',#20431,#4295);
#2352=LINE('',#20432,#4296);
#2353=LINE('',#20438,#4297);
#2354=LINE('',#20440,#4298);
#2355=LINE('',#20442,#4299);
#2356=LINE('',#20443,#4300);
#2357=LINE('',#20446,#4301);
#2358=LINE('',#20448,#4302);
#2359=LINE('',#20449,#4303);
#2360=LINE('',#20452,#4304);
#2361=LINE('',#20454,#4305);
#2362=LINE('',#20455,#4306);
#2363=LINE('',#20457,#4307);
#2364=LINE('',#20458,#4308);
#2365=LINE('',#20464,#4309);
#2366=LINE('',#20466,#4310);
#2367=LINE('',#20468,#4311);
#2368=LINE('',#20469,#4312);
#2369=LINE('',#20472,#4313);
#2370=LINE('',#20474,#4314);
#2371=LINE('',#20475,#4315);
#2372=LINE('',#20478,#4316);
#2373=LINE('',#20480,#4317);
#2374=LINE('',#20481,#4318);
#2375=LINE('',#20483,#4319);
#2376=LINE('',#20484,#4320);
#2377=LINE('',#20490,#4321);
#2378=LINE('',#20492,#4322);
#2379=LINE('',#20494,#4323);
#2380=LINE('',#20495,#4324);
#2381=LINE('',#20498,#4325);
#2382=LINE('',#20500,#4326);
#2383=LINE('',#20501,#4327);
#2384=LINE('',#20504,#4328);
#2385=LINE('',#20506,#4329);
#2386=LINE('',#20507,#4330);
#2387=LINE('',#20509,#4331);
#2388=LINE('',#20510,#4332);
#2389=LINE('',#20516,#4333);
#2390=LINE('',#20518,#4334);
#2391=LINE('',#20520,#4335);
#2392=LINE('',#20521,#4336);
#2393=LINE('',#20524,#4337);
#2394=LINE('',#20526,#4338);
#2395=LINE('',#20527,#4339);
#2396=LINE('',#20530,#4340);
#2397=LINE('',#20532,#4341);
#2398=LINE('',#20533,#4342);
#2399=LINE('',#20535,#4343);
#2400=LINE('',#20536,#4344);
#2401=LINE('',#20542,#4345);
#2402=LINE('',#20544,#4346);
#2403=LINE('',#20546,#4347);
#2404=LINE('',#20547,#4348);
#2405=LINE('',#20550,#4349);
#2406=LINE('',#20552,#4350);
#2407=LINE('',#20553,#4351);
#2408=LINE('',#20556,#4352);
#2409=LINE('',#20558,#4353);
#2410=LINE('',#20559,#4354);
#2411=LINE('',#20561,#4355);
#2412=LINE('',#20562,#4356);
#2413=LINE('',#20568,#4357);
#2414=LINE('',#20570,#4358);
#2415=LINE('',#20572,#4359);
#2416=LINE('',#20573,#4360);
#2417=LINE('',#20576,#4361);
#2418=LINE('',#20578,#4362);
#2419=LINE('',#20579,#4363);
#2420=LINE('',#20582,#4364);
#2421=LINE('',#20584,#4365);
#2422=LINE('',#20585,#4366);
#2423=LINE('',#20587,#4367);
#2424=LINE('',#20588,#4368);
#2425=LINE('',#20594,#4369);
#2426=LINE('',#20596,#4370);
#2427=LINE('',#20598,#4371);
#2428=LINE('',#20599,#4372);
#2429=LINE('',#20602,#4373);
#2430=LINE('',#20604,#4374);
#2431=LINE('',#20605,#4375);
#2432=LINE('',#20608,#4376);
#2433=LINE('',#20610,#4377);
#2434=LINE('',#20611,#4378);
#2435=LINE('',#20613,#4379);
#2436=LINE('',#20614,#4380);
#2437=LINE('',#20620,#4381);
#2438=LINE('',#20622,#4382);
#2439=LINE('',#20624,#4383);
#2440=LINE('',#20625,#4384);
#2441=LINE('',#20628,#4385);
#2442=LINE('',#20630,#4386);
#2443=LINE('',#20631,#4387);
#2444=LINE('',#20634,#4388);
#2445=LINE('',#20636,#4389);
#2446=LINE('',#20637,#4390);
#2447=LINE('',#20639,#4391);
#2448=LINE('',#20640,#4392);
#2449=LINE('',#20646,#4393);
#2450=LINE('',#20648,#4394);
#2451=LINE('',#20650,#4395);
#2452=LINE('',#20651,#4396);
#2453=LINE('',#20654,#4397);
#2454=LINE('',#20656,#4398);
#2455=LINE('',#20657,#4399);
#2456=LINE('',#20660,#4400);
#2457=LINE('',#20662,#4401);
#2458=LINE('',#20663,#4402);
#2459=LINE('',#20665,#4403);
#2460=LINE('',#20666,#4404);
#2461=LINE('',#20672,#4405);
#2462=LINE('',#20674,#4406);
#2463=LINE('',#20676,#4407);
#2464=LINE('',#20677,#4408);
#2465=LINE('',#20680,#4409);
#2466=LINE('',#20682,#4410);
#2467=LINE('',#20683,#4411);
#2468=LINE('',#20686,#4412);
#2469=LINE('',#20688,#4413);
#2470=LINE('',#20689,#4414);
#2471=LINE('',#20691,#4415);
#2472=LINE('',#20692,#4416);
#2473=LINE('',#20698,#4417);
#2474=LINE('',#20700,#4418);
#2475=LINE('',#20702,#4419);
#2476=LINE('',#20703,#4420);
#2477=LINE('',#20706,#4421);
#2478=LINE('',#20708,#4422);
#2479=LINE('',#20709,#4423);
#2480=LINE('',#20712,#4424);
#2481=LINE('',#20714,#4425);
#2482=LINE('',#20715,#4426);
#2483=LINE('',#20717,#4427);
#2484=LINE('',#20718,#4428);
#2485=LINE('',#20724,#4429);
#2486=LINE('',#20726,#4430);
#2487=LINE('',#20728,#4431);
#2488=LINE('',#20729,#4432);
#2489=LINE('',#20732,#4433);
#2490=LINE('',#20734,#4434);
#2491=LINE('',#20735,#4435);
#2492=LINE('',#20738,#4436);
#2493=LINE('',#20740,#4437);
#2494=LINE('',#20741,#4438);
#2495=LINE('',#20743,#4439);
#2496=LINE('',#20744,#4440);
#2497=LINE('',#20750,#4441);
#2498=LINE('',#20752,#4442);
#2499=LINE('',#20754,#4443);
#2500=LINE('',#20755,#4444);
#2501=LINE('',#20758,#4445);
#2502=LINE('',#20760,#4446);
#2503=LINE('',#20761,#4447);
#2504=LINE('',#20764,#4448);
#2505=LINE('',#20766,#4449);
#2506=LINE('',#20767,#4450);
#2507=LINE('',#20769,#4451);
#2508=LINE('',#20770,#4452);
#2509=LINE('',#20776,#4453);
#2510=LINE('',#20778,#4454);
#2511=LINE('',#20780,#4455);
#2512=LINE('',#20781,#4456);
#2513=LINE('',#20784,#4457);
#2514=LINE('',#20786,#4458);
#2515=LINE('',#20787,#4459);
#2516=LINE('',#20790,#4460);
#2517=LINE('',#20792,#4461);
#2518=LINE('',#20793,#4462);
#2519=LINE('',#20795,#4463);
#2520=LINE('',#20796,#4464);
#2521=LINE('',#20802,#4465);
#2522=LINE('',#20804,#4466);
#2523=LINE('',#20806,#4467);
#2524=LINE('',#20807,#4468);
#2525=LINE('',#20810,#4469);
#2526=LINE('',#20812,#4470);
#2527=LINE('',#20813,#4471);
#2528=LINE('',#20816,#4472);
#2529=LINE('',#20818,#4473);
#2530=LINE('',#20819,#4474);
#2531=LINE('',#20821,#4475);
#2532=LINE('',#20822,#4476);
#2533=LINE('',#20828,#4477);
#2534=LINE('',#20830,#4478);
#2535=LINE('',#20832,#4479);
#2536=LINE('',#20833,#4480);
#2537=LINE('',#20836,#4481);
#2538=LINE('',#20838,#4482);
#2539=LINE('',#20839,#4483);
#2540=LINE('',#20842,#4484);
#2541=LINE('',#20844,#4485);
#2542=LINE('',#20845,#4486);
#2543=LINE('',#20847,#4487);
#2544=LINE('',#20848,#4488);
#2545=LINE('',#20854,#4489);
#2546=LINE('',#20856,#4490);
#2547=LINE('',#20858,#4491);
#2548=LINE('',#20859,#4492);
#2549=LINE('',#20862,#4493);
#2550=LINE('',#20864,#4494);
#2551=LINE('',#20865,#4495);
#2552=LINE('',#20868,#4496);
#2553=LINE('',#20870,#4497);
#2554=LINE('',#20871,#4498);
#2555=LINE('',#20873,#4499);
#2556=LINE('',#20874,#4500);
#2557=LINE('',#20880,#4501);
#2558=LINE('',#20882,#4502);
#2559=LINE('',#20884,#4503);
#2560=LINE('',#20885,#4504);
#2561=LINE('',#20888,#4505);
#2562=LINE('',#20890,#4506);
#2563=LINE('',#20891,#4507);
#2564=LINE('',#20894,#4508);
#2565=LINE('',#20896,#4509);
#2566=LINE('',#20897,#4510);
#2567=LINE('',#20899,#4511);
#2568=LINE('',#20900,#4512);
#2569=LINE('',#20906,#4513);
#2570=LINE('',#20908,#4514);
#2571=LINE('',#20910,#4515);
#2572=LINE('',#20911,#4516);
#2573=LINE('',#20914,#4517);
#2574=LINE('',#20916,#4518);
#2575=LINE('',#20917,#4519);
#2576=LINE('',#20920,#4520);
#2577=LINE('',#20922,#4521);
#2578=LINE('',#20923,#4522);
#2579=LINE('',#20925,#4523);
#2580=LINE('',#20926,#4524);
#2581=LINE('',#20932,#4525);
#2582=LINE('',#20934,#4526);
#2583=LINE('',#20936,#4527);
#2584=LINE('',#20937,#4528);
#2585=LINE('',#20940,#4529);
#2586=LINE('',#20942,#4530);
#2587=LINE('',#20943,#4531);
#2588=LINE('',#20946,#4532);
#2589=LINE('',#20948,#4533);
#2590=LINE('',#20949,#4534);
#2591=LINE('',#20951,#4535);
#2592=LINE('',#20952,#4536);
#2593=LINE('',#20958,#4537);
#2594=LINE('',#20960,#4538);
#2595=LINE('',#20962,#4539);
#2596=LINE('',#20963,#4540);
#2597=LINE('',#20966,#4541);
#2598=LINE('',#20968,#4542);
#2599=LINE('',#20969,#4543);
#2600=LINE('',#20972,#4544);
#2601=LINE('',#20974,#4545);
#2602=LINE('',#20975,#4546);
#2603=LINE('',#20977,#4547);
#2604=LINE('',#20978,#4548);
#2605=LINE('',#20984,#4549);
#2606=LINE('',#20986,#4550);
#2607=LINE('',#20988,#4551);
#2608=LINE('',#20989,#4552);
#2609=LINE('',#20992,#4553);
#2610=LINE('',#20994,#4554);
#2611=LINE('',#20995,#4555);
#2612=LINE('',#20998,#4556);
#2613=LINE('',#21000,#4557);
#2614=LINE('',#21001,#4558);
#2615=LINE('',#21003,#4559);
#2616=LINE('',#21004,#4560);
#2617=LINE('',#21010,#4561);
#2618=LINE('',#21012,#4562);
#2619=LINE('',#21014,#4563);
#2620=LINE('',#21015,#4564);
#2621=LINE('',#21018,#4565);
#2622=LINE('',#21020,#4566);
#2623=LINE('',#21021,#4567);
#2624=LINE('',#21024,#4568);
#2625=LINE('',#21026,#4569);
#2626=LINE('',#21027,#4570);
#2627=LINE('',#21029,#4571);
#2628=LINE('',#21030,#4572);
#2629=LINE('',#21036,#4573);
#2630=LINE('',#21038,#4574);
#2631=LINE('',#21040,#4575);
#2632=LINE('',#21041,#4576);
#2633=LINE('',#21044,#4577);
#2634=LINE('',#21046,#4578);
#2635=LINE('',#21047,#4579);
#2636=LINE('',#21050,#4580);
#2637=LINE('',#21052,#4581);
#2638=LINE('',#21053,#4582);
#2639=LINE('',#21055,#4583);
#2640=LINE('',#21056,#4584);
#2641=LINE('',#21062,#4585);
#2642=LINE('',#21064,#4586);
#2643=LINE('',#21066,#4587);
#2644=LINE('',#21067,#4588);
#2645=LINE('',#21070,#4589);
#2646=LINE('',#21072,#4590);
#2647=LINE('',#21073,#4591);
#2648=LINE('',#21076,#4592);
#2649=LINE('',#21078,#4593);
#2650=LINE('',#21079,#4594);
#2651=LINE('',#21081,#4595);
#2652=LINE('',#21082,#4596);
#2653=LINE('',#21088,#4597);
#2654=LINE('',#21090,#4598);
#2655=LINE('',#21092,#4599);
#2656=LINE('',#21093,#4600);
#2657=LINE('',#21096,#4601);
#2658=LINE('',#21098,#4602);
#2659=LINE('',#21099,#4603);
#2660=LINE('',#21102,#4604);
#2661=LINE('',#21104,#4605);
#2662=LINE('',#21105,#4606);
#2663=LINE('',#21107,#4607);
#2664=LINE('',#21108,#4608);
#2665=LINE('',#21114,#4609);
#2666=LINE('',#21116,#4610);
#2667=LINE('',#21118,#4611);
#2668=LINE('',#21119,#4612);
#2669=LINE('',#21122,#4613);
#2670=LINE('',#21124,#4614);
#2671=LINE('',#21125,#4615);
#2672=LINE('',#21128,#4616);
#2673=LINE('',#21130,#4617);
#2674=LINE('',#21131,#4618);
#2675=LINE('',#21133,#4619);
#2676=LINE('',#21134,#4620);
#2677=LINE('',#21140,#4621);
#2678=LINE('',#21142,#4622);
#2679=LINE('',#21144,#4623);
#2680=LINE('',#21145,#4624);
#2681=LINE('',#21148,#4625);
#2682=LINE('',#21150,#4626);
#2683=LINE('',#21151,#4627);
#2684=LINE('',#21154,#4628);
#2685=LINE('',#21156,#4629);
#2686=LINE('',#21157,#4630);
#2687=LINE('',#21159,#4631);
#2688=LINE('',#21160,#4632);
#2689=LINE('',#21166,#4633);
#2690=LINE('',#21168,#4634);
#2691=LINE('',#21170,#4635);
#2692=LINE('',#21171,#4636);
#2693=LINE('',#21174,#4637);
#2694=LINE('',#21176,#4638);
#2695=LINE('',#21177,#4639);
#2696=LINE('',#21180,#4640);
#2697=LINE('',#21182,#4641);
#2698=LINE('',#21183,#4642);
#2699=LINE('',#21185,#4643);
#2700=LINE('',#21186,#4644);
#2701=LINE('',#21192,#4645);
#2702=LINE('',#21194,#4646);
#2703=LINE('',#21196,#4647);
#2704=LINE('',#21197,#4648);
#2705=LINE('',#21200,#4649);
#2706=LINE('',#21202,#4650);
#2707=LINE('',#21203,#4651);
#2708=LINE('',#21206,#4652);
#2709=LINE('',#21208,#4653);
#2710=LINE('',#21209,#4654);
#2711=LINE('',#21211,#4655);
#2712=LINE('',#21212,#4656);
#2713=LINE('',#21218,#4657);
#2714=LINE('',#21220,#4658);
#2715=LINE('',#21222,#4659);
#2716=LINE('',#21223,#4660);
#2717=LINE('',#21226,#4661);
#2718=LINE('',#21228,#4662);
#2719=LINE('',#21229,#4663);
#2720=LINE('',#21232,#4664);
#2721=LINE('',#21234,#4665);
#2722=LINE('',#21235,#4666);
#2723=LINE('',#21237,#4667);
#2724=LINE('',#21238,#4668);
#2725=LINE('',#21244,#4669);
#2726=LINE('',#21246,#4670);
#2727=LINE('',#21248,#4671);
#2728=LINE('',#21249,#4672);
#2729=LINE('',#21252,#4673);
#2730=LINE('',#21254,#4674);
#2731=LINE('',#21255,#4675);
#2732=LINE('',#21258,#4676);
#2733=LINE('',#21260,#4677);
#2734=LINE('',#21261,#4678);
#2735=LINE('',#21263,#4679);
#2736=LINE('',#21264,#4680);
#2737=LINE('',#21270,#4681);
#2738=LINE('',#21272,#4682);
#2739=LINE('',#21274,#4683);
#2740=LINE('',#21275,#4684);
#2741=LINE('',#21278,#4685);
#2742=LINE('',#21280,#4686);
#2743=LINE('',#21281,#4687);
#2744=LINE('',#21284,#4688);
#2745=LINE('',#21286,#4689);
#2746=LINE('',#21287,#4690);
#2747=LINE('',#21289,#4691);
#2748=LINE('',#21290,#4692);
#2749=LINE('',#21296,#4693);
#2750=LINE('',#21298,#4694);
#2751=LINE('',#21300,#4695);
#2752=LINE('',#21301,#4696);
#2753=LINE('',#21304,#4697);
#2754=LINE('',#21306,#4698);
#2755=LINE('',#21307,#4699);
#2756=LINE('',#21310,#4700);
#2757=LINE('',#21312,#4701);
#2758=LINE('',#21313,#4702);
#2759=LINE('',#21315,#4703);
#2760=LINE('',#21316,#4704);
#2761=LINE('',#21322,#4705);
#2762=LINE('',#21324,#4706);
#2763=LINE('',#21326,#4707);
#2764=LINE('',#21327,#4708);
#2765=LINE('',#21330,#4709);
#2766=LINE('',#21332,#4710);
#2767=LINE('',#21333,#4711);
#2768=LINE('',#21336,#4712);
#2769=LINE('',#21338,#4713);
#2770=LINE('',#21339,#4714);
#2771=LINE('',#21341,#4715);
#2772=LINE('',#21342,#4716);
#2773=LINE('',#21348,#4717);
#2774=LINE('',#21350,#4718);
#2775=LINE('',#21352,#4719);
#2776=LINE('',#21353,#4720);
#2777=LINE('',#21356,#4721);
#2778=LINE('',#21358,#4722);
#2779=LINE('',#21359,#4723);
#2780=LINE('',#21362,#4724);
#2781=LINE('',#21364,#4725);
#2782=LINE('',#21365,#4726);
#2783=LINE('',#21367,#4727);
#2784=LINE('',#21368,#4728);
#2785=LINE('',#21374,#4729);
#2786=LINE('',#21376,#4730);
#2787=LINE('',#21378,#4731);
#2788=LINE('',#21379,#4732);
#2789=LINE('',#21382,#4733);
#2790=LINE('',#21384,#4734);
#2791=LINE('',#21385,#4735);
#2792=LINE('',#21388,#4736);
#2793=LINE('',#21390,#4737);
#2794=LINE('',#21391,#4738);
#2795=LINE('',#21393,#4739);
#2796=LINE('',#21394,#4740);
#2797=LINE('',#21400,#4741);
#2798=LINE('',#21402,#4742);
#2799=LINE('',#21404,#4743);
#2800=LINE('',#21405,#4744);
#2801=LINE('',#21408,#4745);
#2802=LINE('',#21410,#4746);
#2803=LINE('',#21411,#4747);
#2804=LINE('',#21414,#4748);
#2805=LINE('',#21416,#4749);
#2806=LINE('',#21417,#4750);
#2807=LINE('',#21419,#4751);
#2808=LINE('',#21420,#4752);
#2809=LINE('',#21426,#4753);
#2810=LINE('',#21428,#4754);
#2811=LINE('',#21430,#4755);
#2812=LINE('',#21431,#4756);
#2813=LINE('',#21434,#4757);
#2814=LINE('',#21436,#4758);
#2815=LINE('',#21437,#4759);
#2816=LINE('',#21440,#4760);
#2817=LINE('',#21442,#4761);
#2818=LINE('',#21443,#4762);
#2819=LINE('',#21445,#4763);
#2820=LINE('',#21446,#4764);
#2821=LINE('',#21452,#4765);
#2822=LINE('',#21454,#4766);
#2823=LINE('',#21456,#4767);
#2824=LINE('',#21457,#4768);
#2825=LINE('',#21460,#4769);
#2826=LINE('',#21462,#4770);
#2827=LINE('',#21463,#4771);
#2828=LINE('',#21466,#4772);
#2829=LINE('',#21468,#4773);
#2830=LINE('',#21469,#4774);
#2831=LINE('',#21471,#4775);
#2832=LINE('',#21472,#4776);
#2833=LINE('',#21478,#4777);
#2834=LINE('',#21480,#4778);
#2835=LINE('',#21482,#4779);
#2836=LINE('',#21483,#4780);
#2837=LINE('',#21486,#4781);
#2838=LINE('',#21488,#4782);
#2839=LINE('',#21489,#4783);
#2840=LINE('',#21492,#4784);
#2841=LINE('',#21494,#4785);
#2842=LINE('',#21495,#4786);
#2843=LINE('',#21497,#4787);
#2844=LINE('',#21498,#4788);
#2845=LINE('',#21504,#4789);
#2846=LINE('',#21506,#4790);
#2847=LINE('',#21508,#4791);
#2848=LINE('',#21509,#4792);
#2849=LINE('',#21512,#4793);
#2850=LINE('',#21514,#4794);
#2851=LINE('',#21515,#4795);
#2852=LINE('',#21518,#4796);
#2853=LINE('',#21520,#4797);
#2854=LINE('',#21521,#4798);
#2855=LINE('',#21523,#4799);
#2856=LINE('',#21524,#4800);
#2857=LINE('',#21530,#4801);
#2858=LINE('',#21532,#4802);
#2859=LINE('',#21534,#4803);
#2860=LINE('',#21535,#4804);
#2861=LINE('',#21538,#4805);
#2862=LINE('',#21540,#4806);
#2863=LINE('',#21541,#4807);
#2864=LINE('',#21544,#4808);
#2865=LINE('',#21546,#4809);
#2866=LINE('',#21547,#4810);
#2867=LINE('',#21549,#4811);
#2868=LINE('',#21550,#4812);
#2869=LINE('',#21556,#4813);
#2870=LINE('',#21558,#4814);
#2871=LINE('',#21560,#4815);
#2872=LINE('',#21561,#4816);
#2873=LINE('',#21564,#4817);
#2874=LINE('',#21566,#4818);
#2875=LINE('',#21567,#4819);
#2876=LINE('',#21570,#4820);
#2877=LINE('',#21572,#4821);
#2878=LINE('',#21573,#4822);
#2879=LINE('',#21575,#4823);
#2880=LINE('',#21576,#4824);
#2881=LINE('',#21582,#4825);
#2882=LINE('',#21584,#4826);
#2883=LINE('',#21586,#4827);
#2884=LINE('',#21587,#4828);
#2885=LINE('',#21590,#4829);
#2886=LINE('',#21592,#4830);
#2887=LINE('',#21593,#4831);
#2888=LINE('',#21596,#4832);
#2889=LINE('',#21598,#4833);
#2890=LINE('',#21599,#4834);
#2891=LINE('',#21601,#4835);
#2892=LINE('',#21602,#4836);
#2893=LINE('',#21608,#4837);
#2894=LINE('',#21610,#4838);
#2895=LINE('',#21612,#4839);
#2896=LINE('',#21613,#4840);
#2897=LINE('',#21616,#4841);
#2898=LINE('',#21618,#4842);
#2899=LINE('',#21619,#4843);
#2900=LINE('',#21622,#4844);
#2901=LINE('',#21624,#4845);
#2902=LINE('',#21625,#4846);
#2903=LINE('',#21627,#4847);
#2904=LINE('',#21628,#4848);
#2905=LINE('',#21634,#4849);
#2906=LINE('',#21636,#4850);
#2907=LINE('',#21638,#4851);
#2908=LINE('',#21639,#4852);
#2909=LINE('',#21642,#4853);
#2910=LINE('',#21644,#4854);
#2911=LINE('',#21645,#4855);
#2912=LINE('',#21648,#4856);
#2913=LINE('',#21650,#4857);
#2914=LINE('',#21651,#4858);
#2915=LINE('',#21653,#4859);
#2916=LINE('',#21654,#4860);
#2917=LINE('',#21660,#4861);
#2918=LINE('',#21662,#4862);
#2919=LINE('',#21664,#4863);
#2920=LINE('',#21665,#4864);
#2921=LINE('',#21668,#4865);
#2922=LINE('',#21670,#4866);
#2923=LINE('',#21671,#4867);
#2924=LINE('',#21674,#4868);
#2925=LINE('',#21676,#4869);
#2926=LINE('',#21677,#4870);
#2927=LINE('',#21679,#4871);
#2928=LINE('',#21680,#4872);
#2929=LINE('',#21686,#4873);
#2930=LINE('',#21688,#4874);
#2931=LINE('',#21690,#4875);
#2932=LINE('',#21691,#4876);
#2933=LINE('',#21694,#4877);
#2934=LINE('',#21696,#4878);
#2935=LINE('',#21697,#4879);
#2936=LINE('',#21700,#4880);
#2937=LINE('',#21702,#4881);
#2938=LINE('',#21703,#4882);
#2939=LINE('',#21705,#4883);
#2940=LINE('',#21706,#4884);
#2941=LINE('',#21712,#4885);
#2942=LINE('',#21714,#4886);
#2943=LINE('',#21716,#4887);
#2944=LINE('',#21717,#4888);
#2945=LINE('',#21720,#4889);
#2946=LINE('',#21722,#4890);
#2947=LINE('',#21723,#4891);
#2948=LINE('',#21726,#4892);
#2949=LINE('',#21728,#4893);
#2950=LINE('',#21729,#4894);
#2951=LINE('',#21731,#4895);
#2952=LINE('',#21732,#4896);
#2953=LINE('',#21738,#4897);
#2954=LINE('',#21740,#4898);
#2955=LINE('',#21742,#4899);
#2956=LINE('',#21743,#4900);
#2957=LINE('',#21746,#4901);
#2958=LINE('',#21748,#4902);
#2959=LINE('',#21749,#4903);
#2960=LINE('',#21752,#4904);
#2961=LINE('',#21754,#4905);
#2962=LINE('',#21755,#4906);
#2963=LINE('',#21757,#4907);
#2964=LINE('',#21758,#4908);
#2965=LINE('',#21764,#4909);
#2966=LINE('',#21766,#4910);
#2967=LINE('',#21768,#4911);
#2968=LINE('',#21769,#4912);
#2969=LINE('',#21772,#4913);
#2970=LINE('',#21774,#4914);
#2971=LINE('',#21775,#4915);
#2972=LINE('',#21778,#4916);
#2973=LINE('',#21780,#4917);
#2974=LINE('',#21781,#4918);
#2975=LINE('',#21783,#4919);
#2976=LINE('',#21784,#4920);
#2977=LINE('',#21790,#4921);
#2978=LINE('',#21792,#4922);
#2979=LINE('',#21794,#4923);
#2980=LINE('',#21795,#4924);
#2981=LINE('',#21798,#4925);
#2982=LINE('',#21800,#4926);
#2983=LINE('',#21801,#4927);
#2984=LINE('',#21804,#4928);
#2985=LINE('',#21806,#4929);
#2986=LINE('',#21807,#4930);
#2987=LINE('',#21809,#4931);
#2988=LINE('',#21810,#4932);
#2989=LINE('',#21816,#4933);
#2990=LINE('',#21818,#4934);
#2991=LINE('',#21820,#4935);
#2992=LINE('',#21821,#4936);
#2993=LINE('',#21824,#4937);
#2994=LINE('',#21826,#4938);
#2995=LINE('',#21827,#4939);
#2996=LINE('',#21830,#4940);
#2997=LINE('',#21832,#4941);
#2998=LINE('',#21833,#4942);
#2999=LINE('',#21835,#4943);
#3000=LINE('',#21836,#4944);
#3001=LINE('',#21842,#4945);
#3002=LINE('',#21844,#4946);
#3003=LINE('',#21846,#4947);
#3004=LINE('',#21847,#4948);
#3005=LINE('',#21850,#4949);
#3006=LINE('',#21852,#4950);
#3007=LINE('',#21853,#4951);
#3008=LINE('',#21856,#4952);
#3009=LINE('',#21858,#4953);
#3010=LINE('',#21859,#4954);
#3011=LINE('',#21861,#4955);
#3012=LINE('',#21862,#4956);
#3013=LINE('',#21868,#4957);
#3014=LINE('',#21870,#4958);
#3015=LINE('',#21872,#4959);
#3016=LINE('',#21873,#4960);
#3017=LINE('',#21876,#4961);
#3018=LINE('',#21878,#4962);
#3019=LINE('',#21879,#4963);
#3020=LINE('',#21882,#4964);
#3021=LINE('',#21884,#4965);
#3022=LINE('',#21885,#4966);
#3023=LINE('',#21887,#4967);
#3024=LINE('',#21888,#4968);
#3025=LINE('',#21894,#4969);
#3026=LINE('',#21896,#4970);
#3027=LINE('',#21898,#4971);
#3028=LINE('',#21899,#4972);
#3029=LINE('',#21902,#4973);
#3030=LINE('',#21904,#4974);
#3031=LINE('',#21905,#4975);
#3032=LINE('',#21908,#4976);
#3033=LINE('',#21910,#4977);
#3034=LINE('',#21911,#4978);
#3035=LINE('',#21913,#4979);
#3036=LINE('',#21914,#4980);
#3037=LINE('',#21920,#4981);
#3038=LINE('',#21922,#4982);
#3039=LINE('',#21924,#4983);
#3040=LINE('',#21925,#4984);
#3041=LINE('',#21928,#4985);
#3042=LINE('',#21930,#4986);
#3043=LINE('',#21931,#4987);
#3044=LINE('',#21934,#4988);
#3045=LINE('',#21936,#4989);
#3046=LINE('',#21937,#4990);
#3047=LINE('',#21939,#4991);
#3048=LINE('',#21940,#4992);
#3049=LINE('',#21946,#4993);
#3050=LINE('',#21948,#4994);
#3051=LINE('',#21950,#4995);
#3052=LINE('',#21951,#4996);
#3053=LINE('',#21954,#4997);
#3054=LINE('',#21956,#4998);
#3055=LINE('',#21957,#4999);
#3056=LINE('',#21960,#5000);
#3057=LINE('',#21962,#5001);
#3058=LINE('',#21963,#5002);
#3059=LINE('',#21965,#5003);
#3060=LINE('',#21966,#5004);
#3061=LINE('',#21972,#5005);
#3062=LINE('',#21974,#5006);
#3063=LINE('',#21976,#5007);
#3064=LINE('',#21977,#5008);
#3065=LINE('',#21980,#5009);
#3066=LINE('',#21982,#5010);
#3067=LINE('',#21983,#5011);
#3068=LINE('',#21986,#5012);
#3069=LINE('',#21988,#5013);
#3070=LINE('',#21989,#5014);
#3071=LINE('',#21991,#5015);
#3072=LINE('',#21992,#5016);
#3073=LINE('',#21998,#5017);
#3074=LINE('',#22000,#5018);
#3075=LINE('',#22002,#5019);
#3076=LINE('',#22003,#5020);
#3077=LINE('',#22006,#5021);
#3078=LINE('',#22008,#5022);
#3079=LINE('',#22009,#5023);
#3080=LINE('',#22012,#5024);
#3081=LINE('',#22014,#5025);
#3082=LINE('',#22015,#5026);
#3083=LINE('',#22017,#5027);
#3084=LINE('',#22018,#5028);
#3085=LINE('',#22024,#5029);
#3086=LINE('',#22026,#5030);
#3087=LINE('',#22028,#5031);
#3088=LINE('',#22029,#5032);
#3089=LINE('',#22032,#5033);
#3090=LINE('',#22034,#5034);
#3091=LINE('',#22035,#5035);
#3092=LINE('',#22038,#5036);
#3093=LINE('',#22040,#5037);
#3094=LINE('',#22041,#5038);
#3095=LINE('',#22043,#5039);
#3096=LINE('',#22044,#5040);
#3097=LINE('',#22050,#5041);
#3098=LINE('',#22052,#5042);
#3099=LINE('',#22054,#5043);
#3100=LINE('',#22055,#5044);
#3101=LINE('',#22058,#5045);
#3102=LINE('',#22060,#5046);
#3103=LINE('',#22061,#5047);
#3104=LINE('',#22064,#5048);
#3105=LINE('',#22066,#5049);
#3106=LINE('',#22067,#5050);
#3107=LINE('',#22069,#5051);
#3108=LINE('',#22070,#5052);
#3109=LINE('',#22076,#5053);
#3110=LINE('',#22078,#5054);
#3111=LINE('',#22080,#5055);
#3112=LINE('',#22081,#5056);
#3113=LINE('',#22084,#5057);
#3114=LINE('',#22086,#5058);
#3115=LINE('',#22087,#5059);
#3116=LINE('',#22090,#5060);
#3117=LINE('',#22092,#5061);
#3118=LINE('',#22093,#5062);
#3119=LINE('',#22095,#5063);
#3120=LINE('',#22096,#5064);
#3121=LINE('',#22102,#5065);
#3122=LINE('',#22104,#5066);
#3123=LINE('',#22106,#5067);
#3124=LINE('',#22107,#5068);
#3125=LINE('',#22110,#5069);
#3126=LINE('',#22112,#5070);
#3127=LINE('',#22113,#5071);
#3128=LINE('',#22116,#5072);
#3129=LINE('',#22118,#5073);
#3130=LINE('',#22119,#5074);
#3131=LINE('',#22121,#5075);
#3132=LINE('',#22122,#5076);
#3133=LINE('',#22128,#5077);
#3134=LINE('',#22130,#5078);
#3135=LINE('',#22132,#5079);
#3136=LINE('',#22133,#5080);
#3137=LINE('',#22136,#5081);
#3138=LINE('',#22138,#5082);
#3139=LINE('',#22139,#5083);
#3140=LINE('',#22142,#5084);
#3141=LINE('',#22144,#5085);
#3142=LINE('',#22145,#5086);
#3143=LINE('',#22147,#5087);
#3144=LINE('',#22148,#5088);
#3145=LINE('',#22154,#5089);
#3146=LINE('',#22156,#5090);
#3147=LINE('',#22158,#5091);
#3148=LINE('',#22159,#5092);
#3149=LINE('',#22162,#5093);
#3150=LINE('',#22164,#5094);
#3151=LINE('',#22165,#5095);
#3152=LINE('',#22168,#5096);
#3153=LINE('',#22170,#5097);
#3154=LINE('',#22171,#5098);
#3155=LINE('',#22173,#5099);
#3156=LINE('',#22174,#5100);
#3157=LINE('',#22180,#5101);
#3158=LINE('',#22182,#5102);
#3159=LINE('',#22184,#5103);
#3160=LINE('',#22185,#5104);
#3161=LINE('',#22188,#5105);
#3162=LINE('',#22190,#5106);
#3163=LINE('',#22191,#5107);
#3164=LINE('',#22194,#5108);
#3165=LINE('',#22196,#5109);
#3166=LINE('',#22197,#5110);
#3167=LINE('',#22199,#5111);
#3168=LINE('',#22200,#5112);
#3169=LINE('',#22206,#5113);
#3170=LINE('',#22208,#5114);
#3171=LINE('',#22210,#5115);
#3172=LINE('',#22211,#5116);
#3173=LINE('',#22214,#5117);
#3174=LINE('',#22216,#5118);
#3175=LINE('',#22217,#5119);
#3176=LINE('',#22220,#5120);
#3177=LINE('',#22222,#5121);
#3178=LINE('',#22223,#5122);
#3179=LINE('',#22225,#5123);
#3180=LINE('',#22226,#5124);
#3181=LINE('',#22232,#5125);
#3182=LINE('',#22234,#5126);
#3183=LINE('',#22236,#5127);
#3184=LINE('',#22237,#5128);
#3185=LINE('',#22240,#5129);
#3186=LINE('',#22242,#5130);
#3187=LINE('',#22243,#5131);
#3188=LINE('',#22246,#5132);
#3189=LINE('',#22248,#5133);
#3190=LINE('',#22249,#5134);
#3191=LINE('',#22251,#5135);
#3192=LINE('',#22252,#5136);
#3193=LINE('',#22258,#5137);
#3194=LINE('',#22260,#5138);
#3195=LINE('',#22262,#5139);
#3196=LINE('',#22263,#5140);
#3197=LINE('',#22266,#5141);
#3198=LINE('',#22268,#5142);
#3199=LINE('',#22269,#5143);
#3200=LINE('',#22272,#5144);
#3201=LINE('',#22274,#5145);
#3202=LINE('',#22275,#5146);
#3203=LINE('',#22277,#5147);
#3204=LINE('',#22278,#5148);
#3205=LINE('',#22284,#5149);
#3206=LINE('',#22286,#5150);
#3207=LINE('',#22288,#5151);
#3208=LINE('',#22289,#5152);
#3209=LINE('',#22292,#5153);
#3210=LINE('',#22294,#5154);
#3211=LINE('',#22295,#5155);
#3212=LINE('',#22298,#5156);
#3213=LINE('',#22300,#5157);
#3214=LINE('',#22301,#5158);
#3215=LINE('',#22303,#5159);
#3216=LINE('',#22304,#5160);
#3217=LINE('',#22310,#5161);
#3218=LINE('',#22312,#5162);
#3219=LINE('',#22314,#5163);
#3220=LINE('',#22315,#5164);
#3221=LINE('',#22318,#5165);
#3222=LINE('',#22320,#5166);
#3223=LINE('',#22321,#5167);
#3224=LINE('',#22324,#5168);
#3225=LINE('',#22326,#5169);
#3226=LINE('',#22327,#5170);
#3227=LINE('',#22329,#5171);
#3228=LINE('',#22330,#5172);
#3229=LINE('',#22336,#5173);
#3230=LINE('',#22338,#5174);
#3231=LINE('',#22340,#5175);
#3232=LINE('',#22341,#5176);
#3233=LINE('',#22344,#5177);
#3234=LINE('',#22346,#5178);
#3235=LINE('',#22347,#5179);
#3236=LINE('',#22350,#5180);
#3237=LINE('',#22352,#5181);
#3238=LINE('',#22353,#5182);
#3239=LINE('',#22355,#5183);
#3240=LINE('',#22356,#5184);
#3241=LINE('',#22362,#5185);
#3242=LINE('',#22364,#5186);
#3243=LINE('',#22366,#5187);
#3244=LINE('',#22367,#5188);
#3245=LINE('',#22370,#5189);
#3246=LINE('',#22372,#5190);
#3247=LINE('',#22373,#5191);
#3248=LINE('',#22376,#5192);
#3249=LINE('',#22378,#5193);
#3250=LINE('',#22379,#5194);
#3251=LINE('',#22381,#5195);
#3252=LINE('',#22382,#5196);
#3253=LINE('',#22388,#5197);
#3254=LINE('',#22390,#5198);
#3255=LINE('',#22392,#5199);
#3256=LINE('',#22393,#5200);
#3257=LINE('',#22396,#5201);
#3258=LINE('',#22398,#5202);
#3259=LINE('',#22399,#5203);
#3260=LINE('',#22402,#5204);
#3261=LINE('',#22404,#5205);
#3262=LINE('',#22405,#5206);
#3263=LINE('',#22407,#5207);
#3264=LINE('',#22408,#5208);
#3265=LINE('',#22414,#5209);
#3266=LINE('',#22416,#5210);
#3267=LINE('',#22418,#5211);
#3268=LINE('',#22419,#5212);
#3269=LINE('',#22422,#5213);
#3270=LINE('',#22424,#5214);
#3271=LINE('',#22425,#5215);
#3272=LINE('',#22428,#5216);
#3273=LINE('',#22430,#5217);
#3274=LINE('',#22431,#5218);
#3275=LINE('',#22433,#5219);
#3276=LINE('',#22434,#5220);
#3277=LINE('',#22440,#5221);
#3278=LINE('',#22442,#5222);
#3279=LINE('',#22444,#5223);
#3280=LINE('',#22445,#5224);
#3281=LINE('',#22448,#5225);
#3282=LINE('',#22450,#5226);
#3283=LINE('',#22451,#5227);
#3284=LINE('',#22454,#5228);
#3285=LINE('',#22456,#5229);
#3286=LINE('',#22457,#5230);
#3287=LINE('',#22459,#5231);
#3288=LINE('',#22460,#5232);
#3289=LINE('',#22466,#5233);
#3290=LINE('',#22468,#5234);
#3291=LINE('',#22470,#5235);
#3292=LINE('',#22471,#5236);
#3293=LINE('',#22474,#5237);
#3294=LINE('',#22476,#5238);
#3295=LINE('',#22477,#5239);
#3296=LINE('',#22480,#5240);
#3297=LINE('',#22482,#5241);
#3298=LINE('',#22483,#5242);
#3299=LINE('',#22485,#5243);
#3300=LINE('',#22486,#5244);
#3301=LINE('',#22492,#5245);
#3302=LINE('',#22494,#5246);
#3303=LINE('',#22496,#5247);
#3304=LINE('',#22497,#5248);
#3305=LINE('',#22500,#5249);
#3306=LINE('',#22502,#5250);
#3307=LINE('',#22503,#5251);
#3308=LINE('',#22506,#5252);
#3309=LINE('',#22508,#5253);
#3310=LINE('',#22509,#5254);
#3311=LINE('',#22511,#5255);
#3312=LINE('',#22512,#5256);
#3313=LINE('',#22518,#5257);
#3314=LINE('',#22520,#5258);
#3315=LINE('',#22522,#5259);
#3316=LINE('',#22523,#5260);
#3317=LINE('',#22526,#5261);
#3318=LINE('',#22528,#5262);
#3319=LINE('',#22529,#5263);
#3320=LINE('',#22532,#5264);
#3321=LINE('',#22534,#5265);
#3322=LINE('',#22535,#5266);
#3323=LINE('',#22537,#5267);
#3324=LINE('',#22538,#5268);
#3325=LINE('',#22544,#5269);
#3326=LINE('',#22546,#5270);
#3327=LINE('',#22548,#5271);
#3328=LINE('',#22549,#5272);
#3329=LINE('',#22552,#5273);
#3330=LINE('',#22554,#5274);
#3331=LINE('',#22555,#5275);
#3332=LINE('',#22558,#5276);
#3333=LINE('',#22560,#5277);
#3334=LINE('',#22561,#5278);
#3335=LINE('',#22563,#5279);
#3336=LINE('',#22564,#5280);
#3337=LINE('',#22570,#5281);
#3338=LINE('',#22572,#5282);
#3339=LINE('',#22574,#5283);
#3340=LINE('',#22575,#5284);
#3341=LINE('',#22578,#5285);
#3342=LINE('',#22580,#5286);
#3343=LINE('',#22581,#5287);
#3344=LINE('',#22584,#5288);
#3345=LINE('',#22586,#5289);
#3346=LINE('',#22587,#5290);
#3347=LINE('',#22589,#5291);
#3348=LINE('',#22590,#5292);
#3349=LINE('',#22596,#5293);
#3350=LINE('',#22598,#5294);
#3351=LINE('',#22600,#5295);
#3352=LINE('',#22601,#5296);
#3353=LINE('',#22604,#5297);
#3354=LINE('',#22606,#5298);
#3355=LINE('',#22607,#5299);
#3356=LINE('',#22610,#5300);
#3357=LINE('',#22612,#5301);
#3358=LINE('',#22613,#5302);
#3359=LINE('',#22615,#5303);
#3360=LINE('',#22616,#5304);
#3361=LINE('',#22622,#5305);
#3362=LINE('',#22624,#5306);
#3363=LINE('',#22626,#5307);
#3364=LINE('',#22627,#5308);
#3365=LINE('',#22630,#5309);
#3366=LINE('',#22632,#5310);
#3367=LINE('',#22633,#5311);
#3368=LINE('',#22636,#5312);
#3369=LINE('',#22638,#5313);
#3370=LINE('',#22639,#5314);
#3371=LINE('',#22641,#5315);
#3372=LINE('',#22642,#5316);
#3373=LINE('',#22648,#5317);
#3374=LINE('',#22650,#5318);
#3375=LINE('',#22652,#5319);
#3376=LINE('',#22653,#5320);
#3377=LINE('',#22656,#5321);
#3378=LINE('',#22658,#5322);
#3379=LINE('',#22659,#5323);
#3380=LINE('',#22662,#5324);
#3381=LINE('',#22664,#5325);
#3382=LINE('',#22665,#5326);
#3383=LINE('',#22667,#5327);
#3384=LINE('',#22668,#5328);
#3385=LINE('',#22674,#5329);
#3386=LINE('',#22676,#5330);
#3387=LINE('',#22678,#5331);
#3388=LINE('',#22679,#5332);
#3389=LINE('',#22682,#5333);
#3390=LINE('',#22684,#5334);
#3391=LINE('',#22685,#5335);
#3392=LINE('',#22688,#5336);
#3393=LINE('',#22690,#5337);
#3394=LINE('',#22691,#5338);
#3395=LINE('',#22693,#5339);
#3396=LINE('',#22694,#5340);
#3397=LINE('',#22700,#5341);
#3398=LINE('',#22702,#5342);
#3399=LINE('',#22704,#5343);
#3400=LINE('',#22705,#5344);
#3401=LINE('',#22708,#5345);
#3402=LINE('',#22710,#5346);
#3403=LINE('',#22711,#5347);
#3404=LINE('',#22714,#5348);
#3405=LINE('',#22716,#5349);
#3406=LINE('',#22717,#5350);
#3407=LINE('',#22719,#5351);
#3408=LINE('',#22720,#5352);
#3409=LINE('',#22726,#5353);
#3410=LINE('',#22728,#5354);
#3411=LINE('',#22730,#5355);
#3412=LINE('',#22731,#5356);
#3413=LINE('',#22734,#5357);
#3414=LINE('',#22736,#5358);
#3415=LINE('',#22737,#5359);
#3416=LINE('',#22740,#5360);
#3417=LINE('',#22742,#5361);
#3418=LINE('',#22743,#5362);
#3419=LINE('',#22745,#5363);
#3420=LINE('',#22746,#5364);
#3421=LINE('',#22752,#5365);
#3422=LINE('',#22754,#5366);
#3423=LINE('',#22756,#5367);
#3424=LINE('',#22757,#5368);
#3425=LINE('',#22760,#5369);
#3426=LINE('',#22762,#5370);
#3427=LINE('',#22763,#5371);
#3428=LINE('',#22766,#5372);
#3429=LINE('',#22768,#5373);
#3430=LINE('',#22769,#5374);
#3431=LINE('',#22771,#5375);
#3432=LINE('',#22772,#5376);
#3433=LINE('',#22778,#5377);
#3434=LINE('',#22780,#5378);
#3435=LINE('',#22782,#5379);
#3436=LINE('',#22783,#5380);
#3437=LINE('',#22786,#5381);
#3438=LINE('',#22788,#5382);
#3439=LINE('',#22789,#5383);
#3440=LINE('',#22792,#5384);
#3441=LINE('',#22794,#5385);
#3442=LINE('',#22795,#5386);
#3443=LINE('',#22797,#5387);
#3444=LINE('',#22798,#5388);
#3445=LINE('',#22804,#5389);
#3446=LINE('',#22806,#5390);
#3447=LINE('',#22808,#5391);
#3448=LINE('',#22809,#5392);
#3449=LINE('',#22812,#5393);
#3450=LINE('',#22814,#5394);
#3451=LINE('',#22815,#5395);
#3452=LINE('',#22818,#5396);
#3453=LINE('',#22820,#5397);
#3454=LINE('',#22821,#5398);
#3455=LINE('',#22823,#5399);
#3456=LINE('',#22824,#5400);
#3457=LINE('',#22830,#5401);
#3458=LINE('',#22832,#5402);
#3459=LINE('',#22834,#5403);
#3460=LINE('',#22835,#5404);
#3461=LINE('',#22838,#5405);
#3462=LINE('',#22840,#5406);
#3463=LINE('',#22841,#5407);
#3464=LINE('',#22844,#5408);
#3465=LINE('',#22846,#5409);
#3466=LINE('',#22847,#5410);
#3467=LINE('',#22849,#5411);
#3468=LINE('',#22850,#5412);
#3469=LINE('',#22856,#5413);
#3470=LINE('',#22858,#5414);
#3471=LINE('',#22860,#5415);
#3472=LINE('',#22861,#5416);
#3473=LINE('',#22864,#5417);
#3474=LINE('',#22866,#5418);
#3475=LINE('',#22867,#5419);
#3476=LINE('',#22870,#5420);
#3477=LINE('',#22872,#5421);
#3478=LINE('',#22873,#5422);
#3479=LINE('',#22875,#5423);
#3480=LINE('',#22876,#5424);
#3481=LINE('',#22882,#5425);
#3482=LINE('',#22884,#5426);
#3483=LINE('',#22886,#5427);
#3484=LINE('',#22887,#5428);
#3485=LINE('',#22890,#5429);
#3486=LINE('',#22892,#5430);
#3487=LINE('',#22893,#5431);
#3488=LINE('',#22896,#5432);
#3489=LINE('',#22898,#5433);
#3490=LINE('',#22899,#5434);
#3491=LINE('',#22901,#5435);
#3492=LINE('',#22902,#5436);
#3493=LINE('',#22908,#5437);
#3494=LINE('',#22910,#5438);
#3495=LINE('',#22912,#5439);
#3496=LINE('',#22913,#5440);
#3497=LINE('',#22916,#5441);
#3498=LINE('',#22918,#5442);
#3499=LINE('',#22919,#5443);
#3500=LINE('',#22922,#5444);
#3501=LINE('',#22924,#5445);
#3502=LINE('',#22925,#5446);
#3503=LINE('',#22927,#5447);
#3504=LINE('',#22928,#5448);
#3505=LINE('',#22934,#5449);
#3506=LINE('',#22936,#5450);
#3507=LINE('',#22938,#5451);
#3508=LINE('',#22939,#5452);
#3509=LINE('',#22942,#5453);
#3510=LINE('',#22944,#5454);
#3511=LINE('',#22945,#5455);
#3512=LINE('',#22948,#5456);
#3513=LINE('',#22950,#5457);
#3514=LINE('',#22951,#5458);
#3515=LINE('',#22953,#5459);
#3516=LINE('',#22954,#5460);
#3517=LINE('',#22960,#5461);
#3518=LINE('',#22962,#5462);
#3519=LINE('',#22964,#5463);
#3520=LINE('',#22965,#5464);
#3521=LINE('',#22968,#5465);
#3522=LINE('',#22970,#5466);
#3523=LINE('',#22971,#5467);
#3524=LINE('',#22974,#5468);
#3525=LINE('',#22976,#5469);
#3526=LINE('',#22977,#5470);
#3527=LINE('',#22979,#5471);
#3528=LINE('',#22980,#5472);
#3529=LINE('',#22986,#5473);
#3530=LINE('',#22988,#5474);
#3531=LINE('',#22990,#5475);
#3532=LINE('',#22991,#5476);
#3533=LINE('',#22994,#5477);
#3534=LINE('',#22996,#5478);
#3535=LINE('',#22997,#5479);
#3536=LINE('',#23000,#5480);
#3537=LINE('',#23002,#5481);
#3538=LINE('',#23003,#5482);
#3539=LINE('',#23005,#5483);
#3540=LINE('',#23006,#5484);
#3541=LINE('',#23012,#5485);
#3542=LINE('',#23014,#5486);
#3543=LINE('',#23016,#5487);
#3544=LINE('',#23017,#5488);
#3545=LINE('',#23020,#5489);
#3546=LINE('',#23022,#5490);
#3547=LINE('',#23023,#5491);
#3548=LINE('',#23026,#5492);
#3549=LINE('',#23028,#5493);
#3550=LINE('',#23029,#5494);
#3551=LINE('',#23031,#5495);
#3552=LINE('',#23032,#5496);
#3553=LINE('',#23038,#5497);
#3554=LINE('',#23040,#5498);
#3555=LINE('',#23042,#5499);
#3556=LINE('',#23043,#5500);
#3557=LINE('',#23046,#5501);
#3558=LINE('',#23048,#5502);
#3559=LINE('',#23049,#5503);
#3560=LINE('',#23052,#5504);
#3561=LINE('',#23054,#5505);
#3562=LINE('',#23055,#5506);
#3563=LINE('',#23057,#5507);
#3564=LINE('',#23058,#5508);
#3565=LINE('',#23064,#5509);
#3566=LINE('',#23066,#5510);
#3567=LINE('',#23068,#5511);
#3568=LINE('',#23069,#5512);
#3569=LINE('',#23072,#5513);
#3570=LINE('',#23074,#5514);
#3571=LINE('',#23075,#5515);
#3572=LINE('',#23078,#5516);
#3573=LINE('',#23080,#5517);
#3574=LINE('',#23081,#5518);
#3575=LINE('',#23083,#5519);
#3576=LINE('',#23084,#5520);
#3577=LINE('',#23090,#5521);
#3578=LINE('',#23092,#5522);
#3579=LINE('',#23094,#5523);
#3580=LINE('',#23095,#5524);
#3581=LINE('',#23098,#5525);
#3582=LINE('',#23100,#5526);
#3583=LINE('',#23101,#5527);
#3584=LINE('',#23104,#5528);
#3585=LINE('',#23106,#5529);
#3586=LINE('',#23107,#5530);
#3587=LINE('',#23109,#5531);
#3588=LINE('',#23110,#5532);
#3589=LINE('',#23116,#5533);
#3590=LINE('',#23118,#5534);
#3591=LINE('',#23120,#5535);
#3592=LINE('',#23121,#5536);
#3593=LINE('',#23124,#5537);
#3594=LINE('',#23126,#5538);
#3595=LINE('',#23127,#5539);
#3596=LINE('',#23130,#5540);
#3597=LINE('',#23132,#5541);
#3598=LINE('',#23133,#5542);
#3599=LINE('',#23135,#5543);
#3600=LINE('',#23136,#5544);
#3601=LINE('',#23142,#5545);
#3602=LINE('',#23144,#5546);
#3603=LINE('',#23146,#5547);
#3604=LINE('',#23147,#5548);
#3605=LINE('',#23150,#5549);
#3606=LINE('',#23152,#5550);
#3607=LINE('',#23153,#5551);
#3608=LINE('',#23156,#5552);
#3609=LINE('',#23158,#5553);
#3610=LINE('',#23159,#5554);
#3611=LINE('',#23161,#5555);
#3612=LINE('',#23162,#5556);
#3613=LINE('',#23168,#5557);
#3614=LINE('',#23170,#5558);
#3615=LINE('',#23172,#5559);
#3616=LINE('',#23173,#5560);
#3617=LINE('',#23176,#5561);
#3618=LINE('',#23178,#5562);
#3619=LINE('',#23179,#5563);
#3620=LINE('',#23182,#5564);
#3621=LINE('',#23184,#5565);
#3622=LINE('',#23185,#5566);
#3623=LINE('',#23187,#5567);
#3624=LINE('',#23188,#5568);
#3625=LINE('',#23194,#5569);
#3626=LINE('',#23196,#5570);
#3627=LINE('',#23198,#5571);
#3628=LINE('',#23199,#5572);
#3629=LINE('',#23202,#5573);
#3630=LINE('',#23204,#5574);
#3631=LINE('',#23205,#5575);
#3632=LINE('',#23208,#5576);
#3633=LINE('',#23210,#5577);
#3634=LINE('',#23211,#5578);
#3635=LINE('',#23213,#5579);
#3636=LINE('',#23214,#5580);
#3637=LINE('',#23220,#5581);
#3638=LINE('',#23222,#5582);
#3639=LINE('',#23224,#5583);
#3640=LINE('',#23225,#5584);
#3641=LINE('',#23228,#5585);
#3642=LINE('',#23230,#5586);
#3643=LINE('',#23231,#5587);
#3644=LINE('',#23234,#5588);
#3645=LINE('',#23236,#5589);
#3646=LINE('',#23237,#5590);
#3647=LINE('',#23239,#5591);
#3648=LINE('',#23240,#5592);
#3649=LINE('',#23246,#5593);
#3650=LINE('',#23248,#5594);
#3651=LINE('',#23250,#5595);
#3652=LINE('',#23251,#5596);
#3653=LINE('',#23254,#5597);
#3654=LINE('',#23256,#5598);
#3655=LINE('',#23257,#5599);
#3656=LINE('',#23260,#5600);
#3657=LINE('',#23262,#5601);
#3658=LINE('',#23263,#5602);
#3659=LINE('',#23265,#5603);
#3660=LINE('',#23266,#5604);
#3661=LINE('',#23272,#5605);
#3662=LINE('',#23274,#5606);
#3663=LINE('',#23276,#5607);
#3664=LINE('',#23277,#5608);
#3665=LINE('',#23280,#5609);
#3666=LINE('',#23282,#5610);
#3667=LINE('',#23283,#5611);
#3668=LINE('',#23286,#5612);
#3669=LINE('',#23288,#5613);
#3670=LINE('',#23289,#5614);
#3671=LINE('',#23291,#5615);
#3672=LINE('',#23292,#5616);
#3673=LINE('',#23298,#5617);
#3674=LINE('',#23300,#5618);
#3675=LINE('',#23302,#5619);
#3676=LINE('',#23303,#5620);
#3677=LINE('',#23306,#5621);
#3678=LINE('',#23308,#5622);
#3679=LINE('',#23309,#5623);
#3680=LINE('',#23312,#5624);
#3681=LINE('',#23314,#5625);
#3682=LINE('',#23315,#5626);
#3683=LINE('',#23317,#5627);
#3684=LINE('',#23318,#5628);
#3685=LINE('',#23324,#5629);
#3686=LINE('',#23326,#5630);
#3687=LINE('',#23328,#5631);
#3688=LINE('',#23329,#5632);
#3689=LINE('',#23332,#5633);
#3690=LINE('',#23334,#5634);
#3691=LINE('',#23335,#5635);
#3692=LINE('',#23338,#5636);
#3693=LINE('',#23340,#5637);
#3694=LINE('',#23341,#5638);
#3695=LINE('',#23343,#5639);
#3696=LINE('',#23344,#5640);
#3697=LINE('',#23350,#5641);
#3698=LINE('',#23352,#5642);
#3699=LINE('',#23354,#5643);
#3700=LINE('',#23355,#5644);
#3701=LINE('',#23358,#5645);
#3702=LINE('',#23360,#5646);
#3703=LINE('',#23361,#5647);
#3704=LINE('',#23364,#5648);
#3705=LINE('',#23366,#5649);
#3706=LINE('',#23367,#5650);
#3707=LINE('',#23369,#5651);
#3708=LINE('',#23370,#5652);
#3709=LINE('',#23376,#5653);
#3710=LINE('',#23378,#5654);
#3711=LINE('',#23380,#5655);
#3712=LINE('',#23381,#5656);
#3713=LINE('',#23384,#5657);
#3714=LINE('',#23386,#5658);
#3715=LINE('',#23387,#5659);
#3716=LINE('',#23390,#5660);
#3717=LINE('',#23392,#5661);
#3718=LINE('',#23393,#5662);
#3719=LINE('',#23395,#5663);
#3720=LINE('',#23396,#5664);
#3721=LINE('',#23402,#5665);
#3722=LINE('',#23404,#5666);
#3723=LINE('',#23406,#5667);
#3724=LINE('',#23407,#5668);
#3725=LINE('',#23410,#5669);
#3726=LINE('',#23412,#5670);
#3727=LINE('',#23413,#5671);
#3728=LINE('',#23416,#5672);
#3729=LINE('',#23418,#5673);
#3730=LINE('',#23419,#5674);
#3731=LINE('',#23421,#5675);
#3732=LINE('',#23422,#5676);
#3733=LINE('',#23428,#5677);
#3734=LINE('',#23430,#5678);
#3735=LINE('',#23432,#5679);
#3736=LINE('',#23433,#5680);
#3737=LINE('',#23436,#5681);
#3738=LINE('',#23438,#5682);
#3739=LINE('',#23439,#5683);
#3740=LINE('',#23442,#5684);
#3741=LINE('',#23444,#5685);
#3742=LINE('',#23445,#5686);
#3743=LINE('',#23447,#5687);
#3744=LINE('',#23448,#5688);
#3745=LINE('',#23454,#5689);
#3746=LINE('',#23456,#5690);
#3747=LINE('',#23458,#5691);
#3748=LINE('',#23459,#5692);
#3749=LINE('',#23462,#5693);
#3750=LINE('',#23464,#5694);
#3751=LINE('',#23465,#5695);
#3752=LINE('',#23468,#5696);
#3753=LINE('',#23470,#5697);
#3754=LINE('',#23471,#5698);
#3755=LINE('',#23473,#5699);
#3756=LINE('',#23474,#5700);
#3757=LINE('',#23480,#5701);
#3758=LINE('',#23482,#5702);
#3759=LINE('',#23484,#5703);
#3760=LINE('',#23485,#5704);
#3761=LINE('',#23488,#5705);
#3762=LINE('',#23490,#5706);
#3763=LINE('',#23491,#5707);
#3764=LINE('',#23494,#5708);
#3765=LINE('',#23496,#5709);
#3766=LINE('',#23497,#5710);
#3767=LINE('',#23499,#5711);
#3768=LINE('',#23500,#5712);
#3769=LINE('',#23506,#5713);
#3770=LINE('',#23508,#5714);
#3771=LINE('',#23510,#5715);
#3772=LINE('',#23511,#5716);
#3773=LINE('',#23514,#5717);
#3774=LINE('',#23516,#5718);
#3775=LINE('',#23517,#5719);
#3776=LINE('',#23520,#5720);
#3777=LINE('',#23522,#5721);
#3778=LINE('',#23523,#5722);
#3779=LINE('',#23525,#5723);
#3780=LINE('',#23526,#5724);
#3781=LINE('',#23532,#5725);
#3782=LINE('',#23534,#5726);
#3783=LINE('',#23536,#5727);
#3784=LINE('',#23537,#5728);
#3785=LINE('',#23540,#5729);
#3786=LINE('',#23542,#5730);
#3787=LINE('',#23543,#5731);
#3788=LINE('',#23546,#5732);
#3789=LINE('',#23548,#5733);
#3790=LINE('',#23549,#5734);
#3791=LINE('',#23551,#5735);
#3792=LINE('',#23552,#5736);
#3793=LINE('',#23558,#5737);
#3794=LINE('',#23560,#5738);
#3795=LINE('',#23562,#5739);
#3796=LINE('',#23563,#5740);
#3797=LINE('',#23566,#5741);
#3798=LINE('',#23568,#5742);
#3799=LINE('',#23569,#5743);
#3800=LINE('',#23572,#5744);
#3801=LINE('',#23574,#5745);
#3802=LINE('',#23575,#5746);
#3803=LINE('',#23577,#5747);
#3804=LINE('',#23578,#5748);
#3805=LINE('',#23584,#5749);
#3806=LINE('',#23586,#5750);
#3807=LINE('',#23588,#5751);
#3808=LINE('',#23589,#5752);
#3809=LINE('',#23592,#5753);
#3810=LINE('',#23594,#5754);
#3811=LINE('',#23595,#5755);
#3812=LINE('',#23598,#5756);
#3813=LINE('',#23600,#5757);
#3814=LINE('',#23601,#5758);
#3815=LINE('',#23603,#5759);
#3816=LINE('',#23604,#5760);
#3817=LINE('',#23610,#5761);
#3818=LINE('',#23612,#5762);
#3819=LINE('',#23614,#5763);
#3820=LINE('',#23615,#5764);
#3821=LINE('',#23618,#5765);
#3822=LINE('',#23620,#5766);
#3823=LINE('',#23621,#5767);
#3824=LINE('',#23624,#5768);
#3825=LINE('',#23626,#5769);
#3826=LINE('',#23627,#5770);
#3827=LINE('',#23629,#5771);
#3828=LINE('',#23630,#5772);
#3829=LINE('',#23636,#5773);
#3830=LINE('',#23638,#5774);
#3831=LINE('',#23640,#5775);
#3832=LINE('',#23641,#5776);
#3833=LINE('',#23644,#5777);
#3834=LINE('',#23646,#5778);
#3835=LINE('',#23647,#5779);
#3836=LINE('',#23650,#5780);
#3837=LINE('',#23652,#5781);
#3838=LINE('',#23653,#5782);
#3839=LINE('',#23655,#5783);
#3840=LINE('',#23656,#5784);
#3841=LINE('',#23662,#5785);
#3842=LINE('',#23664,#5786);
#3843=LINE('',#23666,#5787);
#3844=LINE('',#23667,#5788);
#3845=LINE('',#23670,#5789);
#3846=LINE('',#23672,#5790);
#3847=LINE('',#23673,#5791);
#3848=LINE('',#23676,#5792);
#3849=LINE('',#23678,#5793);
#3850=LINE('',#23679,#5794);
#3851=LINE('',#23681,#5795);
#3852=LINE('',#23682,#5796);
#3853=LINE('',#23688,#5797);
#3854=LINE('',#23690,#5798);
#3855=LINE('',#23692,#5799);
#3856=LINE('',#23693,#5800);
#3857=LINE('',#23696,#5801);
#3858=LINE('',#23698,#5802);
#3859=LINE('',#23699,#5803);
#3860=LINE('',#23702,#5804);
#3861=LINE('',#23704,#5805);
#3862=LINE('',#23705,#5806);
#3863=LINE('',#23707,#5807);
#3864=LINE('',#23708,#5808);
#3865=LINE('',#23714,#5809);
#3866=LINE('',#23716,#5810);
#3867=LINE('',#23718,#5811);
#3868=LINE('',#23719,#5812);
#3869=LINE('',#23722,#5813);
#3870=LINE('',#23724,#5814);
#3871=LINE('',#23725,#5815);
#3872=LINE('',#23728,#5816);
#3873=LINE('',#23730,#5817);
#3874=LINE('',#23731,#5818);
#3875=LINE('',#23733,#5819);
#3876=LINE('',#23734,#5820);
#3877=LINE('',#23740,#5821);
#3878=LINE('',#23742,#5822);
#3879=LINE('',#23744,#5823);
#3880=LINE('',#23745,#5824);
#3881=LINE('',#23748,#5825);
#3882=LINE('',#23750,#5826);
#3883=LINE('',#23751,#5827);
#3884=LINE('',#23754,#5828);
#3885=LINE('',#23756,#5829);
#3886=LINE('',#23757,#5830);
#3887=LINE('',#23759,#5831);
#3888=LINE('',#23760,#5832);
#3889=LINE('',#23766,#5833);
#3890=LINE('',#23768,#5834);
#3891=LINE('',#23770,#5835);
#3892=LINE('',#23771,#5836);
#3893=LINE('',#23774,#5837);
#3894=LINE('',#23776,#5838);
#3895=LINE('',#23777,#5839);
#3896=LINE('',#23780,#5840);
#3897=LINE('',#23782,#5841);
#3898=LINE('',#23783,#5842);
#3899=LINE('',#23785,#5843);
#3900=LINE('',#23786,#5844);
#3901=LINE('',#23792,#5845);
#3902=LINE('',#23794,#5846);
#3903=LINE('',#23796,#5847);
#3904=LINE('',#23797,#5848);
#3905=LINE('',#23800,#5849);
#3906=LINE('',#23802,#5850);
#3907=LINE('',#23803,#5851);
#3908=LINE('',#23806,#5852);
#3909=LINE('',#23808,#5853);
#3910=LINE('',#23809,#5854);
#3911=LINE('',#23811,#5855);
#3912=LINE('',#23812,#5856);
#3913=LINE('',#23818,#5857);
#3914=LINE('',#23820,#5858);
#3915=LINE('',#23822,#5859);
#3916=LINE('',#23823,#5860);
#3917=LINE('',#23826,#5861);
#3918=LINE('',#23828,#5862);
#3919=LINE('',#23829,#5863);
#3920=LINE('',#23832,#5864);
#3921=LINE('',#23834,#5865);
#3922=LINE('',#23835,#5866);
#3923=LINE('',#23837,#5867);
#3924=LINE('',#23838,#5868);
#3925=LINE('',#23844,#5869);
#3926=LINE('',#23846,#5870);
#3927=LINE('',#23848,#5871);
#3928=LINE('',#23849,#5872);
#3929=LINE('',#23852,#5873);
#3930=LINE('',#23854,#5874);
#3931=LINE('',#23855,#5875);
#3932=LINE('',#23858,#5876);
#3933=LINE('',#23860,#5877);
#3934=LINE('',#23861,#5878);
#3935=LINE('',#23863,#5879);
#3936=LINE('',#23864,#5880);
#3937=LINE('',#23870,#5881);
#3938=LINE('',#23872,#5882);
#3939=LINE('',#23874,#5883);
#3940=LINE('',#23875,#5884);
#3941=LINE('',#23878,#5885);
#3942=LINE('',#23880,#5886);
#3943=LINE('',#23881,#5887);
#3944=LINE('',#23884,#5888);
#3945=LINE('',#23886,#5889);
#3946=LINE('',#23887,#5890);
#3947=LINE('',#23889,#5891);
#3948=LINE('',#23890,#5892);
#3949=LINE('',#23896,#5893);
#3950=LINE('',#23898,#5894);
#3951=LINE('',#23900,#5895);
#3952=LINE('',#23901,#5896);
#3953=LINE('',#23904,#5897);
#3954=LINE('',#23906,#5898);
#3955=LINE('',#23907,#5899);
#3956=LINE('',#23910,#5900);
#3957=LINE('',#23912,#5901);
#3958=LINE('',#23913,#5902);
#3959=LINE('',#23915,#5903);
#3960=LINE('',#23916,#5904);
#3961=LINE('',#23922,#5905);
#3962=LINE('',#23924,#5906);
#3963=LINE('',#23926,#5907);
#3964=LINE('',#23927,#5908);
#3965=LINE('',#23930,#5909);
#3966=LINE('',#23932,#5910);
#3967=LINE('',#23933,#5911);
#3968=LINE('',#23936,#5912);
#3969=LINE('',#23938,#5913);
#3970=LINE('',#23939,#5914);
#3971=LINE('',#23941,#5915);
#3972=LINE('',#23942,#5916);
#3973=LINE('',#23948,#5917);
#3974=LINE('',#23950,#5918);
#3975=LINE('',#23952,#5919);
#3976=LINE('',#23953,#5920);
#3977=LINE('',#23956,#5921);
#3978=LINE('',#23958,#5922);
#3979=LINE('',#23959,#5923);
#3980=LINE('',#23962,#5924);
#3981=LINE('',#23964,#5925);
#3982=LINE('',#23965,#5926);
#3983=LINE('',#23967,#5927);
#3984=LINE('',#23968,#5928);
#3985=LINE('',#23974,#5929);
#3986=LINE('',#23976,#5930);
#3987=LINE('',#23978,#5931);
#3988=LINE('',#23979,#5932);
#3989=LINE('',#23982,#5933);
#3990=LINE('',#23984,#5934);
#3991=LINE('',#23985,#5935);
#3992=LINE('',#23988,#5936);
#3993=LINE('',#23990,#5937);
#3994=LINE('',#23991,#5938);
#3995=LINE('',#23993,#5939);
#3996=LINE('',#23994,#5940);
#3997=LINE('',#24000,#5941);
#3998=LINE('',#24002,#5942);
#3999=LINE('',#24004,#5943);
#4000=LINE('',#24005,#5944);
#4001=LINE('',#24008,#5945);
#4002=LINE('',#24010,#5946);
#4003=LINE('',#24011,#5947);
#4004=LINE('',#24014,#5948);
#4005=LINE('',#24016,#5949);
#4006=LINE('',#24017,#5950);
#4007=LINE('',#24019,#5951);
#4008=LINE('',#24020,#5952);
#4009=LINE('',#24026,#5953);
#4010=LINE('',#24028,#5954);
#4011=LINE('',#24030,#5955);
#4012=LINE('',#24031,#5956);
#4013=LINE('',#24034,#5957);
#4014=LINE('',#24036,#5958);
#4015=LINE('',#24037,#5959);
#4016=LINE('',#24040,#5960);
#4017=LINE('',#24042,#5961);
#4018=LINE('',#24043,#5962);
#4019=LINE('',#24045,#5963);
#4020=LINE('',#24046,#5964);
#4021=LINE('',#24052,#5965);
#4022=LINE('',#24054,#5966);
#4023=LINE('',#24056,#5967);
#4024=LINE('',#24057,#5968);
#4025=LINE('',#24060,#5969);
#4026=LINE('',#24062,#5970);
#4027=LINE('',#24063,#5971);
#4028=LINE('',#24066,#5972);
#4029=LINE('',#24068,#5973);
#4030=LINE('',#24069,#5974);
#4031=LINE('',#24071,#5975);
#4032=LINE('',#24072,#5976);
#4033=LINE('',#24078,#5977);
#4034=LINE('',#24080,#5978);
#4035=LINE('',#24082,#5979);
#4036=LINE('',#24083,#5980);
#4037=LINE('',#24086,#5981);
#4038=LINE('',#24088,#5982);
#4039=LINE('',#24089,#5983);
#4040=LINE('',#24092,#5984);
#4041=LINE('',#24094,#5985);
#4042=LINE('',#24095,#5986);
#4043=LINE('',#24097,#5987);
#4044=LINE('',#24098,#5988);
#4045=LINE('',#24104,#5989);
#4046=LINE('',#24106,#5990);
#4047=LINE('',#24108,#5991);
#4048=LINE('',#24109,#5992);
#4049=LINE('',#24112,#5993);
#4050=LINE('',#24114,#5994);
#4051=LINE('',#24115,#5995);
#4052=LINE('',#24118,#5996);
#4053=LINE('',#24120,#5997);
#4054=LINE('',#24121,#5998);
#4055=LINE('',#24123,#5999);
#4056=LINE('',#24124,#6000);
#4057=LINE('',#24130,#6001);
#4058=LINE('',#24132,#6002);
#4059=LINE('',#24134,#6003);
#4060=LINE('',#24135,#6004);
#4061=LINE('',#24138,#6005);
#4062=LINE('',#24140,#6006);
#4063=LINE('',#24141,#6007);
#4064=LINE('',#24144,#6008);
#4065=LINE('',#24146,#6009);
#4066=LINE('',#24147,#6010);
#4067=LINE('',#24149,#6011);
#4068=LINE('',#24150,#6012);
#4069=LINE('',#24156,#6013);
#4070=LINE('',#24158,#6014);
#4071=LINE('',#24160,#6015);
#4072=LINE('',#24161,#6016);
#4073=LINE('',#24164,#6017);
#4074=LINE('',#24166,#6018);
#4075=LINE('',#24167,#6019);
#4076=LINE('',#24170,#6020);
#4077=LINE('',#24172,#6021);
#4078=LINE('',#24173,#6022);
#4079=LINE('',#24175,#6023);
#4080=LINE('',#24176,#6024);
#4081=LINE('',#24182,#6025);
#4082=LINE('',#24184,#6026);
#4083=LINE('',#24186,#6027);
#4084=LINE('',#24187,#6028);
#4085=LINE('',#24190,#6029);
#4086=LINE('',#24192,#6030);
#4087=LINE('',#24193,#6031);
#4088=LINE('',#24196,#6032);
#4089=LINE('',#24198,#6033);
#4090=LINE('',#24199,#6034);
#4091=LINE('',#24201,#6035);
#4092=LINE('',#24202,#6036);
#4093=LINE('',#24208,#6037);
#4094=LINE('',#24210,#6038);
#4095=LINE('',#24212,#6039);
#4096=LINE('',#24213,#6040);
#4097=LINE('',#24216,#6041);
#4098=LINE('',#24218,#6042);
#4099=LINE('',#24219,#6043);
#4100=LINE('',#24222,#6044);
#4101=LINE('',#24224,#6045);
#4102=LINE('',#24225,#6046);
#4103=LINE('',#24227,#6047);
#4104=LINE('',#24228,#6048);
#4105=LINE('',#24234,#6049);
#4106=LINE('',#24236,#6050);
#4107=LINE('',#24238,#6051);
#4108=LINE('',#24239,#6052);
#4109=LINE('',#24242,#6053);
#4110=LINE('',#24244,#6054);
#4111=LINE('',#24245,#6055);
#4112=LINE('',#24248,#6056);
#4113=LINE('',#24250,#6057);
#4114=LINE('',#24251,#6058);
#4115=LINE('',#24253,#6059);
#4116=LINE('',#24254,#6060);
#4117=LINE('',#24260,#6061);
#4118=LINE('',#24262,#6062);
#4119=LINE('',#24264,#6063);
#4120=LINE('',#24265,#6064);
#4121=LINE('',#24268,#6065);
#4122=LINE('',#24270,#6066);
#4123=LINE('',#24271,#6067);
#4124=LINE('',#24274,#6068);
#4125=LINE('',#24276,#6069);
#4126=LINE('',#24277,#6070);
#4127=LINE('',#24279,#6071);
#4128=LINE('',#24280,#6072);
#4129=LINE('',#24286,#6073);
#4130=LINE('',#24288,#6074);
#4131=LINE('',#24290,#6075);
#4132=LINE('',#24291,#6076);
#4133=LINE('',#24294,#6077);
#4134=LINE('',#24296,#6078);
#4135=LINE('',#24297,#6079);
#4136=LINE('',#24300,#6080);
#4137=LINE('',#24302,#6081);
#4138=LINE('',#24303,#6082);
#4139=LINE('',#24305,#6083);
#4140=LINE('',#24306,#6084);
#4141=LINE('',#24312,#6085);
#4142=LINE('',#24314,#6086);
#4143=LINE('',#24316,#6087);
#4144=LINE('',#24317,#6088);
#4145=LINE('',#24320,#6089);
#4146=LINE('',#24322,#6090);
#4147=LINE('',#24323,#6091);
#4148=LINE('',#24326,#6092);
#4149=LINE('',#24328,#6093);
#4150=LINE('',#24329,#6094);
#4151=LINE('',#24331,#6095);
#4152=LINE('',#24332,#6096);
#4153=LINE('',#24338,#6097);
#4154=LINE('',#24340,#6098);
#4155=LINE('',#24342,#6099);
#4156=LINE('',#24343,#6100);
#4157=LINE('',#24346,#6101);
#4158=LINE('',#24348,#6102);
#4159=LINE('',#24349,#6103);
#4160=LINE('',#24352,#6104);
#4161=LINE('',#24354,#6105);
#4162=LINE('',#24355,#6106);
#4163=LINE('',#24357,#6107);
#4164=LINE('',#24358,#6108);
#4165=LINE('',#24364,#6109);
#4166=LINE('',#24366,#6110);
#4167=LINE('',#24368,#6111);
#4168=LINE('',#24369,#6112);
#4169=LINE('',#24372,#6113);
#4170=LINE('',#24374,#6114);
#4171=LINE('',#24375,#6115);
#4172=LINE('',#24378,#6116);
#4173=LINE('',#24380,#6117);
#4174=LINE('',#24381,#6118);
#4175=LINE('',#24383,#6119);
#4176=LINE('',#24384,#6120);
#4177=LINE('',#24390,#6121);
#4178=LINE('',#24392,#6122);
#4179=LINE('',#24394,#6123);
#4180=LINE('',#24395,#6124);
#4181=LINE('',#24398,#6125);
#4182=LINE('',#24400,#6126);
#4183=LINE('',#24401,#6127);
#4184=LINE('',#24404,#6128);
#4185=LINE('',#24406,#6129);
#4186=LINE('',#24407,#6130);
#4187=LINE('',#24409,#6131);
#4188=LINE('',#24410,#6132);
#4189=LINE('',#24416,#6133);
#4190=LINE('',#24418,#6134);
#4191=LINE('',#24420,#6135);
#4192=LINE('',#24421,#6136);
#4193=LINE('',#24424,#6137);
#4194=LINE('',#24426,#6138);
#4195=LINE('',#24427,#6139);
#4196=LINE('',#24430,#6140);
#4197=LINE('',#24432,#6141);
#4198=LINE('',#24433,#6142);
#4199=LINE('',#24435,#6143);
#4200=LINE('',#24436,#6144);
#4201=LINE('',#24442,#6145);
#4202=LINE('',#24444,#6146);
#4203=LINE('',#24446,#6147);
#4204=LINE('',#24447,#6148);
#4205=LINE('',#24450,#6149);
#4206=LINE('',#24452,#6150);
#4207=LINE('',#24453,#6151);
#4208=LINE('',#24456,#6152);
#4209=LINE('',#24458,#6153);
#4210=LINE('',#24459,#6154);
#4211=LINE('',#24461,#6155);
#4212=LINE('',#24462,#6156);
#4213=LINE('',#24468,#6157);
#4214=LINE('',#24470,#6158);
#4215=LINE('',#24472,#6159);
#4216=LINE('',#24473,#6160);
#4217=LINE('',#24476,#6161);
#4218=LINE('',#24478,#6162);
#4219=LINE('',#24479,#6163);
#4220=LINE('',#24482,#6164);
#4221=LINE('',#24484,#6165);
#4222=LINE('',#24485,#6166);
#4223=LINE('',#24487,#6167);
#4224=LINE('',#24488,#6168);
#4225=VECTOR('',#16392,10.);
#4226=VECTOR('',#16393,10.);
#4227=VECTOR('',#16394,10.);
#4228=VECTOR('',#16395,10.);
#4229=VECTOR('',#16398,10.);
#4230=VECTOR('',#16399,10.);
#4231=VECTOR('',#16400,10.);
#4232=VECTOR('',#16403,10.);
#4233=VECTOR('',#16404,10.);
#4234=VECTOR('',#16405,10.);
#4235=VECTOR('',#16408,10.);
#4236=VECTOR('',#16409,10.);
#4237=VECTOR('',#16416,10.);
#4238=VECTOR('',#16417,10.);
#4239=VECTOR('',#16418,10.);
#4240=VECTOR('',#16419,10.);
#4241=VECTOR('',#16422,10.);
#4242=VECTOR('',#16423,10.);
#4243=VECTOR('',#16424,10.);
#4244=VECTOR('',#16427,10.);
#4245=VECTOR('',#16428,10.);
#4246=VECTOR('',#16429,10.);
#4247=VECTOR('',#16432,10.);
#4248=VECTOR('',#16433,10.);
#4249=VECTOR('',#16440,10.);
#4250=VECTOR('',#16441,10.);
#4251=VECTOR('',#16442,10.);
#4252=VECTOR('',#16443,10.);
#4253=VECTOR('',#16446,10.);
#4254=VECTOR('',#16447,10.);
#4255=VECTOR('',#16448,10.);
#4256=VECTOR('',#16451,10.);
#4257=VECTOR('',#16452,10.);
#4258=VECTOR('',#16453,10.);
#4259=VECTOR('',#16456,10.);
#4260=VECTOR('',#16457,10.);
#4261=VECTOR('',#16464,10.);
#4262=VECTOR('',#16465,10.);
#4263=VECTOR('',#16466,10.);
#4264=VECTOR('',#16467,10.);
#4265=VECTOR('',#16470,10.);
#4266=VECTOR('',#16471,10.);
#4267=VECTOR('',#16472,10.);
#4268=VECTOR('',#16475,10.);
#4269=VECTOR('',#16476,10.);
#4270=VECTOR('',#16477,10.);
#4271=VECTOR('',#16480,10.);
#4272=VECTOR('',#16481,10.);
#4273=VECTOR('',#16488,10.);
#4274=VECTOR('',#16489,10.);
#4275=VECTOR('',#16490,10.);
#4276=VECTOR('',#16491,10.);
#4277=VECTOR('',#16494,10.);
#4278=VECTOR('',#16495,10.);
#4279=VECTOR('',#16496,10.);
#4280=VECTOR('',#16499,10.);
#4281=VECTOR('',#16500,10.);
#4282=VECTOR('',#16501,10.);
#4283=VECTOR('',#16504,10.);
#4284=VECTOR('',#16505,10.);
#4285=VECTOR('',#16512,10.);
#4286=VECTOR('',#16513,10.);
#4287=VECTOR('',#16514,10.);
#4288=VECTOR('',#16515,10.);
#4289=VECTOR('',#16518,10.);
#4290=VECTOR('',#16519,10.);
#4291=VECTOR('',#16520,10.);
#4292=VECTOR('',#16523,10.);
#4293=VECTOR('',#16524,10.);
#4294=VECTOR('',#16525,10.);
#4295=VECTOR('',#16528,10.);
#4296=VECTOR('',#16529,10.);
#4297=VECTOR('',#16536,10.);
#4298=VECTOR('',#16537,10.);
#4299=VECTOR('',#16538,10.);
#4300=VECTOR('',#16539,10.);
#4301=VECTOR('',#16542,10.);
#4302=VECTOR('',#16543,10.);
#4303=VECTOR('',#16544,10.);
#4304=VECTOR('',#16547,10.);
#4305=VECTOR('',#16548,10.);
#4306=VECTOR('',#16549,10.);
#4307=VECTOR('',#16552,10.);
#4308=VECTOR('',#16553,10.);
#4309=VECTOR('',#16560,10.);
#4310=VECTOR('',#16561,10.);
#4311=VECTOR('',#16562,10.);
#4312=VECTOR('',#16563,10.);
#4313=VECTOR('',#16566,10.);
#4314=VECTOR('',#16567,10.);
#4315=VECTOR('',#16568,10.);
#4316=VECTOR('',#16571,10.);
#4317=VECTOR('',#16572,10.);
#4318=VECTOR('',#16573,10.);
#4319=VECTOR('',#16576,10.);
#4320=VECTOR('',#16577,10.);
#4321=VECTOR('',#16584,10.);
#4322=VECTOR('',#16585,10.);
#4323=VECTOR('',#16586,10.);
#4324=VECTOR('',#16587,10.);
#4325=VECTOR('',#16590,10.);
#4326=VECTOR('',#16591,10.);
#4327=VECTOR('',#16592,10.);
#4328=VECTOR('',#16595,10.);
#4329=VECTOR('',#16596,10.);
#4330=VECTOR('',#16597,10.);
#4331=VECTOR('',#16600,10.);
#4332=VECTOR('',#16601,10.);
#4333=VECTOR('',#16608,10.);
#4334=VECTOR('',#16609,10.);
#4335=VECTOR('',#16610,10.);
#4336=VECTOR('',#16611,10.);
#4337=VECTOR('',#16614,10.);
#4338=VECTOR('',#16615,10.);
#4339=VECTOR('',#16616,10.);
#4340=VECTOR('',#16619,10.);
#4341=VECTOR('',#16620,10.);
#4342=VECTOR('',#16621,10.);
#4343=VECTOR('',#16624,10.);
#4344=VECTOR('',#16625,10.);
#4345=VECTOR('',#16632,10.);
#4346=VECTOR('',#16633,10.);
#4347=VECTOR('',#16634,10.);
#4348=VECTOR('',#16635,10.);
#4349=VECTOR('',#16638,10.);
#4350=VECTOR('',#16639,10.);
#4351=VECTOR('',#16640,10.);
#4352=VECTOR('',#16643,10.);
#4353=VECTOR('',#16644,10.);
#4354=VECTOR('',#16645,10.);
#4355=VECTOR('',#16648,10.);
#4356=VECTOR('',#16649,10.);
#4357=VECTOR('',#16656,10.);
#4358=VECTOR('',#16657,10.);
#4359=VECTOR('',#16658,10.);
#4360=VECTOR('',#16659,10.);
#4361=VECTOR('',#16662,10.);
#4362=VECTOR('',#16663,10.);
#4363=VECTOR('',#16664,10.);
#4364=VECTOR('',#16667,10.);
#4365=VECTOR('',#16668,10.);
#4366=VECTOR('',#16669,10.);
#4367=VECTOR('',#16672,10.);
#4368=VECTOR('',#16673,10.);
#4369=VECTOR('',#16680,10.);
#4370=VECTOR('',#16681,10.);
#4371=VECTOR('',#16682,10.);
#4372=VECTOR('',#16683,10.);
#4373=VECTOR('',#16686,10.);
#4374=VECTOR('',#16687,10.);
#4375=VECTOR('',#16688,10.);
#4376=VECTOR('',#16691,10.);
#4377=VECTOR('',#16692,10.);
#4378=VECTOR('',#16693,10.);
#4379=VECTOR('',#16696,10.);
#4380=VECTOR('',#16697,10.);
#4381=VECTOR('',#16704,10.);
#4382=VECTOR('',#16705,10.);
#4383=VECTOR('',#16706,10.);
#4384=VECTOR('',#16707,10.);
#4385=VECTOR('',#16710,10.);
#4386=VECTOR('',#16711,10.);
#4387=VECTOR('',#16712,10.);
#4388=VECTOR('',#16715,10.);
#4389=VECTOR('',#16716,10.);
#4390=VECTOR('',#16717,10.);
#4391=VECTOR('',#16720,10.);
#4392=VECTOR('',#16721,10.);
#4393=VECTOR('',#16728,10.);
#4394=VECTOR('',#16729,10.);
#4395=VECTOR('',#16730,10.);
#4396=VECTOR('',#16731,10.);
#4397=VECTOR('',#16734,10.);
#4398=VECTOR('',#16735,10.);
#4399=VECTOR('',#16736,10.);
#4400=VECTOR('',#16739,10.);
#4401=VECTOR('',#16740,10.);
#4402=VECTOR('',#16741,10.);
#4403=VECTOR('',#16744,10.);
#4404=VECTOR('',#16745,10.);
#4405=VECTOR('',#16752,10.);
#4406=VECTOR('',#16753,10.);
#4407=VECTOR('',#16754,10.);
#4408=VECTOR('',#16755,10.);
#4409=VECTOR('',#16758,10.);
#4410=VECTOR('',#16759,10.);
#4411=VECTOR('',#16760,10.);
#4412=VECTOR('',#16763,10.);
#4413=VECTOR('',#16764,10.);
#4414=VECTOR('',#16765,10.);
#4415=VECTOR('',#16768,10.);
#4416=VECTOR('',#16769,10.);
#4417=VECTOR('',#16776,10.);
#4418=VECTOR('',#16777,10.);
#4419=VECTOR('',#16778,10.);
#4420=VECTOR('',#16779,10.);
#4421=VECTOR('',#16782,10.);
#4422=VECTOR('',#16783,10.);
#4423=VECTOR('',#16784,10.);
#4424=VECTOR('',#16787,10.);
#4425=VECTOR('',#16788,10.);
#4426=VECTOR('',#16789,10.);
#4427=VECTOR('',#16792,10.);
#4428=VECTOR('',#16793,10.);
#4429=VECTOR('',#16800,10.);
#4430=VECTOR('',#16801,10.);
#4431=VECTOR('',#16802,10.);
#4432=VECTOR('',#16803,10.);
#4433=VECTOR('',#16806,10.);
#4434=VECTOR('',#16807,10.);
#4435=VECTOR('',#16808,10.);
#4436=VECTOR('',#16811,10.);
#4437=VECTOR('',#16812,10.);
#4438=VECTOR('',#16813,10.);
#4439=VECTOR('',#16816,10.);
#4440=VECTOR('',#16817,10.);
#4441=VECTOR('',#16824,10.);
#4442=VECTOR('',#16825,10.);
#4443=VECTOR('',#16826,10.);
#4444=VECTOR('',#16827,10.);
#4445=VECTOR('',#16830,10.);
#4446=VECTOR('',#16831,10.);
#4447=VECTOR('',#16832,10.);
#4448=VECTOR('',#16835,10.);
#4449=VECTOR('',#16836,10.);
#4450=VECTOR('',#16837,10.);
#4451=VECTOR('',#16840,10.);
#4452=VECTOR('',#16841,10.);
#4453=VECTOR('',#16848,10.);
#4454=VECTOR('',#16849,10.);
#4455=VECTOR('',#16850,10.);
#4456=VECTOR('',#16851,10.);
#4457=VECTOR('',#16854,10.);
#4458=VECTOR('',#16855,10.);
#4459=VECTOR('',#16856,10.);
#4460=VECTOR('',#16859,10.);
#4461=VECTOR('',#16860,10.);
#4462=VECTOR('',#16861,10.);
#4463=VECTOR('',#16864,10.);
#4464=VECTOR('',#16865,10.);
#4465=VECTOR('',#16872,10.);
#4466=VECTOR('',#16873,10.);
#4467=VECTOR('',#16874,10.);
#4468=VECTOR('',#16875,10.);
#4469=VECTOR('',#16878,10.);
#4470=VECTOR('',#16879,10.);
#4471=VECTOR('',#16880,10.);
#4472=VECTOR('',#16883,10.);
#4473=VECTOR('',#16884,10.);
#4474=VECTOR('',#16885,10.);
#4475=VECTOR('',#16888,10.);
#4476=VECTOR('',#16889,10.);
#4477=VECTOR('',#16896,10.);
#4478=VECTOR('',#16897,10.);
#4479=VECTOR('',#16898,10.);
#4480=VECTOR('',#16899,10.);
#4481=VECTOR('',#16902,10.);
#4482=VECTOR('',#16903,10.);
#4483=VECTOR('',#16904,10.);
#4484=VECTOR('',#16907,10.);
#4485=VECTOR('',#16908,10.);
#4486=VECTOR('',#16909,10.);
#4487=VECTOR('',#16912,10.);
#4488=VECTOR('',#16913,10.);
#4489=VECTOR('',#16920,10.);
#4490=VECTOR('',#16921,10.);
#4491=VECTOR('',#16922,10.);
#4492=VECTOR('',#16923,10.);
#4493=VECTOR('',#16926,10.);
#4494=VECTOR('',#16927,10.);
#4495=VECTOR('',#16928,10.);
#4496=VECTOR('',#16931,10.);
#4497=VECTOR('',#16932,10.);
#4498=VECTOR('',#16933,10.);
#4499=VECTOR('',#16936,10.);
#4500=VECTOR('',#16937,10.);
#4501=VECTOR('',#16944,10.);
#4502=VECTOR('',#16945,10.);
#4503=VECTOR('',#16946,10.);
#4504=VECTOR('',#16947,10.);
#4505=VECTOR('',#16950,10.);
#4506=VECTOR('',#16951,10.);
#4507=VECTOR('',#16952,10.);
#4508=VECTOR('',#16955,10.);
#4509=VECTOR('',#16956,10.);
#4510=VECTOR('',#16957,10.);
#4511=VECTOR('',#16960,10.);
#4512=VECTOR('',#16961,10.);
#4513=VECTOR('',#16968,10.);
#4514=VECTOR('',#16969,10.);
#4515=VECTOR('',#16970,10.);
#4516=VECTOR('',#16971,10.);
#4517=VECTOR('',#16974,10.);
#4518=VECTOR('',#16975,10.);
#4519=VECTOR('',#16976,10.);
#4520=VECTOR('',#16979,10.);
#4521=VECTOR('',#16980,10.);
#4522=VECTOR('',#16981,10.);
#4523=VECTOR('',#16984,10.);
#4524=VECTOR('',#16985,10.);
#4525=VECTOR('',#16992,10.);
#4526=VECTOR('',#16993,10.);
#4527=VECTOR('',#16994,10.);
#4528=VECTOR('',#16995,10.);
#4529=VECTOR('',#16998,10.);
#4530=VECTOR('',#16999,10.);
#4531=VECTOR('',#17000,10.);
#4532=VECTOR('',#17003,10.);
#4533=VECTOR('',#17004,10.);
#4534=VECTOR('',#17005,10.);
#4535=VECTOR('',#17008,10.);
#4536=VECTOR('',#17009,10.);
#4537=VECTOR('',#17016,10.);
#4538=VECTOR('',#17017,10.);
#4539=VECTOR('',#17018,10.);
#4540=VECTOR('',#17019,10.);
#4541=VECTOR('',#17022,10.);
#4542=VECTOR('',#17023,10.);
#4543=VECTOR('',#17024,10.);
#4544=VECTOR('',#17027,10.);
#4545=VECTOR('',#17028,10.);
#4546=VECTOR('',#17029,10.);
#4547=VECTOR('',#17032,10.);
#4548=VECTOR('',#17033,10.);
#4549=VECTOR('',#17040,10.);
#4550=VECTOR('',#17041,10.);
#4551=VECTOR('',#17042,10.);
#4552=VECTOR('',#17043,10.);
#4553=VECTOR('',#17046,10.);
#4554=VECTOR('',#17047,10.);
#4555=VECTOR('',#17048,10.);
#4556=VECTOR('',#17051,10.);
#4557=VECTOR('',#17052,10.);
#4558=VECTOR('',#17053,10.);
#4559=VECTOR('',#17056,10.);
#4560=VECTOR('',#17057,10.);
#4561=VECTOR('',#17064,10.);
#4562=VECTOR('',#17065,10.);
#4563=VECTOR('',#17066,10.);
#4564=VECTOR('',#17067,10.);
#4565=VECTOR('',#17070,10.);
#4566=VECTOR('',#17071,10.);
#4567=VECTOR('',#17072,10.);
#4568=VECTOR('',#17075,10.);
#4569=VECTOR('',#17076,10.);
#4570=VECTOR('',#17077,10.);
#4571=VECTOR('',#17080,10.);
#4572=VECTOR('',#17081,10.);
#4573=VECTOR('',#17088,10.);
#4574=VECTOR('',#17089,10.);
#4575=VECTOR('',#17090,10.);
#4576=VECTOR('',#17091,10.);
#4577=VECTOR('',#17094,10.);
#4578=VECTOR('',#17095,10.);
#4579=VECTOR('',#17096,10.);
#4580=VECTOR('',#17099,10.);
#4581=VECTOR('',#17100,10.);
#4582=VECTOR('',#17101,10.);
#4583=VECTOR('',#17104,10.);
#4584=VECTOR('',#17105,10.);
#4585=VECTOR('',#17112,10.);
#4586=VECTOR('',#17113,10.);
#4587=VECTOR('',#17114,10.);
#4588=VECTOR('',#17115,10.);
#4589=VECTOR('',#17118,10.);
#4590=VECTOR('',#17119,10.);
#4591=VECTOR('',#17120,10.);
#4592=VECTOR('',#17123,10.);
#4593=VECTOR('',#17124,10.);
#4594=VECTOR('',#17125,10.);
#4595=VECTOR('',#17128,10.);
#4596=VECTOR('',#17129,10.);
#4597=VECTOR('',#17136,10.);
#4598=VECTOR('',#17137,10.);
#4599=VECTOR('',#17138,10.);
#4600=VECTOR('',#17139,10.);
#4601=VECTOR('',#17142,10.);
#4602=VECTOR('',#17143,10.);
#4603=VECTOR('',#17144,10.);
#4604=VECTOR('',#17147,10.);
#4605=VECTOR('',#17148,10.);
#4606=VECTOR('',#17149,10.);
#4607=VECTOR('',#17152,10.);
#4608=VECTOR('',#17153,10.);
#4609=VECTOR('',#17160,10.);
#4610=VECTOR('',#17161,10.);
#4611=VECTOR('',#17162,10.);
#4612=VECTOR('',#17163,10.);
#4613=VECTOR('',#17166,10.);
#4614=VECTOR('',#17167,10.);
#4615=VECTOR('',#17168,10.);
#4616=VECTOR('',#17171,10.);
#4617=VECTOR('',#17172,10.);
#4618=VECTOR('',#17173,10.);
#4619=VECTOR('',#17176,10.);
#4620=VECTOR('',#17177,10.);
#4621=VECTOR('',#17184,10.);
#4622=VECTOR('',#17185,10.);
#4623=VECTOR('',#17186,10.);
#4624=VECTOR('',#17187,10.);
#4625=VECTOR('',#17190,10.);
#4626=VECTOR('',#17191,10.);
#4627=VECTOR('',#17192,10.);
#4628=VECTOR('',#17195,10.);
#4629=VECTOR('',#17196,10.);
#4630=VECTOR('',#17197,10.);
#4631=VECTOR('',#17200,10.);
#4632=VECTOR('',#17201,10.);
#4633=VECTOR('',#17208,10.);
#4634=VECTOR('',#17209,10.);
#4635=VECTOR('',#17210,10.);
#4636=VECTOR('',#17211,10.);
#4637=VECTOR('',#17214,10.);
#4638=VECTOR('',#17215,10.);
#4639=VECTOR('',#17216,10.);
#4640=VECTOR('',#17219,10.);
#4641=VECTOR('',#17220,10.);
#4642=VECTOR('',#17221,10.);
#4643=VECTOR('',#17224,10.);
#4644=VECTOR('',#17225,10.);
#4645=VECTOR('',#17232,10.);
#4646=VECTOR('',#17233,10.);
#4647=VECTOR('',#17234,10.);
#4648=VECTOR('',#17235,10.);
#4649=VECTOR('',#17238,10.);
#4650=VECTOR('',#17239,10.);
#4651=VECTOR('',#17240,10.);
#4652=VECTOR('',#17243,10.);
#4653=VECTOR('',#17244,10.);
#4654=VECTOR('',#17245,10.);
#4655=VECTOR('',#17248,10.);
#4656=VECTOR('',#17249,10.);
#4657=VECTOR('',#17256,10.);
#4658=VECTOR('',#17257,10.);
#4659=VECTOR('',#17258,10.);
#4660=VECTOR('',#17259,10.);
#4661=VECTOR('',#17262,10.);
#4662=VECTOR('',#17263,10.);
#4663=VECTOR('',#17264,10.);
#4664=VECTOR('',#17267,10.);
#4665=VECTOR('',#17268,10.);
#4666=VECTOR('',#17269,10.);
#4667=VECTOR('',#17272,10.);
#4668=VECTOR('',#17273,10.);
#4669=VECTOR('',#17280,10.);
#4670=VECTOR('',#17281,10.);
#4671=VECTOR('',#17282,10.);
#4672=VECTOR('',#17283,10.);
#4673=VECTOR('',#17286,10.);
#4674=VECTOR('',#17287,10.);
#4675=VECTOR('',#17288,10.);
#4676=VECTOR('',#17291,10.);
#4677=VECTOR('',#17292,10.);
#4678=VECTOR('',#17293,10.);
#4679=VECTOR('',#17296,10.);
#4680=VECTOR('',#17297,10.);
#4681=VECTOR('',#17304,10.);
#4682=VECTOR('',#17305,10.);
#4683=VECTOR('',#17306,10.);
#4684=VECTOR('',#17307,10.);
#4685=VECTOR('',#17310,10.);
#4686=VECTOR('',#17311,10.);
#4687=VECTOR('',#17312,10.);
#4688=VECTOR('',#17315,10.);
#4689=VECTOR('',#17316,10.);
#4690=VECTOR('',#17317,10.);
#4691=VECTOR('',#17320,10.);
#4692=VECTOR('',#17321,10.);
#4693=VECTOR('',#17328,10.);
#4694=VECTOR('',#17329,10.);
#4695=VECTOR('',#17330,10.);
#4696=VECTOR('',#17331,10.);
#4697=VECTOR('',#17334,10.);
#4698=VECTOR('',#17335,10.);
#4699=VECTOR('',#17336,10.);
#4700=VECTOR('',#17339,10.);
#4701=VECTOR('',#17340,10.);
#4702=VECTOR('',#17341,10.);
#4703=VECTOR('',#17344,10.);
#4704=VECTOR('',#17345,10.);
#4705=VECTOR('',#17352,10.);
#4706=VECTOR('',#17353,10.);
#4707=VECTOR('',#17354,10.);
#4708=VECTOR('',#17355,10.);
#4709=VECTOR('',#17358,10.);
#4710=VECTOR('',#17359,10.);
#4711=VECTOR('',#17360,10.);
#4712=VECTOR('',#17363,10.);
#4713=VECTOR('',#17364,10.);
#4714=VECTOR('',#17365,10.);
#4715=VECTOR('',#17368,10.);
#4716=VECTOR('',#17369,10.);
#4717=VECTOR('',#17376,10.);
#4718=VECTOR('',#17377,10.);
#4719=VECTOR('',#17378,10.);
#4720=VECTOR('',#17379,10.);
#4721=VECTOR('',#17382,10.);
#4722=VECTOR('',#17383,10.);
#4723=VECTOR('',#17384,10.);
#4724=VECTOR('',#17387,10.);
#4725=VECTOR('',#17388,10.);
#4726=VECTOR('',#17389,10.);
#4727=VECTOR('',#17392,10.);
#4728=VECTOR('',#17393,10.);
#4729=VECTOR('',#17400,10.);
#4730=VECTOR('',#17401,10.);
#4731=VECTOR('',#17402,10.);
#4732=VECTOR('',#17403,10.);
#4733=VECTOR('',#17406,10.);
#4734=VECTOR('',#17407,10.);
#4735=VECTOR('',#17408,10.);
#4736=VECTOR('',#17411,10.);
#4737=VECTOR('',#17412,10.);
#4738=VECTOR('',#17413,10.);
#4739=VECTOR('',#17416,10.);
#4740=VECTOR('',#17417,10.);
#4741=VECTOR('',#17424,10.);
#4742=VECTOR('',#17425,10.);
#4743=VECTOR('',#17426,10.);
#4744=VECTOR('',#17427,10.);
#4745=VECTOR('',#17430,10.);
#4746=VECTOR('',#17431,10.);
#4747=VECTOR('',#17432,10.);
#4748=VECTOR('',#17435,10.);
#4749=VECTOR('',#17436,10.);
#4750=VECTOR('',#17437,10.);
#4751=VECTOR('',#17440,10.);
#4752=VECTOR('',#17441,10.);
#4753=VECTOR('',#17448,10.);
#4754=VECTOR('',#17449,10.);
#4755=VECTOR('',#17450,10.);
#4756=VECTOR('',#17451,10.);
#4757=VECTOR('',#17454,10.);
#4758=VECTOR('',#17455,10.);
#4759=VECTOR('',#17456,10.);
#4760=VECTOR('',#17459,10.);
#4761=VECTOR('',#17460,10.);
#4762=VECTOR('',#17461,10.);
#4763=VECTOR('',#17464,10.);
#4764=VECTOR('',#17465,10.);
#4765=VECTOR('',#17472,10.);
#4766=VECTOR('',#17473,10.);
#4767=VECTOR('',#17474,10.);
#4768=VECTOR('',#17475,10.);
#4769=VECTOR('',#17478,10.);
#4770=VECTOR('',#17479,10.);
#4771=VECTOR('',#17480,10.);
#4772=VECTOR('',#17483,10.);
#4773=VECTOR('',#17484,10.);
#4774=VECTOR('',#17485,10.);
#4775=VECTOR('',#17488,10.);
#4776=VECTOR('',#17489,10.);
#4777=VECTOR('',#17496,10.);
#4778=VECTOR('',#17497,10.);
#4779=VECTOR('',#17498,10.);
#4780=VECTOR('',#17499,10.);
#4781=VECTOR('',#17502,10.);
#4782=VECTOR('',#17503,10.);
#4783=VECTOR('',#17504,10.);
#4784=VECTOR('',#17507,10.);
#4785=VECTOR('',#17508,10.);
#4786=VECTOR('',#17509,10.);
#4787=VECTOR('',#17512,10.);
#4788=VECTOR('',#17513,10.);
#4789=VECTOR('',#17520,10.);
#4790=VECTOR('',#17521,10.);
#4791=VECTOR('',#17522,10.);
#4792=VECTOR('',#17523,10.);
#4793=VECTOR('',#17526,10.);
#4794=VECTOR('',#17527,10.);
#4795=VECTOR('',#17528,10.);
#4796=VECTOR('',#17531,10.);
#4797=VECTOR('',#17532,10.);
#4798=VECTOR('',#17533,10.);
#4799=VECTOR('',#17536,10.);
#4800=VECTOR('',#17537,10.);
#4801=VECTOR('',#17544,10.);
#4802=VECTOR('',#17545,10.);
#4803=VECTOR('',#17546,10.);
#4804=VECTOR('',#17547,10.);
#4805=VECTOR('',#17550,10.);
#4806=VECTOR('',#17551,10.);
#4807=VECTOR('',#17552,10.);
#4808=VECTOR('',#17555,10.);
#4809=VECTOR('',#17556,10.);
#4810=VECTOR('',#17557,10.);
#4811=VECTOR('',#17560,10.);
#4812=VECTOR('',#17561,10.);
#4813=VECTOR('',#17568,10.);
#4814=VECTOR('',#17569,10.);
#4815=VECTOR('',#17570,10.);
#4816=VECTOR('',#17571,10.);
#4817=VECTOR('',#17574,10.);
#4818=VECTOR('',#17575,10.);
#4819=VECTOR('',#17576,10.);
#4820=VECTOR('',#17579,10.);
#4821=VECTOR('',#17580,10.);
#4822=VECTOR('',#17581,10.);
#4823=VECTOR('',#17584,10.);
#4824=VECTOR('',#17585,10.);
#4825=VECTOR('',#17592,10.);
#4826=VECTOR('',#17593,10.);
#4827=VECTOR('',#17594,10.);
#4828=VECTOR('',#17595,10.);
#4829=VECTOR('',#17598,10.);
#4830=VECTOR('',#17599,10.);
#4831=VECTOR('',#17600,10.);
#4832=VECTOR('',#17603,10.);
#4833=VECTOR('',#17604,10.);
#4834=VECTOR('',#17605,10.);
#4835=VECTOR('',#17608,10.);
#4836=VECTOR('',#17609,10.);
#4837=VECTOR('',#17616,10.);
#4838=VECTOR('',#17617,10.);
#4839=VECTOR('',#17618,10.);
#4840=VECTOR('',#17619,10.);
#4841=VECTOR('',#17622,10.);
#4842=VECTOR('',#17623,10.);
#4843=VECTOR('',#17624,10.);
#4844=VECTOR('',#17627,10.);
#4845=VECTOR('',#17628,10.);
#4846=VECTOR('',#17629,10.);
#4847=VECTOR('',#17632,10.);
#4848=VECTOR('',#17633,10.);
#4849=VECTOR('',#17640,10.);
#4850=VECTOR('',#17641,10.);
#4851=VECTOR('',#17642,10.);
#4852=VECTOR('',#17643,10.);
#4853=VECTOR('',#17646,10.);
#4854=VECTOR('',#17647,10.);
#4855=VECTOR('',#17648,10.);
#4856=VECTOR('',#17651,10.);
#4857=VECTOR('',#17652,10.);
#4858=VECTOR('',#17653,10.);
#4859=VECTOR('',#17656,10.);
#4860=VECTOR('',#17657,10.);
#4861=VECTOR('',#17664,10.);
#4862=VECTOR('',#17665,10.);
#4863=VECTOR('',#17666,10.);
#4864=VECTOR('',#17667,10.);
#4865=VECTOR('',#17670,10.);
#4866=VECTOR('',#17671,10.);
#4867=VECTOR('',#17672,10.);
#4868=VECTOR('',#17675,10.);
#4869=VECTOR('',#17676,10.);
#4870=VECTOR('',#17677,10.);
#4871=VECTOR('',#17680,10.);
#4872=VECTOR('',#17681,10.);
#4873=VECTOR('',#17688,10.);
#4874=VECTOR('',#17689,10.);
#4875=VECTOR('',#17690,10.);
#4876=VECTOR('',#17691,10.);
#4877=VECTOR('',#17694,10.);
#4878=VECTOR('',#17695,10.);
#4879=VECTOR('',#17696,10.);
#4880=VECTOR('',#17699,10.);
#4881=VECTOR('',#17700,10.);
#4882=VECTOR('',#17701,10.);
#4883=VECTOR('',#17704,10.);
#4884=VECTOR('',#17705,10.);
#4885=VECTOR('',#17712,10.);
#4886=VECTOR('',#17713,10.);
#4887=VECTOR('',#17714,10.);
#4888=VECTOR('',#17715,10.);
#4889=VECTOR('',#17718,10.);
#4890=VECTOR('',#17719,10.);
#4891=VECTOR('',#17720,10.);
#4892=VECTOR('',#17723,10.);
#4893=VECTOR('',#17724,10.);
#4894=VECTOR('',#17725,10.);
#4895=VECTOR('',#17728,10.);
#4896=VECTOR('',#17729,10.);
#4897=VECTOR('',#17736,10.);
#4898=VECTOR('',#17737,10.);
#4899=VECTOR('',#17738,10.);
#4900=VECTOR('',#17739,10.);
#4901=VECTOR('',#17742,10.);
#4902=VECTOR('',#17743,10.);
#4903=VECTOR('',#17744,10.);
#4904=VECTOR('',#17747,10.);
#4905=VECTOR('',#17748,10.);
#4906=VECTOR('',#17749,10.);
#4907=VECTOR('',#17752,10.);
#4908=VECTOR('',#17753,10.);
#4909=VECTOR('',#17760,10.);
#4910=VECTOR('',#17761,10.);
#4911=VECTOR('',#17762,10.);
#4912=VECTOR('',#17763,10.);
#4913=VECTOR('',#17766,10.);
#4914=VECTOR('',#17767,10.);
#4915=VECTOR('',#17768,10.);
#4916=VECTOR('',#17771,10.);
#4917=VECTOR('',#17772,10.);
#4918=VECTOR('',#17773,10.);
#4919=VECTOR('',#17776,10.);
#4920=VECTOR('',#17777,10.);
#4921=VECTOR('',#17784,10.);
#4922=VECTOR('',#17785,10.);
#4923=VECTOR('',#17786,10.);
#4924=VECTOR('',#17787,10.);
#4925=VECTOR('',#17790,10.);
#4926=VECTOR('',#17791,10.);
#4927=VECTOR('',#17792,10.);
#4928=VECTOR('',#17795,10.);
#4929=VECTOR('',#17796,10.);
#4930=VECTOR('',#17797,10.);
#4931=VECTOR('',#17800,10.);
#4932=VECTOR('',#17801,10.);
#4933=VECTOR('',#17808,10.);
#4934=VECTOR('',#17809,10.);
#4935=VECTOR('',#17810,10.);
#4936=VECTOR('',#17811,10.);
#4937=VECTOR('',#17814,10.);
#4938=VECTOR('',#17815,10.);
#4939=VECTOR('',#17816,10.);
#4940=VECTOR('',#17819,10.);
#4941=VECTOR('',#17820,10.);
#4942=VECTOR('',#17821,10.);
#4943=VECTOR('',#17824,10.);
#4944=VECTOR('',#17825,10.);
#4945=VECTOR('',#17832,10.);
#4946=VECTOR('',#17833,10.);
#4947=VECTOR('',#17834,10.);
#4948=VECTOR('',#17835,10.);
#4949=VECTOR('',#17838,10.);
#4950=VECTOR('',#17839,10.);
#4951=VECTOR('',#17840,10.);
#4952=VECTOR('',#17843,10.);
#4953=VECTOR('',#17844,10.);
#4954=VECTOR('',#17845,10.);
#4955=VECTOR('',#17848,10.);
#4956=VECTOR('',#17849,10.);
#4957=VECTOR('',#17856,10.);
#4958=VECTOR('',#17857,10.);
#4959=VECTOR('',#17858,10.);
#4960=VECTOR('',#17859,10.);
#4961=VECTOR('',#17862,10.);
#4962=VECTOR('',#17863,10.);
#4963=VECTOR('',#17864,10.);
#4964=VECTOR('',#17867,10.);
#4965=VECTOR('',#17868,10.);
#4966=VECTOR('',#17869,10.);
#4967=VECTOR('',#17872,10.);
#4968=VECTOR('',#17873,10.);
#4969=VECTOR('',#17880,10.);
#4970=VECTOR('',#17881,10.);
#4971=VECTOR('',#17882,10.);
#4972=VECTOR('',#17883,10.);
#4973=VECTOR('',#17886,10.);
#4974=VECTOR('',#17887,10.);
#4975=VECTOR('',#17888,10.);
#4976=VECTOR('',#17891,10.);
#4977=VECTOR('',#17892,10.);
#4978=VECTOR('',#17893,10.);
#4979=VECTOR('',#17896,10.);
#4980=VECTOR('',#17897,10.);
#4981=VECTOR('',#17904,10.);
#4982=VECTOR('',#17905,10.);
#4983=VECTOR('',#17906,10.);
#4984=VECTOR('',#17907,10.);
#4985=VECTOR('',#17910,10.);
#4986=VECTOR('',#17911,10.);
#4987=VECTOR('',#17912,10.);
#4988=VECTOR('',#17915,10.);
#4989=VECTOR('',#17916,10.);
#4990=VECTOR('',#17917,10.);
#4991=VECTOR('',#17920,10.);
#4992=VECTOR('',#17921,10.);
#4993=VECTOR('',#17928,10.);
#4994=VECTOR('',#17929,10.);
#4995=VECTOR('',#17930,10.);
#4996=VECTOR('',#17931,10.);
#4997=VECTOR('',#17934,10.);
#4998=VECTOR('',#17935,10.);
#4999=VECTOR('',#17936,10.);
#5000=VECTOR('',#17939,10.);
#5001=VECTOR('',#17940,10.);
#5002=VECTOR('',#17941,10.);
#5003=VECTOR('',#17944,10.);
#5004=VECTOR('',#17945,10.);
#5005=VECTOR('',#17952,10.);
#5006=VECTOR('',#17953,10.);
#5007=VECTOR('',#17954,10.);
#5008=VECTOR('',#17955,10.);
#5009=VECTOR('',#17958,10.);
#5010=VECTOR('',#17959,10.);
#5011=VECTOR('',#17960,10.);
#5012=VECTOR('',#17963,10.);
#5013=VECTOR('',#17964,10.);
#5014=VECTOR('',#17965,10.);
#5015=VECTOR('',#17968,10.);
#5016=VECTOR('',#17969,10.);
#5017=VECTOR('',#17976,10.);
#5018=VECTOR('',#17977,10.);
#5019=VECTOR('',#17978,10.);
#5020=VECTOR('',#17979,10.);
#5021=VECTOR('',#17982,10.);
#5022=VECTOR('',#17983,10.);
#5023=VECTOR('',#17984,10.);
#5024=VECTOR('',#17987,10.);
#5025=VECTOR('',#17988,10.);
#5026=VECTOR('',#17989,10.);
#5027=VECTOR('',#17992,10.);
#5028=VECTOR('',#17993,10.);
#5029=VECTOR('',#18000,10.);
#5030=VECTOR('',#18001,10.);
#5031=VECTOR('',#18002,10.);
#5032=VECTOR('',#18003,10.);
#5033=VECTOR('',#18006,10.);
#5034=VECTOR('',#18007,10.);
#5035=VECTOR('',#18008,10.);
#5036=VECTOR('',#18011,10.);
#5037=VECTOR('',#18012,10.);
#5038=VECTOR('',#18013,10.);
#5039=VECTOR('',#18016,10.);
#5040=VECTOR('',#18017,10.);
#5041=VECTOR('',#18024,10.);
#5042=VECTOR('',#18025,10.);
#5043=VECTOR('',#18026,10.);
#5044=VECTOR('',#18027,10.);
#5045=VECTOR('',#18030,10.);
#5046=VECTOR('',#18031,10.);
#5047=VECTOR('',#18032,10.);
#5048=VECTOR('',#18035,10.);
#5049=VECTOR('',#18036,10.);
#5050=VECTOR('',#18037,10.);
#5051=VECTOR('',#18040,10.);
#5052=VECTOR('',#18041,10.);
#5053=VECTOR('',#18048,10.);
#5054=VECTOR('',#18049,10.);
#5055=VECTOR('',#18050,10.);
#5056=VECTOR('',#18051,10.);
#5057=VECTOR('',#18054,10.);
#5058=VECTOR('',#18055,10.);
#5059=VECTOR('',#18056,10.);
#5060=VECTOR('',#18059,10.);
#5061=VECTOR('',#18060,10.);
#5062=VECTOR('',#18061,10.);
#5063=VECTOR('',#18064,10.);
#5064=VECTOR('',#18065,10.);
#5065=VECTOR('',#18072,10.);
#5066=VECTOR('',#18073,10.);
#5067=VECTOR('',#18074,10.);
#5068=VECTOR('',#18075,10.);
#5069=VECTOR('',#18078,10.);
#5070=VECTOR('',#18079,10.);
#5071=VECTOR('',#18080,10.);
#5072=VECTOR('',#18083,10.);
#5073=VECTOR('',#18084,10.);
#5074=VECTOR('',#18085,10.);
#5075=VECTOR('',#18088,10.);
#5076=VECTOR('',#18089,10.);
#5077=VECTOR('',#18096,10.);
#5078=VECTOR('',#18097,10.);
#5079=VECTOR('',#18098,10.);
#5080=VECTOR('',#18099,10.);
#5081=VECTOR('',#18102,10.);
#5082=VECTOR('',#18103,10.);
#5083=VECTOR('',#18104,10.);
#5084=VECTOR('',#18107,10.);
#5085=VECTOR('',#18108,10.);
#5086=VECTOR('',#18109,10.);
#5087=VECTOR('',#18112,10.);
#5088=VECTOR('',#18113,10.);
#5089=VECTOR('',#18120,10.);
#5090=VECTOR('',#18121,10.);
#5091=VECTOR('',#18122,10.);
#5092=VECTOR('',#18123,10.);
#5093=VECTOR('',#18126,10.);
#5094=VECTOR('',#18127,10.);
#5095=VECTOR('',#18128,10.);
#5096=VECTOR('',#18131,10.);
#5097=VECTOR('',#18132,10.);
#5098=VECTOR('',#18133,10.);
#5099=VECTOR('',#18136,10.);
#5100=VECTOR('',#18137,10.);
#5101=VECTOR('',#18144,10.);
#5102=VECTOR('',#18145,10.);
#5103=VECTOR('',#18146,10.);
#5104=VECTOR('',#18147,10.);
#5105=VECTOR('',#18150,10.);
#5106=VECTOR('',#18151,10.);
#5107=VECTOR('',#18152,10.);
#5108=VECTOR('',#18155,10.);
#5109=VECTOR('',#18156,10.);
#5110=VECTOR('',#18157,10.);
#5111=VECTOR('',#18160,10.);
#5112=VECTOR('',#18161,10.);
#5113=VECTOR('',#18168,10.);
#5114=VECTOR('',#18169,10.);
#5115=VECTOR('',#18170,10.);
#5116=VECTOR('',#18171,10.);
#5117=VECTOR('',#18174,10.);
#5118=VECTOR('',#18175,10.);
#5119=VECTOR('',#18176,10.);
#5120=VECTOR('',#18179,10.);
#5121=VECTOR('',#18180,10.);
#5122=VECTOR('',#18181,10.);
#5123=VECTOR('',#18184,10.);
#5124=VECTOR('',#18185,10.);
#5125=VECTOR('',#18192,10.);
#5126=VECTOR('',#18193,10.);
#5127=VECTOR('',#18194,10.);
#5128=VECTOR('',#18195,10.);
#5129=VECTOR('',#18198,10.);
#5130=VECTOR('',#18199,10.);
#5131=VECTOR('',#18200,10.);
#5132=VECTOR('',#18203,10.);
#5133=VECTOR('',#18204,10.);
#5134=VECTOR('',#18205,10.);
#5135=VECTOR('',#18208,10.);
#5136=VECTOR('',#18209,10.);
#5137=VECTOR('',#18216,10.);
#5138=VECTOR('',#18217,10.);
#5139=VECTOR('',#18218,10.);
#5140=VECTOR('',#18219,10.);
#5141=VECTOR('',#18222,10.);
#5142=VECTOR('',#18223,10.);
#5143=VECTOR('',#18224,10.);
#5144=VECTOR('',#18227,10.);
#5145=VECTOR('',#18228,10.);
#5146=VECTOR('',#18229,10.);
#5147=VECTOR('',#18232,10.);
#5148=VECTOR('',#18233,10.);
#5149=VECTOR('',#18240,10.);
#5150=VECTOR('',#18241,10.);
#5151=VECTOR('',#18242,10.);
#5152=VECTOR('',#18243,10.);
#5153=VECTOR('',#18246,10.);
#5154=VECTOR('',#18247,10.);
#5155=VECTOR('',#18248,10.);
#5156=VECTOR('',#18251,10.);
#5157=VECTOR('',#18252,10.);
#5158=VECTOR('',#18253,10.);
#5159=VECTOR('',#18256,10.);
#5160=VECTOR('',#18257,10.);
#5161=VECTOR('',#18264,10.);
#5162=VECTOR('',#18265,10.);
#5163=VECTOR('',#18266,10.);
#5164=VECTOR('',#18267,10.);
#5165=VECTOR('',#18270,10.);
#5166=VECTOR('',#18271,10.);
#5167=VECTOR('',#18272,10.);
#5168=VECTOR('',#18275,10.);
#5169=VECTOR('',#18276,10.);
#5170=VECTOR('',#18277,10.);
#5171=VECTOR('',#18280,10.);
#5172=VECTOR('',#18281,10.);
#5173=VECTOR('',#18288,10.);
#5174=VECTOR('',#18289,10.);
#5175=VECTOR('',#18290,10.);
#5176=VECTOR('',#18291,10.);
#5177=VECTOR('',#18294,10.);
#5178=VECTOR('',#18295,10.);
#5179=VECTOR('',#18296,10.);
#5180=VECTOR('',#18299,10.);
#5181=VECTOR('',#18300,10.);
#5182=VECTOR('',#18301,10.);
#5183=VECTOR('',#18304,10.);
#5184=VECTOR('',#18305,10.);
#5185=VECTOR('',#18312,10.);
#5186=VECTOR('',#18313,10.);
#5187=VECTOR('',#18314,10.);
#5188=VECTOR('',#18315,10.);
#5189=VECTOR('',#18318,10.);
#5190=VECTOR('',#18319,10.);
#5191=VECTOR('',#18320,10.);
#5192=VECTOR('',#18323,10.);
#5193=VECTOR('',#18324,10.);
#5194=VECTOR('',#18325,10.);
#5195=VECTOR('',#18328,10.);
#5196=VECTOR('',#18329,10.);
#5197=VECTOR('',#18336,10.);
#5198=VECTOR('',#18337,10.);
#5199=VECTOR('',#18338,10.);
#5200=VECTOR('',#18339,10.);
#5201=VECTOR('',#18342,10.);
#5202=VECTOR('',#18343,10.);
#5203=VECTOR('',#18344,10.);
#5204=VECTOR('',#18347,10.);
#5205=VECTOR('',#18348,10.);
#5206=VECTOR('',#18349,10.);
#5207=VECTOR('',#18352,10.);
#5208=VECTOR('',#18353,10.);
#5209=VECTOR('',#18360,10.);
#5210=VECTOR('',#18361,10.);
#5211=VECTOR('',#18362,10.);
#5212=VECTOR('',#18363,10.);
#5213=VECTOR('',#18366,10.);
#5214=VECTOR('',#18367,10.);
#5215=VECTOR('',#18368,10.);
#5216=VECTOR('',#18371,10.);
#5217=VECTOR('',#18372,10.);
#5218=VECTOR('',#18373,10.);
#5219=VECTOR('',#18376,10.);
#5220=VECTOR('',#18377,10.);
#5221=VECTOR('',#18384,10.);
#5222=VECTOR('',#18385,10.);
#5223=VECTOR('',#18386,10.);
#5224=VECTOR('',#18387,10.);
#5225=VECTOR('',#18390,10.);
#5226=VECTOR('',#18391,10.);
#5227=VECTOR('',#18392,10.);
#5228=VECTOR('',#18395,10.);
#5229=VECTOR('',#18396,10.);
#5230=VECTOR('',#18397,10.);
#5231=VECTOR('',#18400,10.);
#5232=VECTOR('',#18401,10.);
#5233=VECTOR('',#18408,10.);
#5234=VECTOR('',#18409,10.);
#5235=VECTOR('',#18410,10.);
#5236=VECTOR('',#18411,10.);
#5237=VECTOR('',#18414,10.);
#5238=VECTOR('',#18415,10.);
#5239=VECTOR('',#18416,10.);
#5240=VECTOR('',#18419,10.);
#5241=VECTOR('',#18420,10.);
#5242=VECTOR('',#18421,10.);
#5243=VECTOR('',#18424,10.);
#5244=VECTOR('',#18425,10.);
#5245=VECTOR('',#18432,10.);
#5246=VECTOR('',#18433,10.);
#5247=VECTOR('',#18434,10.);
#5248=VECTOR('',#18435,10.);
#5249=VECTOR('',#18438,10.);
#5250=VECTOR('',#18439,10.);
#5251=VECTOR('',#18440,10.);
#5252=VECTOR('',#18443,10.);
#5253=VECTOR('',#18444,10.);
#5254=VECTOR('',#18445,10.);
#5255=VECTOR('',#18448,10.);
#5256=VECTOR('',#18449,10.);
#5257=VECTOR('',#18456,10.);
#5258=VECTOR('',#18457,10.);
#5259=VECTOR('',#18458,10.);
#5260=VECTOR('',#18459,10.);
#5261=VECTOR('',#18462,10.);
#5262=VECTOR('',#18463,10.);
#5263=VECTOR('',#18464,10.);
#5264=VECTOR('',#18467,10.);
#5265=VECTOR('',#18468,10.);
#5266=VECTOR('',#18469,10.);
#5267=VECTOR('',#18472,10.);
#5268=VECTOR('',#18473,10.);
#5269=VECTOR('',#18480,10.);
#5270=VECTOR('',#18481,10.);
#5271=VECTOR('',#18482,10.);
#5272=VECTOR('',#18483,10.);
#5273=VECTOR('',#18486,10.);
#5274=VECTOR('',#18487,10.);
#5275=VECTOR('',#18488,10.);
#5276=VECTOR('',#18491,10.);
#5277=VECTOR('',#18492,10.);
#5278=VECTOR('',#18493,10.);
#5279=VECTOR('',#18496,10.);
#5280=VECTOR('',#18497,10.);
#5281=VECTOR('',#18504,10.);
#5282=VECTOR('',#18505,10.);
#5283=VECTOR('',#18506,10.);
#5284=VECTOR('',#18507,10.);
#5285=VECTOR('',#18510,10.);
#5286=VECTOR('',#18511,10.);
#5287=VECTOR('',#18512,10.);
#5288=VECTOR('',#18515,10.);
#5289=VECTOR('',#18516,10.);
#5290=VECTOR('',#18517,10.);
#5291=VECTOR('',#18520,10.);
#5292=VECTOR('',#18521,10.);
#5293=VECTOR('',#18528,10.);
#5294=VECTOR('',#18529,10.);
#5295=VECTOR('',#18530,10.);
#5296=VECTOR('',#18531,10.);
#5297=VECTOR('',#18534,10.);
#5298=VECTOR('',#18535,10.);
#5299=VECTOR('',#18536,10.);
#5300=VECTOR('',#18539,10.);
#5301=VECTOR('',#18540,10.);
#5302=VECTOR('',#18541,10.);
#5303=VECTOR('',#18544,10.);
#5304=VECTOR('',#18545,10.);
#5305=VECTOR('',#18552,10.);
#5306=VECTOR('',#18553,10.);
#5307=VECTOR('',#18554,10.);
#5308=VECTOR('',#18555,10.);
#5309=VECTOR('',#18558,10.);
#5310=VECTOR('',#18559,10.);
#5311=VECTOR('',#18560,10.);
#5312=VECTOR('',#18563,10.);
#5313=VECTOR('',#18564,10.);
#5314=VECTOR('',#18565,10.);
#5315=VECTOR('',#18568,10.);
#5316=VECTOR('',#18569,10.);
#5317=VECTOR('',#18576,10.);
#5318=VECTOR('',#18577,10.);
#5319=VECTOR('',#18578,10.);
#5320=VECTOR('',#18579,10.);
#5321=VECTOR('',#18582,10.);
#5322=VECTOR('',#18583,10.);
#5323=VECTOR('',#18584,10.);
#5324=VECTOR('',#18587,10.);
#5325=VECTOR('',#18588,10.);
#5326=VECTOR('',#18589,10.);
#5327=VECTOR('',#18592,10.);
#5328=VECTOR('',#18593,10.);
#5329=VECTOR('',#18600,10.);
#5330=VECTOR('',#18601,10.);
#5331=VECTOR('',#18602,10.);
#5332=VECTOR('',#18603,10.);
#5333=VECTOR('',#18606,10.);
#5334=VECTOR('',#18607,10.);
#5335=VECTOR('',#18608,10.);
#5336=VECTOR('',#18611,10.);
#5337=VECTOR('',#18612,10.);
#5338=VECTOR('',#18613,10.);
#5339=VECTOR('',#18616,10.);
#5340=VECTOR('',#18617,10.);
#5341=VECTOR('',#18624,10.);
#5342=VECTOR('',#18625,10.);
#5343=VECTOR('',#18626,10.);
#5344=VECTOR('',#18627,10.);
#5345=VECTOR('',#18630,10.);
#5346=VECTOR('',#18631,10.);
#5347=VECTOR('',#18632,10.);
#5348=VECTOR('',#18635,10.);
#5349=VECTOR('',#18636,10.);
#5350=VECTOR('',#18637,10.);
#5351=VECTOR('',#18640,10.);
#5352=VECTOR('',#18641,10.);
#5353=VECTOR('',#18648,10.);
#5354=VECTOR('',#18649,10.);
#5355=VECTOR('',#18650,10.);
#5356=VECTOR('',#18651,10.);
#5357=VECTOR('',#18654,10.);
#5358=VECTOR('',#18655,10.);
#5359=VECTOR('',#18656,10.);
#5360=VECTOR('',#18659,10.);
#5361=VECTOR('',#18660,10.);
#5362=VECTOR('',#18661,10.);
#5363=VECTOR('',#18664,10.);
#5364=VECTOR('',#18665,10.);
#5365=VECTOR('',#18672,10.);
#5366=VECTOR('',#18673,10.);
#5367=VECTOR('',#18674,10.);
#5368=VECTOR('',#18675,10.);
#5369=VECTOR('',#18678,10.);
#5370=VECTOR('',#18679,10.);
#5371=VECTOR('',#18680,10.);
#5372=VECTOR('',#18683,10.);
#5373=VECTOR('',#18684,10.);
#5374=VECTOR('',#18685,10.);
#5375=VECTOR('',#18688,10.);
#5376=VECTOR('',#18689,10.);
#5377=VECTOR('',#18696,10.);
#5378=VECTOR('',#18697,10.);
#5379=VECTOR('',#18698,10.);
#5380=VECTOR('',#18699,10.);
#5381=VECTOR('',#18702,10.);
#5382=VECTOR('',#18703,10.);
#5383=VECTOR('',#18704,10.);
#5384=VECTOR('',#18707,10.);
#5385=VECTOR('',#18708,10.);
#5386=VECTOR('',#18709,10.);
#5387=VECTOR('',#18712,10.);
#5388=VECTOR('',#18713,10.);
#5389=VECTOR('',#18720,10.);
#5390=VECTOR('',#18721,10.);
#5391=VECTOR('',#18722,10.);
#5392=VECTOR('',#18723,10.);
#5393=VECTOR('',#18726,10.);
#5394=VECTOR('',#18727,10.);
#5395=VECTOR('',#18728,10.);
#5396=VECTOR('',#18731,10.);
#5397=VECTOR('',#18732,10.);
#5398=VECTOR('',#18733,10.);
#5399=VECTOR('',#18736,10.);
#5400=VECTOR('',#18737,10.);
#5401=VECTOR('',#18744,10.);
#5402=VECTOR('',#18745,10.);
#5403=VECTOR('',#18746,10.);
#5404=VECTOR('',#18747,10.);
#5405=VECTOR('',#18750,10.);
#5406=VECTOR('',#18751,10.);
#5407=VECTOR('',#18752,10.);
#5408=VECTOR('',#18755,10.);
#5409=VECTOR('',#18756,10.);
#5410=VECTOR('',#18757,10.);
#5411=VECTOR('',#18760,10.);
#5412=VECTOR('',#18761,10.);
#5413=VECTOR('',#18768,10.);
#5414=VECTOR('',#18769,10.);
#5415=VECTOR('',#18770,10.);
#5416=VECTOR('',#18771,10.);
#5417=VECTOR('',#18774,10.);
#5418=VECTOR('',#18775,10.);
#5419=VECTOR('',#18776,10.);
#5420=VECTOR('',#18779,10.);
#5421=VECTOR('',#18780,10.);
#5422=VECTOR('',#18781,10.);
#5423=VECTOR('',#18784,10.);
#5424=VECTOR('',#18785,10.);
#5425=VECTOR('',#18792,10.);
#5426=VECTOR('',#18793,10.);
#5427=VECTOR('',#18794,10.);
#5428=VECTOR('',#18795,10.);
#5429=VECTOR('',#18798,10.);
#5430=VECTOR('',#18799,10.);
#5431=VECTOR('',#18800,10.);
#5432=VECTOR('',#18803,10.);
#5433=VECTOR('',#18804,10.);
#5434=VECTOR('',#18805,10.);
#5435=VECTOR('',#18808,10.);
#5436=VECTOR('',#18809,10.);
#5437=VECTOR('',#18816,10.);
#5438=VECTOR('',#18817,10.);
#5439=VECTOR('',#18818,10.);
#5440=VECTOR('',#18819,10.);
#5441=VECTOR('',#18822,10.);
#5442=VECTOR('',#18823,10.);
#5443=VECTOR('',#18824,10.);
#5444=VECTOR('',#18827,10.);
#5445=VECTOR('',#18828,10.);
#5446=VECTOR('',#18829,10.);
#5447=VECTOR('',#18832,10.);
#5448=VECTOR('',#18833,10.);
#5449=VECTOR('',#18840,10.);
#5450=VECTOR('',#18841,10.);
#5451=VECTOR('',#18842,10.);
#5452=VECTOR('',#18843,10.);
#5453=VECTOR('',#18846,10.);
#5454=VECTOR('',#18847,10.);
#5455=VECTOR('',#18848,10.);
#5456=VECTOR('',#18851,10.);
#5457=VECTOR('',#18852,10.);
#5458=VECTOR('',#18853,10.);
#5459=VECTOR('',#18856,10.);
#5460=VECTOR('',#18857,10.);
#5461=VECTOR('',#18864,10.);
#5462=VECTOR('',#18865,10.);
#5463=VECTOR('',#18866,10.);
#5464=VECTOR('',#18867,10.);
#5465=VECTOR('',#18870,10.);
#5466=VECTOR('',#18871,10.);
#5467=VECTOR('',#18872,10.);
#5468=VECTOR('',#18875,10.);
#5469=VECTOR('',#18876,10.);
#5470=VECTOR('',#18877,10.);
#5471=VECTOR('',#18880,10.);
#5472=VECTOR('',#18881,10.);
#5473=VECTOR('',#18888,10.);
#5474=VECTOR('',#18889,10.);
#5475=VECTOR('',#18890,10.);
#5476=VECTOR('',#18891,10.);
#5477=VECTOR('',#18894,10.);
#5478=VECTOR('',#18895,10.);
#5479=VECTOR('',#18896,10.);
#5480=VECTOR('',#18899,10.);
#5481=VECTOR('',#18900,10.);
#5482=VECTOR('',#18901,10.);
#5483=VECTOR('',#18904,10.);
#5484=VECTOR('',#18905,10.);
#5485=VECTOR('',#18912,10.);
#5486=VECTOR('',#18913,10.);
#5487=VECTOR('',#18914,10.);
#5488=VECTOR('',#18915,10.);
#5489=VECTOR('',#18918,10.);
#5490=VECTOR('',#18919,10.);
#5491=VECTOR('',#18920,10.);
#5492=VECTOR('',#18923,10.);
#5493=VECTOR('',#18924,10.);
#5494=VECTOR('',#18925,10.);
#5495=VECTOR('',#18928,10.);
#5496=VECTOR('',#18929,10.);
#5497=VECTOR('',#18936,10.);
#5498=VECTOR('',#18937,10.);
#5499=VECTOR('',#18938,10.);
#5500=VECTOR('',#18939,10.);
#5501=VECTOR('',#18942,10.);
#5502=VECTOR('',#18943,10.);
#5503=VECTOR('',#18944,10.);
#5504=VECTOR('',#18947,10.);
#5505=VECTOR('',#18948,10.);
#5506=VECTOR('',#18949,10.);
#5507=VECTOR('',#18952,10.);
#5508=VECTOR('',#18953,10.);
#5509=VECTOR('',#18960,10.);
#5510=VECTOR('',#18961,10.);
#5511=VECTOR('',#18962,10.);
#5512=VECTOR('',#18963,10.);
#5513=VECTOR('',#18966,10.);
#5514=VECTOR('',#18967,10.);
#5515=VECTOR('',#18968,10.);
#5516=VECTOR('',#18971,10.);
#5517=VECTOR('',#18972,10.);
#5518=VECTOR('',#18973,10.);
#5519=VECTOR('',#18976,10.);
#5520=VECTOR('',#18977,10.);
#5521=VECTOR('',#18984,10.);
#5522=VECTOR('',#18985,10.);
#5523=VECTOR('',#18986,10.);
#5524=VECTOR('',#18987,10.);
#5525=VECTOR('',#18990,10.);
#5526=VECTOR('',#18991,10.);
#5527=VECTOR('',#18992,10.);
#5528=VECTOR('',#18995,10.);
#5529=VECTOR('',#18996,10.);
#5530=VECTOR('',#18997,10.);
#5531=VECTOR('',#19000,10.);
#5532=VECTOR('',#19001,10.);
#5533=VECTOR('',#19008,10.);
#5534=VECTOR('',#19009,10.);
#5535=VECTOR('',#19010,10.);
#5536=VECTOR('',#19011,10.);
#5537=VECTOR('',#19014,10.);
#5538=VECTOR('',#19015,10.);
#5539=VECTOR('',#19016,10.);
#5540=VECTOR('',#19019,10.);
#5541=VECTOR('',#19020,10.);
#5542=VECTOR('',#19021,10.);
#5543=VECTOR('',#19024,10.);
#5544=VECTOR('',#19025,10.);
#5545=VECTOR('',#19032,10.);
#5546=VECTOR('',#19033,10.);
#5547=VECTOR('',#19034,10.);
#5548=VECTOR('',#19035,10.);
#5549=VECTOR('',#19038,10.);
#5550=VECTOR('',#19039,10.);
#5551=VECTOR('',#19040,10.);
#5552=VECTOR('',#19043,10.);
#5553=VECTOR('',#19044,10.);
#5554=VECTOR('',#19045,10.);
#5555=VECTOR('',#19048,10.);
#5556=VECTOR('',#19049,10.);
#5557=VECTOR('',#19056,10.);
#5558=VECTOR('',#19057,10.);
#5559=VECTOR('',#19058,10.);
#5560=VECTOR('',#19059,10.);
#5561=VECTOR('',#19062,10.);
#5562=VECTOR('',#19063,10.);
#5563=VECTOR('',#19064,10.);
#5564=VECTOR('',#19067,10.);
#5565=VECTOR('',#19068,10.);
#5566=VECTOR('',#19069,10.);
#5567=VECTOR('',#19072,10.);
#5568=VECTOR('',#19073,10.);
#5569=VECTOR('',#19080,10.);
#5570=VECTOR('',#19081,10.);
#5571=VECTOR('',#19082,10.);
#5572=VECTOR('',#19083,10.);
#5573=VECTOR('',#19086,10.);
#5574=VECTOR('',#19087,10.);
#5575=VECTOR('',#19088,10.);
#5576=VECTOR('',#19091,10.);
#5577=VECTOR('',#19092,10.);
#5578=VECTOR('',#19093,10.);
#5579=VECTOR('',#19096,10.);
#5580=VECTOR('',#19097,10.);
#5581=VECTOR('',#19104,10.);
#5582=VECTOR('',#19105,10.);
#5583=VECTOR('',#19106,10.);
#5584=VECTOR('',#19107,10.);
#5585=VECTOR('',#19110,10.);
#5586=VECTOR('',#19111,10.);
#5587=VECTOR('',#19112,10.);
#5588=VECTOR('',#19115,10.);
#5589=VECTOR('',#19116,10.);
#5590=VECTOR('',#19117,10.);
#5591=VECTOR('',#19120,10.);
#5592=VECTOR('',#19121,10.);
#5593=VECTOR('',#19128,10.);
#5594=VECTOR('',#19129,10.);
#5595=VECTOR('',#19130,10.);
#5596=VECTOR('',#19131,10.);
#5597=VECTOR('',#19134,10.);
#5598=VECTOR('',#19135,10.);
#5599=VECTOR('',#19136,10.);
#5600=VECTOR('',#19139,10.);
#5601=VECTOR('',#19140,10.);
#5602=VECTOR('',#19141,10.);
#5603=VECTOR('',#19144,10.);
#5604=VECTOR('',#19145,10.);
#5605=VECTOR('',#19152,10.);
#5606=VECTOR('',#19153,10.);
#5607=VECTOR('',#19154,10.);
#5608=VECTOR('',#19155,10.);
#5609=VECTOR('',#19158,10.);
#5610=VECTOR('',#19159,10.);
#5611=VECTOR('',#19160,10.);
#5612=VECTOR('',#19163,10.);
#5613=VECTOR('',#19164,10.);
#5614=VECTOR('',#19165,10.);
#5615=VECTOR('',#19168,10.);
#5616=VECTOR('',#19169,10.);
#5617=VECTOR('',#19176,10.);
#5618=VECTOR('',#19177,10.);
#5619=VECTOR('',#19178,10.);
#5620=VECTOR('',#19179,10.);
#5621=VECTOR('',#19182,10.);
#5622=VECTOR('',#19183,10.);
#5623=VECTOR('',#19184,10.);
#5624=VECTOR('',#19187,10.);
#5625=VECTOR('',#19188,10.);
#5626=VECTOR('',#19189,10.);
#5627=VECTOR('',#19192,10.);
#5628=VECTOR('',#19193,10.);
#5629=VECTOR('',#19200,10.);
#5630=VECTOR('',#19201,10.);
#5631=VECTOR('',#19202,10.);
#5632=VECTOR('',#19203,10.);
#5633=VECTOR('',#19206,10.);
#5634=VECTOR('',#19207,10.);
#5635=VECTOR('',#19208,10.);
#5636=VECTOR('',#19211,10.);
#5637=VECTOR('',#19212,10.);
#5638=VECTOR('',#19213,10.);
#5639=VECTOR('',#19216,10.);
#5640=VECTOR('',#19217,10.);
#5641=VECTOR('',#19224,10.);
#5642=VECTOR('',#19225,10.);
#5643=VECTOR('',#19226,10.);
#5644=VECTOR('',#19227,10.);
#5645=VECTOR('',#19230,10.);
#5646=VECTOR('',#19231,10.);
#5647=VECTOR('',#19232,10.);
#5648=VECTOR('',#19235,10.);
#5649=VECTOR('',#19236,10.);
#5650=VECTOR('',#19237,10.);
#5651=VECTOR('',#19240,10.);
#5652=VECTOR('',#19241,10.);
#5653=VECTOR('',#19248,10.);
#5654=VECTOR('',#19249,10.);
#5655=VECTOR('',#19250,10.);
#5656=VECTOR('',#19251,10.);
#5657=VECTOR('',#19254,10.);
#5658=VECTOR('',#19255,10.);
#5659=VECTOR('',#19256,10.);
#5660=VECTOR('',#19259,10.);
#5661=VECTOR('',#19260,10.);
#5662=VECTOR('',#19261,10.);
#5663=VECTOR('',#19264,10.);
#5664=VECTOR('',#19265,10.);
#5665=VECTOR('',#19272,10.);
#5666=VECTOR('',#19273,10.);
#5667=VECTOR('',#19274,10.);
#5668=VECTOR('',#19275,10.);
#5669=VECTOR('',#19278,10.);
#5670=VECTOR('',#19279,10.);
#5671=VECTOR('',#19280,10.);
#5672=VECTOR('',#19283,10.);
#5673=VECTOR('',#19284,10.);
#5674=VECTOR('',#19285,10.);
#5675=VECTOR('',#19288,10.);
#5676=VECTOR('',#19289,10.);
#5677=VECTOR('',#19296,10.);
#5678=VECTOR('',#19297,10.);
#5679=VECTOR('',#19298,10.);
#5680=VECTOR('',#19299,10.);
#5681=VECTOR('',#19302,10.);
#5682=VECTOR('',#19303,10.);
#5683=VECTOR('',#19304,10.);
#5684=VECTOR('',#19307,10.);
#5685=VECTOR('',#19308,10.);
#5686=VECTOR('',#19309,10.);
#5687=VECTOR('',#19312,10.);
#5688=VECTOR('',#19313,10.);
#5689=VECTOR('',#19320,10.);
#5690=VECTOR('',#19321,10.);
#5691=VECTOR('',#19322,10.);
#5692=VECTOR('',#19323,10.);
#5693=VECTOR('',#19326,10.);
#5694=VECTOR('',#19327,10.);
#5695=VECTOR('',#19328,10.);
#5696=VECTOR('',#19331,10.);
#5697=VECTOR('',#19332,10.);
#5698=VECTOR('',#19333,10.);
#5699=VECTOR('',#19336,10.);
#5700=VECTOR('',#19337,10.);
#5701=VECTOR('',#19344,10.);
#5702=VECTOR('',#19345,10.);
#5703=VECTOR('',#19346,10.);
#5704=VECTOR('',#19347,10.);
#5705=VECTOR('',#19350,10.);
#5706=VECTOR('',#19351,10.);
#5707=VECTOR('',#19352,10.);
#5708=VECTOR('',#19355,10.);
#5709=VECTOR('',#19356,10.);
#5710=VECTOR('',#19357,10.);
#5711=VECTOR('',#19360,10.);
#5712=VECTOR('',#19361,10.);
#5713=VECTOR('',#19368,10.);
#5714=VECTOR('',#19369,10.);
#5715=VECTOR('',#19370,10.);
#5716=VECTOR('',#19371,10.);
#5717=VECTOR('',#19374,10.);
#5718=VECTOR('',#19375,10.);
#5719=VECTOR('',#19376,10.);
#5720=VECTOR('',#19379,10.);
#5721=VECTOR('',#19380,10.);
#5722=VECTOR('',#19381,10.);
#5723=VECTOR('',#19384,10.);
#5724=VECTOR('',#19385,10.);
#5725=VECTOR('',#19392,10.);
#5726=VECTOR('',#19393,10.);
#5727=VECTOR('',#19394,10.);
#5728=VECTOR('',#19395,10.);
#5729=VECTOR('',#19398,10.);
#5730=VECTOR('',#19399,10.);
#5731=VECTOR('',#19400,10.);
#5732=VECTOR('',#19403,10.);
#5733=VECTOR('',#19404,10.);
#5734=VECTOR('',#19405,10.);
#5735=VECTOR('',#19408,10.);
#5736=VECTOR('',#19409,10.);
#5737=VECTOR('',#19416,10.);
#5738=VECTOR('',#19417,10.);
#5739=VECTOR('',#19418,10.);
#5740=VECTOR('',#19419,10.);
#5741=VECTOR('',#19422,10.);
#5742=VECTOR('',#19423,10.);
#5743=VECTOR('',#19424,10.);
#5744=VECTOR('',#19427,10.);
#5745=VECTOR('',#19428,10.);
#5746=VECTOR('',#19429,10.);
#5747=VECTOR('',#19432,10.);
#5748=VECTOR('',#19433,10.);
#5749=VECTOR('',#19440,10.);
#5750=VECTOR('',#19441,10.);
#5751=VECTOR('',#19442,10.);
#5752=VECTOR('',#19443,10.);
#5753=VECTOR('',#19446,10.);
#5754=VECTOR('',#19447,10.);
#5755=VECTOR('',#19448,10.);
#5756=VECTOR('',#19451,10.);
#5757=VECTOR('',#19452,10.);
#5758=VECTOR('',#19453,10.);
#5759=VECTOR('',#19456,10.);
#5760=VECTOR('',#19457,10.);
#5761=VECTOR('',#19464,10.);
#5762=VECTOR('',#19465,10.);
#5763=VECTOR('',#19466,10.);
#5764=VECTOR('',#19467,10.);
#5765=VECTOR('',#19470,10.);
#5766=VECTOR('',#19471,10.);
#5767=VECTOR('',#19472,10.);
#5768=VECTOR('',#19475,10.);
#5769=VECTOR('',#19476,10.);
#5770=VECTOR('',#19477,10.);
#5771=VECTOR('',#19480,10.);
#5772=VECTOR('',#19481,10.);
#5773=VECTOR('',#19488,10.);
#5774=VECTOR('',#19489,10.);
#5775=VECTOR('',#19490,10.);
#5776=VECTOR('',#19491,10.);
#5777=VECTOR('',#19494,10.);
#5778=VECTOR('',#19495,10.);
#5779=VECTOR('',#19496,10.);
#5780=VECTOR('',#19499,10.);
#5781=VECTOR('',#19500,10.);
#5782=VECTOR('',#19501,10.);
#5783=VECTOR('',#19504,10.);
#5784=VECTOR('',#19505,10.);
#5785=VECTOR('',#19512,10.);
#5786=VECTOR('',#19513,10.);
#5787=VECTOR('',#19514,10.);
#5788=VECTOR('',#19515,10.);
#5789=VECTOR('',#19518,10.);
#5790=VECTOR('',#19519,10.);
#5791=VECTOR('',#19520,10.);
#5792=VECTOR('',#19523,10.);
#5793=VECTOR('',#19524,10.);
#5794=VECTOR('',#19525,10.);
#5795=VECTOR('',#19528,10.);
#5796=VECTOR('',#19529,10.);
#5797=VECTOR('',#19536,10.);
#5798=VECTOR('',#19537,10.);
#5799=VECTOR('',#19538,10.);
#5800=VECTOR('',#19539,10.);
#5801=VECTOR('',#19542,10.);
#5802=VECTOR('',#19543,10.);
#5803=VECTOR('',#19544,10.);
#5804=VECTOR('',#19547,10.);
#5805=VECTOR('',#19548,10.);
#5806=VECTOR('',#19549,10.);
#5807=VECTOR('',#19552,10.);
#5808=VECTOR('',#19553,10.);
#5809=VECTOR('',#19560,10.);
#5810=VECTOR('',#19561,10.);
#5811=VECTOR('',#19562,10.);
#5812=VECTOR('',#19563,10.);
#5813=VECTOR('',#19566,10.);
#5814=VECTOR('',#19567,10.);
#5815=VECTOR('',#19568,10.);
#5816=VECTOR('',#19571,10.);
#5817=VECTOR('',#19572,10.);
#5818=VECTOR('',#19573,10.);
#5819=VECTOR('',#19576,10.);
#5820=VECTOR('',#19577,10.);
#5821=VECTOR('',#19584,10.);
#5822=VECTOR('',#19585,10.);
#5823=VECTOR('',#19586,10.);
#5824=VECTOR('',#19587,10.);
#5825=VECTOR('',#19590,10.);
#5826=VECTOR('',#19591,10.);
#5827=VECTOR('',#19592,10.);
#5828=VECTOR('',#19595,10.);
#5829=VECTOR('',#19596,10.);
#5830=VECTOR('',#19597,10.);
#5831=VECTOR('',#19600,10.);
#5832=VECTOR('',#19601,10.);
#5833=VECTOR('',#19608,10.);
#5834=VECTOR('',#19609,10.);
#5835=VECTOR('',#19610,10.);
#5836=VECTOR('',#19611,10.);
#5837=VECTOR('',#19614,10.);
#5838=VECTOR('',#19615,10.);
#5839=VECTOR('',#19616,10.);
#5840=VECTOR('',#19619,10.);
#5841=VECTOR('',#19620,10.);
#5842=VECTOR('',#19621,10.);
#5843=VECTOR('',#19624,10.);
#5844=VECTOR('',#19625,10.);
#5845=VECTOR('',#19632,10.);
#5846=VECTOR('',#19633,10.);
#5847=VECTOR('',#19634,10.);
#5848=VECTOR('',#19635,10.);
#5849=VECTOR('',#19638,10.);
#5850=VECTOR('',#19639,10.);
#5851=VECTOR('',#19640,10.);
#5852=VECTOR('',#19643,10.);
#5853=VECTOR('',#19644,10.);
#5854=VECTOR('',#19645,10.);
#5855=VECTOR('',#19648,10.);
#5856=VECTOR('',#19649,10.);
#5857=VECTOR('',#19656,10.);
#5858=VECTOR('',#19657,10.);
#5859=VECTOR('',#19658,10.);
#5860=VECTOR('',#19659,10.);
#5861=VECTOR('',#19662,10.);
#5862=VECTOR('',#19663,10.);
#5863=VECTOR('',#19664,10.);
#5864=VECTOR('',#19667,10.);
#5865=VECTOR('',#19668,10.);
#5866=VECTOR('',#19669,10.);
#5867=VECTOR('',#19672,10.);
#5868=VECTOR('',#19673,10.);
#5869=VECTOR('',#19680,10.);
#5870=VECTOR('',#19681,10.);
#5871=VECTOR('',#19682,10.);
#5872=VECTOR('',#19683,10.);
#5873=VECTOR('',#19686,10.);
#5874=VECTOR('',#19687,10.);
#5875=VECTOR('',#19688,10.);
#5876=VECTOR('',#19691,10.);
#5877=VECTOR('',#19692,10.);
#5878=VECTOR('',#19693,10.);
#5879=VECTOR('',#19696,10.);
#5880=VECTOR('',#19697,10.);
#5881=VECTOR('',#19704,10.);
#5882=VECTOR('',#19705,10.);
#5883=VECTOR('',#19706,10.);
#5884=VECTOR('',#19707,10.);
#5885=VECTOR('',#19710,10.);
#5886=VECTOR('',#19711,10.);
#5887=VECTOR('',#19712,10.);
#5888=VECTOR('',#19715,10.);
#5889=VECTOR('',#19716,10.);
#5890=VECTOR('',#19717,10.);
#5891=VECTOR('',#19720,10.);
#5892=VECTOR('',#19721,10.);
#5893=VECTOR('',#19728,10.);
#5894=VECTOR('',#19729,10.);
#5895=VECTOR('',#19730,10.);
#5896=VECTOR('',#19731,10.);
#5897=VECTOR('',#19734,10.);
#5898=VECTOR('',#19735,10.);
#5899=VECTOR('',#19736,10.);
#5900=VECTOR('',#19739,10.);
#5901=VECTOR('',#19740,10.);
#5902=VECTOR('',#19741,10.);
#5903=VECTOR('',#19744,10.);
#5904=VECTOR('',#19745,10.);
#5905=VECTOR('',#19752,10.);
#5906=VECTOR('',#19753,10.);
#5907=VECTOR('',#19754,10.);
#5908=VECTOR('',#19755,10.);
#5909=VECTOR('',#19758,10.);
#5910=VECTOR('',#19759,10.);
#5911=VECTOR('',#19760,10.);
#5912=VECTOR('',#19763,10.);
#5913=VECTOR('',#19764,10.);
#5914=VECTOR('',#19765,10.);
#5915=VECTOR('',#19768,10.);
#5916=VECTOR('',#19769,10.);
#5917=VECTOR('',#19776,10.);
#5918=VECTOR('',#19777,10.);
#5919=VECTOR('',#19778,10.);
#5920=VECTOR('',#19779,10.);
#5921=VECTOR('',#19782,10.);
#5922=VECTOR('',#19783,10.);
#5923=VECTOR('',#19784,10.);
#5924=VECTOR('',#19787,10.);
#5925=VECTOR('',#19788,10.);
#5926=VECTOR('',#19789,10.);
#5927=VECTOR('',#19792,10.);
#5928=VECTOR('',#19793,10.);
#5929=VECTOR('',#19800,10.);
#5930=VECTOR('',#19801,10.);
#5931=VECTOR('',#19802,10.);
#5932=VECTOR('',#19803,10.);
#5933=VECTOR('',#19806,10.);
#5934=VECTOR('',#19807,10.);
#5935=VECTOR('',#19808,10.);
#5936=VECTOR('',#19811,10.);
#5937=VECTOR('',#19812,10.);
#5938=VECTOR('',#19813,10.);
#5939=VECTOR('',#19816,10.);
#5940=VECTOR('',#19817,10.);
#5941=VECTOR('',#19824,10.);
#5942=VECTOR('',#19825,10.);
#5943=VECTOR('',#19826,10.);
#5944=VECTOR('',#19827,10.);
#5945=VECTOR('',#19830,10.);
#5946=VECTOR('',#19831,10.);
#5947=VECTOR('',#19832,10.);
#5948=VECTOR('',#19835,10.);
#5949=VECTOR('',#19836,10.);
#5950=VECTOR('',#19837,10.);
#5951=VECTOR('',#19840,10.);
#5952=VECTOR('',#19841,10.);
#5953=VECTOR('',#19848,10.);
#5954=VECTOR('',#19849,10.);
#5955=VECTOR('',#19850,10.);
#5956=VECTOR('',#19851,10.);
#5957=VECTOR('',#19854,10.);
#5958=VECTOR('',#19855,10.);
#5959=VECTOR('',#19856,10.);
#5960=VECTOR('',#19859,10.);
#5961=VECTOR('',#19860,10.);
#5962=VECTOR('',#19861,10.);
#5963=VECTOR('',#19864,10.);
#5964=VECTOR('',#19865,10.);
#5965=VECTOR('',#19872,10.);
#5966=VECTOR('',#19873,10.);
#5967=VECTOR('',#19874,10.);
#5968=VECTOR('',#19875,10.);
#5969=VECTOR('',#19878,10.);
#5970=VECTOR('',#19879,10.);
#5971=VECTOR('',#19880,10.);
#5972=VECTOR('',#19883,10.);
#5973=VECTOR('',#19884,10.);
#5974=VECTOR('',#19885,10.);
#5975=VECTOR('',#19888,10.);
#5976=VECTOR('',#19889,10.);
#5977=VECTOR('',#19896,10.);
#5978=VECTOR('',#19897,10.);
#5979=VECTOR('',#19898,10.);
#5980=VECTOR('',#19899,10.);
#5981=VECTOR('',#19902,10.);
#5982=VECTOR('',#19903,10.);
#5983=VECTOR('',#19904,10.);
#5984=VECTOR('',#19907,10.);
#5985=VECTOR('',#19908,10.);
#5986=VECTOR('',#19909,10.);
#5987=VECTOR('',#19912,10.);
#5988=VECTOR('',#19913,10.);
#5989=VECTOR('',#19920,10.);
#5990=VECTOR('',#19921,10.);
#5991=VECTOR('',#19922,10.);
#5992=VECTOR('',#19923,10.);
#5993=VECTOR('',#19926,10.);
#5994=VECTOR('',#19927,10.);
#5995=VECTOR('',#19928,10.);
#5996=VECTOR('',#19931,10.);
#5997=VECTOR('',#19932,10.);
#5998=VECTOR('',#19933,10.);
#5999=VECTOR('',#19936,10.);
#6000=VECTOR('',#19937,10.);
#6001=VECTOR('',#19944,10.);
#6002=VECTOR('',#19945,10.);
#6003=VECTOR('',#19946,10.);
#6004=VECTOR('',#19947,10.);
#6005=VECTOR('',#19950,10.);
#6006=VECTOR('',#19951,10.);
#6007=VECTOR('',#19952,10.);
#6008=VECTOR('',#19955,10.);
#6009=VECTOR('',#19956,10.);
#6010=VECTOR('',#19957,10.);
#6011=VECTOR('',#19960,10.);
#6012=VECTOR('',#19961,10.);
#6013=VECTOR('',#19968,10.);
#6014=VECTOR('',#19969,10.);
#6015=VECTOR('',#19970,10.);
#6016=VECTOR('',#19971,10.);
#6017=VECTOR('',#19974,10.);
#6018=VECTOR('',#19975,10.);
#6019=VECTOR('',#19976,10.);
#6020=VECTOR('',#19979,10.);
#6021=VECTOR('',#19980,10.);
#6022=VECTOR('',#19981,10.);
#6023=VECTOR('',#19984,10.);
#6024=VECTOR('',#19985,10.);
#6025=VECTOR('',#19992,10.);
#6026=VECTOR('',#19993,10.);
#6027=VECTOR('',#19994,10.);
#6028=VECTOR('',#19995,10.);
#6029=VECTOR('',#19998,10.);
#6030=VECTOR('',#19999,10.);
#6031=VECTOR('',#20000,10.);
#6032=VECTOR('',#20003,10.);
#6033=VECTOR('',#20004,10.);
#6034=VECTOR('',#20005,10.);
#6035=VECTOR('',#20008,10.);
#6036=VECTOR('',#20009,10.);
#6037=VECTOR('',#20016,10.);
#6038=VECTOR('',#20017,10.);
#6039=VECTOR('',#20018,10.);
#6040=VECTOR('',#20019,10.);
#6041=VECTOR('',#20022,10.);
#6042=VECTOR('',#20023,10.);
#6043=VECTOR('',#20024,10.);
#6044=VECTOR('',#20027,10.);
#6045=VECTOR('',#20028,10.);
#6046=VECTOR('',#20029,10.);
#6047=VECTOR('',#20032,10.);
#6048=VECTOR('',#20033,10.);
#6049=VECTOR('',#20040,10.);
#6050=VECTOR('',#20041,10.);
#6051=VECTOR('',#20042,10.);
#6052=VECTOR('',#20043,10.);
#6053=VECTOR('',#20046,10.);
#6054=VECTOR('',#20047,10.);
#6055=VECTOR('',#20048,10.);
#6056=VECTOR('',#20051,10.);
#6057=VECTOR('',#20052,10.);
#6058=VECTOR('',#20053,10.);
#6059=VECTOR('',#20056,10.);
#6060=VECTOR('',#20057,10.);
#6061=VECTOR('',#20064,10.);
#6062=VECTOR('',#20065,10.);
#6063=VECTOR('',#20066,10.);
#6064=VECTOR('',#20067,10.);
#6065=VECTOR('',#20070,10.);
#6066=VECTOR('',#20071,10.);
#6067=VECTOR('',#20072,10.);
#6068=VECTOR('',#20075,10.);
#6069=VECTOR('',#20076,10.);
#6070=VECTOR('',#20077,10.);
#6071=VECTOR('',#20080,10.);
#6072=VECTOR('',#20081,10.);
#6073=VECTOR('',#20088,10.);
#6074=VECTOR('',#20089,10.);
#6075=VECTOR('',#20090,10.);
#6076=VECTOR('',#20091,10.);
#6077=VECTOR('',#20094,10.);
#6078=VECTOR('',#20095,10.);
#6079=VECTOR('',#20096,10.);
#6080=VECTOR('',#20099,10.);
#6081=VECTOR('',#20100,10.);
#6082=VECTOR('',#20101,10.);
#6083=VECTOR('',#20104,10.);
#6084=VECTOR('',#20105,10.);
#6085=VECTOR('',#20112,10.);
#6086=VECTOR('',#20113,10.);
#6087=VECTOR('',#20114,10.);
#6088=VECTOR('',#20115,10.);
#6089=VECTOR('',#20118,10.);
#6090=VECTOR('',#20119,10.);
#6091=VECTOR('',#20120,10.);
#6092=VECTOR('',#20123,10.);
#6093=VECTOR('',#20124,10.);
#6094=VECTOR('',#20125,10.);
#6095=VECTOR('',#20128,10.);
#6096=VECTOR('',#20129,10.);
#6097=VECTOR('',#20136,10.);
#6098=VECTOR('',#20137,10.);
#6099=VECTOR('',#20138,10.);
#6100=VECTOR('',#20139,10.);
#6101=VECTOR('',#20142,10.);
#6102=VECTOR('',#20143,10.);
#6103=VECTOR('',#20144,10.);
#6104=VECTOR('',#20147,10.);
#6105=VECTOR('',#20148,10.);
#6106=VECTOR('',#20149,10.);
#6107=VECTOR('',#20152,10.);
#6108=VECTOR('',#20153,10.);
#6109=VECTOR('',#20160,10.);
#6110=VECTOR('',#20161,10.);
#6111=VECTOR('',#20162,10.);
#6112=VECTOR('',#20163,10.);
#6113=VECTOR('',#20166,10.);
#6114=VECTOR('',#20167,10.);
#6115=VECTOR('',#20168,10.);
#6116=VECTOR('',#20171,10.);
#6117=VECTOR('',#20172,10.);
#6118=VECTOR('',#20173,10.);
#6119=VECTOR('',#20176,10.);
#6120=VECTOR('',#20177,10.);
#6121=VECTOR('',#20184,10.);
#6122=VECTOR('',#20185,10.);
#6123=VECTOR('',#20186,10.);
#6124=VECTOR('',#20187,10.);
#6125=VECTOR('',#20190,10.);
#6126=VECTOR('',#20191,10.);
#6127=VECTOR('',#20192,10.);
#6128=VECTOR('',#20195,10.);
#6129=VECTOR('',#20196,10.);
#6130=VECTOR('',#20197,10.);
#6131=VECTOR('',#20200,10.);
#6132=VECTOR('',#20201,10.);
#6133=VECTOR('',#20208,10.);
#6134=VECTOR('',#20209,10.);
#6135=VECTOR('',#20210,10.);
#6136=VECTOR('',#20211,10.);
#6137=VECTOR('',#20214,10.);
#6138=VECTOR('',#20215,10.);
#6139=VECTOR('',#20216,10.);
#6140=VECTOR('',#20219,10.);
#6141=VECTOR('',#20220,10.);
#6142=VECTOR('',#20221,10.);
#6143=VECTOR('',#20224,10.);
#6144=VECTOR('',#20225,10.);
#6145=VECTOR('',#20232,10.);
#6146=VECTOR('',#20233,10.);
#6147=VECTOR('',#20234,10.);
#6148=VECTOR('',#20235,10.);
#6149=VECTOR('',#20238,10.);
#6150=VECTOR('',#20239,10.);
#6151=VECTOR('',#20240,10.);
#6152=VECTOR('',#20243,10.);
#6153=VECTOR('',#20244,10.);
#6154=VECTOR('',#20245,10.);
#6155=VECTOR('',#20248,10.);
#6156=VECTOR('',#20249,10.);
#6157=VECTOR('',#20256,10.);
#6158=VECTOR('',#20257,10.);
#6159=VECTOR('',#20258,10.);
#6160=VECTOR('',#20259,10.);
#6161=VECTOR('',#20262,10.);
#6162=VECTOR('',#20263,10.);
#6163=VECTOR('',#20264,10.);
#6164=VECTOR('',#20267,10.);
#6165=VECTOR('',#20268,10.);
#6166=VECTOR('',#20269,10.);
#6167=VECTOR('',#20272,10.);
#6168=VECTOR('',#20273,10.);
#6169=VERTEX_POINT('',#20280);
#6170=VERTEX_POINT('',#20281);
#6171=VERTEX_POINT('',#20283);
#6172=VERTEX_POINT('',#20285);
#6173=VERTEX_POINT('',#20289);
#6174=VERTEX_POINT('',#20291);
#6175=VERTEX_POINT('',#20295);
#6176=VERTEX_POINT('',#20297);
#6177=VERTEX_POINT('',#20306);
#6178=VERTEX_POINT('',#20307);
#6179=VERTEX_POINT('',#20309);
#6180=VERTEX_POINT('',#20311);
#6181=VERTEX_POINT('',#20315);
#6182=VERTEX_POINT('',#20317);
#6183=VERTEX_POINT('',#20321);
#6184=VERTEX_POINT('',#20323);
#6185=VERTEX_POINT('',#20332);
#6186=VERTEX_POINT('',#20333);
#6187=VERTEX_POINT('',#20335);
#6188=VERTEX_POINT('',#20337);
#6189=VERTEX_POINT('',#20341);
#6190=VERTEX_POINT('',#20343);
#6191=VERTEX_POINT('',#20347);
#6192=VERTEX_POINT('',#20349);
#6193=VERTEX_POINT('',#20358);
#6194=VERTEX_POINT('',#20359);
#6195=VERTEX_POINT('',#20361);
#6196=VERTEX_POINT('',#20363);
#6197=VERTEX_POINT('',#20367);
#6198=VERTEX_POINT('',#20369);
#6199=VERTEX_POINT('',#20373);
#6200=VERTEX_POINT('',#20375);
#6201=VERTEX_POINT('',#20384);
#6202=VERTEX_POINT('',#20385);
#6203=VERTEX_POINT('',#20387);
#6204=VERTEX_POINT('',#20389);
#6205=VERTEX_POINT('',#20393);
#6206=VERTEX_POINT('',#20395);
#6207=VERTEX_POINT('',#20399);
#6208=VERTEX_POINT('',#20401);
#6209=VERTEX_POINT('',#20410);
#6210=VERTEX_POINT('',#20411);
#6211=VERTEX_POINT('',#20413);
#6212=VERTEX_POINT('',#20415);
#6213=VERTEX_POINT('',#20419);
#6214=VERTEX_POINT('',#20421);
#6215=VERTEX_POINT('',#20425);
#6216=VERTEX_POINT('',#20427);
#6217=VERTEX_POINT('',#20436);
#6218=VERTEX_POINT('',#20437);
#6219=VERTEX_POINT('',#20439);
#6220=VERTEX_POINT('',#20441);
#6221=VERTEX_POINT('',#20445);
#6222=VERTEX_POINT('',#20447);
#6223=VERTEX_POINT('',#20451);
#6224=VERTEX_POINT('',#20453);
#6225=VERTEX_POINT('',#20462);
#6226=VERTEX_POINT('',#20463);
#6227=VERTEX_POINT('',#20465);
#6228=VERTEX_POINT('',#20467);
#6229=VERTEX_POINT('',#20471);
#6230=VERTEX_POINT('',#20473);
#6231=VERTEX_POINT('',#20477);
#6232=VERTEX_POINT('',#20479);
#6233=VERTEX_POINT('',#20488);
#6234=VERTEX_POINT('',#20489);
#6235=VERTEX_POINT('',#20491);
#6236=VERTEX_POINT('',#20493);
#6237=VERTEX_POINT('',#20497);
#6238=VERTEX_POINT('',#20499);
#6239=VERTEX_POINT('',#20503);
#6240=VERTEX_POINT('',#20505);
#6241=VERTEX_POINT('',#20514);
#6242=VERTEX_POINT('',#20515);
#6243=VERTEX_POINT('',#20517);
#6244=VERTEX_POINT('',#20519);
#6245=VERTEX_POINT('',#20523);
#6246=VERTEX_POINT('',#20525);
#6247=VERTEX_POINT('',#20529);
#6248=VERTEX_POINT('',#20531);
#6249=VERTEX_POINT('',#20540);
#6250=VERTEX_POINT('',#20541);
#6251=VERTEX_POINT('',#20543);
#6252=VERTEX_POINT('',#20545);
#6253=VERTEX_POINT('',#20549);
#6254=VERTEX_POINT('',#20551);
#6255=VERTEX_POINT('',#20555);
#6256=VERTEX_POINT('',#20557);
#6257=VERTEX_POINT('',#20566);
#6258=VERTEX_POINT('',#20567);
#6259=VERTEX_POINT('',#20569);
#6260=VERTEX_POINT('',#20571);
#6261=VERTEX_POINT('',#20575);
#6262=VERTEX_POINT('',#20577);
#6263=VERTEX_POINT('',#20581);
#6264=VERTEX_POINT('',#20583);
#6265=VERTEX_POINT('',#20592);
#6266=VERTEX_POINT('',#20593);
#6267=VERTEX_POINT('',#20595);
#6268=VERTEX_POINT('',#20597);
#6269=VERTEX_POINT('',#20601);
#6270=VERTEX_POINT('',#20603);
#6271=VERTEX_POINT('',#20607);
#6272=VERTEX_POINT('',#20609);
#6273=VERTEX_POINT('',#20618);
#6274=VERTEX_POINT('',#20619);
#6275=VERTEX_POINT('',#20621);
#6276=VERTEX_POINT('',#20623);
#6277=VERTEX_POINT('',#20627);
#6278=VERTEX_POINT('',#20629);
#6279=VERTEX_POINT('',#20633);
#6280=VERTEX_POINT('',#20635);
#6281=VERTEX_POINT('',#20644);
#6282=VERTEX_POINT('',#20645);
#6283=VERTEX_POINT('',#20647);
#6284=VERTEX_POINT('',#20649);
#6285=VERTEX_POINT('',#20653);
#6286=VERTEX_POINT('',#20655);
#6287=VERTEX_POINT('',#20659);
#6288=VERTEX_POINT('',#20661);
#6289=VERTEX_POINT('',#20670);
#6290=VERTEX_POINT('',#20671);
#6291=VERTEX_POINT('',#20673);
#6292=VERTEX_POINT('',#20675);
#6293=VERTEX_POINT('',#20679);
#6294=VERTEX_POINT('',#20681);
#6295=VERTEX_POINT('',#20685);
#6296=VERTEX_POINT('',#20687);
#6297=VERTEX_POINT('',#20696);
#6298=VERTEX_POINT('',#20697);
#6299=VERTEX_POINT('',#20699);
#6300=VERTEX_POINT('',#20701);
#6301=VERTEX_POINT('',#20705);
#6302=VERTEX_POINT('',#20707);
#6303=VERTEX_POINT('',#20711);
#6304=VERTEX_POINT('',#20713);
#6305=VERTEX_POINT('',#20722);
#6306=VERTEX_POINT('',#20723);
#6307=VERTEX_POINT('',#20725);
#6308=VERTEX_POINT('',#20727);
#6309=VERTEX_POINT('',#20731);
#6310=VERTEX_POINT('',#20733);
#6311=VERTEX_POINT('',#20737);
#6312=VERTEX_POINT('',#20739);
#6313=VERTEX_POINT('',#20748);
#6314=VERTEX_POINT('',#20749);
#6315=VERTEX_POINT('',#20751);
#6316=VERTEX_POINT('',#20753);
#6317=VERTEX_POINT('',#20757);
#6318=VERTEX_POINT('',#20759);
#6319=VERTEX_POINT('',#20763);
#6320=VERTEX_POINT('',#20765);
#6321=VERTEX_POINT('',#20774);
#6322=VERTEX_POINT('',#20775);
#6323=VERTEX_POINT('',#20777);
#6324=VERTEX_POINT('',#20779);
#6325=VERTEX_POINT('',#20783);
#6326=VERTEX_POINT('',#20785);
#6327=VERTEX_POINT('',#20789);
#6328=VERTEX_POINT('',#20791);
#6329=VERTEX_POINT('',#20800);
#6330=VERTEX_POINT('',#20801);
#6331=VERTEX_POINT('',#20803);
#6332=VERTEX_POINT('',#20805);
#6333=VERTEX_POINT('',#20809);
#6334=VERTEX_POINT('',#20811);
#6335=VERTEX_POINT('',#20815);
#6336=VERTEX_POINT('',#20817);
#6337=VERTEX_POINT('',#20826);
#6338=VERTEX_POINT('',#20827);
#6339=VERTEX_POINT('',#20829);
#6340=VERTEX_POINT('',#20831);
#6341=VERTEX_POINT('',#20835);
#6342=VERTEX_POINT('',#20837);
#6343=VERTEX_POINT('',#20841);
#6344=VERTEX_POINT('',#20843);
#6345=VERTEX_POINT('',#20852);
#6346=VERTEX_POINT('',#20853);
#6347=VERTEX_POINT('',#20855);
#6348=VERTEX_POINT('',#20857);
#6349=VERTEX_POINT('',#20861);
#6350=VERTEX_POINT('',#20863);
#6351=VERTEX_POINT('',#20867);
#6352=VERTEX_POINT('',#20869);
#6353=VERTEX_POINT('',#20878);
#6354=VERTEX_POINT('',#20879);
#6355=VERTEX_POINT('',#20881);
#6356=VERTEX_POINT('',#20883);
#6357=VERTEX_POINT('',#20887);
#6358=VERTEX_POINT('',#20889);
#6359=VERTEX_POINT('',#20893);
#6360=VERTEX_POINT('',#20895);
#6361=VERTEX_POINT('',#20904);
#6362=VERTEX_POINT('',#20905);
#6363=VERTEX_POINT('',#20907);
#6364=VERTEX_POINT('',#20909);
#6365=VERTEX_POINT('',#20913);
#6366=VERTEX_POINT('',#20915);
#6367=VERTEX_POINT('',#20919);
#6368=VERTEX_POINT('',#20921);
#6369=VERTEX_POINT('',#20930);
#6370=VERTEX_POINT('',#20931);
#6371=VERTEX_POINT('',#20933);
#6372=VERTEX_POINT('',#20935);
#6373=VERTEX_POINT('',#20939);
#6374=VERTEX_POINT('',#20941);
#6375=VERTEX_POINT('',#20945);
#6376=VERTEX_POINT('',#20947);
#6377=VERTEX_POINT('',#20956);
#6378=VERTEX_POINT('',#20957);
#6379=VERTEX_POINT('',#20959);
#6380=VERTEX_POINT('',#20961);
#6381=VERTEX_POINT('',#20965);
#6382=VERTEX_POINT('',#20967);
#6383=VERTEX_POINT('',#20971);
#6384=VERTEX_POINT('',#20973);
#6385=VERTEX_POINT('',#20982);
#6386=VERTEX_POINT('',#20983);
#6387=VERTEX_POINT('',#20985);
#6388=VERTEX_POINT('',#20987);
#6389=VERTEX_POINT('',#20991);
#6390=VERTEX_POINT('',#20993);
#6391=VERTEX_POINT('',#20997);
#6392=VERTEX_POINT('',#20999);
#6393=VERTEX_POINT('',#21008);
#6394=VERTEX_POINT('',#21009);
#6395=VERTEX_POINT('',#21011);
#6396=VERTEX_POINT('',#21013);
#6397=VERTEX_POINT('',#21017);
#6398=VERTEX_POINT('',#21019);
#6399=VERTEX_POINT('',#21023);
#6400=VERTEX_POINT('',#21025);
#6401=VERTEX_POINT('',#21034);
#6402=VERTEX_POINT('',#21035);
#6403=VERTEX_POINT('',#21037);
#6404=VERTEX_POINT('',#21039);
#6405=VERTEX_POINT('',#21043);
#6406=VERTEX_POINT('',#21045);
#6407=VERTEX_POINT('',#21049);
#6408=VERTEX_POINT('',#21051);
#6409=VERTEX_POINT('',#21060);
#6410=VERTEX_POINT('',#21061);
#6411=VERTEX_POINT('',#21063);
#6412=VERTEX_POINT('',#21065);
#6413=VERTEX_POINT('',#21069);
#6414=VERTEX_POINT('',#21071);
#6415=VERTEX_POINT('',#21075);
#6416=VERTEX_POINT('',#21077);
#6417=VERTEX_POINT('',#21086);
#6418=VERTEX_POINT('',#21087);
#6419=VERTEX_POINT('',#21089);
#6420=VERTEX_POINT('',#21091);
#6421=VERTEX_POINT('',#21095);
#6422=VERTEX_POINT('',#21097);
#6423=VERTEX_POINT('',#21101);
#6424=VERTEX_POINT('',#21103);
#6425=VERTEX_POINT('',#21112);
#6426=VERTEX_POINT('',#21113);
#6427=VERTEX_POINT('',#21115);
#6428=VERTEX_POINT('',#21117);
#6429=VERTEX_POINT('',#21121);
#6430=VERTEX_POINT('',#21123);
#6431=VERTEX_POINT('',#21127);
#6432=VERTEX_POINT('',#21129);
#6433=VERTEX_POINT('',#21138);
#6434=VERTEX_POINT('',#21139);
#6435=VERTEX_POINT('',#21141);
#6436=VERTEX_POINT('',#21143);
#6437=VERTEX_POINT('',#21147);
#6438=VERTEX_POINT('',#21149);
#6439=VERTEX_POINT('',#21153);
#6440=VERTEX_POINT('',#21155);
#6441=VERTEX_POINT('',#21164);
#6442=VERTEX_POINT('',#21165);
#6443=VERTEX_POINT('',#21167);
#6444=VERTEX_POINT('',#21169);
#6445=VERTEX_POINT('',#21173);
#6446=VERTEX_POINT('',#21175);
#6447=VERTEX_POINT('',#21179);
#6448=VERTEX_POINT('',#21181);
#6449=VERTEX_POINT('',#21190);
#6450=VERTEX_POINT('',#21191);
#6451=VERTEX_POINT('',#21193);
#6452=VERTEX_POINT('',#21195);
#6453=VERTEX_POINT('',#21199);
#6454=VERTEX_POINT('',#21201);
#6455=VERTEX_POINT('',#21205);
#6456=VERTEX_POINT('',#21207);
#6457=VERTEX_POINT('',#21216);
#6458=VERTEX_POINT('',#21217);
#6459=VERTEX_POINT('',#21219);
#6460=VERTEX_POINT('',#21221);
#6461=VERTEX_POINT('',#21225);
#6462=VERTEX_POINT('',#21227);
#6463=VERTEX_POINT('',#21231);
#6464=VERTEX_POINT('',#21233);
#6465=VERTEX_POINT('',#21242);
#6466=VERTEX_POINT('',#21243);
#6467=VERTEX_POINT('',#21245);
#6468=VERTEX_POINT('',#21247);
#6469=VERTEX_POINT('',#21251);
#6470=VERTEX_POINT('',#21253);
#6471=VERTEX_POINT('',#21257);
#6472=VERTEX_POINT('',#21259);
#6473=VERTEX_POINT('',#21268);
#6474=VERTEX_POINT('',#21269);
#6475=VERTEX_POINT('',#21271);
#6476=VERTEX_POINT('',#21273);
#6477=VERTEX_POINT('',#21277);
#6478=VERTEX_POINT('',#21279);
#6479=VERTEX_POINT('',#21283);
#6480=VERTEX_POINT('',#21285);
#6481=VERTEX_POINT('',#21294);
#6482=VERTEX_POINT('',#21295);
#6483=VERTEX_POINT('',#21297);
#6484=VERTEX_POINT('',#21299);
#6485=VERTEX_POINT('',#21303);
#6486=VERTEX_POINT('',#21305);
#6487=VERTEX_POINT('',#21309);
#6488=VERTEX_POINT('',#21311);
#6489=VERTEX_POINT('',#21320);
#6490=VERTEX_POINT('',#21321);
#6491=VERTEX_POINT('',#21323);
#6492=VERTEX_POINT('',#21325);
#6493=VERTEX_POINT('',#21329);
#6494=VERTEX_POINT('',#21331);
#6495=VERTEX_POINT('',#21335);
#6496=VERTEX_POINT('',#21337);
#6497=VERTEX_POINT('',#21346);
#6498=VERTEX_POINT('',#21347);
#6499=VERTEX_POINT('',#21349);
#6500=VERTEX_POINT('',#21351);
#6501=VERTEX_POINT('',#21355);
#6502=VERTEX_POINT('',#21357);
#6503=VERTEX_POINT('',#21361);
#6504=VERTEX_POINT('',#21363);
#6505=VERTEX_POINT('',#21372);
#6506=VERTEX_POINT('',#21373);
#6507=VERTEX_POINT('',#21375);
#6508=VERTEX_POINT('',#21377);
#6509=VERTEX_POINT('',#21381);
#6510=VERTEX_POINT('',#21383);
#6511=VERTEX_POINT('',#21387);
#6512=VERTEX_POINT('',#21389);
#6513=VERTEX_POINT('',#21398);
#6514=VERTEX_POINT('',#21399);
#6515=VERTEX_POINT('',#21401);
#6516=VERTEX_POINT('',#21403);
#6517=VERTEX_POINT('',#21407);
#6518=VERTEX_POINT('',#21409);
#6519=VERTEX_POINT('',#21413);
#6520=VERTEX_POINT('',#21415);
#6521=VERTEX_POINT('',#21424);
#6522=VERTEX_POINT('',#21425);
#6523=VERTEX_POINT('',#21427);
#6524=VERTEX_POINT('',#21429);
#6525=VERTEX_POINT('',#21433);
#6526=VERTEX_POINT('',#21435);
#6527=VERTEX_POINT('',#21439);
#6528=VERTEX_POINT('',#21441);
#6529=VERTEX_POINT('',#21450);
#6530=VERTEX_POINT('',#21451);
#6531=VERTEX_POINT('',#21453);
#6532=VERTEX_POINT('',#21455);
#6533=VERTEX_POINT('',#21459);
#6534=VERTEX_POINT('',#21461);
#6535=VERTEX_POINT('',#21465);
#6536=VERTEX_POINT('',#21467);
#6537=VERTEX_POINT('',#21476);
#6538=VERTEX_POINT('',#21477);
#6539=VERTEX_POINT('',#21479);
#6540=VERTEX_POINT('',#21481);
#6541=VERTEX_POINT('',#21485);
#6542=VERTEX_POINT('',#21487);
#6543=VERTEX_POINT('',#21491);
#6544=VERTEX_POINT('',#21493);
#6545=VERTEX_POINT('',#21502);
#6546=VERTEX_POINT('',#21503);
#6547=VERTEX_POINT('',#21505);
#6548=VERTEX_POINT('',#21507);
#6549=VERTEX_POINT('',#21511);
#6550=VERTEX_POINT('',#21513);
#6551=VERTEX_POINT('',#21517);
#6552=VERTEX_POINT('',#21519);
#6553=VERTEX_POINT('',#21528);
#6554=VERTEX_POINT('',#21529);
#6555=VERTEX_POINT('',#21531);
#6556=VERTEX_POINT('',#21533);
#6557=VERTEX_POINT('',#21537);
#6558=VERTEX_POINT('',#21539);
#6559=VERTEX_POINT('',#21543);
#6560=VERTEX_POINT('',#21545);
#6561=VERTEX_POINT('',#21554);
#6562=VERTEX_POINT('',#21555);
#6563=VERTEX_POINT('',#21557);
#6564=VERTEX_POINT('',#21559);
#6565=VERTEX_POINT('',#21563);
#6566=VERTEX_POINT('',#21565);
#6567=VERTEX_POINT('',#21569);
#6568=VERTEX_POINT('',#21571);
#6569=VERTEX_POINT('',#21580);
#6570=VERTEX_POINT('',#21581);
#6571=VERTEX_POINT('',#21583);
#6572=VERTEX_POINT('',#21585);
#6573=VERTEX_POINT('',#21589);
#6574=VERTEX_POINT('',#21591);
#6575=VERTEX_POINT('',#21595);
#6576=VERTEX_POINT('',#21597);
#6577=VERTEX_POINT('',#21606);
#6578=VERTEX_POINT('',#21607);
#6579=VERTEX_POINT('',#21609);
#6580=VERTEX_POINT('',#21611);
#6581=VERTEX_POINT('',#21615);
#6582=VERTEX_POINT('',#21617);
#6583=VERTEX_POINT('',#21621);
#6584=VERTEX_POINT('',#21623);
#6585=VERTEX_POINT('',#21632);
#6586=VERTEX_POINT('',#21633);
#6587=VERTEX_POINT('',#21635);
#6588=VERTEX_POINT('',#21637);
#6589=VERTEX_POINT('',#21641);
#6590=VERTEX_POINT('',#21643);
#6591=VERTEX_POINT('',#21647);
#6592=VERTEX_POINT('',#21649);
#6593=VERTEX_POINT('',#21658);
#6594=VERTEX_POINT('',#21659);
#6595=VERTEX_POINT('',#21661);
#6596=VERTEX_POINT('',#21663);
#6597=VERTEX_POINT('',#21667);
#6598=VERTEX_POINT('',#21669);
#6599=VERTEX_POINT('',#21673);
#6600=VERTEX_POINT('',#21675);
#6601=VERTEX_POINT('',#21684);
#6602=VERTEX_POINT('',#21685);
#6603=VERTEX_POINT('',#21687);
#6604=VERTEX_POINT('',#21689);
#6605=VERTEX_POINT('',#21693);
#6606=VERTEX_POINT('',#21695);
#6607=VERTEX_POINT('',#21699);
#6608=VERTEX_POINT('',#21701);
#6609=VERTEX_POINT('',#21710);
#6610=VERTEX_POINT('',#21711);
#6611=VERTEX_POINT('',#21713);
#6612=VERTEX_POINT('',#21715);
#6613=VERTEX_POINT('',#21719);
#6614=VERTEX_POINT('',#21721);
#6615=VERTEX_POINT('',#21725);
#6616=VERTEX_POINT('',#21727);
#6617=VERTEX_POINT('',#21736);
#6618=VERTEX_POINT('',#21737);
#6619=VERTEX_POINT('',#21739);
#6620=VERTEX_POINT('',#21741);
#6621=VERTEX_POINT('',#21745);
#6622=VERTEX_POINT('',#21747);
#6623=VERTEX_POINT('',#21751);
#6624=VERTEX_POINT('',#21753);
#6625=VERTEX_POINT('',#21762);
#6626=VERTEX_POINT('',#21763);
#6627=VERTEX_POINT('',#21765);
#6628=VERTEX_POINT('',#21767);
#6629=VERTEX_POINT('',#21771);
#6630=VERTEX_POINT('',#21773);
#6631=VERTEX_POINT('',#21777);
#6632=VERTEX_POINT('',#21779);
#6633=VERTEX_POINT('',#21788);
#6634=VERTEX_POINT('',#21789);
#6635=VERTEX_POINT('',#21791);
#6636=VERTEX_POINT('',#21793);
#6637=VERTEX_POINT('',#21797);
#6638=VERTEX_POINT('',#21799);
#6639=VERTEX_POINT('',#21803);
#6640=VERTEX_POINT('',#21805);
#6641=VERTEX_POINT('',#21814);
#6642=VERTEX_POINT('',#21815);
#6643=VERTEX_POINT('',#21817);
#6644=VERTEX_POINT('',#21819);
#6645=VERTEX_POINT('',#21823);
#6646=VERTEX_POINT('',#21825);
#6647=VERTEX_POINT('',#21829);
#6648=VERTEX_POINT('',#21831);
#6649=VERTEX_POINT('',#21840);
#6650=VERTEX_POINT('',#21841);
#6651=VERTEX_POINT('',#21843);
#6652=VERTEX_POINT('',#21845);
#6653=VERTEX_POINT('',#21849);
#6654=VERTEX_POINT('',#21851);
#6655=VERTEX_POINT('',#21855);
#6656=VERTEX_POINT('',#21857);
#6657=VERTEX_POINT('',#21866);
#6658=VERTEX_POINT('',#21867);
#6659=VERTEX_POINT('',#21869);
#6660=VERTEX_POINT('',#21871);
#6661=VERTEX_POINT('',#21875);
#6662=VERTEX_POINT('',#21877);
#6663=VERTEX_POINT('',#21881);
#6664=VERTEX_POINT('',#21883);
#6665=VERTEX_POINT('',#21892);
#6666=VERTEX_POINT('',#21893);
#6667=VERTEX_POINT('',#21895);
#6668=VERTEX_POINT('',#21897);
#6669=VERTEX_POINT('',#21901);
#6670=VERTEX_POINT('',#21903);
#6671=VERTEX_POINT('',#21907);
#6672=VERTEX_POINT('',#21909);
#6673=VERTEX_POINT('',#21918);
#6674=VERTEX_POINT('',#21919);
#6675=VERTEX_POINT('',#21921);
#6676=VERTEX_POINT('',#21923);
#6677=VERTEX_POINT('',#21927);
#6678=VERTEX_POINT('',#21929);
#6679=VERTEX_POINT('',#21933);
#6680=VERTEX_POINT('',#21935);
#6681=VERTEX_POINT('',#21944);
#6682=VERTEX_POINT('',#21945);
#6683=VERTEX_POINT('',#21947);
#6684=VERTEX_POINT('',#21949);
#6685=VERTEX_POINT('',#21953);
#6686=VERTEX_POINT('',#21955);
#6687=VERTEX_POINT('',#21959);
#6688=VERTEX_POINT('',#21961);
#6689=VERTEX_POINT('',#21970);
#6690=VERTEX_POINT('',#21971);
#6691=VERTEX_POINT('',#21973);
#6692=VERTEX_POINT('',#21975);
#6693=VERTEX_POINT('',#21979);
#6694=VERTEX_POINT('',#21981);
#6695=VERTEX_POINT('',#21985);
#6696=VERTEX_POINT('',#21987);
#6697=VERTEX_POINT('',#21996);
#6698=VERTEX_POINT('',#21997);
#6699=VERTEX_POINT('',#21999);
#6700=VERTEX_POINT('',#22001);
#6701=VERTEX_POINT('',#22005);
#6702=VERTEX_POINT('',#22007);
#6703=VERTEX_POINT('',#22011);
#6704=VERTEX_POINT('',#22013);
#6705=VERTEX_POINT('',#22022);
#6706=VERTEX_POINT('',#22023);
#6707=VERTEX_POINT('',#22025);
#6708=VERTEX_POINT('',#22027);
#6709=VERTEX_POINT('',#22031);
#6710=VERTEX_POINT('',#22033);
#6711=VERTEX_POINT('',#22037);
#6712=VERTEX_POINT('',#22039);
#6713=VERTEX_POINT('',#22048);
#6714=VERTEX_POINT('',#22049);
#6715=VERTEX_POINT('',#22051);
#6716=VERTEX_POINT('',#22053);
#6717=VERTEX_POINT('',#22057);
#6718=VERTEX_POINT('',#22059);
#6719=VERTEX_POINT('',#22063);
#6720=VERTEX_POINT('',#22065);
#6721=VERTEX_POINT('',#22074);
#6722=VERTEX_POINT('',#22075);
#6723=VERTEX_POINT('',#22077);
#6724=VERTEX_POINT('',#22079);
#6725=VERTEX_POINT('',#22083);
#6726=VERTEX_POINT('',#22085);
#6727=VERTEX_POINT('',#22089);
#6728=VERTEX_POINT('',#22091);
#6729=VERTEX_POINT('',#22100);
#6730=VERTEX_POINT('',#22101);
#6731=VERTEX_POINT('',#22103);
#6732=VERTEX_POINT('',#22105);
#6733=VERTEX_POINT('',#22109);
#6734=VERTEX_POINT('',#22111);
#6735=VERTEX_POINT('',#22115);
#6736=VERTEX_POINT('',#22117);
#6737=VERTEX_POINT('',#22126);
#6738=VERTEX_POINT('',#22127);
#6739=VERTEX_POINT('',#22129);
#6740=VERTEX_POINT('',#22131);
#6741=VERTEX_POINT('',#22135);
#6742=VERTEX_POINT('',#22137);
#6743=VERTEX_POINT('',#22141);
#6744=VERTEX_POINT('',#22143);
#6745=VERTEX_POINT('',#22152);
#6746=VERTEX_POINT('',#22153);
#6747=VERTEX_POINT('',#22155);
#6748=VERTEX_POINT('',#22157);
#6749=VERTEX_POINT('',#22161);
#6750=VERTEX_POINT('',#22163);
#6751=VERTEX_POINT('',#22167);
#6752=VERTEX_POINT('',#22169);
#6753=VERTEX_POINT('',#22178);
#6754=VERTEX_POINT('',#22179);
#6755=VERTEX_POINT('',#22181);
#6756=VERTEX_POINT('',#22183);
#6757=VERTEX_POINT('',#22187);
#6758=VERTEX_POINT('',#22189);
#6759=VERTEX_POINT('',#22193);
#6760=VERTEX_POINT('',#22195);
#6761=VERTEX_POINT('',#22204);
#6762=VERTEX_POINT('',#22205);
#6763=VERTEX_POINT('',#22207);
#6764=VERTEX_POINT('',#22209);
#6765=VERTEX_POINT('',#22213);
#6766=VERTEX_POINT('',#22215);
#6767=VERTEX_POINT('',#22219);
#6768=VERTEX_POINT('',#22221);
#6769=VERTEX_POINT('',#22230);
#6770=VERTEX_POINT('',#22231);
#6771=VERTEX_POINT('',#22233);
#6772=VERTEX_POINT('',#22235);
#6773=VERTEX_POINT('',#22239);
#6774=VERTEX_POINT('',#22241);
#6775=VERTEX_POINT('',#22245);
#6776=VERTEX_POINT('',#22247);
#6777=VERTEX_POINT('',#22256);
#6778=VERTEX_POINT('',#22257);
#6779=VERTEX_POINT('',#22259);
#6780=VERTEX_POINT('',#22261);
#6781=VERTEX_POINT('',#22265);
#6782=VERTEX_POINT('',#22267);
#6783=VERTEX_POINT('',#22271);
#6784=VERTEX_POINT('',#22273);
#6785=VERTEX_POINT('',#22282);
#6786=VERTEX_POINT('',#22283);
#6787=VERTEX_POINT('',#22285);
#6788=VERTEX_POINT('',#22287);
#6789=VERTEX_POINT('',#22291);
#6790=VERTEX_POINT('',#22293);
#6791=VERTEX_POINT('',#22297);
#6792=VERTEX_POINT('',#22299);
#6793=VERTEX_POINT('',#22308);
#6794=VERTEX_POINT('',#22309);
#6795=VERTEX_POINT('',#22311);
#6796=VERTEX_POINT('',#22313);
#6797=VERTEX_POINT('',#22317);
#6798=VERTEX_POINT('',#22319);
#6799=VERTEX_POINT('',#22323);
#6800=VERTEX_POINT('',#22325);
#6801=VERTEX_POINT('',#22334);
#6802=VERTEX_POINT('',#22335);
#6803=VERTEX_POINT('',#22337);
#6804=VERTEX_POINT('',#22339);
#6805=VERTEX_POINT('',#22343);
#6806=VERTEX_POINT('',#22345);
#6807=VERTEX_POINT('',#22349);
#6808=VERTEX_POINT('',#22351);
#6809=VERTEX_POINT('',#22360);
#6810=VERTEX_POINT('',#22361);
#6811=VERTEX_POINT('',#22363);
#6812=VERTEX_POINT('',#22365);
#6813=VERTEX_POINT('',#22369);
#6814=VERTEX_POINT('',#22371);
#6815=VERTEX_POINT('',#22375);
#6816=VERTEX_POINT('',#22377);
#6817=VERTEX_POINT('',#22386);
#6818=VERTEX_POINT('',#22387);
#6819=VERTEX_POINT('',#22389);
#6820=VERTEX_POINT('',#22391);
#6821=VERTEX_POINT('',#22395);
#6822=VERTEX_POINT('',#22397);
#6823=VERTEX_POINT('',#22401);
#6824=VERTEX_POINT('',#22403);
#6825=VERTEX_POINT('',#22412);
#6826=VERTEX_POINT('',#22413);
#6827=VERTEX_POINT('',#22415);
#6828=VERTEX_POINT('',#22417);
#6829=VERTEX_POINT('',#22421);
#6830=VERTEX_POINT('',#22423);
#6831=VERTEX_POINT('',#22427);
#6832=VERTEX_POINT('',#22429);
#6833=VERTEX_POINT('',#22438);
#6834=VERTEX_POINT('',#22439);
#6835=VERTEX_POINT('',#22441);
#6836=VERTEX_POINT('',#22443);
#6837=VERTEX_POINT('',#22447);
#6838=VERTEX_POINT('',#22449);
#6839=VERTEX_POINT('',#22453);
#6840=VERTEX_POINT('',#22455);
#6841=VERTEX_POINT('',#22464);
#6842=VERTEX_POINT('',#22465);
#6843=VERTEX_POINT('',#22467);
#6844=VERTEX_POINT('',#22469);
#6845=VERTEX_POINT('',#22473);
#6846=VERTEX_POINT('',#22475);
#6847=VERTEX_POINT('',#22479);
#6848=VERTEX_POINT('',#22481);
#6849=VERTEX_POINT('',#22490);
#6850=VERTEX_POINT('',#22491);
#6851=VERTEX_POINT('',#22493);
#6852=VERTEX_POINT('',#22495);
#6853=VERTEX_POINT('',#22499);
#6854=VERTEX_POINT('',#22501);
#6855=VERTEX_POINT('',#22505);
#6856=VERTEX_POINT('',#22507);
#6857=VERTEX_POINT('',#22516);
#6858=VERTEX_POINT('',#22517);
#6859=VERTEX_POINT('',#22519);
#6860=VERTEX_POINT('',#22521);
#6861=VERTEX_POINT('',#22525);
#6862=VERTEX_POINT('',#22527);
#6863=VERTEX_POINT('',#22531);
#6864=VERTEX_POINT('',#22533);
#6865=VERTEX_POINT('',#22542);
#6866=VERTEX_POINT('',#22543);
#6867=VERTEX_POINT('',#22545);
#6868=VERTEX_POINT('',#22547);
#6869=VERTEX_POINT('',#22551);
#6870=VERTEX_POINT('',#22553);
#6871=VERTEX_POINT('',#22557);
#6872=VERTEX_POINT('',#22559);
#6873=VERTEX_POINT('',#22568);
#6874=VERTEX_POINT('',#22569);
#6875=VERTEX_POINT('',#22571);
#6876=VERTEX_POINT('',#22573);
#6877=VERTEX_POINT('',#22577);
#6878=VERTEX_POINT('',#22579);
#6879=VERTEX_POINT('',#22583);
#6880=VERTEX_POINT('',#22585);
#6881=VERTEX_POINT('',#22594);
#6882=VERTEX_POINT('',#22595);
#6883=VERTEX_POINT('',#22597);
#6884=VERTEX_POINT('',#22599);
#6885=VERTEX_POINT('',#22603);
#6886=VERTEX_POINT('',#22605);
#6887=VERTEX_POINT('',#22609);
#6888=VERTEX_POINT('',#22611);
#6889=VERTEX_POINT('',#22620);
#6890=VERTEX_POINT('',#22621);
#6891=VERTEX_POINT('',#22623);
#6892=VERTEX_POINT('',#22625);
#6893=VERTEX_POINT('',#22629);
#6894=VERTEX_POINT('',#22631);
#6895=VERTEX_POINT('',#22635);
#6896=VERTEX_POINT('',#22637);
#6897=VERTEX_POINT('',#22646);
#6898=VERTEX_POINT('',#22647);
#6899=VERTEX_POINT('',#22649);
#6900=VERTEX_POINT('',#22651);
#6901=VERTEX_POINT('',#22655);
#6902=VERTEX_POINT('',#22657);
#6903=VERTEX_POINT('',#22661);
#6904=VERTEX_POINT('',#22663);
#6905=VERTEX_POINT('',#22672);
#6906=VERTEX_POINT('',#22673);
#6907=VERTEX_POINT('',#22675);
#6908=VERTEX_POINT('',#22677);
#6909=VERTEX_POINT('',#22681);
#6910=VERTEX_POINT('',#22683);
#6911=VERTEX_POINT('',#22687);
#6912=VERTEX_POINT('',#22689);
#6913=VERTEX_POINT('',#22698);
#6914=VERTEX_POINT('',#22699);
#6915=VERTEX_POINT('',#22701);
#6916=VERTEX_POINT('',#22703);
#6917=VERTEX_POINT('',#22707);
#6918=VERTEX_POINT('',#22709);
#6919=VERTEX_POINT('',#22713);
#6920=VERTEX_POINT('',#22715);
#6921=VERTEX_POINT('',#22724);
#6922=VERTEX_POINT('',#22725);
#6923=VERTEX_POINT('',#22727);
#6924=VERTEX_POINT('',#22729);
#6925=VERTEX_POINT('',#22733);
#6926=VERTEX_POINT('',#22735);
#6927=VERTEX_POINT('',#22739);
#6928=VERTEX_POINT('',#22741);
#6929=VERTEX_POINT('',#22750);
#6930=VERTEX_POINT('',#22751);
#6931=VERTEX_POINT('',#22753);
#6932=VERTEX_POINT('',#22755);
#6933=VERTEX_POINT('',#22759);
#6934=VERTEX_POINT('',#22761);
#6935=VERTEX_POINT('',#22765);
#6936=VERTEX_POINT('',#22767);
#6937=VERTEX_POINT('',#22776);
#6938=VERTEX_POINT('',#22777);
#6939=VERTEX_POINT('',#22779);
#6940=VERTEX_POINT('',#22781);
#6941=VERTEX_POINT('',#22785);
#6942=VERTEX_POINT('',#22787);
#6943=VERTEX_POINT('',#22791);
#6944=VERTEX_POINT('',#22793);
#6945=VERTEX_POINT('',#22802);
#6946=VERTEX_POINT('',#22803);
#6947=VERTEX_POINT('',#22805);
#6948=VERTEX_POINT('',#22807);
#6949=VERTEX_POINT('',#22811);
#6950=VERTEX_POINT('',#22813);
#6951=VERTEX_POINT('',#22817);
#6952=VERTEX_POINT('',#22819);
#6953=VERTEX_POINT('',#22828);
#6954=VERTEX_POINT('',#22829);
#6955=VERTEX_POINT('',#22831);
#6956=VERTEX_POINT('',#22833);
#6957=VERTEX_POINT('',#22837);
#6958=VERTEX_POINT('',#22839);
#6959=VERTEX_POINT('',#22843);
#6960=VERTEX_POINT('',#22845);
#6961=VERTEX_POINT('',#22854);
#6962=VERTEX_POINT('',#22855);
#6963=VERTEX_POINT('',#22857);
#6964=VERTEX_POINT('',#22859);
#6965=VERTEX_POINT('',#22863);
#6966=VERTEX_POINT('',#22865);
#6967=VERTEX_POINT('',#22869);
#6968=VERTEX_POINT('',#22871);
#6969=VERTEX_POINT('',#22880);
#6970=VERTEX_POINT('',#22881);
#6971=VERTEX_POINT('',#22883);
#6972=VERTEX_POINT('',#22885);
#6973=VERTEX_POINT('',#22889);
#6974=VERTEX_POINT('',#22891);
#6975=VERTEX_POINT('',#22895);
#6976=VERTEX_POINT('',#22897);
#6977=VERTEX_POINT('',#22906);
#6978=VERTEX_POINT('',#22907);
#6979=VERTEX_POINT('',#22909);
#6980=VERTEX_POINT('',#22911);
#6981=VERTEX_POINT('',#22915);
#6982=VERTEX_POINT('',#22917);
#6983=VERTEX_POINT('',#22921);
#6984=VERTEX_POINT('',#22923);
#6985=VERTEX_POINT('',#22932);
#6986=VERTEX_POINT('',#22933);
#6987=VERTEX_POINT('',#22935);
#6988=VERTEX_POINT('',#22937);
#6989=VERTEX_POINT('',#22941);
#6990=VERTEX_POINT('',#22943);
#6991=VERTEX_POINT('',#22947);
#6992=VERTEX_POINT('',#22949);
#6993=VERTEX_POINT('',#22958);
#6994=VERTEX_POINT('',#22959);
#6995=VERTEX_POINT('',#22961);
#6996=VERTEX_POINT('',#22963);
#6997=VERTEX_POINT('',#22967);
#6998=VERTEX_POINT('',#22969);
#6999=VERTEX_POINT('',#22973);
#7000=VERTEX_POINT('',#22975);
#7001=VERTEX_POINT('',#22984);
#7002=VERTEX_POINT('',#22985);
#7003=VERTEX_POINT('',#22987);
#7004=VERTEX_POINT('',#22989);
#7005=VERTEX_POINT('',#22993);
#7006=VERTEX_POINT('',#22995);
#7007=VERTEX_POINT('',#22999);
#7008=VERTEX_POINT('',#23001);
#7009=VERTEX_POINT('',#23010);
#7010=VERTEX_POINT('',#23011);
#7011=VERTEX_POINT('',#23013);
#7012=VERTEX_POINT('',#23015);
#7013=VERTEX_POINT('',#23019);
#7014=VERTEX_POINT('',#23021);
#7015=VERTEX_POINT('',#23025);
#7016=VERTEX_POINT('',#23027);
#7017=VERTEX_POINT('',#23036);
#7018=VERTEX_POINT('',#23037);
#7019=VERTEX_POINT('',#23039);
#7020=VERTEX_POINT('',#23041);
#7021=VERTEX_POINT('',#23045);
#7022=VERTEX_POINT('',#23047);
#7023=VERTEX_POINT('',#23051);
#7024=VERTEX_POINT('',#23053);
#7025=VERTEX_POINT('',#23062);
#7026=VERTEX_POINT('',#23063);
#7027=VERTEX_POINT('',#23065);
#7028=VERTEX_POINT('',#23067);
#7029=VERTEX_POINT('',#23071);
#7030=VERTEX_POINT('',#23073);
#7031=VERTEX_POINT('',#23077);
#7032=VERTEX_POINT('',#23079);
#7033=VERTEX_POINT('',#23088);
#7034=VERTEX_POINT('',#23089);
#7035=VERTEX_POINT('',#23091);
#7036=VERTEX_POINT('',#23093);
#7037=VERTEX_POINT('',#23097);
#7038=VERTEX_POINT('',#23099);
#7039=VERTEX_POINT('',#23103);
#7040=VERTEX_POINT('',#23105);
#7041=VERTEX_POINT('',#23114);
#7042=VERTEX_POINT('',#23115);
#7043=VERTEX_POINT('',#23117);
#7044=VERTEX_POINT('',#23119);
#7045=VERTEX_POINT('',#23123);
#7046=VERTEX_POINT('',#23125);
#7047=VERTEX_POINT('',#23129);
#7048=VERTEX_POINT('',#23131);
#7049=VERTEX_POINT('',#23140);
#7050=VERTEX_POINT('',#23141);
#7051=VERTEX_POINT('',#23143);
#7052=VERTEX_POINT('',#23145);
#7053=VERTEX_POINT('',#23149);
#7054=VERTEX_POINT('',#23151);
#7055=VERTEX_POINT('',#23155);
#7056=VERTEX_POINT('',#23157);
#7057=VERTEX_POINT('',#23166);
#7058=VERTEX_POINT('',#23167);
#7059=VERTEX_POINT('',#23169);
#7060=VERTEX_POINT('',#23171);
#7061=VERTEX_POINT('',#23175);
#7062=VERTEX_POINT('',#23177);
#7063=VERTEX_POINT('',#23181);
#7064=VERTEX_POINT('',#23183);
#7065=VERTEX_POINT('',#23192);
#7066=VERTEX_POINT('',#23193);
#7067=VERTEX_POINT('',#23195);
#7068=VERTEX_POINT('',#23197);
#7069=VERTEX_POINT('',#23201);
#7070=VERTEX_POINT('',#23203);
#7071=VERTEX_POINT('',#23207);
#7072=VERTEX_POINT('',#23209);
#7073=VERTEX_POINT('',#23218);
#7074=VERTEX_POINT('',#23219);
#7075=VERTEX_POINT('',#23221);
#7076=VERTEX_POINT('',#23223);
#7077=VERTEX_POINT('',#23227);
#7078=VERTEX_POINT('',#23229);
#7079=VERTEX_POINT('',#23233);
#7080=VERTEX_POINT('',#23235);
#7081=VERTEX_POINT('',#23244);
#7082=VERTEX_POINT('',#23245);
#7083=VERTEX_POINT('',#23247);
#7084=VERTEX_POINT('',#23249);
#7085=VERTEX_POINT('',#23253);
#7086=VERTEX_POINT('',#23255);
#7087=VERTEX_POINT('',#23259);
#7088=VERTEX_POINT('',#23261);
#7089=VERTEX_POINT('',#23270);
#7090=VERTEX_POINT('',#23271);
#7091=VERTEX_POINT('',#23273);
#7092=VERTEX_POINT('',#23275);
#7093=VERTEX_POINT('',#23279);
#7094=VERTEX_POINT('',#23281);
#7095=VERTEX_POINT('',#23285);
#7096=VERTEX_POINT('',#23287);
#7097=VERTEX_POINT('',#23296);
#7098=VERTEX_POINT('',#23297);
#7099=VERTEX_POINT('',#23299);
#7100=VERTEX_POINT('',#23301);
#7101=VERTEX_POINT('',#23305);
#7102=VERTEX_POINT('',#23307);
#7103=VERTEX_POINT('',#23311);
#7104=VERTEX_POINT('',#23313);
#7105=VERTEX_POINT('',#23322);
#7106=VERTEX_POINT('',#23323);
#7107=VERTEX_POINT('',#23325);
#7108=VERTEX_POINT('',#23327);
#7109=VERTEX_POINT('',#23331);
#7110=VERTEX_POINT('',#23333);
#7111=VERTEX_POINT('',#23337);
#7112=VERTEX_POINT('',#23339);
#7113=VERTEX_POINT('',#23348);
#7114=VERTEX_POINT('',#23349);
#7115=VERTEX_POINT('',#23351);
#7116=VERTEX_POINT('',#23353);
#7117=VERTEX_POINT('',#23357);
#7118=VERTEX_POINT('',#23359);
#7119=VERTEX_POINT('',#23363);
#7120=VERTEX_POINT('',#23365);
#7121=VERTEX_POINT('',#23374);
#7122=VERTEX_POINT('',#23375);
#7123=VERTEX_POINT('',#23377);
#7124=VERTEX_POINT('',#23379);
#7125=VERTEX_POINT('',#23383);
#7126=VERTEX_POINT('',#23385);
#7127=VERTEX_POINT('',#23389);
#7128=VERTEX_POINT('',#23391);
#7129=VERTEX_POINT('',#23400);
#7130=VERTEX_POINT('',#23401);
#7131=VERTEX_POINT('',#23403);
#7132=VERTEX_POINT('',#23405);
#7133=VERTEX_POINT('',#23409);
#7134=VERTEX_POINT('',#23411);
#7135=VERTEX_POINT('',#23415);
#7136=VERTEX_POINT('',#23417);
#7137=VERTEX_POINT('',#23426);
#7138=VERTEX_POINT('',#23427);
#7139=VERTEX_POINT('',#23429);
#7140=VERTEX_POINT('',#23431);
#7141=VERTEX_POINT('',#23435);
#7142=VERTEX_POINT('',#23437);
#7143=VERTEX_POINT('',#23441);
#7144=VERTEX_POINT('',#23443);
#7145=VERTEX_POINT('',#23452);
#7146=VERTEX_POINT('',#23453);
#7147=VERTEX_POINT('',#23455);
#7148=VERTEX_POINT('',#23457);
#7149=VERTEX_POINT('',#23461);
#7150=VERTEX_POINT('',#23463);
#7151=VERTEX_POINT('',#23467);
#7152=VERTEX_POINT('',#23469);
#7153=VERTEX_POINT('',#23478);
#7154=VERTEX_POINT('',#23479);
#7155=VERTEX_POINT('',#23481);
#7156=VERTEX_POINT('',#23483);
#7157=VERTEX_POINT('',#23487);
#7158=VERTEX_POINT('',#23489);
#7159=VERTEX_POINT('',#23493);
#7160=VERTEX_POINT('',#23495);
#7161=VERTEX_POINT('',#23504);
#7162=VERTEX_POINT('',#23505);
#7163=VERTEX_POINT('',#23507);
#7164=VERTEX_POINT('',#23509);
#7165=VERTEX_POINT('',#23513);
#7166=VERTEX_POINT('',#23515);
#7167=VERTEX_POINT('',#23519);
#7168=VERTEX_POINT('',#23521);
#7169=VERTEX_POINT('',#23530);
#7170=VERTEX_POINT('',#23531);
#7171=VERTEX_POINT('',#23533);
#7172=VERTEX_POINT('',#23535);
#7173=VERTEX_POINT('',#23539);
#7174=VERTEX_POINT('',#23541);
#7175=VERTEX_POINT('',#23545);
#7176=VERTEX_POINT('',#23547);
#7177=VERTEX_POINT('',#23556);
#7178=VERTEX_POINT('',#23557);
#7179=VERTEX_POINT('',#23559);
#7180=VERTEX_POINT('',#23561);
#7181=VERTEX_POINT('',#23565);
#7182=VERTEX_POINT('',#23567);
#7183=VERTEX_POINT('',#23571);
#7184=VERTEX_POINT('',#23573);
#7185=VERTEX_POINT('',#23582);
#7186=VERTEX_POINT('',#23583);
#7187=VERTEX_POINT('',#23585);
#7188=VERTEX_POINT('',#23587);
#7189=VERTEX_POINT('',#23591);
#7190=VERTEX_POINT('',#23593);
#7191=VERTEX_POINT('',#23597);
#7192=VERTEX_POINT('',#23599);
#7193=VERTEX_POINT('',#23608);
#7194=VERTEX_POINT('',#23609);
#7195=VERTEX_POINT('',#23611);
#7196=VERTEX_POINT('',#23613);
#7197=VERTEX_POINT('',#23617);
#7198=VERTEX_POINT('',#23619);
#7199=VERTEX_POINT('',#23623);
#7200=VERTEX_POINT('',#23625);
#7201=VERTEX_POINT('',#23634);
#7202=VERTEX_POINT('',#23635);
#7203=VERTEX_POINT('',#23637);
#7204=VERTEX_POINT('',#23639);
#7205=VERTEX_POINT('',#23643);
#7206=VERTEX_POINT('',#23645);
#7207=VERTEX_POINT('',#23649);
#7208=VERTEX_POINT('',#23651);
#7209=VERTEX_POINT('',#23660);
#7210=VERTEX_POINT('',#23661);
#7211=VERTEX_POINT('',#23663);
#7212=VERTEX_POINT('',#23665);
#7213=VERTEX_POINT('',#23669);
#7214=VERTEX_POINT('',#23671);
#7215=VERTEX_POINT('',#23675);
#7216=VERTEX_POINT('',#23677);
#7217=VERTEX_POINT('',#23686);
#7218=VERTEX_POINT('',#23687);
#7219=VERTEX_POINT('',#23689);
#7220=VERTEX_POINT('',#23691);
#7221=VERTEX_POINT('',#23695);
#7222=VERTEX_POINT('',#23697);
#7223=VERTEX_POINT('',#23701);
#7224=VERTEX_POINT('',#23703);
#7225=VERTEX_POINT('',#23712);
#7226=VERTEX_POINT('',#23713);
#7227=VERTEX_POINT('',#23715);
#7228=VERTEX_POINT('',#23717);
#7229=VERTEX_POINT('',#23721);
#7230=VERTEX_POINT('',#23723);
#7231=VERTEX_POINT('',#23727);
#7232=VERTEX_POINT('',#23729);
#7233=VERTEX_POINT('',#23738);
#7234=VERTEX_POINT('',#23739);
#7235=VERTEX_POINT('',#23741);
#7236=VERTEX_POINT('',#23743);
#7237=VERTEX_POINT('',#23747);
#7238=VERTEX_POINT('',#23749);
#7239=VERTEX_POINT('',#23753);
#7240=VERTEX_POINT('',#23755);
#7241=VERTEX_POINT('',#23764);
#7242=VERTEX_POINT('',#23765);
#7243=VERTEX_POINT('',#23767);
#7244=VERTEX_POINT('',#23769);
#7245=VERTEX_POINT('',#23773);
#7246=VERTEX_POINT('',#23775);
#7247=VERTEX_POINT('',#23779);
#7248=VERTEX_POINT('',#23781);
#7249=VERTEX_POINT('',#23790);
#7250=VERTEX_POINT('',#23791);
#7251=VERTEX_POINT('',#23793);
#7252=VERTEX_POINT('',#23795);
#7253=VERTEX_POINT('',#23799);
#7254=VERTEX_POINT('',#23801);
#7255=VERTEX_POINT('',#23805);
#7256=VERTEX_POINT('',#23807);
#7257=VERTEX_POINT('',#23816);
#7258=VERTEX_POINT('',#23817);
#7259=VERTEX_POINT('',#23819);
#7260=VERTEX_POINT('',#23821);
#7261=VERTEX_POINT('',#23825);
#7262=VERTEX_POINT('',#23827);
#7263=VERTEX_POINT('',#23831);
#7264=VERTEX_POINT('',#23833);
#7265=VERTEX_POINT('',#23842);
#7266=VERTEX_POINT('',#23843);
#7267=VERTEX_POINT('',#23845);
#7268=VERTEX_POINT('',#23847);
#7269=VERTEX_POINT('',#23851);
#7270=VERTEX_POINT('',#23853);
#7271=VERTEX_POINT('',#23857);
#7272=VERTEX_POINT('',#23859);
#7273=VERTEX_POINT('',#23868);
#7274=VERTEX_POINT('',#23869);
#7275=VERTEX_POINT('',#23871);
#7276=VERTEX_POINT('',#23873);
#7277=VERTEX_POINT('',#23877);
#7278=VERTEX_POINT('',#23879);
#7279=VERTEX_POINT('',#23883);
#7280=VERTEX_POINT('',#23885);
#7281=VERTEX_POINT('',#23894);
#7282=VERTEX_POINT('',#23895);
#7283=VERTEX_POINT('',#23897);
#7284=VERTEX_POINT('',#23899);
#7285=VERTEX_POINT('',#23903);
#7286=VERTEX_POINT('',#23905);
#7287=VERTEX_POINT('',#23909);
#7288=VERTEX_POINT('',#23911);
#7289=VERTEX_POINT('',#23920);
#7290=VERTEX_POINT('',#23921);
#7291=VERTEX_POINT('',#23923);
#7292=VERTEX_POINT('',#23925);
#7293=VERTEX_POINT('',#23929);
#7294=VERTEX_POINT('',#23931);
#7295=VERTEX_POINT('',#23935);
#7296=VERTEX_POINT('',#23937);
#7297=VERTEX_POINT('',#23946);
#7298=VERTEX_POINT('',#23947);
#7299=VERTEX_POINT('',#23949);
#7300=VERTEX_POINT('',#23951);
#7301=VERTEX_POINT('',#23955);
#7302=VERTEX_POINT('',#23957);
#7303=VERTEX_POINT('',#23961);
#7304=VERTEX_POINT('',#23963);
#7305=VERTEX_POINT('',#23972);
#7306=VERTEX_POINT('',#23973);
#7307=VERTEX_POINT('',#23975);
#7308=VERTEX_POINT('',#23977);
#7309=VERTEX_POINT('',#23981);
#7310=VERTEX_POINT('',#23983);
#7311=VERTEX_POINT('',#23987);
#7312=VERTEX_POINT('',#23989);
#7313=VERTEX_POINT('',#23998);
#7314=VERTEX_POINT('',#23999);
#7315=VERTEX_POINT('',#24001);
#7316=VERTEX_POINT('',#24003);
#7317=VERTEX_POINT('',#24007);
#7318=VERTEX_POINT('',#24009);
#7319=VERTEX_POINT('',#24013);
#7320=VERTEX_POINT('',#24015);
#7321=VERTEX_POINT('',#24024);
#7322=VERTEX_POINT('',#24025);
#7323=VERTEX_POINT('',#24027);
#7324=VERTEX_POINT('',#24029);
#7325=VERTEX_POINT('',#24033);
#7326=VERTEX_POINT('',#24035);
#7327=VERTEX_POINT('',#24039);
#7328=VERTEX_POINT('',#24041);
#7329=VERTEX_POINT('',#24050);
#7330=VERTEX_POINT('',#24051);
#7331=VERTEX_POINT('',#24053);
#7332=VERTEX_POINT('',#24055);
#7333=VERTEX_POINT('',#24059);
#7334=VERTEX_POINT('',#24061);
#7335=VERTEX_POINT('',#24065);
#7336=VERTEX_POINT('',#24067);
#7337=VERTEX_POINT('',#24076);
#7338=VERTEX_POINT('',#24077);
#7339=VERTEX_POINT('',#24079);
#7340=VERTEX_POINT('',#24081);
#7341=VERTEX_POINT('',#24085);
#7342=VERTEX_POINT('',#24087);
#7343=VERTEX_POINT('',#24091);
#7344=VERTEX_POINT('',#24093);
#7345=VERTEX_POINT('',#24102);
#7346=VERTEX_POINT('',#24103);
#7347=VERTEX_POINT('',#24105);
#7348=VERTEX_POINT('',#24107);
#7349=VERTEX_POINT('',#24111);
#7350=VERTEX_POINT('',#24113);
#7351=VERTEX_POINT('',#24117);
#7352=VERTEX_POINT('',#24119);
#7353=VERTEX_POINT('',#24128);
#7354=VERTEX_POINT('',#24129);
#7355=VERTEX_POINT('',#24131);
#7356=VERTEX_POINT('',#24133);
#7357=VERTEX_POINT('',#24137);
#7358=VERTEX_POINT('',#24139);
#7359=VERTEX_POINT('',#24143);
#7360=VERTEX_POINT('',#24145);
#7361=VERTEX_POINT('',#24154);
#7362=VERTEX_POINT('',#24155);
#7363=VERTEX_POINT('',#24157);
#7364=VERTEX_POINT('',#24159);
#7365=VERTEX_POINT('',#24163);
#7366=VERTEX_POINT('',#24165);
#7367=VERTEX_POINT('',#24169);
#7368=VERTEX_POINT('',#24171);
#7369=VERTEX_POINT('',#24180);
#7370=VERTEX_POINT('',#24181);
#7371=VERTEX_POINT('',#24183);
#7372=VERTEX_POINT('',#24185);
#7373=VERTEX_POINT('',#24189);
#7374=VERTEX_POINT('',#24191);
#7375=VERTEX_POINT('',#24195);
#7376=VERTEX_POINT('',#24197);
#7377=VERTEX_POINT('',#24206);
#7378=VERTEX_POINT('',#24207);
#7379=VERTEX_POINT('',#24209);
#7380=VERTEX_POINT('',#24211);
#7381=VERTEX_POINT('',#24215);
#7382=VERTEX_POINT('',#24217);
#7383=VERTEX_POINT('',#24221);
#7384=VERTEX_POINT('',#24223);
#7385=VERTEX_POINT('',#24232);
#7386=VERTEX_POINT('',#24233);
#7387=VERTEX_POINT('',#24235);
#7388=VERTEX_POINT('',#24237);
#7389=VERTEX_POINT('',#24241);
#7390=VERTEX_POINT('',#24243);
#7391=VERTEX_POINT('',#24247);
#7392=VERTEX_POINT('',#24249);
#7393=VERTEX_POINT('',#24258);
#7394=VERTEX_POINT('',#24259);
#7395=VERTEX_POINT('',#24261);
#7396=VERTEX_POINT('',#24263);
#7397=VERTEX_POINT('',#24267);
#7398=VERTEX_POINT('',#24269);
#7399=VERTEX_POINT('',#24273);
#7400=VERTEX_POINT('',#24275);
#7401=VERTEX_POINT('',#24284);
#7402=VERTEX_POINT('',#24285);
#7403=VERTEX_POINT('',#24287);
#7404=VERTEX_POINT('',#24289);
#7405=VERTEX_POINT('',#24293);
#7406=VERTEX_POINT('',#24295);
#7407=VERTEX_POINT('',#24299);
#7408=VERTEX_POINT('',#24301);
#7409=VERTEX_POINT('',#24310);
#7410=VERTEX_POINT('',#24311);
#7411=VERTEX_POINT('',#24313);
#7412=VERTEX_POINT('',#24315);
#7413=VERTEX_POINT('',#24319);
#7414=VERTEX_POINT('',#24321);
#7415=VERTEX_POINT('',#24325);
#7416=VERTEX_POINT('',#24327);
#7417=VERTEX_POINT('',#24336);
#7418=VERTEX_POINT('',#24337);
#7419=VERTEX_POINT('',#24339);
#7420=VERTEX_POINT('',#24341);
#7421=VERTEX_POINT('',#24345);
#7422=VERTEX_POINT('',#24347);
#7423=VERTEX_POINT('',#24351);
#7424=VERTEX_POINT('',#24353);
#7425=VERTEX_POINT('',#24362);
#7426=VERTEX_POINT('',#24363);
#7427=VERTEX_POINT('',#24365);
#7428=VERTEX_POINT('',#24367);
#7429=VERTEX_POINT('',#24371);
#7430=VERTEX_POINT('',#24373);
#7431=VERTEX_POINT('',#24377);
#7432=VERTEX_POINT('',#24379);
#7433=VERTEX_POINT('',#24388);
#7434=VERTEX_POINT('',#24389);
#7435=VERTEX_POINT('',#24391);
#7436=VERTEX_POINT('',#24393);
#7437=VERTEX_POINT('',#24397);
#7438=VERTEX_POINT('',#24399);
#7439=VERTEX_POINT('',#24403);
#7440=VERTEX_POINT('',#24405);
#7441=VERTEX_POINT('',#24414);
#7442=VERTEX_POINT('',#24415);
#7443=VERTEX_POINT('',#24417);
#7444=VERTEX_POINT('',#24419);
#7445=VERTEX_POINT('',#24423);
#7446=VERTEX_POINT('',#24425);
#7447=VERTEX_POINT('',#24429);
#7448=VERTEX_POINT('',#24431);
#7449=VERTEX_POINT('',#24440);
#7450=VERTEX_POINT('',#24441);
#7451=VERTEX_POINT('',#24443);
#7452=VERTEX_POINT('',#24445);
#7453=VERTEX_POINT('',#24449);
#7454=VERTEX_POINT('',#24451);
#7455=VERTEX_POINT('',#24455);
#7456=VERTEX_POINT('',#24457);
#7457=VERTEX_POINT('',#24466);
#7458=VERTEX_POINT('',#24467);
#7459=VERTEX_POINT('',#24469);
#7460=VERTEX_POINT('',#24471);
#7461=VERTEX_POINT('',#24475);
#7462=VERTEX_POINT('',#24477);
#7463=VERTEX_POINT('',#24481);
#7464=VERTEX_POINT('',#24483);
#7465=EDGE_CURVE('',#6169,#6170,#2281,.T.);
#7466=EDGE_CURVE('',#6170,#6171,#2282,.T.);
#7467=EDGE_CURVE('',#6172,#6171,#2283,.T.);
#7468=EDGE_CURVE('',#6169,#6172,#2284,.T.);
#7469=EDGE_CURVE('',#6173,#6169,#2285,.T.);
#7470=EDGE_CURVE('',#6174,#6172,#2286,.T.);
#7471=EDGE_CURVE('',#6173,#6174,#2287,.T.);
#7472=EDGE_CURVE('',#6175,#6173,#2288,.T.);
#7473=EDGE_CURVE('',#6176,#6174,#2289,.T.);
#7474=EDGE_CURVE('',#6175,#6176,#2290,.T.);
#7475=EDGE_CURVE('',#6170,#6175,#2291,.T.);
#7476=EDGE_CURVE('',#6171,#6176,#2292,.T.);
#7477=EDGE_CURVE('',#6177,#6178,#2293,.T.);
#7478=EDGE_CURVE('',#6178,#6179,#2294,.T.);
#7479=EDGE_CURVE('',#6180,#6179,#2295,.T.);
#7480=EDGE_CURVE('',#6177,#6180,#2296,.T.);
#7481=EDGE_CURVE('',#6181,#6177,#2297,.T.);
#7482=EDGE_CURVE('',#6182,#6180,#2298,.T.);
#7483=EDGE_CURVE('',#6181,#6182,#2299,.T.);
#7484=EDGE_CURVE('',#6183,#6181,#2300,.T.);
#7485=EDGE_CURVE('',#6184,#6182,#2301,.T.);
#7486=EDGE_CURVE('',#6183,#6184,#2302,.T.);
#7487=EDGE_CURVE('',#6178,#6183,#2303,.T.);
#7488=EDGE_CURVE('',#6179,#6184,#2304,.T.);
#7489=EDGE_CURVE('',#6185,#6186,#2305,.T.);
#7490=EDGE_CURVE('',#6186,#6187,#2306,.T.);
#7491=EDGE_CURVE('',#6188,#6187,#2307,.T.);
#7492=EDGE_CURVE('',#6185,#6188,#2308,.T.);
#7493=EDGE_CURVE('',#6189,#6185,#2309,.T.);
#7494=EDGE_CURVE('',#6190,#6188,#2310,.T.);
#7495=EDGE_CURVE('',#6189,#6190,#2311,.T.);
#7496=EDGE_CURVE('',#6191,#6189,#2312,.T.);
#7497=EDGE_CURVE('',#6192,#6190,#2313,.T.);
#7498=EDGE_CURVE('',#6191,#6192,#2314,.T.);
#7499=EDGE_CURVE('',#6186,#6191,#2315,.T.);
#7500=EDGE_CURVE('',#6187,#6192,#2316,.T.);
#7501=EDGE_CURVE('',#6193,#6194,#2317,.T.);
#7502=EDGE_CURVE('',#6194,#6195,#2318,.T.);
#7503=EDGE_CURVE('',#6196,#6195,#2319,.T.);
#7504=EDGE_CURVE('',#6193,#6196,#2320,.T.);
#7505=EDGE_CURVE('',#6197,#6193,#2321,.T.);
#7506=EDGE_CURVE('',#6198,#6196,#2322,.T.);
#7507=EDGE_CURVE('',#6197,#6198,#2323,.T.);
#7508=EDGE_CURVE('',#6199,#6197,#2324,.T.);
#7509=EDGE_CURVE('',#6200,#6198,#2325,.T.);
#7510=EDGE_CURVE('',#6199,#6200,#2326,.T.);
#7511=EDGE_CURVE('',#6194,#6199,#2327,.T.);
#7512=EDGE_CURVE('',#6195,#6200,#2328,.T.);
#7513=EDGE_CURVE('',#6201,#6202,#2329,.T.);
#7514=EDGE_CURVE('',#6202,#6203,#2330,.T.);
#7515=EDGE_CURVE('',#6204,#6203,#2331,.T.);
#7516=EDGE_CURVE('',#6201,#6204,#2332,.T.);
#7517=EDGE_CURVE('',#6205,#6201,#2333,.T.);
#7518=EDGE_CURVE('',#6206,#6204,#2334,.T.);
#7519=EDGE_CURVE('',#6205,#6206,#2335,.T.);
#7520=EDGE_CURVE('',#6207,#6205,#2336,.T.);
#7521=EDGE_CURVE('',#6208,#6206,#2337,.T.);
#7522=EDGE_CURVE('',#6207,#6208,#2338,.T.);
#7523=EDGE_CURVE('',#6202,#6207,#2339,.T.);
#7524=EDGE_CURVE('',#6203,#6208,#2340,.T.);
#7525=EDGE_CURVE('',#6209,#6210,#2341,.T.);
#7526=EDGE_CURVE('',#6210,#6211,#2342,.T.);
#7527=EDGE_CURVE('',#6212,#6211,#2343,.T.);
#7528=EDGE_CURVE('',#6209,#6212,#2344,.T.);
#7529=EDGE_CURVE('',#6213,#6209,#2345,.T.);
#7530=EDGE_CURVE('',#6214,#6212,#2346,.T.);
#7531=EDGE_CURVE('',#6213,#6214,#2347,.T.);
#7532=EDGE_CURVE('',#6215,#6213,#2348,.T.);
#7533=EDGE_CURVE('',#6216,#6214,#2349,.T.);
#7534=EDGE_CURVE('',#6215,#6216,#2350,.T.);
#7535=EDGE_CURVE('',#6210,#6215,#2351,.T.);
#7536=EDGE_CURVE('',#6211,#6216,#2352,.T.);
#7537=EDGE_CURVE('',#6217,#6218,#2353,.T.);
#7538=EDGE_CURVE('',#6218,#6219,#2354,.T.);
#7539=EDGE_CURVE('',#6220,#6219,#2355,.T.);
#7540=EDGE_CURVE('',#6217,#6220,#2356,.T.);
#7541=EDGE_CURVE('',#6221,#6217,#2357,.T.);
#7542=EDGE_CURVE('',#6222,#6220,#2358,.T.);
#7543=EDGE_CURVE('',#6221,#6222,#2359,.T.);
#7544=EDGE_CURVE('',#6223,#6221,#2360,.T.);
#7545=EDGE_CURVE('',#6224,#6222,#2361,.T.);
#7546=EDGE_CURVE('',#6223,#6224,#2362,.T.);
#7547=EDGE_CURVE('',#6218,#6223,#2363,.T.);
#7548=EDGE_CURVE('',#6219,#6224,#2364,.T.);
#7549=EDGE_CURVE('',#6225,#6226,#2365,.T.);
#7550=EDGE_CURVE('',#6226,#6227,#2366,.T.);
#7551=EDGE_CURVE('',#6228,#6227,#2367,.T.);
#7552=EDGE_CURVE('',#6225,#6228,#2368,.T.);
#7553=EDGE_CURVE('',#6229,#6225,#2369,.T.);
#7554=EDGE_CURVE('',#6230,#6228,#2370,.T.);
#7555=EDGE_CURVE('',#6229,#6230,#2371,.T.);
#7556=EDGE_CURVE('',#6231,#6229,#2372,.T.);
#7557=EDGE_CURVE('',#6232,#6230,#2373,.T.);
#7558=EDGE_CURVE('',#6231,#6232,#2374,.T.);
#7559=EDGE_CURVE('',#6226,#6231,#2375,.T.);
#7560=EDGE_CURVE('',#6227,#6232,#2376,.T.);
#7561=EDGE_CURVE('',#6233,#6234,#2377,.T.);
#7562=EDGE_CURVE('',#6234,#6235,#2378,.T.);
#7563=EDGE_CURVE('',#6236,#6235,#2379,.T.);
#7564=EDGE_CURVE('',#6233,#6236,#2380,.T.);
#7565=EDGE_CURVE('',#6237,#6233,#2381,.T.);
#7566=EDGE_CURVE('',#6238,#6236,#2382,.T.);
#7567=EDGE_CURVE('',#6237,#6238,#2383,.T.);
#7568=EDGE_CURVE('',#6239,#6237,#2384,.T.);
#7569=EDGE_CURVE('',#6240,#6238,#2385,.T.);
#7570=EDGE_CURVE('',#6239,#6240,#2386,.T.);
#7571=EDGE_CURVE('',#6234,#6239,#2387,.T.);
#7572=EDGE_CURVE('',#6235,#6240,#2388,.T.);
#7573=EDGE_CURVE('',#6241,#6242,#2389,.T.);
#7574=EDGE_CURVE('',#6242,#6243,#2390,.T.);
#7575=EDGE_CURVE('',#6244,#6243,#2391,.T.);
#7576=EDGE_CURVE('',#6241,#6244,#2392,.T.);
#7577=EDGE_CURVE('',#6245,#6241,#2393,.T.);
#7578=EDGE_CURVE('',#6246,#6244,#2394,.T.);
#7579=EDGE_CURVE('',#6245,#6246,#2395,.T.);
#7580=EDGE_CURVE('',#6247,#6245,#2396,.T.);
#7581=EDGE_CURVE('',#6248,#6246,#2397,.T.);
#7582=EDGE_CURVE('',#6247,#6248,#2398,.T.);
#7583=EDGE_CURVE('',#6242,#6247,#2399,.T.);
#7584=EDGE_CURVE('',#6243,#6248,#2400,.T.);
#7585=EDGE_CURVE('',#6249,#6250,#2401,.T.);
#7586=EDGE_CURVE('',#6250,#6251,#2402,.T.);
#7587=EDGE_CURVE('',#6252,#6251,#2403,.T.);
#7588=EDGE_CURVE('',#6249,#6252,#2404,.T.);
#7589=EDGE_CURVE('',#6253,#6249,#2405,.T.);
#7590=EDGE_CURVE('',#6254,#6252,#2406,.T.);
#7591=EDGE_CURVE('',#6253,#6254,#2407,.T.);
#7592=EDGE_CURVE('',#6255,#6253,#2408,.T.);
#7593=EDGE_CURVE('',#6256,#6254,#2409,.T.);
#7594=EDGE_CURVE('',#6255,#6256,#2410,.T.);
#7595=EDGE_CURVE('',#6250,#6255,#2411,.T.);
#7596=EDGE_CURVE('',#6251,#6256,#2412,.T.);
#7597=EDGE_CURVE('',#6257,#6258,#2413,.T.);
#7598=EDGE_CURVE('',#6258,#6259,#2414,.T.);
#7599=EDGE_CURVE('',#6260,#6259,#2415,.T.);
#7600=EDGE_CURVE('',#6257,#6260,#2416,.T.);
#7601=EDGE_CURVE('',#6261,#6257,#2417,.T.);
#7602=EDGE_CURVE('',#6262,#6260,#2418,.T.);
#7603=EDGE_CURVE('',#6261,#6262,#2419,.T.);
#7604=EDGE_CURVE('',#6263,#6261,#2420,.T.);
#7605=EDGE_CURVE('',#6264,#6262,#2421,.T.);
#7606=EDGE_CURVE('',#6263,#6264,#2422,.T.);
#7607=EDGE_CURVE('',#6258,#6263,#2423,.T.);
#7608=EDGE_CURVE('',#6259,#6264,#2424,.T.);
#7609=EDGE_CURVE('',#6265,#6266,#2425,.T.);
#7610=EDGE_CURVE('',#6266,#6267,#2426,.T.);
#7611=EDGE_CURVE('',#6268,#6267,#2427,.T.);
#7612=EDGE_CURVE('',#6265,#6268,#2428,.T.);
#7613=EDGE_CURVE('',#6269,#6265,#2429,.T.);
#7614=EDGE_CURVE('',#6270,#6268,#2430,.T.);
#7615=EDGE_CURVE('',#6269,#6270,#2431,.T.);
#7616=EDGE_CURVE('',#6271,#6269,#2432,.T.);
#7617=EDGE_CURVE('',#6272,#6270,#2433,.T.);
#7618=EDGE_CURVE('',#6271,#6272,#2434,.T.);
#7619=EDGE_CURVE('',#6266,#6271,#2435,.T.);
#7620=EDGE_CURVE('',#6267,#6272,#2436,.T.);
#7621=EDGE_CURVE('',#6273,#6274,#2437,.T.);
#7622=EDGE_CURVE('',#6274,#6275,#2438,.T.);
#7623=EDGE_CURVE('',#6276,#6275,#2439,.T.);
#7624=EDGE_CURVE('',#6273,#6276,#2440,.T.);
#7625=EDGE_CURVE('',#6277,#6273,#2441,.T.);
#7626=EDGE_CURVE('',#6278,#6276,#2442,.T.);
#7627=EDGE_CURVE('',#6277,#6278,#2443,.T.);
#7628=EDGE_CURVE('',#6279,#6277,#2444,.T.);
#7629=EDGE_CURVE('',#6280,#6278,#2445,.T.);
#7630=EDGE_CURVE('',#6279,#6280,#2446,.T.);
#7631=EDGE_CURVE('',#6274,#6279,#2447,.T.);
#7632=EDGE_CURVE('',#6275,#6280,#2448,.T.);
#7633=EDGE_CURVE('',#6281,#6282,#2449,.T.);
#7634=EDGE_CURVE('',#6282,#6283,#2450,.T.);
#7635=EDGE_CURVE('',#6284,#6283,#2451,.T.);
#7636=EDGE_CURVE('',#6281,#6284,#2452,.T.);
#7637=EDGE_CURVE('',#6285,#6281,#2453,.T.);
#7638=EDGE_CURVE('',#6286,#6284,#2454,.T.);
#7639=EDGE_CURVE('',#6285,#6286,#2455,.T.);
#7640=EDGE_CURVE('',#6287,#6285,#2456,.T.);
#7641=EDGE_CURVE('',#6288,#6286,#2457,.T.);
#7642=EDGE_CURVE('',#6287,#6288,#2458,.T.);
#7643=EDGE_CURVE('',#6282,#6287,#2459,.T.);
#7644=EDGE_CURVE('',#6283,#6288,#2460,.T.);
#7645=EDGE_CURVE('',#6289,#6290,#2461,.T.);
#7646=EDGE_CURVE('',#6290,#6291,#2462,.T.);
#7647=EDGE_CURVE('',#6292,#6291,#2463,.T.);
#7648=EDGE_CURVE('',#6289,#6292,#2464,.T.);
#7649=EDGE_CURVE('',#6293,#6289,#2465,.T.);
#7650=EDGE_CURVE('',#6294,#6292,#2466,.T.);
#7651=EDGE_CURVE('',#6293,#6294,#2467,.T.);
#7652=EDGE_CURVE('',#6295,#6293,#2468,.T.);
#7653=EDGE_CURVE('',#6296,#6294,#2469,.T.);
#7654=EDGE_CURVE('',#6295,#6296,#2470,.T.);
#7655=EDGE_CURVE('',#6290,#6295,#2471,.T.);
#7656=EDGE_CURVE('',#6291,#6296,#2472,.T.);
#7657=EDGE_CURVE('',#6297,#6298,#2473,.T.);
#7658=EDGE_CURVE('',#6298,#6299,#2474,.T.);
#7659=EDGE_CURVE('',#6300,#6299,#2475,.T.);
#7660=EDGE_CURVE('',#6297,#6300,#2476,.T.);
#7661=EDGE_CURVE('',#6301,#6297,#2477,.T.);
#7662=EDGE_CURVE('',#6302,#6300,#2478,.T.);
#7663=EDGE_CURVE('',#6301,#6302,#2479,.T.);
#7664=EDGE_CURVE('',#6303,#6301,#2480,.T.);
#7665=EDGE_CURVE('',#6304,#6302,#2481,.T.);
#7666=EDGE_CURVE('',#6303,#6304,#2482,.T.);
#7667=EDGE_CURVE('',#6298,#6303,#2483,.T.);
#7668=EDGE_CURVE('',#6299,#6304,#2484,.T.);
#7669=EDGE_CURVE('',#6305,#6306,#2485,.T.);
#7670=EDGE_CURVE('',#6306,#6307,#2486,.T.);
#7671=EDGE_CURVE('',#6308,#6307,#2487,.T.);
#7672=EDGE_CURVE('',#6305,#6308,#2488,.T.);
#7673=EDGE_CURVE('',#6309,#6305,#2489,.T.);
#7674=EDGE_CURVE('',#6310,#6308,#2490,.T.);
#7675=EDGE_CURVE('',#6309,#6310,#2491,.T.);
#7676=EDGE_CURVE('',#6311,#6309,#2492,.T.);
#7677=EDGE_CURVE('',#6312,#6310,#2493,.T.);
#7678=EDGE_CURVE('',#6311,#6312,#2494,.T.);
#7679=EDGE_CURVE('',#6306,#6311,#2495,.T.);
#7680=EDGE_CURVE('',#6307,#6312,#2496,.T.);
#7681=EDGE_CURVE('',#6313,#6314,#2497,.T.);
#7682=EDGE_CURVE('',#6314,#6315,#2498,.T.);
#7683=EDGE_CURVE('',#6316,#6315,#2499,.T.);
#7684=EDGE_CURVE('',#6313,#6316,#2500,.T.);
#7685=EDGE_CURVE('',#6317,#6313,#2501,.T.);
#7686=EDGE_CURVE('',#6318,#6316,#2502,.T.);
#7687=EDGE_CURVE('',#6317,#6318,#2503,.T.);
#7688=EDGE_CURVE('',#6319,#6317,#2504,.T.);
#7689=EDGE_CURVE('',#6320,#6318,#2505,.T.);
#7690=EDGE_CURVE('',#6319,#6320,#2506,.T.);
#7691=EDGE_CURVE('',#6314,#6319,#2507,.T.);
#7692=EDGE_CURVE('',#6315,#6320,#2508,.T.);
#7693=EDGE_CURVE('',#6321,#6322,#2509,.T.);
#7694=EDGE_CURVE('',#6322,#6323,#2510,.T.);
#7695=EDGE_CURVE('',#6324,#6323,#2511,.T.);
#7696=EDGE_CURVE('',#6321,#6324,#2512,.T.);
#7697=EDGE_CURVE('',#6325,#6321,#2513,.T.);
#7698=EDGE_CURVE('',#6326,#6324,#2514,.T.);
#7699=EDGE_CURVE('',#6325,#6326,#2515,.T.);
#7700=EDGE_CURVE('',#6327,#6325,#2516,.T.);
#7701=EDGE_CURVE('',#6328,#6326,#2517,.T.);
#7702=EDGE_CURVE('',#6327,#6328,#2518,.T.);
#7703=EDGE_CURVE('',#6322,#6327,#2519,.T.);
#7704=EDGE_CURVE('',#6323,#6328,#2520,.T.);
#7705=EDGE_CURVE('',#6329,#6330,#2521,.T.);
#7706=EDGE_CURVE('',#6330,#6331,#2522,.T.);
#7707=EDGE_CURVE('',#6332,#6331,#2523,.T.);
#7708=EDGE_CURVE('',#6329,#6332,#2524,.T.);
#7709=EDGE_CURVE('',#6333,#6329,#2525,.T.);
#7710=EDGE_CURVE('',#6334,#6332,#2526,.T.);
#7711=EDGE_CURVE('',#6333,#6334,#2527,.T.);
#7712=EDGE_CURVE('',#6335,#6333,#2528,.T.);
#7713=EDGE_CURVE('',#6336,#6334,#2529,.T.);
#7714=EDGE_CURVE('',#6335,#6336,#2530,.T.);
#7715=EDGE_CURVE('',#6330,#6335,#2531,.T.);
#7716=EDGE_CURVE('',#6331,#6336,#2532,.T.);
#7717=EDGE_CURVE('',#6337,#6338,#2533,.T.);
#7718=EDGE_CURVE('',#6338,#6339,#2534,.T.);
#7719=EDGE_CURVE('',#6340,#6339,#2535,.T.);
#7720=EDGE_CURVE('',#6337,#6340,#2536,.T.);
#7721=EDGE_CURVE('',#6341,#6337,#2537,.T.);
#7722=EDGE_CURVE('',#6342,#6340,#2538,.T.);
#7723=EDGE_CURVE('',#6341,#6342,#2539,.T.);
#7724=EDGE_CURVE('',#6343,#6341,#2540,.T.);
#7725=EDGE_CURVE('',#6344,#6342,#2541,.T.);
#7726=EDGE_CURVE('',#6343,#6344,#2542,.T.);
#7727=EDGE_CURVE('',#6338,#6343,#2543,.T.);
#7728=EDGE_CURVE('',#6339,#6344,#2544,.T.);
#7729=EDGE_CURVE('',#6345,#6346,#2545,.T.);
#7730=EDGE_CURVE('',#6346,#6347,#2546,.T.);
#7731=EDGE_CURVE('',#6348,#6347,#2547,.T.);
#7732=EDGE_CURVE('',#6345,#6348,#2548,.T.);
#7733=EDGE_CURVE('',#6349,#6345,#2549,.T.);
#7734=EDGE_CURVE('',#6350,#6348,#2550,.T.);
#7735=EDGE_CURVE('',#6349,#6350,#2551,.T.);
#7736=EDGE_CURVE('',#6351,#6349,#2552,.T.);
#7737=EDGE_CURVE('',#6352,#6350,#2553,.T.);
#7738=EDGE_CURVE('',#6351,#6352,#2554,.T.);
#7739=EDGE_CURVE('',#6346,#6351,#2555,.T.);
#7740=EDGE_CURVE('',#6347,#6352,#2556,.T.);
#7741=EDGE_CURVE('',#6353,#6354,#2557,.T.);
#7742=EDGE_CURVE('',#6354,#6355,#2558,.T.);
#7743=EDGE_CURVE('',#6356,#6355,#2559,.T.);
#7744=EDGE_CURVE('',#6353,#6356,#2560,.T.);
#7745=EDGE_CURVE('',#6357,#6353,#2561,.T.);
#7746=EDGE_CURVE('',#6358,#6356,#2562,.T.);
#7747=EDGE_CURVE('',#6357,#6358,#2563,.T.);
#7748=EDGE_CURVE('',#6359,#6357,#2564,.T.);
#7749=EDGE_CURVE('',#6360,#6358,#2565,.T.);
#7750=EDGE_CURVE('',#6359,#6360,#2566,.T.);
#7751=EDGE_CURVE('',#6354,#6359,#2567,.T.);
#7752=EDGE_CURVE('',#6355,#6360,#2568,.T.);
#7753=EDGE_CURVE('',#6361,#6362,#2569,.T.);
#7754=EDGE_CURVE('',#6362,#6363,#2570,.T.);
#7755=EDGE_CURVE('',#6364,#6363,#2571,.T.);
#7756=EDGE_CURVE('',#6361,#6364,#2572,.T.);
#7757=EDGE_CURVE('',#6365,#6361,#2573,.T.);
#7758=EDGE_CURVE('',#6366,#6364,#2574,.T.);
#7759=EDGE_CURVE('',#6365,#6366,#2575,.T.);
#7760=EDGE_CURVE('',#6367,#6365,#2576,.T.);
#7761=EDGE_CURVE('',#6368,#6366,#2577,.T.);
#7762=EDGE_CURVE('',#6367,#6368,#2578,.T.);
#7763=EDGE_CURVE('',#6362,#6367,#2579,.T.);
#7764=EDGE_CURVE('',#6363,#6368,#2580,.T.);
#7765=EDGE_CURVE('',#6369,#6370,#2581,.T.);
#7766=EDGE_CURVE('',#6370,#6371,#2582,.T.);
#7767=EDGE_CURVE('',#6372,#6371,#2583,.T.);
#7768=EDGE_CURVE('',#6369,#6372,#2584,.T.);
#7769=EDGE_CURVE('',#6373,#6369,#2585,.T.);
#7770=EDGE_CURVE('',#6374,#6372,#2586,.T.);
#7771=EDGE_CURVE('',#6373,#6374,#2587,.T.);
#7772=EDGE_CURVE('',#6375,#6373,#2588,.T.);
#7773=EDGE_CURVE('',#6376,#6374,#2589,.T.);
#7774=EDGE_CURVE('',#6375,#6376,#2590,.T.);
#7775=EDGE_CURVE('',#6370,#6375,#2591,.T.);
#7776=EDGE_CURVE('',#6371,#6376,#2592,.T.);
#7777=EDGE_CURVE('',#6377,#6378,#2593,.T.);
#7778=EDGE_CURVE('',#6378,#6379,#2594,.T.);
#7779=EDGE_CURVE('',#6380,#6379,#2595,.T.);
#7780=EDGE_CURVE('',#6377,#6380,#2596,.T.);
#7781=EDGE_CURVE('',#6381,#6377,#2597,.T.);
#7782=EDGE_CURVE('',#6382,#6380,#2598,.T.);
#7783=EDGE_CURVE('',#6381,#6382,#2599,.T.);
#7784=EDGE_CURVE('',#6383,#6381,#2600,.T.);
#7785=EDGE_CURVE('',#6384,#6382,#2601,.T.);
#7786=EDGE_CURVE('',#6383,#6384,#2602,.T.);
#7787=EDGE_CURVE('',#6378,#6383,#2603,.T.);
#7788=EDGE_CURVE('',#6379,#6384,#2604,.T.);
#7789=EDGE_CURVE('',#6385,#6386,#2605,.T.);
#7790=EDGE_CURVE('',#6386,#6387,#2606,.T.);
#7791=EDGE_CURVE('',#6388,#6387,#2607,.T.);
#7792=EDGE_CURVE('',#6385,#6388,#2608,.T.);
#7793=EDGE_CURVE('',#6389,#6385,#2609,.T.);
#7794=EDGE_CURVE('',#6390,#6388,#2610,.T.);
#7795=EDGE_CURVE('',#6389,#6390,#2611,.T.);
#7796=EDGE_CURVE('',#6391,#6389,#2612,.T.);
#7797=EDGE_CURVE('',#6392,#6390,#2613,.T.);
#7798=EDGE_CURVE('',#6391,#6392,#2614,.T.);
#7799=EDGE_CURVE('',#6386,#6391,#2615,.T.);
#7800=EDGE_CURVE('',#6387,#6392,#2616,.T.);
#7801=EDGE_CURVE('',#6393,#6394,#2617,.T.);
#7802=EDGE_CURVE('',#6394,#6395,#2618,.T.);
#7803=EDGE_CURVE('',#6396,#6395,#2619,.T.);
#7804=EDGE_CURVE('',#6393,#6396,#2620,.T.);
#7805=EDGE_CURVE('',#6397,#6393,#2621,.T.);
#7806=EDGE_CURVE('',#6398,#6396,#2622,.T.);
#7807=EDGE_CURVE('',#6397,#6398,#2623,.T.);
#7808=EDGE_CURVE('',#6399,#6397,#2624,.T.);
#7809=EDGE_CURVE('',#6400,#6398,#2625,.T.);
#7810=EDGE_CURVE('',#6399,#6400,#2626,.T.);
#7811=EDGE_CURVE('',#6394,#6399,#2627,.T.);
#7812=EDGE_CURVE('',#6395,#6400,#2628,.T.);
#7813=EDGE_CURVE('',#6401,#6402,#2629,.T.);
#7814=EDGE_CURVE('',#6402,#6403,#2630,.T.);
#7815=EDGE_CURVE('',#6404,#6403,#2631,.T.);
#7816=EDGE_CURVE('',#6401,#6404,#2632,.T.);
#7817=EDGE_CURVE('',#6405,#6401,#2633,.T.);
#7818=EDGE_CURVE('',#6406,#6404,#2634,.T.);
#7819=EDGE_CURVE('',#6405,#6406,#2635,.T.);
#7820=EDGE_CURVE('',#6407,#6405,#2636,.T.);
#7821=EDGE_CURVE('',#6408,#6406,#2637,.T.);
#7822=EDGE_CURVE('',#6407,#6408,#2638,.T.);
#7823=EDGE_CURVE('',#6402,#6407,#2639,.T.);
#7824=EDGE_CURVE('',#6403,#6408,#2640,.T.);
#7825=EDGE_CURVE('',#6409,#6410,#2641,.T.);
#7826=EDGE_CURVE('',#6410,#6411,#2642,.T.);
#7827=EDGE_CURVE('',#6412,#6411,#2643,.T.);
#7828=EDGE_CURVE('',#6409,#6412,#2644,.T.);
#7829=EDGE_CURVE('',#6413,#6409,#2645,.T.);
#7830=EDGE_CURVE('',#6414,#6412,#2646,.T.);
#7831=EDGE_CURVE('',#6413,#6414,#2647,.T.);
#7832=EDGE_CURVE('',#6415,#6413,#2648,.T.);
#7833=EDGE_CURVE('',#6416,#6414,#2649,.T.);
#7834=EDGE_CURVE('',#6415,#6416,#2650,.T.);
#7835=EDGE_CURVE('',#6410,#6415,#2651,.T.);
#7836=EDGE_CURVE('',#6411,#6416,#2652,.T.);
#7837=EDGE_CURVE('',#6417,#6418,#2653,.T.);
#7838=EDGE_CURVE('',#6418,#6419,#2654,.T.);
#7839=EDGE_CURVE('',#6420,#6419,#2655,.T.);
#7840=EDGE_CURVE('',#6417,#6420,#2656,.T.);
#7841=EDGE_CURVE('',#6421,#6417,#2657,.T.);
#7842=EDGE_CURVE('',#6422,#6420,#2658,.T.);
#7843=EDGE_CURVE('',#6421,#6422,#2659,.T.);
#7844=EDGE_CURVE('',#6423,#6421,#2660,.T.);
#7845=EDGE_CURVE('',#6424,#6422,#2661,.T.);
#7846=EDGE_CURVE('',#6423,#6424,#2662,.T.);
#7847=EDGE_CURVE('',#6418,#6423,#2663,.T.);
#7848=EDGE_CURVE('',#6419,#6424,#2664,.T.);
#7849=EDGE_CURVE('',#6425,#6426,#2665,.T.);
#7850=EDGE_CURVE('',#6426,#6427,#2666,.T.);
#7851=EDGE_CURVE('',#6428,#6427,#2667,.T.);
#7852=EDGE_CURVE('',#6425,#6428,#2668,.T.);
#7853=EDGE_CURVE('',#6429,#6425,#2669,.T.);
#7854=EDGE_CURVE('',#6430,#6428,#2670,.T.);
#7855=EDGE_CURVE('',#6429,#6430,#2671,.T.);
#7856=EDGE_CURVE('',#6431,#6429,#2672,.T.);
#7857=EDGE_CURVE('',#6432,#6430,#2673,.T.);
#7858=EDGE_CURVE('',#6431,#6432,#2674,.T.);
#7859=EDGE_CURVE('',#6426,#6431,#2675,.T.);
#7860=EDGE_CURVE('',#6427,#6432,#2676,.T.);
#7861=EDGE_CURVE('',#6433,#6434,#2677,.T.);
#7862=EDGE_CURVE('',#6434,#6435,#2678,.T.);
#7863=EDGE_CURVE('',#6436,#6435,#2679,.T.);
#7864=EDGE_CURVE('',#6433,#6436,#2680,.T.);
#7865=EDGE_CURVE('',#6437,#6433,#2681,.T.);
#7866=EDGE_CURVE('',#6438,#6436,#2682,.T.);
#7867=EDGE_CURVE('',#6437,#6438,#2683,.T.);
#7868=EDGE_CURVE('',#6439,#6437,#2684,.T.);
#7869=EDGE_CURVE('',#6440,#6438,#2685,.T.);
#7870=EDGE_CURVE('',#6439,#6440,#2686,.T.);
#7871=EDGE_CURVE('',#6434,#6439,#2687,.T.);
#7872=EDGE_CURVE('',#6435,#6440,#2688,.T.);
#7873=EDGE_CURVE('',#6441,#6442,#2689,.T.);
#7874=EDGE_CURVE('',#6442,#6443,#2690,.T.);
#7875=EDGE_CURVE('',#6444,#6443,#2691,.T.);
#7876=EDGE_CURVE('',#6441,#6444,#2692,.T.);
#7877=EDGE_CURVE('',#6445,#6441,#2693,.T.);
#7878=EDGE_CURVE('',#6446,#6444,#2694,.T.);
#7879=EDGE_CURVE('',#6445,#6446,#2695,.T.);
#7880=EDGE_CURVE('',#6447,#6445,#2696,.T.);
#7881=EDGE_CURVE('',#6448,#6446,#2697,.T.);
#7882=EDGE_CURVE('',#6447,#6448,#2698,.T.);
#7883=EDGE_CURVE('',#6442,#6447,#2699,.T.);
#7884=EDGE_CURVE('',#6443,#6448,#2700,.T.);
#7885=EDGE_CURVE('',#6449,#6450,#2701,.T.);
#7886=EDGE_CURVE('',#6450,#6451,#2702,.T.);
#7887=EDGE_CURVE('',#6452,#6451,#2703,.T.);
#7888=EDGE_CURVE('',#6449,#6452,#2704,.T.);
#7889=EDGE_CURVE('',#6453,#6449,#2705,.T.);
#7890=EDGE_CURVE('',#6454,#6452,#2706,.T.);
#7891=EDGE_CURVE('',#6453,#6454,#2707,.T.);
#7892=EDGE_CURVE('',#6455,#6453,#2708,.T.);
#7893=EDGE_CURVE('',#6456,#6454,#2709,.T.);
#7894=EDGE_CURVE('',#6455,#6456,#2710,.T.);
#7895=EDGE_CURVE('',#6450,#6455,#2711,.T.);
#7896=EDGE_CURVE('',#6451,#6456,#2712,.T.);
#7897=EDGE_CURVE('',#6457,#6458,#2713,.T.);
#7898=EDGE_CURVE('',#6458,#6459,#2714,.T.);
#7899=EDGE_CURVE('',#6460,#6459,#2715,.T.);
#7900=EDGE_CURVE('',#6457,#6460,#2716,.T.);
#7901=EDGE_CURVE('',#6461,#6457,#2717,.T.);
#7902=EDGE_CURVE('',#6462,#6460,#2718,.T.);
#7903=EDGE_CURVE('',#6461,#6462,#2719,.T.);
#7904=EDGE_CURVE('',#6463,#6461,#2720,.T.);
#7905=EDGE_CURVE('',#6464,#6462,#2721,.T.);
#7906=EDGE_CURVE('',#6463,#6464,#2722,.T.);
#7907=EDGE_CURVE('',#6458,#6463,#2723,.T.);
#7908=EDGE_CURVE('',#6459,#6464,#2724,.T.);
#7909=EDGE_CURVE('',#6465,#6466,#2725,.T.);
#7910=EDGE_CURVE('',#6466,#6467,#2726,.T.);
#7911=EDGE_CURVE('',#6468,#6467,#2727,.T.);
#7912=EDGE_CURVE('',#6465,#6468,#2728,.T.);
#7913=EDGE_CURVE('',#6469,#6465,#2729,.T.);
#7914=EDGE_CURVE('',#6470,#6468,#2730,.T.);
#7915=EDGE_CURVE('',#6469,#6470,#2731,.T.);
#7916=EDGE_CURVE('',#6471,#6469,#2732,.T.);
#7917=EDGE_CURVE('',#6472,#6470,#2733,.T.);
#7918=EDGE_CURVE('',#6471,#6472,#2734,.T.);
#7919=EDGE_CURVE('',#6466,#6471,#2735,.T.);
#7920=EDGE_CURVE('',#6467,#6472,#2736,.T.);
#7921=EDGE_CURVE('',#6473,#6474,#2737,.T.);
#7922=EDGE_CURVE('',#6474,#6475,#2738,.T.);
#7923=EDGE_CURVE('',#6476,#6475,#2739,.T.);
#7924=EDGE_CURVE('',#6473,#6476,#2740,.T.);
#7925=EDGE_CURVE('',#6477,#6473,#2741,.T.);
#7926=EDGE_CURVE('',#6478,#6476,#2742,.T.);
#7927=EDGE_CURVE('',#6477,#6478,#2743,.T.);
#7928=EDGE_CURVE('',#6479,#6477,#2744,.T.);
#7929=EDGE_CURVE('',#6480,#6478,#2745,.T.);
#7930=EDGE_CURVE('',#6479,#6480,#2746,.T.);
#7931=EDGE_CURVE('',#6474,#6479,#2747,.T.);
#7932=EDGE_CURVE('',#6475,#6480,#2748,.T.);
#7933=EDGE_CURVE('',#6481,#6482,#2749,.T.);
#7934=EDGE_CURVE('',#6482,#6483,#2750,.T.);
#7935=EDGE_CURVE('',#6484,#6483,#2751,.T.);
#7936=EDGE_CURVE('',#6481,#6484,#2752,.T.);
#7937=EDGE_CURVE('',#6485,#6481,#2753,.T.);
#7938=EDGE_CURVE('',#6486,#6484,#2754,.T.);
#7939=EDGE_CURVE('',#6485,#6486,#2755,.T.);
#7940=EDGE_CURVE('',#6487,#6485,#2756,.T.);
#7941=EDGE_CURVE('',#6488,#6486,#2757,.T.);
#7942=EDGE_CURVE('',#6487,#6488,#2758,.T.);
#7943=EDGE_CURVE('',#6482,#6487,#2759,.T.);
#7944=EDGE_CURVE('',#6483,#6488,#2760,.T.);
#7945=EDGE_CURVE('',#6489,#6490,#2761,.T.);
#7946=EDGE_CURVE('',#6490,#6491,#2762,.T.);
#7947=EDGE_CURVE('',#6492,#6491,#2763,.T.);
#7948=EDGE_CURVE('',#6489,#6492,#2764,.T.);
#7949=EDGE_CURVE('',#6493,#6489,#2765,.T.);
#7950=EDGE_CURVE('',#6494,#6492,#2766,.T.);
#7951=EDGE_CURVE('',#6493,#6494,#2767,.T.);
#7952=EDGE_CURVE('',#6495,#6493,#2768,.T.);
#7953=EDGE_CURVE('',#6496,#6494,#2769,.T.);
#7954=EDGE_CURVE('',#6495,#6496,#2770,.T.);
#7955=EDGE_CURVE('',#6490,#6495,#2771,.T.);
#7956=EDGE_CURVE('',#6491,#6496,#2772,.T.);
#7957=EDGE_CURVE('',#6497,#6498,#2773,.T.);
#7958=EDGE_CURVE('',#6498,#6499,#2774,.T.);
#7959=EDGE_CURVE('',#6500,#6499,#2775,.T.);
#7960=EDGE_CURVE('',#6497,#6500,#2776,.T.);
#7961=EDGE_CURVE('',#6501,#6497,#2777,.T.);
#7962=EDGE_CURVE('',#6502,#6500,#2778,.T.);
#7963=EDGE_CURVE('',#6501,#6502,#2779,.T.);
#7964=EDGE_CURVE('',#6503,#6501,#2780,.T.);
#7965=EDGE_CURVE('',#6504,#6502,#2781,.T.);
#7966=EDGE_CURVE('',#6503,#6504,#2782,.T.);
#7967=EDGE_CURVE('',#6498,#6503,#2783,.T.);
#7968=EDGE_CURVE('',#6499,#6504,#2784,.T.);
#7969=EDGE_CURVE('',#6505,#6506,#2785,.T.);
#7970=EDGE_CURVE('',#6506,#6507,#2786,.T.);
#7971=EDGE_CURVE('',#6508,#6507,#2787,.T.);
#7972=EDGE_CURVE('',#6505,#6508,#2788,.T.);
#7973=EDGE_CURVE('',#6509,#6505,#2789,.T.);
#7974=EDGE_CURVE('',#6510,#6508,#2790,.T.);
#7975=EDGE_CURVE('',#6509,#6510,#2791,.T.);
#7976=EDGE_CURVE('',#6511,#6509,#2792,.T.);
#7977=EDGE_CURVE('',#6512,#6510,#2793,.T.);
#7978=EDGE_CURVE('',#6511,#6512,#2794,.T.);
#7979=EDGE_CURVE('',#6506,#6511,#2795,.T.);
#7980=EDGE_CURVE('',#6507,#6512,#2796,.T.);
#7981=EDGE_CURVE('',#6513,#6514,#2797,.T.);
#7982=EDGE_CURVE('',#6514,#6515,#2798,.T.);
#7983=EDGE_CURVE('',#6516,#6515,#2799,.T.);
#7984=EDGE_CURVE('',#6513,#6516,#2800,.T.);
#7985=EDGE_CURVE('',#6517,#6513,#2801,.T.);
#7986=EDGE_CURVE('',#6518,#6516,#2802,.T.);
#7987=EDGE_CURVE('',#6517,#6518,#2803,.T.);
#7988=EDGE_CURVE('',#6519,#6517,#2804,.T.);
#7989=EDGE_CURVE('',#6520,#6518,#2805,.T.);
#7990=EDGE_CURVE('',#6519,#6520,#2806,.T.);
#7991=EDGE_CURVE('',#6514,#6519,#2807,.T.);
#7992=EDGE_CURVE('',#6515,#6520,#2808,.T.);
#7993=EDGE_CURVE('',#6521,#6522,#2809,.T.);
#7994=EDGE_CURVE('',#6522,#6523,#2810,.T.);
#7995=EDGE_CURVE('',#6524,#6523,#2811,.T.);
#7996=EDGE_CURVE('',#6521,#6524,#2812,.T.);
#7997=EDGE_CURVE('',#6525,#6521,#2813,.T.);
#7998=EDGE_CURVE('',#6526,#6524,#2814,.T.);
#7999=EDGE_CURVE('',#6525,#6526,#2815,.T.);
#8000=EDGE_CURVE('',#6527,#6525,#2816,.T.);
#8001=EDGE_CURVE('',#6528,#6526,#2817,.T.);
#8002=EDGE_CURVE('',#6527,#6528,#2818,.T.);
#8003=EDGE_CURVE('',#6522,#6527,#2819,.T.);
#8004=EDGE_CURVE('',#6523,#6528,#2820,.T.);
#8005=EDGE_CURVE('',#6529,#6530,#2821,.T.);
#8006=EDGE_CURVE('',#6530,#6531,#2822,.T.);
#8007=EDGE_CURVE('',#6532,#6531,#2823,.T.);
#8008=EDGE_CURVE('',#6529,#6532,#2824,.T.);
#8009=EDGE_CURVE('',#6533,#6529,#2825,.T.);
#8010=EDGE_CURVE('',#6534,#6532,#2826,.T.);
#8011=EDGE_CURVE('',#6533,#6534,#2827,.T.);
#8012=EDGE_CURVE('',#6535,#6533,#2828,.T.);
#8013=EDGE_CURVE('',#6536,#6534,#2829,.T.);
#8014=EDGE_CURVE('',#6535,#6536,#2830,.T.);
#8015=EDGE_CURVE('',#6530,#6535,#2831,.T.);
#8016=EDGE_CURVE('',#6531,#6536,#2832,.T.);
#8017=EDGE_CURVE('',#6537,#6538,#2833,.T.);
#8018=EDGE_CURVE('',#6538,#6539,#2834,.T.);
#8019=EDGE_CURVE('',#6540,#6539,#2835,.T.);
#8020=EDGE_CURVE('',#6537,#6540,#2836,.T.);
#8021=EDGE_CURVE('',#6541,#6537,#2837,.T.);
#8022=EDGE_CURVE('',#6542,#6540,#2838,.T.);
#8023=EDGE_CURVE('',#6541,#6542,#2839,.T.);
#8024=EDGE_CURVE('',#6543,#6541,#2840,.T.);
#8025=EDGE_CURVE('',#6544,#6542,#2841,.T.);
#8026=EDGE_CURVE('',#6543,#6544,#2842,.T.);
#8027=EDGE_CURVE('',#6538,#6543,#2843,.T.);
#8028=EDGE_CURVE('',#6539,#6544,#2844,.T.);
#8029=EDGE_CURVE('',#6545,#6546,#2845,.T.);
#8030=EDGE_CURVE('',#6546,#6547,#2846,.T.);
#8031=EDGE_CURVE('',#6548,#6547,#2847,.T.);
#8032=EDGE_CURVE('',#6545,#6548,#2848,.T.);
#8033=EDGE_CURVE('',#6549,#6545,#2849,.T.);
#8034=EDGE_CURVE('',#6550,#6548,#2850,.T.);
#8035=EDGE_CURVE('',#6549,#6550,#2851,.T.);
#8036=EDGE_CURVE('',#6551,#6549,#2852,.T.);
#8037=EDGE_CURVE('',#6552,#6550,#2853,.T.);
#8038=EDGE_CURVE('',#6551,#6552,#2854,.T.);
#8039=EDGE_CURVE('',#6546,#6551,#2855,.T.);
#8040=EDGE_CURVE('',#6547,#6552,#2856,.T.);
#8041=EDGE_CURVE('',#6553,#6554,#2857,.T.);
#8042=EDGE_CURVE('',#6554,#6555,#2858,.T.);
#8043=EDGE_CURVE('',#6556,#6555,#2859,.T.);
#8044=EDGE_CURVE('',#6553,#6556,#2860,.T.);
#8045=EDGE_CURVE('',#6557,#6553,#2861,.T.);
#8046=EDGE_CURVE('',#6558,#6556,#2862,.T.);
#8047=EDGE_CURVE('',#6557,#6558,#2863,.T.);
#8048=EDGE_CURVE('',#6559,#6557,#2864,.T.);
#8049=EDGE_CURVE('',#6560,#6558,#2865,.T.);
#8050=EDGE_CURVE('',#6559,#6560,#2866,.T.);
#8051=EDGE_CURVE('',#6554,#6559,#2867,.T.);
#8052=EDGE_CURVE('',#6555,#6560,#2868,.T.);
#8053=EDGE_CURVE('',#6561,#6562,#2869,.T.);
#8054=EDGE_CURVE('',#6562,#6563,#2870,.T.);
#8055=EDGE_CURVE('',#6564,#6563,#2871,.T.);
#8056=EDGE_CURVE('',#6561,#6564,#2872,.T.);
#8057=EDGE_CURVE('',#6565,#6561,#2873,.T.);
#8058=EDGE_CURVE('',#6566,#6564,#2874,.T.);
#8059=EDGE_CURVE('',#6565,#6566,#2875,.T.);
#8060=EDGE_CURVE('',#6567,#6565,#2876,.T.);
#8061=EDGE_CURVE('',#6568,#6566,#2877,.T.);
#8062=EDGE_CURVE('',#6567,#6568,#2878,.T.);
#8063=EDGE_CURVE('',#6562,#6567,#2879,.T.);
#8064=EDGE_CURVE('',#6563,#6568,#2880,.T.);
#8065=EDGE_CURVE('',#6569,#6570,#2881,.T.);
#8066=EDGE_CURVE('',#6570,#6571,#2882,.T.);
#8067=EDGE_CURVE('',#6572,#6571,#2883,.T.);
#8068=EDGE_CURVE('',#6569,#6572,#2884,.T.);
#8069=EDGE_CURVE('',#6573,#6569,#2885,.T.);
#8070=EDGE_CURVE('',#6574,#6572,#2886,.T.);
#8071=EDGE_CURVE('',#6573,#6574,#2887,.T.);
#8072=EDGE_CURVE('',#6575,#6573,#2888,.T.);
#8073=EDGE_CURVE('',#6576,#6574,#2889,.T.);
#8074=EDGE_CURVE('',#6575,#6576,#2890,.T.);
#8075=EDGE_CURVE('',#6570,#6575,#2891,.T.);
#8076=EDGE_CURVE('',#6571,#6576,#2892,.T.);
#8077=EDGE_CURVE('',#6577,#6578,#2893,.T.);
#8078=EDGE_CURVE('',#6578,#6579,#2894,.T.);
#8079=EDGE_CURVE('',#6580,#6579,#2895,.T.);
#8080=EDGE_CURVE('',#6577,#6580,#2896,.T.);
#8081=EDGE_CURVE('',#6581,#6577,#2897,.T.);
#8082=EDGE_CURVE('',#6582,#6580,#2898,.T.);
#8083=EDGE_CURVE('',#6581,#6582,#2899,.T.);
#8084=EDGE_CURVE('',#6583,#6581,#2900,.T.);
#8085=EDGE_CURVE('',#6584,#6582,#2901,.T.);
#8086=EDGE_CURVE('',#6583,#6584,#2902,.T.);
#8087=EDGE_CURVE('',#6578,#6583,#2903,.T.);
#8088=EDGE_CURVE('',#6579,#6584,#2904,.T.);
#8089=EDGE_CURVE('',#6585,#6586,#2905,.T.);
#8090=EDGE_CURVE('',#6586,#6587,#2906,.T.);
#8091=EDGE_CURVE('',#6588,#6587,#2907,.T.);
#8092=EDGE_CURVE('',#6585,#6588,#2908,.T.);
#8093=EDGE_CURVE('',#6589,#6585,#2909,.T.);
#8094=EDGE_CURVE('',#6590,#6588,#2910,.T.);
#8095=EDGE_CURVE('',#6589,#6590,#2911,.T.);
#8096=EDGE_CURVE('',#6591,#6589,#2912,.T.);
#8097=EDGE_CURVE('',#6592,#6590,#2913,.T.);
#8098=EDGE_CURVE('',#6591,#6592,#2914,.T.);
#8099=EDGE_CURVE('',#6586,#6591,#2915,.T.);
#8100=EDGE_CURVE('',#6587,#6592,#2916,.T.);
#8101=EDGE_CURVE('',#6593,#6594,#2917,.T.);
#8102=EDGE_CURVE('',#6594,#6595,#2918,.T.);
#8103=EDGE_CURVE('',#6596,#6595,#2919,.T.);
#8104=EDGE_CURVE('',#6593,#6596,#2920,.T.);
#8105=EDGE_CURVE('',#6597,#6593,#2921,.T.);
#8106=EDGE_CURVE('',#6598,#6596,#2922,.T.);
#8107=EDGE_CURVE('',#6597,#6598,#2923,.T.);
#8108=EDGE_CURVE('',#6599,#6597,#2924,.T.);
#8109=EDGE_CURVE('',#6600,#6598,#2925,.T.);
#8110=EDGE_CURVE('',#6599,#6600,#2926,.T.);
#8111=EDGE_CURVE('',#6594,#6599,#2927,.T.);
#8112=EDGE_CURVE('',#6595,#6600,#2928,.T.);
#8113=EDGE_CURVE('',#6601,#6602,#2929,.T.);
#8114=EDGE_CURVE('',#6602,#6603,#2930,.T.);
#8115=EDGE_CURVE('',#6604,#6603,#2931,.T.);
#8116=EDGE_CURVE('',#6601,#6604,#2932,.T.);
#8117=EDGE_CURVE('',#6605,#6601,#2933,.T.);
#8118=EDGE_CURVE('',#6606,#6604,#2934,.T.);
#8119=EDGE_CURVE('',#6605,#6606,#2935,.T.);
#8120=EDGE_CURVE('',#6607,#6605,#2936,.T.);
#8121=EDGE_CURVE('',#6608,#6606,#2937,.T.);
#8122=EDGE_CURVE('',#6607,#6608,#2938,.T.);
#8123=EDGE_CURVE('',#6602,#6607,#2939,.T.);
#8124=EDGE_CURVE('',#6603,#6608,#2940,.T.);
#8125=EDGE_CURVE('',#6609,#6610,#2941,.T.);
#8126=EDGE_CURVE('',#6610,#6611,#2942,.T.);
#8127=EDGE_CURVE('',#6612,#6611,#2943,.T.);
#8128=EDGE_CURVE('',#6609,#6612,#2944,.T.);
#8129=EDGE_CURVE('',#6613,#6609,#2945,.T.);
#8130=EDGE_CURVE('',#6614,#6612,#2946,.T.);
#8131=EDGE_CURVE('',#6613,#6614,#2947,.T.);
#8132=EDGE_CURVE('',#6615,#6613,#2948,.T.);
#8133=EDGE_CURVE('',#6616,#6614,#2949,.T.);
#8134=EDGE_CURVE('',#6615,#6616,#2950,.T.);
#8135=EDGE_CURVE('',#6610,#6615,#2951,.T.);
#8136=EDGE_CURVE('',#6611,#6616,#2952,.T.);
#8137=EDGE_CURVE('',#6617,#6618,#2953,.T.);
#8138=EDGE_CURVE('',#6618,#6619,#2954,.T.);
#8139=EDGE_CURVE('',#6620,#6619,#2955,.T.);
#8140=EDGE_CURVE('',#6617,#6620,#2956,.T.);
#8141=EDGE_CURVE('',#6621,#6617,#2957,.T.);
#8142=EDGE_CURVE('',#6622,#6620,#2958,.T.);
#8143=EDGE_CURVE('',#6621,#6622,#2959,.T.);
#8144=EDGE_CURVE('',#6623,#6621,#2960,.T.);
#8145=EDGE_CURVE('',#6624,#6622,#2961,.T.);
#8146=EDGE_CURVE('',#6623,#6624,#2962,.T.);
#8147=EDGE_CURVE('',#6618,#6623,#2963,.T.);
#8148=EDGE_CURVE('',#6619,#6624,#2964,.T.);
#8149=EDGE_CURVE('',#6625,#6626,#2965,.T.);
#8150=EDGE_CURVE('',#6626,#6627,#2966,.T.);
#8151=EDGE_CURVE('',#6628,#6627,#2967,.T.);
#8152=EDGE_CURVE('',#6625,#6628,#2968,.T.);
#8153=EDGE_CURVE('',#6629,#6625,#2969,.T.);
#8154=EDGE_CURVE('',#6630,#6628,#2970,.T.);
#8155=EDGE_CURVE('',#6629,#6630,#2971,.T.);
#8156=EDGE_CURVE('',#6631,#6629,#2972,.T.);
#8157=EDGE_CURVE('',#6632,#6630,#2973,.T.);
#8158=EDGE_CURVE('',#6631,#6632,#2974,.T.);
#8159=EDGE_CURVE('',#6626,#6631,#2975,.T.);
#8160=EDGE_CURVE('',#6627,#6632,#2976,.T.);
#8161=EDGE_CURVE('',#6633,#6634,#2977,.T.);
#8162=EDGE_CURVE('',#6634,#6635,#2978,.T.);
#8163=EDGE_CURVE('',#6636,#6635,#2979,.T.);
#8164=EDGE_CURVE('',#6633,#6636,#2980,.T.);
#8165=EDGE_CURVE('',#6637,#6633,#2981,.T.);
#8166=EDGE_CURVE('',#6638,#6636,#2982,.T.);
#8167=EDGE_CURVE('',#6637,#6638,#2983,.T.);
#8168=EDGE_CURVE('',#6639,#6637,#2984,.T.);
#8169=EDGE_CURVE('',#6640,#6638,#2985,.T.);
#8170=EDGE_CURVE('',#6639,#6640,#2986,.T.);
#8171=EDGE_CURVE('',#6634,#6639,#2987,.T.);
#8172=EDGE_CURVE('',#6635,#6640,#2988,.T.);
#8173=EDGE_CURVE('',#6641,#6642,#2989,.T.);
#8174=EDGE_CURVE('',#6642,#6643,#2990,.T.);
#8175=EDGE_CURVE('',#6644,#6643,#2991,.T.);
#8176=EDGE_CURVE('',#6641,#6644,#2992,.T.);
#8177=EDGE_CURVE('',#6645,#6641,#2993,.T.);
#8178=EDGE_CURVE('',#6646,#6644,#2994,.T.);
#8179=EDGE_CURVE('',#6645,#6646,#2995,.T.);
#8180=EDGE_CURVE('',#6647,#6645,#2996,.T.);
#8181=EDGE_CURVE('',#6648,#6646,#2997,.T.);
#8182=EDGE_CURVE('',#6647,#6648,#2998,.T.);
#8183=EDGE_CURVE('',#6642,#6647,#2999,.T.);
#8184=EDGE_CURVE('',#6643,#6648,#3000,.T.);
#8185=EDGE_CURVE('',#6649,#6650,#3001,.T.);
#8186=EDGE_CURVE('',#6650,#6651,#3002,.T.);
#8187=EDGE_CURVE('',#6652,#6651,#3003,.T.);
#8188=EDGE_CURVE('',#6649,#6652,#3004,.T.);
#8189=EDGE_CURVE('',#6653,#6649,#3005,.T.);
#8190=EDGE_CURVE('',#6654,#6652,#3006,.T.);
#8191=EDGE_CURVE('',#6653,#6654,#3007,.T.);
#8192=EDGE_CURVE('',#6655,#6653,#3008,.T.);
#8193=EDGE_CURVE('',#6656,#6654,#3009,.T.);
#8194=EDGE_CURVE('',#6655,#6656,#3010,.T.);
#8195=EDGE_CURVE('',#6650,#6655,#3011,.T.);
#8196=EDGE_CURVE('',#6651,#6656,#3012,.T.);
#8197=EDGE_CURVE('',#6657,#6658,#3013,.T.);
#8198=EDGE_CURVE('',#6658,#6659,#3014,.T.);
#8199=EDGE_CURVE('',#6660,#6659,#3015,.T.);
#8200=EDGE_CURVE('',#6657,#6660,#3016,.T.);
#8201=EDGE_CURVE('',#6661,#6657,#3017,.T.);
#8202=EDGE_CURVE('',#6662,#6660,#3018,.T.);
#8203=EDGE_CURVE('',#6661,#6662,#3019,.T.);
#8204=EDGE_CURVE('',#6663,#6661,#3020,.T.);
#8205=EDGE_CURVE('',#6664,#6662,#3021,.T.);
#8206=EDGE_CURVE('',#6663,#6664,#3022,.T.);
#8207=EDGE_CURVE('',#6658,#6663,#3023,.T.);
#8208=EDGE_CURVE('',#6659,#6664,#3024,.T.);
#8209=EDGE_CURVE('',#6665,#6666,#3025,.T.);
#8210=EDGE_CURVE('',#6666,#6667,#3026,.T.);
#8211=EDGE_CURVE('',#6668,#6667,#3027,.T.);
#8212=EDGE_CURVE('',#6665,#6668,#3028,.T.);
#8213=EDGE_CURVE('',#6669,#6665,#3029,.T.);
#8214=EDGE_CURVE('',#6670,#6668,#3030,.T.);
#8215=EDGE_CURVE('',#6669,#6670,#3031,.T.);
#8216=EDGE_CURVE('',#6671,#6669,#3032,.T.);
#8217=EDGE_CURVE('',#6672,#6670,#3033,.T.);
#8218=EDGE_CURVE('',#6671,#6672,#3034,.T.);
#8219=EDGE_CURVE('',#6666,#6671,#3035,.T.);
#8220=EDGE_CURVE('',#6667,#6672,#3036,.T.);
#8221=EDGE_CURVE('',#6673,#6674,#3037,.T.);
#8222=EDGE_CURVE('',#6674,#6675,#3038,.T.);
#8223=EDGE_CURVE('',#6676,#6675,#3039,.T.);
#8224=EDGE_CURVE('',#6673,#6676,#3040,.T.);
#8225=EDGE_CURVE('',#6677,#6673,#3041,.T.);
#8226=EDGE_CURVE('',#6678,#6676,#3042,.T.);
#8227=EDGE_CURVE('',#6677,#6678,#3043,.T.);
#8228=EDGE_CURVE('',#6679,#6677,#3044,.T.);
#8229=EDGE_CURVE('',#6680,#6678,#3045,.T.);
#8230=EDGE_CURVE('',#6679,#6680,#3046,.T.);
#8231=EDGE_CURVE('',#6674,#6679,#3047,.T.);
#8232=EDGE_CURVE('',#6675,#6680,#3048,.T.);
#8233=EDGE_CURVE('',#6681,#6682,#3049,.T.);
#8234=EDGE_CURVE('',#6682,#6683,#3050,.T.);
#8235=EDGE_CURVE('',#6684,#6683,#3051,.T.);
#8236=EDGE_CURVE('',#6681,#6684,#3052,.T.);
#8237=EDGE_CURVE('',#6685,#6681,#3053,.T.);
#8238=EDGE_CURVE('',#6686,#6684,#3054,.T.);
#8239=EDGE_CURVE('',#6685,#6686,#3055,.T.);
#8240=EDGE_CURVE('',#6687,#6685,#3056,.T.);
#8241=EDGE_CURVE('',#6688,#6686,#3057,.T.);
#8242=EDGE_CURVE('',#6687,#6688,#3058,.T.);
#8243=EDGE_CURVE('',#6682,#6687,#3059,.T.);
#8244=EDGE_CURVE('',#6683,#6688,#3060,.T.);
#8245=EDGE_CURVE('',#6689,#6690,#3061,.T.);
#8246=EDGE_CURVE('',#6690,#6691,#3062,.T.);
#8247=EDGE_CURVE('',#6692,#6691,#3063,.T.);
#8248=EDGE_CURVE('',#6689,#6692,#3064,.T.);
#8249=EDGE_CURVE('',#6693,#6689,#3065,.T.);
#8250=EDGE_CURVE('',#6694,#6692,#3066,.T.);
#8251=EDGE_CURVE('',#6693,#6694,#3067,.T.);
#8252=EDGE_CURVE('',#6695,#6693,#3068,.T.);
#8253=EDGE_CURVE('',#6696,#6694,#3069,.T.);
#8254=EDGE_CURVE('',#6695,#6696,#3070,.T.);
#8255=EDGE_CURVE('',#6690,#6695,#3071,.T.);
#8256=EDGE_CURVE('',#6691,#6696,#3072,.T.);
#8257=EDGE_CURVE('',#6697,#6698,#3073,.T.);
#8258=EDGE_CURVE('',#6698,#6699,#3074,.T.);
#8259=EDGE_CURVE('',#6700,#6699,#3075,.T.);
#8260=EDGE_CURVE('',#6697,#6700,#3076,.T.);
#8261=EDGE_CURVE('',#6701,#6697,#3077,.T.);
#8262=EDGE_CURVE('',#6702,#6700,#3078,.T.);
#8263=EDGE_CURVE('',#6701,#6702,#3079,.T.);
#8264=EDGE_CURVE('',#6703,#6701,#3080,.T.);
#8265=EDGE_CURVE('',#6704,#6702,#3081,.T.);
#8266=EDGE_CURVE('',#6703,#6704,#3082,.T.);
#8267=EDGE_CURVE('',#6698,#6703,#3083,.T.);
#8268=EDGE_CURVE('',#6699,#6704,#3084,.T.);
#8269=EDGE_CURVE('',#6705,#6706,#3085,.T.);
#8270=EDGE_CURVE('',#6706,#6707,#3086,.T.);
#8271=EDGE_CURVE('',#6708,#6707,#3087,.T.);
#8272=EDGE_CURVE('',#6705,#6708,#3088,.T.);
#8273=EDGE_CURVE('',#6709,#6705,#3089,.T.);
#8274=EDGE_CURVE('',#6710,#6708,#3090,.T.);
#8275=EDGE_CURVE('',#6709,#6710,#3091,.T.);
#8276=EDGE_CURVE('',#6711,#6709,#3092,.T.);
#8277=EDGE_CURVE('',#6712,#6710,#3093,.T.);
#8278=EDGE_CURVE('',#6711,#6712,#3094,.T.);
#8279=EDGE_CURVE('',#6706,#6711,#3095,.T.);
#8280=EDGE_CURVE('',#6707,#6712,#3096,.T.);
#8281=EDGE_CURVE('',#6713,#6714,#3097,.T.);
#8282=EDGE_CURVE('',#6714,#6715,#3098,.T.);
#8283=EDGE_CURVE('',#6716,#6715,#3099,.T.);
#8284=EDGE_CURVE('',#6713,#6716,#3100,.T.);
#8285=EDGE_CURVE('',#6717,#6713,#3101,.T.);
#8286=EDGE_CURVE('',#6718,#6716,#3102,.T.);
#8287=EDGE_CURVE('',#6717,#6718,#3103,.T.);
#8288=EDGE_CURVE('',#6719,#6717,#3104,.T.);
#8289=EDGE_CURVE('',#6720,#6718,#3105,.T.);
#8290=EDGE_CURVE('',#6719,#6720,#3106,.T.);
#8291=EDGE_CURVE('',#6714,#6719,#3107,.T.);
#8292=EDGE_CURVE('',#6715,#6720,#3108,.T.);
#8293=EDGE_CURVE('',#6721,#6722,#3109,.T.);
#8294=EDGE_CURVE('',#6722,#6723,#3110,.T.);
#8295=EDGE_CURVE('',#6724,#6723,#3111,.T.);
#8296=EDGE_CURVE('',#6721,#6724,#3112,.T.);
#8297=EDGE_CURVE('',#6725,#6721,#3113,.T.);
#8298=EDGE_CURVE('',#6726,#6724,#3114,.T.);
#8299=EDGE_CURVE('',#6725,#6726,#3115,.T.);
#8300=EDGE_CURVE('',#6727,#6725,#3116,.T.);
#8301=EDGE_CURVE('',#6728,#6726,#3117,.T.);
#8302=EDGE_CURVE('',#6727,#6728,#3118,.T.);
#8303=EDGE_CURVE('',#6722,#6727,#3119,.T.);
#8304=EDGE_CURVE('',#6723,#6728,#3120,.T.);
#8305=EDGE_CURVE('',#6729,#6730,#3121,.T.);
#8306=EDGE_CURVE('',#6730,#6731,#3122,.T.);
#8307=EDGE_CURVE('',#6732,#6731,#3123,.T.);
#8308=EDGE_CURVE('',#6729,#6732,#3124,.T.);
#8309=EDGE_CURVE('',#6733,#6729,#3125,.T.);
#8310=EDGE_CURVE('',#6734,#6732,#3126,.T.);
#8311=EDGE_CURVE('',#6733,#6734,#3127,.T.);
#8312=EDGE_CURVE('',#6735,#6733,#3128,.T.);
#8313=EDGE_CURVE('',#6736,#6734,#3129,.T.);
#8314=EDGE_CURVE('',#6735,#6736,#3130,.T.);
#8315=EDGE_CURVE('',#6730,#6735,#3131,.T.);
#8316=EDGE_CURVE('',#6731,#6736,#3132,.T.);
#8317=EDGE_CURVE('',#6737,#6738,#3133,.T.);
#8318=EDGE_CURVE('',#6738,#6739,#3134,.T.);
#8319=EDGE_CURVE('',#6740,#6739,#3135,.T.);
#8320=EDGE_CURVE('',#6737,#6740,#3136,.T.);
#8321=EDGE_CURVE('',#6741,#6737,#3137,.T.);
#8322=EDGE_CURVE('',#6742,#6740,#3138,.T.);
#8323=EDGE_CURVE('',#6741,#6742,#3139,.T.);
#8324=EDGE_CURVE('',#6743,#6741,#3140,.T.);
#8325=EDGE_CURVE('',#6744,#6742,#3141,.T.);
#8326=EDGE_CURVE('',#6743,#6744,#3142,.T.);
#8327=EDGE_CURVE('',#6738,#6743,#3143,.T.);
#8328=EDGE_CURVE('',#6739,#6744,#3144,.T.);
#8329=EDGE_CURVE('',#6745,#6746,#3145,.T.);
#8330=EDGE_CURVE('',#6746,#6747,#3146,.T.);
#8331=EDGE_CURVE('',#6748,#6747,#3147,.T.);
#8332=EDGE_CURVE('',#6745,#6748,#3148,.T.);
#8333=EDGE_CURVE('',#6749,#6745,#3149,.T.);
#8334=EDGE_CURVE('',#6750,#6748,#3150,.T.);
#8335=EDGE_CURVE('',#6749,#6750,#3151,.T.);
#8336=EDGE_CURVE('',#6751,#6749,#3152,.T.);
#8337=EDGE_CURVE('',#6752,#6750,#3153,.T.);
#8338=EDGE_CURVE('',#6751,#6752,#3154,.T.);
#8339=EDGE_CURVE('',#6746,#6751,#3155,.T.);
#8340=EDGE_CURVE('',#6747,#6752,#3156,.T.);
#8341=EDGE_CURVE('',#6753,#6754,#3157,.T.);
#8342=EDGE_CURVE('',#6754,#6755,#3158,.T.);
#8343=EDGE_CURVE('',#6756,#6755,#3159,.T.);
#8344=EDGE_CURVE('',#6753,#6756,#3160,.T.);
#8345=EDGE_CURVE('',#6757,#6753,#3161,.T.);
#8346=EDGE_CURVE('',#6758,#6756,#3162,.T.);
#8347=EDGE_CURVE('',#6757,#6758,#3163,.T.);
#8348=EDGE_CURVE('',#6759,#6757,#3164,.T.);
#8349=EDGE_CURVE('',#6760,#6758,#3165,.T.);
#8350=EDGE_CURVE('',#6759,#6760,#3166,.T.);
#8351=EDGE_CURVE('',#6754,#6759,#3167,.T.);
#8352=EDGE_CURVE('',#6755,#6760,#3168,.T.);
#8353=EDGE_CURVE('',#6761,#6762,#3169,.T.);
#8354=EDGE_CURVE('',#6762,#6763,#3170,.T.);
#8355=EDGE_CURVE('',#6764,#6763,#3171,.T.);
#8356=EDGE_CURVE('',#6761,#6764,#3172,.T.);
#8357=EDGE_CURVE('',#6765,#6761,#3173,.T.);
#8358=EDGE_CURVE('',#6766,#6764,#3174,.T.);
#8359=EDGE_CURVE('',#6765,#6766,#3175,.T.);
#8360=EDGE_CURVE('',#6767,#6765,#3176,.T.);
#8361=EDGE_CURVE('',#6768,#6766,#3177,.T.);
#8362=EDGE_CURVE('',#6767,#6768,#3178,.T.);
#8363=EDGE_CURVE('',#6762,#6767,#3179,.T.);
#8364=EDGE_CURVE('',#6763,#6768,#3180,.T.);
#8365=EDGE_CURVE('',#6769,#6770,#3181,.T.);
#8366=EDGE_CURVE('',#6770,#6771,#3182,.T.);
#8367=EDGE_CURVE('',#6772,#6771,#3183,.T.);
#8368=EDGE_CURVE('',#6769,#6772,#3184,.T.);
#8369=EDGE_CURVE('',#6773,#6769,#3185,.T.);
#8370=EDGE_CURVE('',#6774,#6772,#3186,.T.);
#8371=EDGE_CURVE('',#6773,#6774,#3187,.T.);
#8372=EDGE_CURVE('',#6775,#6773,#3188,.T.);
#8373=EDGE_CURVE('',#6776,#6774,#3189,.T.);
#8374=EDGE_CURVE('',#6775,#6776,#3190,.T.);
#8375=EDGE_CURVE('',#6770,#6775,#3191,.T.);
#8376=EDGE_CURVE('',#6771,#6776,#3192,.T.);
#8377=EDGE_CURVE('',#6777,#6778,#3193,.T.);
#8378=EDGE_CURVE('',#6778,#6779,#3194,.T.);
#8379=EDGE_CURVE('',#6780,#6779,#3195,.T.);
#8380=EDGE_CURVE('',#6777,#6780,#3196,.T.);
#8381=EDGE_CURVE('',#6781,#6777,#3197,.T.);
#8382=EDGE_CURVE('',#6782,#6780,#3198,.T.);
#8383=EDGE_CURVE('',#6781,#6782,#3199,.T.);
#8384=EDGE_CURVE('',#6783,#6781,#3200,.T.);
#8385=EDGE_CURVE('',#6784,#6782,#3201,.T.);
#8386=EDGE_CURVE('',#6783,#6784,#3202,.T.);
#8387=EDGE_CURVE('',#6778,#6783,#3203,.T.);
#8388=EDGE_CURVE('',#6779,#6784,#3204,.T.);
#8389=EDGE_CURVE('',#6785,#6786,#3205,.T.);
#8390=EDGE_CURVE('',#6786,#6787,#3206,.T.);
#8391=EDGE_CURVE('',#6788,#6787,#3207,.T.);
#8392=EDGE_CURVE('',#6785,#6788,#3208,.T.);
#8393=EDGE_CURVE('',#6789,#6785,#3209,.T.);
#8394=EDGE_CURVE('',#6790,#6788,#3210,.T.);
#8395=EDGE_CURVE('',#6789,#6790,#3211,.T.);
#8396=EDGE_CURVE('',#6791,#6789,#3212,.T.);
#8397=EDGE_CURVE('',#6792,#6790,#3213,.T.);
#8398=EDGE_CURVE('',#6791,#6792,#3214,.T.);
#8399=EDGE_CURVE('',#6786,#6791,#3215,.T.);
#8400=EDGE_CURVE('',#6787,#6792,#3216,.T.);
#8401=EDGE_CURVE('',#6793,#6794,#3217,.T.);
#8402=EDGE_CURVE('',#6794,#6795,#3218,.T.);
#8403=EDGE_CURVE('',#6796,#6795,#3219,.T.);
#8404=EDGE_CURVE('',#6793,#6796,#3220,.T.);
#8405=EDGE_CURVE('',#6797,#6793,#3221,.T.);
#8406=EDGE_CURVE('',#6798,#6796,#3222,.T.);
#8407=EDGE_CURVE('',#6797,#6798,#3223,.T.);
#8408=EDGE_CURVE('',#6799,#6797,#3224,.T.);
#8409=EDGE_CURVE('',#6800,#6798,#3225,.T.);
#8410=EDGE_CURVE('',#6799,#6800,#3226,.T.);
#8411=EDGE_CURVE('',#6794,#6799,#3227,.T.);
#8412=EDGE_CURVE('',#6795,#6800,#3228,.T.);
#8413=EDGE_CURVE('',#6801,#6802,#3229,.T.);
#8414=EDGE_CURVE('',#6802,#6803,#3230,.T.);
#8415=EDGE_CURVE('',#6804,#6803,#3231,.T.);
#8416=EDGE_CURVE('',#6801,#6804,#3232,.T.);
#8417=EDGE_CURVE('',#6805,#6801,#3233,.T.);
#8418=EDGE_CURVE('',#6806,#6804,#3234,.T.);
#8419=EDGE_CURVE('',#6805,#6806,#3235,.T.);
#8420=EDGE_CURVE('',#6807,#6805,#3236,.T.);
#8421=EDGE_CURVE('',#6808,#6806,#3237,.T.);
#8422=EDGE_CURVE('',#6807,#6808,#3238,.T.);
#8423=EDGE_CURVE('',#6802,#6807,#3239,.T.);
#8424=EDGE_CURVE('',#6803,#6808,#3240,.T.);
#8425=EDGE_CURVE('',#6809,#6810,#3241,.T.);
#8426=EDGE_CURVE('',#6810,#6811,#3242,.T.);
#8427=EDGE_CURVE('',#6812,#6811,#3243,.T.);
#8428=EDGE_CURVE('',#6809,#6812,#3244,.T.);
#8429=EDGE_CURVE('',#6813,#6809,#3245,.T.);
#8430=EDGE_CURVE('',#6814,#6812,#3246,.T.);
#8431=EDGE_CURVE('',#6813,#6814,#3247,.T.);
#8432=EDGE_CURVE('',#6815,#6813,#3248,.T.);
#8433=EDGE_CURVE('',#6816,#6814,#3249,.T.);
#8434=EDGE_CURVE('',#6815,#6816,#3250,.T.);
#8435=EDGE_CURVE('',#6810,#6815,#3251,.T.);
#8436=EDGE_CURVE('',#6811,#6816,#3252,.T.);
#8437=EDGE_CURVE('',#6817,#6818,#3253,.T.);
#8438=EDGE_CURVE('',#6818,#6819,#3254,.T.);
#8439=EDGE_CURVE('',#6820,#6819,#3255,.T.);
#8440=EDGE_CURVE('',#6817,#6820,#3256,.T.);
#8441=EDGE_CURVE('',#6821,#6817,#3257,.T.);
#8442=EDGE_CURVE('',#6822,#6820,#3258,.T.);
#8443=EDGE_CURVE('',#6821,#6822,#3259,.T.);
#8444=EDGE_CURVE('',#6823,#6821,#3260,.T.);
#8445=EDGE_CURVE('',#6824,#6822,#3261,.T.);
#8446=EDGE_CURVE('',#6823,#6824,#3262,.T.);
#8447=EDGE_CURVE('',#6818,#6823,#3263,.T.);
#8448=EDGE_CURVE('',#6819,#6824,#3264,.T.);
#8449=EDGE_CURVE('',#6825,#6826,#3265,.T.);
#8450=EDGE_CURVE('',#6826,#6827,#3266,.T.);
#8451=EDGE_CURVE('',#6828,#6827,#3267,.T.);
#8452=EDGE_CURVE('',#6825,#6828,#3268,.T.);
#8453=EDGE_CURVE('',#6829,#6825,#3269,.T.);
#8454=EDGE_CURVE('',#6830,#6828,#3270,.T.);
#8455=EDGE_CURVE('',#6829,#6830,#3271,.T.);
#8456=EDGE_CURVE('',#6831,#6829,#3272,.T.);
#8457=EDGE_CURVE('',#6832,#6830,#3273,.T.);
#8458=EDGE_CURVE('',#6831,#6832,#3274,.T.);
#8459=EDGE_CURVE('',#6826,#6831,#3275,.T.);
#8460=EDGE_CURVE('',#6827,#6832,#3276,.T.);
#8461=EDGE_CURVE('',#6833,#6834,#3277,.T.);
#8462=EDGE_CURVE('',#6834,#6835,#3278,.T.);
#8463=EDGE_CURVE('',#6836,#6835,#3279,.T.);
#8464=EDGE_CURVE('',#6833,#6836,#3280,.T.);
#8465=EDGE_CURVE('',#6837,#6833,#3281,.T.);
#8466=EDGE_CURVE('',#6838,#6836,#3282,.T.);
#8467=EDGE_CURVE('',#6837,#6838,#3283,.T.);
#8468=EDGE_CURVE('',#6839,#6837,#3284,.T.);
#8469=EDGE_CURVE('',#6840,#6838,#3285,.T.);
#8470=EDGE_CURVE('',#6839,#6840,#3286,.T.);
#8471=EDGE_CURVE('',#6834,#6839,#3287,.T.);
#8472=EDGE_CURVE('',#6835,#6840,#3288,.T.);
#8473=EDGE_CURVE('',#6841,#6842,#3289,.T.);
#8474=EDGE_CURVE('',#6842,#6843,#3290,.T.);
#8475=EDGE_CURVE('',#6844,#6843,#3291,.T.);
#8476=EDGE_CURVE('',#6841,#6844,#3292,.T.);
#8477=EDGE_CURVE('',#6845,#6841,#3293,.T.);
#8478=EDGE_CURVE('',#6846,#6844,#3294,.T.);
#8479=EDGE_CURVE('',#6845,#6846,#3295,.T.);
#8480=EDGE_CURVE('',#6847,#6845,#3296,.T.);
#8481=EDGE_CURVE('',#6848,#6846,#3297,.T.);
#8482=EDGE_CURVE('',#6847,#6848,#3298,.T.);
#8483=EDGE_CURVE('',#6842,#6847,#3299,.T.);
#8484=EDGE_CURVE('',#6843,#6848,#3300,.T.);
#8485=EDGE_CURVE('',#6849,#6850,#3301,.T.);
#8486=EDGE_CURVE('',#6850,#6851,#3302,.T.);
#8487=EDGE_CURVE('',#6852,#6851,#3303,.T.);
#8488=EDGE_CURVE('',#6849,#6852,#3304,.T.);
#8489=EDGE_CURVE('',#6853,#6849,#3305,.T.);
#8490=EDGE_CURVE('',#6854,#6852,#3306,.T.);
#8491=EDGE_CURVE('',#6853,#6854,#3307,.T.);
#8492=EDGE_CURVE('',#6855,#6853,#3308,.T.);
#8493=EDGE_CURVE('',#6856,#6854,#3309,.T.);
#8494=EDGE_CURVE('',#6855,#6856,#3310,.T.);
#8495=EDGE_CURVE('',#6850,#6855,#3311,.T.);
#8496=EDGE_CURVE('',#6851,#6856,#3312,.T.);
#8497=EDGE_CURVE('',#6857,#6858,#3313,.T.);
#8498=EDGE_CURVE('',#6858,#6859,#3314,.T.);
#8499=EDGE_CURVE('',#6860,#6859,#3315,.T.);
#8500=EDGE_CURVE('',#6857,#6860,#3316,.T.);
#8501=EDGE_CURVE('',#6861,#6857,#3317,.T.);
#8502=EDGE_CURVE('',#6862,#6860,#3318,.T.);
#8503=EDGE_CURVE('',#6861,#6862,#3319,.T.);
#8504=EDGE_CURVE('',#6863,#6861,#3320,.T.);
#8505=EDGE_CURVE('',#6864,#6862,#3321,.T.);
#8506=EDGE_CURVE('',#6863,#6864,#3322,.T.);
#8507=EDGE_CURVE('',#6858,#6863,#3323,.T.);
#8508=EDGE_CURVE('',#6859,#6864,#3324,.T.);
#8509=EDGE_CURVE('',#6865,#6866,#3325,.T.);
#8510=EDGE_CURVE('',#6866,#6867,#3326,.T.);
#8511=EDGE_CURVE('',#6868,#6867,#3327,.T.);
#8512=EDGE_CURVE('',#6865,#6868,#3328,.T.);
#8513=EDGE_CURVE('',#6869,#6865,#3329,.T.);
#8514=EDGE_CURVE('',#6870,#6868,#3330,.T.);
#8515=EDGE_CURVE('',#6869,#6870,#3331,.T.);
#8516=EDGE_CURVE('',#6871,#6869,#3332,.T.);
#8517=EDGE_CURVE('',#6872,#6870,#3333,.T.);
#8518=EDGE_CURVE('',#6871,#6872,#3334,.T.);
#8519=EDGE_CURVE('',#6866,#6871,#3335,.T.);
#8520=EDGE_CURVE('',#6867,#6872,#3336,.T.);
#8521=EDGE_CURVE('',#6873,#6874,#3337,.T.);
#8522=EDGE_CURVE('',#6874,#6875,#3338,.T.);
#8523=EDGE_CURVE('',#6876,#6875,#3339,.T.);
#8524=EDGE_CURVE('',#6873,#6876,#3340,.T.);
#8525=EDGE_CURVE('',#6877,#6873,#3341,.T.);
#8526=EDGE_CURVE('',#6878,#6876,#3342,.T.);
#8527=EDGE_CURVE('',#6877,#6878,#3343,.T.);
#8528=EDGE_CURVE('',#6879,#6877,#3344,.T.);
#8529=EDGE_CURVE('',#6880,#6878,#3345,.T.);
#8530=EDGE_CURVE('',#6879,#6880,#3346,.T.);
#8531=EDGE_CURVE('',#6874,#6879,#3347,.T.);
#8532=EDGE_CURVE('',#6875,#6880,#3348,.T.);
#8533=EDGE_CURVE('',#6881,#6882,#3349,.T.);
#8534=EDGE_CURVE('',#6882,#6883,#3350,.T.);
#8535=EDGE_CURVE('',#6884,#6883,#3351,.T.);
#8536=EDGE_CURVE('',#6881,#6884,#3352,.T.);
#8537=EDGE_CURVE('',#6885,#6881,#3353,.T.);
#8538=EDGE_CURVE('',#6886,#6884,#3354,.T.);
#8539=EDGE_CURVE('',#6885,#6886,#3355,.T.);
#8540=EDGE_CURVE('',#6887,#6885,#3356,.T.);
#8541=EDGE_CURVE('',#6888,#6886,#3357,.T.);
#8542=EDGE_CURVE('',#6887,#6888,#3358,.T.);
#8543=EDGE_CURVE('',#6882,#6887,#3359,.T.);
#8544=EDGE_CURVE('',#6883,#6888,#3360,.T.);
#8545=EDGE_CURVE('',#6889,#6890,#3361,.T.);
#8546=EDGE_CURVE('',#6890,#6891,#3362,.T.);
#8547=EDGE_CURVE('',#6892,#6891,#3363,.T.);
#8548=EDGE_CURVE('',#6889,#6892,#3364,.T.);
#8549=EDGE_CURVE('',#6893,#6889,#3365,.T.);
#8550=EDGE_CURVE('',#6894,#6892,#3366,.T.);
#8551=EDGE_CURVE('',#6893,#6894,#3367,.T.);
#8552=EDGE_CURVE('',#6895,#6893,#3368,.T.);
#8553=EDGE_CURVE('',#6896,#6894,#3369,.T.);
#8554=EDGE_CURVE('',#6895,#6896,#3370,.T.);
#8555=EDGE_CURVE('',#6890,#6895,#3371,.T.);
#8556=EDGE_CURVE('',#6891,#6896,#3372,.T.);
#8557=EDGE_CURVE('',#6897,#6898,#3373,.T.);
#8558=EDGE_CURVE('',#6898,#6899,#3374,.T.);
#8559=EDGE_CURVE('',#6900,#6899,#3375,.T.);
#8560=EDGE_CURVE('',#6897,#6900,#3376,.T.);
#8561=EDGE_CURVE('',#6901,#6897,#3377,.T.);
#8562=EDGE_CURVE('',#6902,#6900,#3378,.T.);
#8563=EDGE_CURVE('',#6901,#6902,#3379,.T.);
#8564=EDGE_CURVE('',#6903,#6901,#3380,.T.);
#8565=EDGE_CURVE('',#6904,#6902,#3381,.T.);
#8566=EDGE_CURVE('',#6903,#6904,#3382,.T.);
#8567=EDGE_CURVE('',#6898,#6903,#3383,.T.);
#8568=EDGE_CURVE('',#6899,#6904,#3384,.T.);
#8569=EDGE_CURVE('',#6905,#6906,#3385,.T.);
#8570=EDGE_CURVE('',#6906,#6907,#3386,.T.);
#8571=EDGE_CURVE('',#6908,#6907,#3387,.T.);
#8572=EDGE_CURVE('',#6905,#6908,#3388,.T.);
#8573=EDGE_CURVE('',#6909,#6905,#3389,.T.);
#8574=EDGE_CURVE('',#6910,#6908,#3390,.T.);
#8575=EDGE_CURVE('',#6909,#6910,#3391,.T.);
#8576=EDGE_CURVE('',#6911,#6909,#3392,.T.);
#8577=EDGE_CURVE('',#6912,#6910,#3393,.T.);
#8578=EDGE_CURVE('',#6911,#6912,#3394,.T.);
#8579=EDGE_CURVE('',#6906,#6911,#3395,.T.);
#8580=EDGE_CURVE('',#6907,#6912,#3396,.T.);
#8581=EDGE_CURVE('',#6913,#6914,#3397,.T.);
#8582=EDGE_CURVE('',#6914,#6915,#3398,.T.);
#8583=EDGE_CURVE('',#6916,#6915,#3399,.T.);
#8584=EDGE_CURVE('',#6913,#6916,#3400,.T.);
#8585=EDGE_CURVE('',#6917,#6913,#3401,.T.);
#8586=EDGE_CURVE('',#6918,#6916,#3402,.T.);
#8587=EDGE_CURVE('',#6917,#6918,#3403,.T.);
#8588=EDGE_CURVE('',#6919,#6917,#3404,.T.);
#8589=EDGE_CURVE('',#6920,#6918,#3405,.T.);
#8590=EDGE_CURVE('',#6919,#6920,#3406,.T.);
#8591=EDGE_CURVE('',#6914,#6919,#3407,.T.);
#8592=EDGE_CURVE('',#6915,#6920,#3408,.T.);
#8593=EDGE_CURVE('',#6921,#6922,#3409,.T.);
#8594=EDGE_CURVE('',#6922,#6923,#3410,.T.);
#8595=EDGE_CURVE('',#6924,#6923,#3411,.T.);
#8596=EDGE_CURVE('',#6921,#6924,#3412,.T.);
#8597=EDGE_CURVE('',#6925,#6921,#3413,.T.);
#8598=EDGE_CURVE('',#6926,#6924,#3414,.T.);
#8599=EDGE_CURVE('',#6925,#6926,#3415,.T.);
#8600=EDGE_CURVE('',#6927,#6925,#3416,.T.);
#8601=EDGE_CURVE('',#6928,#6926,#3417,.T.);
#8602=EDGE_CURVE('',#6927,#6928,#3418,.T.);
#8603=EDGE_CURVE('',#6922,#6927,#3419,.T.);
#8604=EDGE_CURVE('',#6923,#6928,#3420,.T.);
#8605=EDGE_CURVE('',#6929,#6930,#3421,.T.);
#8606=EDGE_CURVE('',#6930,#6931,#3422,.T.);
#8607=EDGE_CURVE('',#6932,#6931,#3423,.T.);
#8608=EDGE_CURVE('',#6929,#6932,#3424,.T.);
#8609=EDGE_CURVE('',#6933,#6929,#3425,.T.);
#8610=EDGE_CURVE('',#6934,#6932,#3426,.T.);
#8611=EDGE_CURVE('',#6933,#6934,#3427,.T.);
#8612=EDGE_CURVE('',#6935,#6933,#3428,.T.);
#8613=EDGE_CURVE('',#6936,#6934,#3429,.T.);
#8614=EDGE_CURVE('',#6935,#6936,#3430,.T.);
#8615=EDGE_CURVE('',#6930,#6935,#3431,.T.);
#8616=EDGE_CURVE('',#6931,#6936,#3432,.T.);
#8617=EDGE_CURVE('',#6937,#6938,#3433,.T.);
#8618=EDGE_CURVE('',#6938,#6939,#3434,.T.);
#8619=EDGE_CURVE('',#6940,#6939,#3435,.T.);
#8620=EDGE_CURVE('',#6937,#6940,#3436,.T.);
#8621=EDGE_CURVE('',#6941,#6937,#3437,.T.);
#8622=EDGE_CURVE('',#6942,#6940,#3438,.T.);
#8623=EDGE_CURVE('',#6941,#6942,#3439,.T.);
#8624=EDGE_CURVE('',#6943,#6941,#3440,.T.);
#8625=EDGE_CURVE('',#6944,#6942,#3441,.T.);
#8626=EDGE_CURVE('',#6943,#6944,#3442,.T.);
#8627=EDGE_CURVE('',#6938,#6943,#3443,.T.);
#8628=EDGE_CURVE('',#6939,#6944,#3444,.T.);
#8629=EDGE_CURVE('',#6945,#6946,#3445,.T.);
#8630=EDGE_CURVE('',#6946,#6947,#3446,.T.);
#8631=EDGE_CURVE('',#6948,#6947,#3447,.T.);
#8632=EDGE_CURVE('',#6945,#6948,#3448,.T.);
#8633=EDGE_CURVE('',#6949,#6945,#3449,.T.);
#8634=EDGE_CURVE('',#6950,#6948,#3450,.T.);
#8635=EDGE_CURVE('',#6949,#6950,#3451,.T.);
#8636=EDGE_CURVE('',#6951,#6949,#3452,.T.);
#8637=EDGE_CURVE('',#6952,#6950,#3453,.T.);
#8638=EDGE_CURVE('',#6951,#6952,#3454,.T.);
#8639=EDGE_CURVE('',#6946,#6951,#3455,.T.);
#8640=EDGE_CURVE('',#6947,#6952,#3456,.T.);
#8641=EDGE_CURVE('',#6953,#6954,#3457,.T.);
#8642=EDGE_CURVE('',#6954,#6955,#3458,.T.);
#8643=EDGE_CURVE('',#6956,#6955,#3459,.T.);
#8644=EDGE_CURVE('',#6953,#6956,#3460,.T.);
#8645=EDGE_CURVE('',#6957,#6953,#3461,.T.);
#8646=EDGE_CURVE('',#6958,#6956,#3462,.T.);
#8647=EDGE_CURVE('',#6957,#6958,#3463,.T.);
#8648=EDGE_CURVE('',#6959,#6957,#3464,.T.);
#8649=EDGE_CURVE('',#6960,#6958,#3465,.T.);
#8650=EDGE_CURVE('',#6959,#6960,#3466,.T.);
#8651=EDGE_CURVE('',#6954,#6959,#3467,.T.);
#8652=EDGE_CURVE('',#6955,#6960,#3468,.T.);
#8653=EDGE_CURVE('',#6961,#6962,#3469,.T.);
#8654=EDGE_CURVE('',#6962,#6963,#3470,.T.);
#8655=EDGE_CURVE('',#6964,#6963,#3471,.T.);
#8656=EDGE_CURVE('',#6961,#6964,#3472,.T.);
#8657=EDGE_CURVE('',#6965,#6961,#3473,.T.);
#8658=EDGE_CURVE('',#6966,#6964,#3474,.T.);
#8659=EDGE_CURVE('',#6965,#6966,#3475,.T.);
#8660=EDGE_CURVE('',#6967,#6965,#3476,.T.);
#8661=EDGE_CURVE('',#6968,#6966,#3477,.T.);
#8662=EDGE_CURVE('',#6967,#6968,#3478,.T.);
#8663=EDGE_CURVE('',#6962,#6967,#3479,.T.);
#8664=EDGE_CURVE('',#6963,#6968,#3480,.T.);
#8665=EDGE_CURVE('',#6969,#6970,#3481,.T.);
#8666=EDGE_CURVE('',#6970,#6971,#3482,.T.);
#8667=EDGE_CURVE('',#6972,#6971,#3483,.T.);
#8668=EDGE_CURVE('',#6969,#6972,#3484,.T.);
#8669=EDGE_CURVE('',#6973,#6969,#3485,.T.);
#8670=EDGE_CURVE('',#6974,#6972,#3486,.T.);
#8671=EDGE_CURVE('',#6973,#6974,#3487,.T.);
#8672=EDGE_CURVE('',#6975,#6973,#3488,.T.);
#8673=EDGE_CURVE('',#6976,#6974,#3489,.T.);
#8674=EDGE_CURVE('',#6975,#6976,#3490,.T.);
#8675=EDGE_CURVE('',#6970,#6975,#3491,.T.);
#8676=EDGE_CURVE('',#6971,#6976,#3492,.T.);
#8677=EDGE_CURVE('',#6977,#6978,#3493,.T.);
#8678=EDGE_CURVE('',#6978,#6979,#3494,.T.);
#8679=EDGE_CURVE('',#6980,#6979,#3495,.T.);
#8680=EDGE_CURVE('',#6977,#6980,#3496,.T.);
#8681=EDGE_CURVE('',#6981,#6977,#3497,.T.);
#8682=EDGE_CURVE('',#6982,#6980,#3498,.T.);
#8683=EDGE_CURVE('',#6981,#6982,#3499,.T.);
#8684=EDGE_CURVE('',#6983,#6981,#3500,.T.);
#8685=EDGE_CURVE('',#6984,#6982,#3501,.T.);
#8686=EDGE_CURVE('',#6983,#6984,#3502,.T.);
#8687=EDGE_CURVE('',#6978,#6983,#3503,.T.);
#8688=EDGE_CURVE('',#6979,#6984,#3504,.T.);
#8689=EDGE_CURVE('',#6985,#6986,#3505,.T.);
#8690=EDGE_CURVE('',#6986,#6987,#3506,.T.);
#8691=EDGE_CURVE('',#6988,#6987,#3507,.T.);
#8692=EDGE_CURVE('',#6985,#6988,#3508,.T.);
#8693=EDGE_CURVE('',#6989,#6985,#3509,.T.);
#8694=EDGE_CURVE('',#6990,#6988,#3510,.T.);
#8695=EDGE_CURVE('',#6989,#6990,#3511,.T.);
#8696=EDGE_CURVE('',#6991,#6989,#3512,.T.);
#8697=EDGE_CURVE('',#6992,#6990,#3513,.T.);
#8698=EDGE_CURVE('',#6991,#6992,#3514,.T.);
#8699=EDGE_CURVE('',#6986,#6991,#3515,.T.);
#8700=EDGE_CURVE('',#6987,#6992,#3516,.T.);
#8701=EDGE_CURVE('',#6993,#6994,#3517,.T.);
#8702=EDGE_CURVE('',#6994,#6995,#3518,.T.);
#8703=EDGE_CURVE('',#6996,#6995,#3519,.T.);
#8704=EDGE_CURVE('',#6993,#6996,#3520,.T.);
#8705=EDGE_CURVE('',#6997,#6993,#3521,.T.);
#8706=EDGE_CURVE('',#6998,#6996,#3522,.T.);
#8707=EDGE_CURVE('',#6997,#6998,#3523,.T.);
#8708=EDGE_CURVE('',#6999,#6997,#3524,.T.);
#8709=EDGE_CURVE('',#7000,#6998,#3525,.T.);
#8710=EDGE_CURVE('',#6999,#7000,#3526,.T.);
#8711=EDGE_CURVE('',#6994,#6999,#3527,.T.);
#8712=EDGE_CURVE('',#6995,#7000,#3528,.T.);
#8713=EDGE_CURVE('',#7001,#7002,#3529,.T.);
#8714=EDGE_CURVE('',#7002,#7003,#3530,.T.);
#8715=EDGE_CURVE('',#7004,#7003,#3531,.T.);
#8716=EDGE_CURVE('',#7001,#7004,#3532,.T.);
#8717=EDGE_CURVE('',#7005,#7001,#3533,.T.);
#8718=EDGE_CURVE('',#7006,#7004,#3534,.T.);
#8719=EDGE_CURVE('',#7005,#7006,#3535,.T.);
#8720=EDGE_CURVE('',#7007,#7005,#3536,.T.);
#8721=EDGE_CURVE('',#7008,#7006,#3537,.T.);
#8722=EDGE_CURVE('',#7007,#7008,#3538,.T.);
#8723=EDGE_CURVE('',#7002,#7007,#3539,.T.);
#8724=EDGE_CURVE('',#7003,#7008,#3540,.T.);
#8725=EDGE_CURVE('',#7009,#7010,#3541,.T.);
#8726=EDGE_CURVE('',#7010,#7011,#3542,.T.);
#8727=EDGE_CURVE('',#7012,#7011,#3543,.T.);
#8728=EDGE_CURVE('',#7009,#7012,#3544,.T.);
#8729=EDGE_CURVE('',#7013,#7009,#3545,.T.);
#8730=EDGE_CURVE('',#7014,#7012,#3546,.T.);
#8731=EDGE_CURVE('',#7013,#7014,#3547,.T.);
#8732=EDGE_CURVE('',#7015,#7013,#3548,.T.);
#8733=EDGE_CURVE('',#7016,#7014,#3549,.T.);
#8734=EDGE_CURVE('',#7015,#7016,#3550,.T.);
#8735=EDGE_CURVE('',#7010,#7015,#3551,.T.);
#8736=EDGE_CURVE('',#7011,#7016,#3552,.T.);
#8737=EDGE_CURVE('',#7017,#7018,#3553,.T.);
#8738=EDGE_CURVE('',#7018,#7019,#3554,.T.);
#8739=EDGE_CURVE('',#7020,#7019,#3555,.T.);
#8740=EDGE_CURVE('',#7017,#7020,#3556,.T.);
#8741=EDGE_CURVE('',#7021,#7017,#3557,.T.);
#8742=EDGE_CURVE('',#7022,#7020,#3558,.T.);
#8743=EDGE_CURVE('',#7021,#7022,#3559,.T.);
#8744=EDGE_CURVE('',#7023,#7021,#3560,.T.);
#8745=EDGE_CURVE('',#7024,#7022,#3561,.T.);
#8746=EDGE_CURVE('',#7023,#7024,#3562,.T.);
#8747=EDGE_CURVE('',#7018,#7023,#3563,.T.);
#8748=EDGE_CURVE('',#7019,#7024,#3564,.T.);
#8749=EDGE_CURVE('',#7025,#7026,#3565,.T.);
#8750=EDGE_CURVE('',#7026,#7027,#3566,.T.);
#8751=EDGE_CURVE('',#7028,#7027,#3567,.T.);
#8752=EDGE_CURVE('',#7025,#7028,#3568,.T.);
#8753=EDGE_CURVE('',#7029,#7025,#3569,.T.);
#8754=EDGE_CURVE('',#7030,#7028,#3570,.T.);
#8755=EDGE_CURVE('',#7029,#7030,#3571,.T.);
#8756=EDGE_CURVE('',#7031,#7029,#3572,.T.);
#8757=EDGE_CURVE('',#7032,#7030,#3573,.T.);
#8758=EDGE_CURVE('',#7031,#7032,#3574,.T.);
#8759=EDGE_CURVE('',#7026,#7031,#3575,.T.);
#8760=EDGE_CURVE('',#7027,#7032,#3576,.T.);
#8761=EDGE_CURVE('',#7033,#7034,#3577,.T.);
#8762=EDGE_CURVE('',#7034,#7035,#3578,.T.);
#8763=EDGE_CURVE('',#7036,#7035,#3579,.T.);
#8764=EDGE_CURVE('',#7033,#7036,#3580,.T.);
#8765=EDGE_CURVE('',#7037,#7033,#3581,.T.);
#8766=EDGE_CURVE('',#7038,#7036,#3582,.T.);
#8767=EDGE_CURVE('',#7037,#7038,#3583,.T.);
#8768=EDGE_CURVE('',#7039,#7037,#3584,.T.);
#8769=EDGE_CURVE('',#7040,#7038,#3585,.T.);
#8770=EDGE_CURVE('',#7039,#7040,#3586,.T.);
#8771=EDGE_CURVE('',#7034,#7039,#3587,.T.);
#8772=EDGE_CURVE('',#7035,#7040,#3588,.T.);
#8773=EDGE_CURVE('',#7041,#7042,#3589,.T.);
#8774=EDGE_CURVE('',#7042,#7043,#3590,.T.);
#8775=EDGE_CURVE('',#7044,#7043,#3591,.T.);
#8776=EDGE_CURVE('',#7041,#7044,#3592,.T.);
#8777=EDGE_CURVE('',#7045,#7041,#3593,.T.);
#8778=EDGE_CURVE('',#7046,#7044,#3594,.T.);
#8779=EDGE_CURVE('',#7045,#7046,#3595,.T.);
#8780=EDGE_CURVE('',#7047,#7045,#3596,.T.);
#8781=EDGE_CURVE('',#7048,#7046,#3597,.T.);
#8782=EDGE_CURVE('',#7047,#7048,#3598,.T.);
#8783=EDGE_CURVE('',#7042,#7047,#3599,.T.);
#8784=EDGE_CURVE('',#7043,#7048,#3600,.T.);
#8785=EDGE_CURVE('',#7049,#7050,#3601,.T.);
#8786=EDGE_CURVE('',#7050,#7051,#3602,.T.);
#8787=EDGE_CURVE('',#7052,#7051,#3603,.T.);
#8788=EDGE_CURVE('',#7049,#7052,#3604,.T.);
#8789=EDGE_CURVE('',#7053,#7049,#3605,.T.);
#8790=EDGE_CURVE('',#7054,#7052,#3606,.T.);
#8791=EDGE_CURVE('',#7053,#7054,#3607,.T.);
#8792=EDGE_CURVE('',#7055,#7053,#3608,.T.);
#8793=EDGE_CURVE('',#7056,#7054,#3609,.T.);
#8794=EDGE_CURVE('',#7055,#7056,#3610,.T.);
#8795=EDGE_CURVE('',#7050,#7055,#3611,.T.);
#8796=EDGE_CURVE('',#7051,#7056,#3612,.T.);
#8797=EDGE_CURVE('',#7057,#7058,#3613,.T.);
#8798=EDGE_CURVE('',#7058,#7059,#3614,.T.);
#8799=EDGE_CURVE('',#7060,#7059,#3615,.T.);
#8800=EDGE_CURVE('',#7057,#7060,#3616,.T.);
#8801=EDGE_CURVE('',#7061,#7057,#3617,.T.);
#8802=EDGE_CURVE('',#7062,#7060,#3618,.T.);
#8803=EDGE_CURVE('',#7061,#7062,#3619,.T.);
#8804=EDGE_CURVE('',#7063,#7061,#3620,.T.);
#8805=EDGE_CURVE('',#7064,#7062,#3621,.T.);
#8806=EDGE_CURVE('',#7063,#7064,#3622,.T.);
#8807=EDGE_CURVE('',#7058,#7063,#3623,.T.);
#8808=EDGE_CURVE('',#7059,#7064,#3624,.T.);
#8809=EDGE_CURVE('',#7065,#7066,#3625,.T.);
#8810=EDGE_CURVE('',#7066,#7067,#3626,.T.);
#8811=EDGE_CURVE('',#7068,#7067,#3627,.T.);
#8812=EDGE_CURVE('',#7065,#7068,#3628,.T.);
#8813=EDGE_CURVE('',#7069,#7065,#3629,.T.);
#8814=EDGE_CURVE('',#7070,#7068,#3630,.T.);
#8815=EDGE_CURVE('',#7069,#7070,#3631,.T.);
#8816=EDGE_CURVE('',#7071,#7069,#3632,.T.);
#8817=EDGE_CURVE('',#7072,#7070,#3633,.T.);
#8818=EDGE_CURVE('',#7071,#7072,#3634,.T.);
#8819=EDGE_CURVE('',#7066,#7071,#3635,.T.);
#8820=EDGE_CURVE('',#7067,#7072,#3636,.T.);
#8821=EDGE_CURVE('',#7073,#7074,#3637,.T.);
#8822=EDGE_CURVE('',#7074,#7075,#3638,.T.);
#8823=EDGE_CURVE('',#7076,#7075,#3639,.T.);
#8824=EDGE_CURVE('',#7073,#7076,#3640,.T.);
#8825=EDGE_CURVE('',#7077,#7073,#3641,.T.);
#8826=EDGE_CURVE('',#7078,#7076,#3642,.T.);
#8827=EDGE_CURVE('',#7077,#7078,#3643,.T.);
#8828=EDGE_CURVE('',#7079,#7077,#3644,.T.);
#8829=EDGE_CURVE('',#7080,#7078,#3645,.T.);
#8830=EDGE_CURVE('',#7079,#7080,#3646,.T.);
#8831=EDGE_CURVE('',#7074,#7079,#3647,.T.);
#8832=EDGE_CURVE('',#7075,#7080,#3648,.T.);
#8833=EDGE_CURVE('',#7081,#7082,#3649,.T.);
#8834=EDGE_CURVE('',#7082,#7083,#3650,.T.);
#8835=EDGE_CURVE('',#7084,#7083,#3651,.T.);
#8836=EDGE_CURVE('',#7081,#7084,#3652,.T.);
#8837=EDGE_CURVE('',#7085,#7081,#3653,.T.);
#8838=EDGE_CURVE('',#7086,#7084,#3654,.T.);
#8839=EDGE_CURVE('',#7085,#7086,#3655,.T.);
#8840=EDGE_CURVE('',#7087,#7085,#3656,.T.);
#8841=EDGE_CURVE('',#7088,#7086,#3657,.T.);
#8842=EDGE_CURVE('',#7087,#7088,#3658,.T.);
#8843=EDGE_CURVE('',#7082,#7087,#3659,.T.);
#8844=EDGE_CURVE('',#7083,#7088,#3660,.T.);
#8845=EDGE_CURVE('',#7089,#7090,#3661,.T.);
#8846=EDGE_CURVE('',#7090,#7091,#3662,.T.);
#8847=EDGE_CURVE('',#7092,#7091,#3663,.T.);
#8848=EDGE_CURVE('',#7089,#7092,#3664,.T.);
#8849=EDGE_CURVE('',#7093,#7089,#3665,.T.);
#8850=EDGE_CURVE('',#7094,#7092,#3666,.T.);
#8851=EDGE_CURVE('',#7093,#7094,#3667,.T.);
#8852=EDGE_CURVE('',#7095,#7093,#3668,.T.);
#8853=EDGE_CURVE('',#7096,#7094,#3669,.T.);
#8854=EDGE_CURVE('',#7095,#7096,#3670,.T.);
#8855=EDGE_CURVE('',#7090,#7095,#3671,.T.);
#8856=EDGE_CURVE('',#7091,#7096,#3672,.T.);
#8857=EDGE_CURVE('',#7097,#7098,#3673,.T.);
#8858=EDGE_CURVE('',#7098,#7099,#3674,.T.);
#8859=EDGE_CURVE('',#7100,#7099,#3675,.T.);
#8860=EDGE_CURVE('',#7097,#7100,#3676,.T.);
#8861=EDGE_CURVE('',#7101,#7097,#3677,.T.);
#8862=EDGE_CURVE('',#7102,#7100,#3678,.T.);
#8863=EDGE_CURVE('',#7101,#7102,#3679,.T.);
#8864=EDGE_CURVE('',#7103,#7101,#3680,.T.);
#8865=EDGE_CURVE('',#7104,#7102,#3681,.T.);
#8866=EDGE_CURVE('',#7103,#7104,#3682,.T.);
#8867=EDGE_CURVE('',#7098,#7103,#3683,.T.);
#8868=EDGE_CURVE('',#7099,#7104,#3684,.T.);
#8869=EDGE_CURVE('',#7105,#7106,#3685,.T.);
#8870=EDGE_CURVE('',#7106,#7107,#3686,.T.);
#8871=EDGE_CURVE('',#7108,#7107,#3687,.T.);
#8872=EDGE_CURVE('',#7105,#7108,#3688,.T.);
#8873=EDGE_CURVE('',#7109,#7105,#3689,.T.);
#8874=EDGE_CURVE('',#7110,#7108,#3690,.T.);
#8875=EDGE_CURVE('',#7109,#7110,#3691,.T.);
#8876=EDGE_CURVE('',#7111,#7109,#3692,.T.);
#8877=EDGE_CURVE('',#7112,#7110,#3693,.T.);
#8878=EDGE_CURVE('',#7111,#7112,#3694,.T.);
#8879=EDGE_CURVE('',#7106,#7111,#3695,.T.);
#8880=EDGE_CURVE('',#7107,#7112,#3696,.T.);
#8881=EDGE_CURVE('',#7113,#7114,#3697,.T.);
#8882=EDGE_CURVE('',#7114,#7115,#3698,.T.);
#8883=EDGE_CURVE('',#7116,#7115,#3699,.T.);
#8884=EDGE_CURVE('',#7113,#7116,#3700,.T.);
#8885=EDGE_CURVE('',#7117,#7113,#3701,.T.);
#8886=EDGE_CURVE('',#7118,#7116,#3702,.T.);
#8887=EDGE_CURVE('',#7117,#7118,#3703,.T.);
#8888=EDGE_CURVE('',#7119,#7117,#3704,.T.);
#8889=EDGE_CURVE('',#7120,#7118,#3705,.T.);
#8890=EDGE_CURVE('',#7119,#7120,#3706,.T.);
#8891=EDGE_CURVE('',#7114,#7119,#3707,.T.);
#8892=EDGE_CURVE('',#7115,#7120,#3708,.T.);
#8893=EDGE_CURVE('',#7121,#7122,#3709,.T.);
#8894=EDGE_CURVE('',#7122,#7123,#3710,.T.);
#8895=EDGE_CURVE('',#7124,#7123,#3711,.T.);
#8896=EDGE_CURVE('',#7121,#7124,#3712,.T.);
#8897=EDGE_CURVE('',#7125,#7121,#3713,.T.);
#8898=EDGE_CURVE('',#7126,#7124,#3714,.T.);
#8899=EDGE_CURVE('',#7125,#7126,#3715,.T.);
#8900=EDGE_CURVE('',#7127,#7125,#3716,.T.);
#8901=EDGE_CURVE('',#7128,#7126,#3717,.T.);
#8902=EDGE_CURVE('',#7127,#7128,#3718,.T.);
#8903=EDGE_CURVE('',#7122,#7127,#3719,.T.);
#8904=EDGE_CURVE('',#7123,#7128,#3720,.T.);
#8905=EDGE_CURVE('',#7129,#7130,#3721,.T.);
#8906=EDGE_CURVE('',#7130,#7131,#3722,.T.);
#8907=EDGE_CURVE('',#7132,#7131,#3723,.T.);
#8908=EDGE_CURVE('',#7129,#7132,#3724,.T.);
#8909=EDGE_CURVE('',#7133,#7129,#3725,.T.);
#8910=EDGE_CURVE('',#7134,#7132,#3726,.T.);
#8911=EDGE_CURVE('',#7133,#7134,#3727,.T.);
#8912=EDGE_CURVE('',#7135,#7133,#3728,.T.);
#8913=EDGE_CURVE('',#7136,#7134,#3729,.T.);
#8914=EDGE_CURVE('',#7135,#7136,#3730,.T.);
#8915=EDGE_CURVE('',#7130,#7135,#3731,.T.);
#8916=EDGE_CURVE('',#7131,#7136,#3732,.T.);
#8917=EDGE_CURVE('',#7137,#7138,#3733,.T.);
#8918=EDGE_CURVE('',#7138,#7139,#3734,.T.);
#8919=EDGE_CURVE('',#7140,#7139,#3735,.T.);
#8920=EDGE_CURVE('',#7137,#7140,#3736,.T.);
#8921=EDGE_CURVE('',#7141,#7137,#3737,.T.);
#8922=EDGE_CURVE('',#7142,#7140,#3738,.T.);
#8923=EDGE_CURVE('',#7141,#7142,#3739,.T.);
#8924=EDGE_CURVE('',#7143,#7141,#3740,.T.);
#8925=EDGE_CURVE('',#7144,#7142,#3741,.T.);
#8926=EDGE_CURVE('',#7143,#7144,#3742,.T.);
#8927=EDGE_CURVE('',#7138,#7143,#3743,.T.);
#8928=EDGE_CURVE('',#7139,#7144,#3744,.T.);
#8929=EDGE_CURVE('',#7145,#7146,#3745,.T.);
#8930=EDGE_CURVE('',#7146,#7147,#3746,.T.);
#8931=EDGE_CURVE('',#7148,#7147,#3747,.T.);
#8932=EDGE_CURVE('',#7145,#7148,#3748,.T.);
#8933=EDGE_CURVE('',#7149,#7145,#3749,.T.);
#8934=EDGE_CURVE('',#7150,#7148,#3750,.T.);
#8935=EDGE_CURVE('',#7149,#7150,#3751,.T.);
#8936=EDGE_CURVE('',#7151,#7149,#3752,.T.);
#8937=EDGE_CURVE('',#7152,#7150,#3753,.T.);
#8938=EDGE_CURVE('',#7151,#7152,#3754,.T.);
#8939=EDGE_CURVE('',#7146,#7151,#3755,.T.);
#8940=EDGE_CURVE('',#7147,#7152,#3756,.T.);
#8941=EDGE_CURVE('',#7153,#7154,#3757,.T.);
#8942=EDGE_CURVE('',#7154,#7155,#3758,.T.);
#8943=EDGE_CURVE('',#7156,#7155,#3759,.T.);
#8944=EDGE_CURVE('',#7153,#7156,#3760,.T.);
#8945=EDGE_CURVE('',#7157,#7153,#3761,.T.);
#8946=EDGE_CURVE('',#7158,#7156,#3762,.T.);
#8947=EDGE_CURVE('',#7157,#7158,#3763,.T.);
#8948=EDGE_CURVE('',#7159,#7157,#3764,.T.);
#8949=EDGE_CURVE('',#7160,#7158,#3765,.T.);
#8950=EDGE_CURVE('',#7159,#7160,#3766,.T.);
#8951=EDGE_CURVE('',#7154,#7159,#3767,.T.);
#8952=EDGE_CURVE('',#7155,#7160,#3768,.T.);
#8953=EDGE_CURVE('',#7161,#7162,#3769,.T.);
#8954=EDGE_CURVE('',#7162,#7163,#3770,.T.);
#8955=EDGE_CURVE('',#7164,#7163,#3771,.T.);
#8956=EDGE_CURVE('',#7161,#7164,#3772,.T.);
#8957=EDGE_CURVE('',#7165,#7161,#3773,.T.);
#8958=EDGE_CURVE('',#7166,#7164,#3774,.T.);
#8959=EDGE_CURVE('',#7165,#7166,#3775,.T.);
#8960=EDGE_CURVE('',#7167,#7165,#3776,.T.);
#8961=EDGE_CURVE('',#7168,#7166,#3777,.T.);
#8962=EDGE_CURVE('',#7167,#7168,#3778,.T.);
#8963=EDGE_CURVE('',#7162,#7167,#3779,.T.);
#8964=EDGE_CURVE('',#7163,#7168,#3780,.T.);
#8965=EDGE_CURVE('',#7169,#7170,#3781,.T.);
#8966=EDGE_CURVE('',#7170,#7171,#3782,.T.);
#8967=EDGE_CURVE('',#7172,#7171,#3783,.T.);
#8968=EDGE_CURVE('',#7169,#7172,#3784,.T.);
#8969=EDGE_CURVE('',#7173,#7169,#3785,.T.);
#8970=EDGE_CURVE('',#7174,#7172,#3786,.T.);
#8971=EDGE_CURVE('',#7173,#7174,#3787,.T.);
#8972=EDGE_CURVE('',#7175,#7173,#3788,.T.);
#8973=EDGE_CURVE('',#7176,#7174,#3789,.T.);
#8974=EDGE_CURVE('',#7175,#7176,#3790,.T.);
#8975=EDGE_CURVE('',#7170,#7175,#3791,.T.);
#8976=EDGE_CURVE('',#7171,#7176,#3792,.T.);
#8977=EDGE_CURVE('',#7177,#7178,#3793,.T.);
#8978=EDGE_CURVE('',#7178,#7179,#3794,.T.);
#8979=EDGE_CURVE('',#7180,#7179,#3795,.T.);
#8980=EDGE_CURVE('',#7177,#7180,#3796,.T.);
#8981=EDGE_CURVE('',#7181,#7177,#3797,.T.);
#8982=EDGE_CURVE('',#7182,#7180,#3798,.T.);
#8983=EDGE_CURVE('',#7181,#7182,#3799,.T.);
#8984=EDGE_CURVE('',#7183,#7181,#3800,.T.);
#8985=EDGE_CURVE('',#7184,#7182,#3801,.T.);
#8986=EDGE_CURVE('',#7183,#7184,#3802,.T.);
#8987=EDGE_CURVE('',#7178,#7183,#3803,.T.);
#8988=EDGE_CURVE('',#7179,#7184,#3804,.T.);
#8989=EDGE_CURVE('',#7185,#7186,#3805,.T.);
#8990=EDGE_CURVE('',#7186,#7187,#3806,.T.);
#8991=EDGE_CURVE('',#7188,#7187,#3807,.T.);
#8992=EDGE_CURVE('',#7185,#7188,#3808,.T.);
#8993=EDGE_CURVE('',#7189,#7185,#3809,.T.);
#8994=EDGE_CURVE('',#7190,#7188,#3810,.T.);
#8995=EDGE_CURVE('',#7189,#7190,#3811,.T.);
#8996=EDGE_CURVE('',#7191,#7189,#3812,.T.);
#8997=EDGE_CURVE('',#7192,#7190,#3813,.T.);
#8998=EDGE_CURVE('',#7191,#7192,#3814,.T.);
#8999=EDGE_CURVE('',#7186,#7191,#3815,.T.);
#9000=EDGE_CURVE('',#7187,#7192,#3816,.T.);
#9001=EDGE_CURVE('',#7193,#7194,#3817,.T.);
#9002=EDGE_CURVE('',#7194,#7195,#3818,.T.);
#9003=EDGE_CURVE('',#7196,#7195,#3819,.T.);
#9004=EDGE_CURVE('',#7193,#7196,#3820,.T.);
#9005=EDGE_CURVE('',#7197,#7193,#3821,.T.);
#9006=EDGE_CURVE('',#7198,#7196,#3822,.T.);
#9007=EDGE_CURVE('',#7197,#7198,#3823,.T.);
#9008=EDGE_CURVE('',#7199,#7197,#3824,.T.);
#9009=EDGE_CURVE('',#7200,#7198,#3825,.T.);
#9010=EDGE_CURVE('',#7199,#7200,#3826,.T.);
#9011=EDGE_CURVE('',#7194,#7199,#3827,.T.);
#9012=EDGE_CURVE('',#7195,#7200,#3828,.T.);
#9013=EDGE_CURVE('',#7201,#7202,#3829,.T.);
#9014=EDGE_CURVE('',#7202,#7203,#3830,.T.);
#9015=EDGE_CURVE('',#7204,#7203,#3831,.T.);
#9016=EDGE_CURVE('',#7201,#7204,#3832,.T.);
#9017=EDGE_CURVE('',#7205,#7201,#3833,.T.);
#9018=EDGE_CURVE('',#7206,#7204,#3834,.T.);
#9019=EDGE_CURVE('',#7205,#7206,#3835,.T.);
#9020=EDGE_CURVE('',#7207,#7205,#3836,.T.);
#9021=EDGE_CURVE('',#7208,#7206,#3837,.T.);
#9022=EDGE_CURVE('',#7207,#7208,#3838,.T.);
#9023=EDGE_CURVE('',#7202,#7207,#3839,.T.);
#9024=EDGE_CURVE('',#7203,#7208,#3840,.T.);
#9025=EDGE_CURVE('',#7209,#7210,#3841,.T.);
#9026=EDGE_CURVE('',#7210,#7211,#3842,.T.);
#9027=EDGE_CURVE('',#7212,#7211,#3843,.T.);
#9028=EDGE_CURVE('',#7209,#7212,#3844,.T.);
#9029=EDGE_CURVE('',#7213,#7209,#3845,.T.);
#9030=EDGE_CURVE('',#7214,#7212,#3846,.T.);
#9031=EDGE_CURVE('',#7213,#7214,#3847,.T.);
#9032=EDGE_CURVE('',#7215,#7213,#3848,.T.);
#9033=EDGE_CURVE('',#7216,#7214,#3849,.T.);
#9034=EDGE_CURVE('',#7215,#7216,#3850,.T.);
#9035=EDGE_CURVE('',#7210,#7215,#3851,.T.);
#9036=EDGE_CURVE('',#7211,#7216,#3852,.T.);
#9037=EDGE_CURVE('',#7217,#7218,#3853,.T.);
#9038=EDGE_CURVE('',#7218,#7219,#3854,.T.);
#9039=EDGE_CURVE('',#7220,#7219,#3855,.T.);
#9040=EDGE_CURVE('',#7217,#7220,#3856,.T.);
#9041=EDGE_CURVE('',#7221,#7217,#3857,.T.);
#9042=EDGE_CURVE('',#7222,#7220,#3858,.T.);
#9043=EDGE_CURVE('',#7221,#7222,#3859,.T.);
#9044=EDGE_CURVE('',#7223,#7221,#3860,.T.);
#9045=EDGE_CURVE('',#7224,#7222,#3861,.T.);
#9046=EDGE_CURVE('',#7223,#7224,#3862,.T.);
#9047=EDGE_CURVE('',#7218,#7223,#3863,.T.);
#9048=EDGE_CURVE('',#7219,#7224,#3864,.T.);
#9049=EDGE_CURVE('',#7225,#7226,#3865,.T.);
#9050=EDGE_CURVE('',#7226,#7227,#3866,.T.);
#9051=EDGE_CURVE('',#7228,#7227,#3867,.T.);
#9052=EDGE_CURVE('',#7225,#7228,#3868,.T.);
#9053=EDGE_CURVE('',#7229,#7225,#3869,.T.);
#9054=EDGE_CURVE('',#7230,#7228,#3870,.T.);
#9055=EDGE_CURVE('',#7229,#7230,#3871,.T.);
#9056=EDGE_CURVE('',#7231,#7229,#3872,.T.);
#9057=EDGE_CURVE('',#7232,#7230,#3873,.T.);
#9058=EDGE_CURVE('',#7231,#7232,#3874,.T.);
#9059=EDGE_CURVE('',#7226,#7231,#3875,.T.);
#9060=EDGE_CURVE('',#7227,#7232,#3876,.T.);
#9061=EDGE_CURVE('',#7233,#7234,#3877,.T.);
#9062=EDGE_CURVE('',#7234,#7235,#3878,.T.);
#9063=EDGE_CURVE('',#7236,#7235,#3879,.T.);
#9064=EDGE_CURVE('',#7233,#7236,#3880,.T.);
#9065=EDGE_CURVE('',#7237,#7233,#3881,.T.);
#9066=EDGE_CURVE('',#7238,#7236,#3882,.T.);
#9067=EDGE_CURVE('',#7237,#7238,#3883,.T.);
#9068=EDGE_CURVE('',#7239,#7237,#3884,.T.);
#9069=EDGE_CURVE('',#7240,#7238,#3885,.T.);
#9070=EDGE_CURVE('',#7239,#7240,#3886,.T.);
#9071=EDGE_CURVE('',#7234,#7239,#3887,.T.);
#9072=EDGE_CURVE('',#7235,#7240,#3888,.T.);
#9073=EDGE_CURVE('',#7241,#7242,#3889,.T.);
#9074=EDGE_CURVE('',#7242,#7243,#3890,.T.);
#9075=EDGE_CURVE('',#7244,#7243,#3891,.T.);
#9076=EDGE_CURVE('',#7241,#7244,#3892,.T.);
#9077=EDGE_CURVE('',#7245,#7241,#3893,.T.);
#9078=EDGE_CURVE('',#7246,#7244,#3894,.T.);
#9079=EDGE_CURVE('',#7245,#7246,#3895,.T.);
#9080=EDGE_CURVE('',#7247,#7245,#3896,.T.);
#9081=EDGE_CURVE('',#7248,#7246,#3897,.T.);
#9082=EDGE_CURVE('',#7247,#7248,#3898,.T.);
#9083=EDGE_CURVE('',#7242,#7247,#3899,.T.);
#9084=EDGE_CURVE('',#7243,#7248,#3900,.T.);
#9085=EDGE_CURVE('',#7249,#7250,#3901,.T.);
#9086=EDGE_CURVE('',#7250,#7251,#3902,.T.);
#9087=EDGE_CURVE('',#7252,#7251,#3903,.T.);
#9088=EDGE_CURVE('',#7249,#7252,#3904,.T.);
#9089=EDGE_CURVE('',#7253,#7249,#3905,.T.);
#9090=EDGE_CURVE('',#7254,#7252,#3906,.T.);
#9091=EDGE_CURVE('',#7253,#7254,#3907,.T.);
#9092=EDGE_CURVE('',#7255,#7253,#3908,.T.);
#9093=EDGE_CURVE('',#7256,#7254,#3909,.T.);
#9094=EDGE_CURVE('',#7255,#7256,#3910,.T.);
#9095=EDGE_CURVE('',#7250,#7255,#3911,.T.);
#9096=EDGE_CURVE('',#7251,#7256,#3912,.T.);
#9097=EDGE_CURVE('',#7257,#7258,#3913,.T.);
#9098=EDGE_CURVE('',#7258,#7259,#3914,.T.);
#9099=EDGE_CURVE('',#7260,#7259,#3915,.T.);
#9100=EDGE_CURVE('',#7257,#7260,#3916,.T.);
#9101=EDGE_CURVE('',#7261,#7257,#3917,.T.);
#9102=EDGE_CURVE('',#7262,#7260,#3918,.T.);
#9103=EDGE_CURVE('',#7261,#7262,#3919,.T.);
#9104=EDGE_CURVE('',#7263,#7261,#3920,.T.);
#9105=EDGE_CURVE('',#7264,#7262,#3921,.T.);
#9106=EDGE_CURVE('',#7263,#7264,#3922,.T.);
#9107=EDGE_CURVE('',#7258,#7263,#3923,.T.);
#9108=EDGE_CURVE('',#7259,#7264,#3924,.T.);
#9109=EDGE_CURVE('',#7265,#7266,#3925,.T.);
#9110=EDGE_CURVE('',#7266,#7267,#3926,.T.);
#9111=EDGE_CURVE('',#7268,#7267,#3927,.T.);
#9112=EDGE_CURVE('',#7265,#7268,#3928,.T.);
#9113=EDGE_CURVE('',#7269,#7265,#3929,.T.);
#9114=EDGE_CURVE('',#7270,#7268,#3930,.T.);
#9115=EDGE_CURVE('',#7269,#7270,#3931,.T.);
#9116=EDGE_CURVE('',#7271,#7269,#3932,.T.);
#9117=EDGE_CURVE('',#7272,#7270,#3933,.T.);
#9118=EDGE_CURVE('',#7271,#7272,#3934,.T.);
#9119=EDGE_CURVE('',#7266,#7271,#3935,.T.);
#9120=EDGE_CURVE('',#7267,#7272,#3936,.T.);
#9121=EDGE_CURVE('',#7273,#7274,#3937,.T.);
#9122=EDGE_CURVE('',#7274,#7275,#3938,.T.);
#9123=EDGE_CURVE('',#7276,#7275,#3939,.T.);
#9124=EDGE_CURVE('',#7273,#7276,#3940,.T.);
#9125=EDGE_CURVE('',#7277,#7273,#3941,.T.);
#9126=EDGE_CURVE('',#7278,#7276,#3942,.T.);
#9127=EDGE_CURVE('',#7277,#7278,#3943,.T.);
#9128=EDGE_CURVE('',#7279,#7277,#3944,.T.);
#9129=EDGE_CURVE('',#7280,#7278,#3945,.T.);
#9130=EDGE_CURVE('',#7279,#7280,#3946,.T.);
#9131=EDGE_CURVE('',#7274,#7279,#3947,.T.);
#9132=EDGE_CURVE('',#7275,#7280,#3948,.T.);
#9133=EDGE_CURVE('',#7281,#7282,#3949,.T.);
#9134=EDGE_CURVE('',#7282,#7283,#3950,.T.);
#9135=EDGE_CURVE('',#7284,#7283,#3951,.T.);
#9136=EDGE_CURVE('',#7281,#7284,#3952,.T.);
#9137=EDGE_CURVE('',#7285,#7281,#3953,.T.);
#9138=EDGE_CURVE('',#7286,#7284,#3954,.T.);
#9139=EDGE_CURVE('',#7285,#7286,#3955,.T.);
#9140=EDGE_CURVE('',#7287,#7285,#3956,.T.);
#9141=EDGE_CURVE('',#7288,#7286,#3957,.T.);
#9142=EDGE_CURVE('',#7287,#7288,#3958,.T.);
#9143=EDGE_CURVE('',#7282,#7287,#3959,.T.);
#9144=EDGE_CURVE('',#7283,#7288,#3960,.T.);
#9145=EDGE_CURVE('',#7289,#7290,#3961,.T.);
#9146=EDGE_CURVE('',#7290,#7291,#3962,.T.);
#9147=EDGE_CURVE('',#7292,#7291,#3963,.T.);
#9148=EDGE_CURVE('',#7289,#7292,#3964,.T.);
#9149=EDGE_CURVE('',#7293,#7289,#3965,.T.);
#9150=EDGE_CURVE('',#7294,#7292,#3966,.T.);
#9151=EDGE_CURVE('',#7293,#7294,#3967,.T.);
#9152=EDGE_CURVE('',#7295,#7293,#3968,.T.);
#9153=EDGE_CURVE('',#7296,#7294,#3969,.T.);
#9154=EDGE_CURVE('',#7295,#7296,#3970,.T.);
#9155=EDGE_CURVE('',#7290,#7295,#3971,.T.);
#9156=EDGE_CURVE('',#7291,#7296,#3972,.T.);
#9157=EDGE_CURVE('',#7297,#7298,#3973,.T.);
#9158=EDGE_CURVE('',#7298,#7299,#3974,.T.);
#9159=EDGE_CURVE('',#7300,#7299,#3975,.T.);
#9160=EDGE_CURVE('',#7297,#7300,#3976,.T.);
#9161=EDGE_CURVE('',#7301,#7297,#3977,.T.);
#9162=EDGE_CURVE('',#7302,#7300,#3978,.T.);
#9163=EDGE_CURVE('',#7301,#7302,#3979,.T.);
#9164=EDGE_CURVE('',#7303,#7301,#3980,.T.);
#9165=EDGE_CURVE('',#7304,#7302,#3981,.T.);
#9166=EDGE_CURVE('',#7303,#7304,#3982,.T.);
#9167=EDGE_CURVE('',#7298,#7303,#3983,.T.);
#9168=EDGE_CURVE('',#7299,#7304,#3984,.T.);
#9169=EDGE_CURVE('',#7305,#7306,#3985,.T.);
#9170=EDGE_CURVE('',#7306,#7307,#3986,.T.);
#9171=EDGE_CURVE('',#7308,#7307,#3987,.T.);
#9172=EDGE_CURVE('',#7305,#7308,#3988,.T.);
#9173=EDGE_CURVE('',#7309,#7305,#3989,.T.);
#9174=EDGE_CURVE('',#7310,#7308,#3990,.T.);
#9175=EDGE_CURVE('',#7309,#7310,#3991,.T.);
#9176=EDGE_CURVE('',#7311,#7309,#3992,.T.);
#9177=EDGE_CURVE('',#7312,#7310,#3993,.T.);
#9178=EDGE_CURVE('',#7311,#7312,#3994,.T.);
#9179=EDGE_CURVE('',#7306,#7311,#3995,.T.);
#9180=EDGE_CURVE('',#7307,#7312,#3996,.T.);
#9181=EDGE_CURVE('',#7313,#7314,#3997,.T.);
#9182=EDGE_CURVE('',#7314,#7315,#3998,.T.);
#9183=EDGE_CURVE('',#7316,#7315,#3999,.T.);
#9184=EDGE_CURVE('',#7313,#7316,#4000,.T.);
#9185=EDGE_CURVE('',#7317,#7313,#4001,.T.);
#9186=EDGE_CURVE('',#7318,#7316,#4002,.T.);
#9187=EDGE_CURVE('',#7317,#7318,#4003,.T.);
#9188=EDGE_CURVE('',#7319,#7317,#4004,.T.);
#9189=EDGE_CURVE('',#7320,#7318,#4005,.T.);
#9190=EDGE_CURVE('',#7319,#7320,#4006,.T.);
#9191=EDGE_CURVE('',#7314,#7319,#4007,.T.);
#9192=EDGE_CURVE('',#7315,#7320,#4008,.T.);
#9193=EDGE_CURVE('',#7321,#7322,#4009,.T.);
#9194=EDGE_CURVE('',#7322,#7323,#4010,.T.);
#9195=EDGE_CURVE('',#7324,#7323,#4011,.T.);
#9196=EDGE_CURVE('',#7321,#7324,#4012,.T.);
#9197=EDGE_CURVE('',#7325,#7321,#4013,.T.);
#9198=EDGE_CURVE('',#7326,#7324,#4014,.T.);
#9199=EDGE_CURVE('',#7325,#7326,#4015,.T.);
#9200=EDGE_CURVE('',#7327,#7325,#4016,.T.);
#9201=EDGE_CURVE('',#7328,#7326,#4017,.T.);
#9202=EDGE_CURVE('',#7327,#7328,#4018,.T.);
#9203=EDGE_CURVE('',#7322,#7327,#4019,.T.);
#9204=EDGE_CURVE('',#7323,#7328,#4020,.T.);
#9205=EDGE_CURVE('',#7329,#7330,#4021,.T.);
#9206=EDGE_CURVE('',#7330,#7331,#4022,.T.);
#9207=EDGE_CURVE('',#7332,#7331,#4023,.T.);
#9208=EDGE_CURVE('',#7329,#7332,#4024,.T.);
#9209=EDGE_CURVE('',#7333,#7329,#4025,.T.);
#9210=EDGE_CURVE('',#7334,#7332,#4026,.T.);
#9211=EDGE_CURVE('',#7333,#7334,#4027,.T.);
#9212=EDGE_CURVE('',#7335,#7333,#4028,.T.);
#9213=EDGE_CURVE('',#7336,#7334,#4029,.T.);
#9214=EDGE_CURVE('',#7335,#7336,#4030,.T.);
#9215=EDGE_CURVE('',#7330,#7335,#4031,.T.);
#9216=EDGE_CURVE('',#7331,#7336,#4032,.T.);
#9217=EDGE_CURVE('',#7337,#7338,#4033,.T.);
#9218=EDGE_CURVE('',#7338,#7339,#4034,.T.);
#9219=EDGE_CURVE('',#7340,#7339,#4035,.T.);
#9220=EDGE_CURVE('',#7337,#7340,#4036,.T.);
#9221=EDGE_CURVE('',#7341,#7337,#4037,.T.);
#9222=EDGE_CURVE('',#7342,#7340,#4038,.T.);
#9223=EDGE_CURVE('',#7341,#7342,#4039,.T.);
#9224=EDGE_CURVE('',#7343,#7341,#4040,.T.);
#9225=EDGE_CURVE('',#7344,#7342,#4041,.T.);
#9226=EDGE_CURVE('',#7343,#7344,#4042,.T.);
#9227=EDGE_CURVE('',#7338,#7343,#4043,.T.);
#9228=EDGE_CURVE('',#7339,#7344,#4044,.T.);
#9229=EDGE_CURVE('',#7345,#7346,#4045,.T.);
#9230=EDGE_CURVE('',#7346,#7347,#4046,.T.);
#9231=EDGE_CURVE('',#7348,#7347,#4047,.T.);
#9232=EDGE_CURVE('',#7345,#7348,#4048,.T.);
#9233=EDGE_CURVE('',#7349,#7345,#4049,.T.);
#9234=EDGE_CURVE('',#7350,#7348,#4050,.T.);
#9235=EDGE_CURVE('',#7349,#7350,#4051,.T.);
#9236=EDGE_CURVE('',#7351,#7349,#4052,.T.);
#9237=EDGE_CURVE('',#7352,#7350,#4053,.T.);
#9238=EDGE_CURVE('',#7351,#7352,#4054,.T.);
#9239=EDGE_CURVE('',#7346,#7351,#4055,.T.);
#9240=EDGE_CURVE('',#7347,#7352,#4056,.T.);
#9241=EDGE_CURVE('',#7353,#7354,#4057,.T.);
#9242=EDGE_CURVE('',#7354,#7355,#4058,.T.);
#9243=EDGE_CURVE('',#7356,#7355,#4059,.T.);
#9244=EDGE_CURVE('',#7353,#7356,#4060,.T.);
#9245=EDGE_CURVE('',#7357,#7353,#4061,.T.);
#9246=EDGE_CURVE('',#7358,#7356,#4062,.T.);
#9247=EDGE_CURVE('',#7357,#7358,#4063,.T.);
#9248=EDGE_CURVE('',#7359,#7357,#4064,.T.);
#9249=EDGE_CURVE('',#7360,#7358,#4065,.T.);
#9250=EDGE_CURVE('',#7359,#7360,#4066,.T.);
#9251=EDGE_CURVE('',#7354,#7359,#4067,.T.);
#9252=EDGE_CURVE('',#7355,#7360,#4068,.T.);
#9253=EDGE_CURVE('',#7361,#7362,#4069,.T.);
#9254=EDGE_CURVE('',#7362,#7363,#4070,.T.);
#9255=EDGE_CURVE('',#7364,#7363,#4071,.T.);
#9256=EDGE_CURVE('',#7361,#7364,#4072,.T.);
#9257=EDGE_CURVE('',#7365,#7361,#4073,.T.);
#9258=EDGE_CURVE('',#7366,#7364,#4074,.T.);
#9259=EDGE_CURVE('',#7365,#7366,#4075,.T.);
#9260=EDGE_CURVE('',#7367,#7365,#4076,.T.);
#9261=EDGE_CURVE('',#7368,#7366,#4077,.T.);
#9262=EDGE_CURVE('',#7367,#7368,#4078,.T.);
#9263=EDGE_CURVE('',#7362,#7367,#4079,.T.);
#9264=EDGE_CURVE('',#7363,#7368,#4080,.T.);
#9265=EDGE_CURVE('',#7369,#7370,#4081,.T.);
#9266=EDGE_CURVE('',#7370,#7371,#4082,.T.);
#9267=EDGE_CURVE('',#7372,#7371,#4083,.T.);
#9268=EDGE_CURVE('',#7369,#7372,#4084,.T.);
#9269=EDGE_CURVE('',#7373,#7369,#4085,.T.);
#9270=EDGE_CURVE('',#7374,#7372,#4086,.T.);
#9271=EDGE_CURVE('',#7373,#7374,#4087,.T.);
#9272=EDGE_CURVE('',#7375,#7373,#4088,.T.);
#9273=EDGE_CURVE('',#7376,#7374,#4089,.T.);
#9274=EDGE_CURVE('',#7375,#7376,#4090,.T.);
#9275=EDGE_CURVE('',#7370,#7375,#4091,.T.);
#9276=EDGE_CURVE('',#7371,#7376,#4092,.T.);
#9277=EDGE_CURVE('',#7377,#7378,#4093,.T.);
#9278=EDGE_CURVE('',#7378,#7379,#4094,.T.);
#9279=EDGE_CURVE('',#7380,#7379,#4095,.T.);
#9280=EDGE_CURVE('',#7377,#7380,#4096,.T.);
#9281=EDGE_CURVE('',#7381,#7377,#4097,.T.);
#9282=EDGE_CURVE('',#7382,#7380,#4098,.T.);
#9283=EDGE_CURVE('',#7381,#7382,#4099,.T.);
#9284=EDGE_CURVE('',#7383,#7381,#4100,.T.);
#9285=EDGE_CURVE('',#7384,#7382,#4101,.T.);
#9286=EDGE_CURVE('',#7383,#7384,#4102,.T.);
#9287=EDGE_CURVE('',#7378,#7383,#4103,.T.);
#9288=EDGE_CURVE('',#7379,#7384,#4104,.T.);
#9289=EDGE_CURVE('',#7385,#7386,#4105,.T.);
#9290=EDGE_CURVE('',#7386,#7387,#4106,.T.);
#9291=EDGE_CURVE('',#7388,#7387,#4107,.T.);
#9292=EDGE_CURVE('',#7385,#7388,#4108,.T.);
#9293=EDGE_CURVE('',#7389,#7385,#4109,.T.);
#9294=EDGE_CURVE('',#7390,#7388,#4110,.T.);
#9295=EDGE_CURVE('',#7389,#7390,#4111,.T.);
#9296=EDGE_CURVE('',#7391,#7389,#4112,.T.);
#9297=EDGE_CURVE('',#7392,#7390,#4113,.T.);
#9298=EDGE_CURVE('',#7391,#7392,#4114,.T.);
#9299=EDGE_CURVE('',#7386,#7391,#4115,.T.);
#9300=EDGE_CURVE('',#7387,#7392,#4116,.T.);
#9301=EDGE_CURVE('',#7393,#7394,#4117,.T.);
#9302=EDGE_CURVE('',#7394,#7395,#4118,.T.);
#9303=EDGE_CURVE('',#7396,#7395,#4119,.T.);
#9304=EDGE_CURVE('',#7393,#7396,#4120,.T.);
#9305=EDGE_CURVE('',#7397,#7393,#4121,.T.);
#9306=EDGE_CURVE('',#7398,#7396,#4122,.T.);
#9307=EDGE_CURVE('',#7397,#7398,#4123,.T.);
#9308=EDGE_CURVE('',#7399,#7397,#4124,.T.);
#9309=EDGE_CURVE('',#7400,#7398,#4125,.T.);
#9310=EDGE_CURVE('',#7399,#7400,#4126,.T.);
#9311=EDGE_CURVE('',#7394,#7399,#4127,.T.);
#9312=EDGE_CURVE('',#7395,#7400,#4128,.T.);
#9313=EDGE_CURVE('',#7401,#7402,#4129,.T.);
#9314=EDGE_CURVE('',#7402,#7403,#4130,.T.);
#9315=EDGE_CURVE('',#7404,#7403,#4131,.T.);
#9316=EDGE_CURVE('',#7401,#7404,#4132,.T.);
#9317=EDGE_CURVE('',#7405,#7401,#4133,.T.);
#9318=EDGE_CURVE('',#7406,#7404,#4134,.T.);
#9319=EDGE_CURVE('',#7405,#7406,#4135,.T.);
#9320=EDGE_CURVE('',#7407,#7405,#4136,.T.);
#9321=EDGE_CURVE('',#7408,#7406,#4137,.T.);
#9322=EDGE_CURVE('',#7407,#7408,#4138,.T.);
#9323=EDGE_CURVE('',#7402,#7407,#4139,.T.);
#9324=EDGE_CURVE('',#7403,#7408,#4140,.T.);
#9325=EDGE_CURVE('',#7409,#7410,#4141,.T.);
#9326=EDGE_CURVE('',#7410,#7411,#4142,.T.);
#9327=EDGE_CURVE('',#7412,#7411,#4143,.T.);
#9328=EDGE_CURVE('',#7409,#7412,#4144,.T.);
#9329=EDGE_CURVE('',#7413,#7409,#4145,.T.);
#9330=EDGE_CURVE('',#7414,#7412,#4146,.T.);
#9331=EDGE_CURVE('',#7413,#7414,#4147,.T.);
#9332=EDGE_CURVE('',#7415,#7413,#4148,.T.);
#9333=EDGE_CURVE('',#7416,#7414,#4149,.T.);
#9334=EDGE_CURVE('',#7415,#7416,#4150,.T.);
#9335=EDGE_CURVE('',#7410,#7415,#4151,.T.);
#9336=EDGE_CURVE('',#7411,#7416,#4152,.T.);
#9337=EDGE_CURVE('',#7417,#7418,#4153,.T.);
#9338=EDGE_CURVE('',#7418,#7419,#4154,.T.);
#9339=EDGE_CURVE('',#7420,#7419,#4155,.T.);
#9340=EDGE_CURVE('',#7417,#7420,#4156,.T.);
#9341=EDGE_CURVE('',#7421,#7417,#4157,.T.);
#9342=EDGE_CURVE('',#7422,#7420,#4158,.T.);
#9343=EDGE_CURVE('',#7421,#7422,#4159,.T.);
#9344=EDGE_CURVE('',#7423,#7421,#4160,.T.);
#9345=EDGE_CURVE('',#7424,#7422,#4161,.T.);
#9346=EDGE_CURVE('',#7423,#7424,#4162,.T.);
#9347=EDGE_CURVE('',#7418,#7423,#4163,.T.);
#9348=EDGE_CURVE('',#7419,#7424,#4164,.T.);
#9349=EDGE_CURVE('',#7425,#7426,#4165,.T.);
#9350=EDGE_CURVE('',#7426,#7427,#4166,.T.);
#9351=EDGE_CURVE('',#7428,#7427,#4167,.T.);
#9352=EDGE_CURVE('',#7425,#7428,#4168,.T.);
#9353=EDGE_CURVE('',#7429,#7425,#4169,.T.);
#9354=EDGE_CURVE('',#7430,#7428,#4170,.T.);
#9355=EDGE_CURVE('',#7429,#7430,#4171,.T.);
#9356=EDGE_CURVE('',#7431,#7429,#4172,.T.);
#9357=EDGE_CURVE('',#7432,#7430,#4173,.T.);
#9358=EDGE_CURVE('',#7431,#7432,#4174,.T.);
#9359=EDGE_CURVE('',#7426,#7431,#4175,.T.);
#9360=EDGE_CURVE('',#7427,#7432,#4176,.T.);
#9361=EDGE_CURVE('',#7433,#7434,#4177,.T.);
#9362=EDGE_CURVE('',#7434,#7435,#4178,.T.);
#9363=EDGE_CURVE('',#7436,#7435,#4179,.T.);
#9364=EDGE_CURVE('',#7433,#7436,#4180,.T.);
#9365=EDGE_CURVE('',#7437,#7433,#4181,.T.);
#9366=EDGE_CURVE('',#7438,#7436,#4182,.T.);
#9367=EDGE_CURVE('',#7437,#7438,#4183,.T.);
#9368=EDGE_CURVE('',#7439,#7437,#4184,.T.);
#9369=EDGE_CURVE('',#7440,#7438,#4185,.T.);
#9370=EDGE_CURVE('',#7439,#7440,#4186,.T.);
#9371=EDGE_CURVE('',#7434,#7439,#4187,.T.);
#9372=EDGE_CURVE('',#7435,#7440,#4188,.T.);
#9373=EDGE_CURVE('',#7441,#7442,#4189,.T.);
#9374=EDGE_CURVE('',#7442,#7443,#4190,.T.);
#9375=EDGE_CURVE('',#7444,#7443,#4191,.T.);
#9376=EDGE_CURVE('',#7441,#7444,#4192,.T.);
#9377=EDGE_CURVE('',#7445,#7441,#4193,.T.);
#9378=EDGE_CURVE('',#7446,#7444,#4194,.T.);
#9379=EDGE_CURVE('',#7445,#7446,#4195,.T.);
#9380=EDGE_CURVE('',#7447,#7445,#4196,.T.);
#9381=EDGE_CURVE('',#7448,#7446,#4197,.T.);
#9382=EDGE_CURVE('',#7447,#7448,#4198,.T.);
#9383=EDGE_CURVE('',#7442,#7447,#4199,.T.);
#9384=EDGE_CURVE('',#7443,#7448,#4200,.T.);
#9385=EDGE_CURVE('',#7449,#7450,#4201,.T.);
#9386=EDGE_CURVE('',#7450,#7451,#4202,.T.);
#9387=EDGE_CURVE('',#7452,#7451,#4203,.T.);
#9388=EDGE_CURVE('',#7449,#7452,#4204,.T.);
#9389=EDGE_CURVE('',#7453,#7449,#4205,.T.);
#9390=EDGE_CURVE('',#7454,#7452,#4206,.T.);
#9391=EDGE_CURVE('',#7453,#7454,#4207,.T.);
#9392=EDGE_CURVE('',#7455,#7453,#4208,.T.);
#9393=EDGE_CURVE('',#7456,#7454,#4209,.T.);
#9394=EDGE_CURVE('',#7455,#7456,#4210,.T.);
#9395=EDGE_CURVE('',#7450,#7455,#4211,.T.);
#9396=EDGE_CURVE('',#7451,#7456,#4212,.T.);
#9397=EDGE_CURVE('',#7457,#7458,#4213,.T.);
#9398=EDGE_CURVE('',#7458,#7459,#4214,.T.);
#9399=EDGE_CURVE('',#7460,#7459,#4215,.T.);
#9400=EDGE_CURVE('',#7457,#7460,#4216,.T.);
#9401=EDGE_CURVE('',#7461,#7457,#4217,.T.);
#9402=EDGE_CURVE('',#7462,#7460,#4218,.T.);
#9403=EDGE_CURVE('',#7461,#7462,#4219,.T.);
#9404=EDGE_CURVE('',#7463,#7461,#4220,.T.);
#9405=EDGE_CURVE('',#7464,#7462,#4221,.T.);
#9406=EDGE_CURVE('',#7463,#7464,#4222,.T.);
#9407=EDGE_CURVE('',#7458,#7463,#4223,.T.);
#9408=EDGE_CURVE('',#7459,#7464,#4224,.T.);
#9409=ORIENTED_EDGE('',*,*,#7465,.T.);
#9410=ORIENTED_EDGE('',*,*,#7466,.T.);
#9411=ORIENTED_EDGE('',*,*,#7467,.F.);
#9412=ORIENTED_EDGE('',*,*,#7468,.F.);
#9413=ORIENTED_EDGE('',*,*,#7469,.T.);
#9414=ORIENTED_EDGE('',*,*,#7468,.T.);
#9415=ORIENTED_EDGE('',*,*,#7470,.F.);
#9416=ORIENTED_EDGE('',*,*,#7471,.F.);
#9417=ORIENTED_EDGE('',*,*,#7472,.T.);
#9418=ORIENTED_EDGE('',*,*,#7471,.T.);
#9419=ORIENTED_EDGE('',*,*,#7473,.F.);
#9420=ORIENTED_EDGE('',*,*,#7474,.F.);
#9421=ORIENTED_EDGE('',*,*,#7475,.T.);
#9422=ORIENTED_EDGE('',*,*,#7474,.T.);
#9423=ORIENTED_EDGE('',*,*,#7476,.F.);
#9424=ORIENTED_EDGE('',*,*,#7466,.F.);
#9425=ORIENTED_EDGE('',*,*,#7476,.T.);
#9426=ORIENTED_EDGE('',*,*,#7473,.T.);
#9427=ORIENTED_EDGE('',*,*,#7470,.T.);
#9428=ORIENTED_EDGE('',*,*,#7467,.T.);
#9429=ORIENTED_EDGE('',*,*,#7475,.F.);
#9430=ORIENTED_EDGE('',*,*,#7465,.F.);
#9431=ORIENTED_EDGE('',*,*,#7469,.F.);
#9432=ORIENTED_EDGE('',*,*,#7472,.F.);
#9433=ORIENTED_EDGE('',*,*,#7477,.T.);
#9434=ORIENTED_EDGE('',*,*,#7478,.T.);
#9435=ORIENTED_EDGE('',*,*,#7479,.F.);
#9436=ORIENTED_EDGE('',*,*,#7480,.F.);
#9437=ORIENTED_EDGE('',*,*,#7481,.T.);
#9438=ORIENTED_EDGE('',*,*,#7480,.T.);
#9439=ORIENTED_EDGE('',*,*,#7482,.F.);
#9440=ORIENTED_EDGE('',*,*,#7483,.F.);
#9441=ORIENTED_EDGE('',*,*,#7484,.T.);
#9442=ORIENTED_EDGE('',*,*,#7483,.T.);
#9443=ORIENTED_EDGE('',*,*,#7485,.F.);
#9444=ORIENTED_EDGE('',*,*,#7486,.F.);
#9445=ORIENTED_EDGE('',*,*,#7487,.T.);
#9446=ORIENTED_EDGE('',*,*,#7486,.T.);
#9447=ORIENTED_EDGE('',*,*,#7488,.F.);
#9448=ORIENTED_EDGE('',*,*,#7478,.F.);
#9449=ORIENTED_EDGE('',*,*,#7488,.T.);
#9450=ORIENTED_EDGE('',*,*,#7485,.T.);
#9451=ORIENTED_EDGE('',*,*,#7482,.T.);
#9452=ORIENTED_EDGE('',*,*,#7479,.T.);
#9453=ORIENTED_EDGE('',*,*,#7487,.F.);
#9454=ORIENTED_EDGE('',*,*,#7477,.F.);
#9455=ORIENTED_EDGE('',*,*,#7481,.F.);
#9456=ORIENTED_EDGE('',*,*,#7484,.F.);
#9457=ORIENTED_EDGE('',*,*,#7489,.T.);
#9458=ORIENTED_EDGE('',*,*,#7490,.T.);
#9459=ORIENTED_EDGE('',*,*,#7491,.F.);
#9460=ORIENTED_EDGE('',*,*,#7492,.F.);
#9461=ORIENTED_EDGE('',*,*,#7493,.T.);
#9462=ORIENTED_EDGE('',*,*,#7492,.T.);
#9463=ORIENTED_EDGE('',*,*,#7494,.F.);
#9464=ORIENTED_EDGE('',*,*,#7495,.F.);
#9465=ORIENTED_EDGE('',*,*,#7496,.T.);
#9466=ORIENTED_EDGE('',*,*,#7495,.T.);
#9467=ORIENTED_EDGE('',*,*,#7497,.F.);
#9468=ORIENTED_EDGE('',*,*,#7498,.F.);
#9469=ORIENTED_EDGE('',*,*,#7499,.T.);
#9470=ORIENTED_EDGE('',*,*,#7498,.T.);
#9471=ORIENTED_EDGE('',*,*,#7500,.F.);
#9472=ORIENTED_EDGE('',*,*,#7490,.F.);
#9473=ORIENTED_EDGE('',*,*,#7500,.T.);
#9474=ORIENTED_EDGE('',*,*,#7497,.T.);
#9475=ORIENTED_EDGE('',*,*,#7494,.T.);
#9476=ORIENTED_EDGE('',*,*,#7491,.T.);
#9477=ORIENTED_EDGE('',*,*,#7499,.F.);
#9478=ORIENTED_EDGE('',*,*,#7489,.F.);
#9479=ORIENTED_EDGE('',*,*,#7493,.F.);
#9480=ORIENTED_EDGE('',*,*,#7496,.F.);
#9481=ORIENTED_EDGE('',*,*,#7501,.T.);
#9482=ORIENTED_EDGE('',*,*,#7502,.T.);
#9483=ORIENTED_EDGE('',*,*,#7503,.F.);
#9484=ORIENTED_EDGE('',*,*,#7504,.F.);
#9485=ORIENTED_EDGE('',*,*,#7505,.T.);
#9486=ORIENTED_EDGE('',*,*,#7504,.T.);
#9487=ORIENTED_EDGE('',*,*,#7506,.F.);
#9488=ORIENTED_EDGE('',*,*,#7507,.F.);
#9489=ORIENTED_EDGE('',*,*,#7508,.T.);
#9490=ORIENTED_EDGE('',*,*,#7507,.T.);
#9491=ORIENTED_EDGE('',*,*,#7509,.F.);
#9492=ORIENTED_EDGE('',*,*,#7510,.F.);
#9493=ORIENTED_EDGE('',*,*,#7511,.T.);
#9494=ORIENTED_EDGE('',*,*,#7510,.T.);
#9495=ORIENTED_EDGE('',*,*,#7512,.F.);
#9496=ORIENTED_EDGE('',*,*,#7502,.F.);
#9497=ORIENTED_EDGE('',*,*,#7512,.T.);
#9498=ORIENTED_EDGE('',*,*,#7509,.T.);
#9499=ORIENTED_EDGE('',*,*,#7506,.T.);
#9500=ORIENTED_EDGE('',*,*,#7503,.T.);
#9501=ORIENTED_EDGE('',*,*,#7511,.F.);
#9502=ORIENTED_EDGE('',*,*,#7501,.F.);
#9503=ORIENTED_EDGE('',*,*,#7505,.F.);
#9504=ORIENTED_EDGE('',*,*,#7508,.F.);
#9505=ORIENTED_EDGE('',*,*,#7513,.T.);
#9506=ORIENTED_EDGE('',*,*,#7514,.T.);
#9507=ORIENTED_EDGE('',*,*,#7515,.F.);
#9508=ORIENTED_EDGE('',*,*,#7516,.F.);
#9509=ORIENTED_EDGE('',*,*,#7517,.T.);
#9510=ORIENTED_EDGE('',*,*,#7516,.T.);
#9511=ORIENTED_EDGE('',*,*,#7518,.F.);
#9512=ORIENTED_EDGE('',*,*,#7519,.F.);
#9513=ORIENTED_EDGE('',*,*,#7520,.T.);
#9514=ORIENTED_EDGE('',*,*,#7519,.T.);
#9515=ORIENTED_EDGE('',*,*,#7521,.F.);
#9516=ORIENTED_EDGE('',*,*,#7522,.F.);
#9517=ORIENTED_EDGE('',*,*,#7523,.T.);
#9518=ORIENTED_EDGE('',*,*,#7522,.T.);
#9519=ORIENTED_EDGE('',*,*,#7524,.F.);
#9520=ORIENTED_EDGE('',*,*,#7514,.F.);
#9521=ORIENTED_EDGE('',*,*,#7524,.T.);
#9522=ORIENTED_EDGE('',*,*,#7521,.T.);
#9523=ORIENTED_EDGE('',*,*,#7518,.T.);
#9524=ORIENTED_EDGE('',*,*,#7515,.T.);
#9525=ORIENTED_EDGE('',*,*,#7523,.F.);
#9526=ORIENTED_EDGE('',*,*,#7513,.F.);
#9527=ORIENTED_EDGE('',*,*,#7517,.F.);
#9528=ORIENTED_EDGE('',*,*,#7520,.F.);
#9529=ORIENTED_EDGE('',*,*,#7525,.T.);
#9530=ORIENTED_EDGE('',*,*,#7526,.T.);
#9531=ORIENTED_EDGE('',*,*,#7527,.F.);
#9532=ORIENTED_EDGE('',*,*,#7528,.F.);
#9533=ORIENTED_EDGE('',*,*,#7529,.T.);
#9534=ORIENTED_EDGE('',*,*,#7528,.T.);
#9535=ORIENTED_EDGE('',*,*,#7530,.F.);
#9536=ORIENTED_EDGE('',*,*,#7531,.F.);
#9537=ORIENTED_EDGE('',*,*,#7532,.T.);
#9538=ORIENTED_EDGE('',*,*,#7531,.T.);
#9539=ORIENTED_EDGE('',*,*,#7533,.F.);
#9540=ORIENTED_EDGE('',*,*,#7534,.F.);
#9541=ORIENTED_EDGE('',*,*,#7535,.T.);
#9542=ORIENTED_EDGE('',*,*,#7534,.T.);
#9543=ORIENTED_EDGE('',*,*,#7536,.F.);
#9544=ORIENTED_EDGE('',*,*,#7526,.F.);
#9545=ORIENTED_EDGE('',*,*,#7536,.T.);
#9546=ORIENTED_EDGE('',*,*,#7533,.T.);
#9547=ORIENTED_EDGE('',*,*,#7530,.T.);
#9548=ORIENTED_EDGE('',*,*,#7527,.T.);
#9549=ORIENTED_EDGE('',*,*,#7535,.F.);
#9550=ORIENTED_EDGE('',*,*,#7525,.F.);
#9551=ORIENTED_EDGE('',*,*,#7529,.F.);
#9552=ORIENTED_EDGE('',*,*,#7532,.F.);
#9553=ORIENTED_EDGE('',*,*,#7537,.T.);
#9554=ORIENTED_EDGE('',*,*,#7538,.T.);
#9555=ORIENTED_EDGE('',*,*,#7539,.F.);
#9556=ORIENTED_EDGE('',*,*,#7540,.F.);
#9557=ORIENTED_EDGE('',*,*,#7541,.T.);
#9558=ORIENTED_EDGE('',*,*,#7540,.T.);
#9559=ORIENTED_EDGE('',*,*,#7542,.F.);
#9560=ORIENTED_EDGE('',*,*,#7543,.F.);
#9561=ORIENTED_EDGE('',*,*,#7544,.T.);
#9562=ORIENTED_EDGE('',*,*,#7543,.T.);
#9563=ORIENTED_EDGE('',*,*,#7545,.F.);
#9564=ORIENTED_EDGE('',*,*,#7546,.F.);
#9565=ORIENTED_EDGE('',*,*,#7547,.T.);
#9566=ORIENTED_EDGE('',*,*,#7546,.T.);
#9567=ORIENTED_EDGE('',*,*,#7548,.F.);
#9568=ORIENTED_EDGE('',*,*,#7538,.F.);
#9569=ORIENTED_EDGE('',*,*,#7548,.T.);
#9570=ORIENTED_EDGE('',*,*,#7545,.T.);
#9571=ORIENTED_EDGE('',*,*,#7542,.T.);
#9572=ORIENTED_EDGE('',*,*,#7539,.T.);
#9573=ORIENTED_EDGE('',*,*,#7547,.F.);
#9574=ORIENTED_EDGE('',*,*,#7537,.F.);
#9575=ORIENTED_EDGE('',*,*,#7541,.F.);
#9576=ORIENTED_EDGE('',*,*,#7544,.F.);
#9577=ORIENTED_EDGE('',*,*,#7549,.T.);
#9578=ORIENTED_EDGE('',*,*,#7550,.T.);
#9579=ORIENTED_EDGE('',*,*,#7551,.F.);
#9580=ORIENTED_EDGE('',*,*,#7552,.F.);
#9581=ORIENTED_EDGE('',*,*,#7553,.T.);
#9582=ORIENTED_EDGE('',*,*,#7552,.T.);
#9583=ORIENTED_EDGE('',*,*,#7554,.F.);
#9584=ORIENTED_EDGE('',*,*,#7555,.F.);
#9585=ORIENTED_EDGE('',*,*,#7556,.T.);
#9586=ORIENTED_EDGE('',*,*,#7555,.T.);
#9587=ORIENTED_EDGE('',*,*,#7557,.F.);
#9588=ORIENTED_EDGE('',*,*,#7558,.F.);
#9589=ORIENTED_EDGE('',*,*,#7559,.T.);
#9590=ORIENTED_EDGE('',*,*,#7558,.T.);
#9591=ORIENTED_EDGE('',*,*,#7560,.F.);
#9592=ORIENTED_EDGE('',*,*,#7550,.F.);
#9593=ORIENTED_EDGE('',*,*,#7560,.T.);
#9594=ORIENTED_EDGE('',*,*,#7557,.T.);
#9595=ORIENTED_EDGE('',*,*,#7554,.T.);
#9596=ORIENTED_EDGE('',*,*,#7551,.T.);
#9597=ORIENTED_EDGE('',*,*,#7559,.F.);
#9598=ORIENTED_EDGE('',*,*,#7549,.F.);
#9599=ORIENTED_EDGE('',*,*,#7553,.F.);
#9600=ORIENTED_EDGE('',*,*,#7556,.F.);
#9601=ORIENTED_EDGE('',*,*,#7561,.T.);
#9602=ORIENTED_EDGE('',*,*,#7562,.T.);
#9603=ORIENTED_EDGE('',*,*,#7563,.F.);
#9604=ORIENTED_EDGE('',*,*,#7564,.F.);
#9605=ORIENTED_EDGE('',*,*,#7565,.T.);
#9606=ORIENTED_EDGE('',*,*,#7564,.T.);
#9607=ORIENTED_EDGE('',*,*,#7566,.F.);
#9608=ORIENTED_EDGE('',*,*,#7567,.F.);
#9609=ORIENTED_EDGE('',*,*,#7568,.T.);
#9610=ORIENTED_EDGE('',*,*,#7567,.T.);
#9611=ORIENTED_EDGE('',*,*,#7569,.F.);
#9612=ORIENTED_EDGE('',*,*,#7570,.F.);
#9613=ORIENTED_EDGE('',*,*,#7571,.T.);
#9614=ORIENTED_EDGE('',*,*,#7570,.T.);
#9615=ORIENTED_EDGE('',*,*,#7572,.F.);
#9616=ORIENTED_EDGE('',*,*,#7562,.F.);
#9617=ORIENTED_EDGE('',*,*,#7572,.T.);
#9618=ORIENTED_EDGE('',*,*,#7569,.T.);
#9619=ORIENTED_EDGE('',*,*,#7566,.T.);
#9620=ORIENTED_EDGE('',*,*,#7563,.T.);
#9621=ORIENTED_EDGE('',*,*,#7571,.F.);
#9622=ORIENTED_EDGE('',*,*,#7561,.F.);
#9623=ORIENTED_EDGE('',*,*,#7565,.F.);
#9624=ORIENTED_EDGE('',*,*,#7568,.F.);
#9625=ORIENTED_EDGE('',*,*,#7573,.T.);
#9626=ORIENTED_EDGE('',*,*,#7574,.T.);
#9627=ORIENTED_EDGE('',*,*,#7575,.F.);
#9628=ORIENTED_EDGE('',*,*,#7576,.F.);
#9629=ORIENTED_EDGE('',*,*,#7577,.T.);
#9630=ORIENTED_EDGE('',*,*,#7576,.T.);
#9631=ORIENTED_EDGE('',*,*,#7578,.F.);
#9632=ORIENTED_EDGE('',*,*,#7579,.F.);
#9633=ORIENTED_EDGE('',*,*,#7580,.T.);
#9634=ORIENTED_EDGE('',*,*,#7579,.T.);
#9635=ORIENTED_EDGE('',*,*,#7581,.F.);
#9636=ORIENTED_EDGE('',*,*,#7582,.F.);
#9637=ORIENTED_EDGE('',*,*,#7583,.T.);
#9638=ORIENTED_EDGE('',*,*,#7582,.T.);
#9639=ORIENTED_EDGE('',*,*,#7584,.F.);
#9640=ORIENTED_EDGE('',*,*,#7574,.F.);
#9641=ORIENTED_EDGE('',*,*,#7584,.T.);
#9642=ORIENTED_EDGE('',*,*,#7581,.T.);
#9643=ORIENTED_EDGE('',*,*,#7578,.T.);
#9644=ORIENTED_EDGE('',*,*,#7575,.T.);
#9645=ORIENTED_EDGE('',*,*,#7583,.F.);
#9646=ORIENTED_EDGE('',*,*,#7573,.F.);
#9647=ORIENTED_EDGE('',*,*,#7577,.F.);
#9648=ORIENTED_EDGE('',*,*,#7580,.F.);
#9649=ORIENTED_EDGE('',*,*,#7585,.T.);
#9650=ORIENTED_EDGE('',*,*,#7586,.T.);
#9651=ORIENTED_EDGE('',*,*,#7587,.F.);
#9652=ORIENTED_EDGE('',*,*,#7588,.F.);
#9653=ORIENTED_EDGE('',*,*,#7589,.T.);
#9654=ORIENTED_EDGE('',*,*,#7588,.T.);
#9655=ORIENTED_EDGE('',*,*,#7590,.F.);
#9656=ORIENTED_EDGE('',*,*,#7591,.F.);
#9657=ORIENTED_EDGE('',*,*,#7592,.T.);
#9658=ORIENTED_EDGE('',*,*,#7591,.T.);
#9659=ORIENTED_EDGE('',*,*,#7593,.F.);
#9660=ORIENTED_EDGE('',*,*,#7594,.F.);
#9661=ORIENTED_EDGE('',*,*,#7595,.T.);
#9662=ORIENTED_EDGE('',*,*,#7594,.T.);
#9663=ORIENTED_EDGE('',*,*,#7596,.F.);
#9664=ORIENTED_EDGE('',*,*,#7586,.F.);
#9665=ORIENTED_EDGE('',*,*,#7596,.T.);
#9666=ORIENTED_EDGE('',*,*,#7593,.T.);
#9667=ORIENTED_EDGE('',*,*,#7590,.T.);
#9668=ORIENTED_EDGE('',*,*,#7587,.T.);
#9669=ORIENTED_EDGE('',*,*,#7595,.F.);
#9670=ORIENTED_EDGE('',*,*,#7585,.F.);
#9671=ORIENTED_EDGE('',*,*,#7589,.F.);
#9672=ORIENTED_EDGE('',*,*,#7592,.F.);
#9673=ORIENTED_EDGE('',*,*,#7597,.T.);
#9674=ORIENTED_EDGE('',*,*,#7598,.T.);
#9675=ORIENTED_EDGE('',*,*,#7599,.F.);
#9676=ORIENTED_EDGE('',*,*,#7600,.F.);
#9677=ORIENTED_EDGE('',*,*,#7601,.T.);
#9678=ORIENTED_EDGE('',*,*,#7600,.T.);
#9679=ORIENTED_EDGE('',*,*,#7602,.F.);
#9680=ORIENTED_EDGE('',*,*,#7603,.F.);
#9681=ORIENTED_EDGE('',*,*,#7604,.T.);
#9682=ORIENTED_EDGE('',*,*,#7603,.T.);
#9683=ORIENTED_EDGE('',*,*,#7605,.F.);
#9684=ORIENTED_EDGE('',*,*,#7606,.F.);
#9685=ORIENTED_EDGE('',*,*,#7607,.T.);
#9686=ORIENTED_EDGE('',*,*,#7606,.T.);
#9687=ORIENTED_EDGE('',*,*,#7608,.F.);
#9688=ORIENTED_EDGE('',*,*,#7598,.F.);
#9689=ORIENTED_EDGE('',*,*,#7608,.T.);
#9690=ORIENTED_EDGE('',*,*,#7605,.T.);
#9691=ORIENTED_EDGE('',*,*,#7602,.T.);
#9692=ORIENTED_EDGE('',*,*,#7599,.T.);
#9693=ORIENTED_EDGE('',*,*,#7607,.F.);
#9694=ORIENTED_EDGE('',*,*,#7597,.F.);
#9695=ORIENTED_EDGE('',*,*,#7601,.F.);
#9696=ORIENTED_EDGE('',*,*,#7604,.F.);
#9697=ORIENTED_EDGE('',*,*,#7609,.T.);
#9698=ORIENTED_EDGE('',*,*,#7610,.T.);
#9699=ORIENTED_EDGE('',*,*,#7611,.F.);
#9700=ORIENTED_EDGE('',*,*,#7612,.F.);
#9701=ORIENTED_EDGE('',*,*,#7613,.T.);
#9702=ORIENTED_EDGE('',*,*,#7612,.T.);
#9703=ORIENTED_EDGE('',*,*,#7614,.F.);
#9704=ORIENTED_EDGE('',*,*,#7615,.F.);
#9705=ORIENTED_EDGE('',*,*,#7616,.T.);
#9706=ORIENTED_EDGE('',*,*,#7615,.T.);
#9707=ORIENTED_EDGE('',*,*,#7617,.F.);
#9708=ORIENTED_EDGE('',*,*,#7618,.F.);
#9709=ORIENTED_EDGE('',*,*,#7619,.T.);
#9710=ORIENTED_EDGE('',*,*,#7618,.T.);
#9711=ORIENTED_EDGE('',*,*,#7620,.F.);
#9712=ORIENTED_EDGE('',*,*,#7610,.F.);
#9713=ORIENTED_EDGE('',*,*,#7620,.T.);
#9714=ORIENTED_EDGE('',*,*,#7617,.T.);
#9715=ORIENTED_EDGE('',*,*,#7614,.T.);
#9716=ORIENTED_EDGE('',*,*,#7611,.T.);
#9717=ORIENTED_EDGE('',*,*,#7619,.F.);
#9718=ORIENTED_EDGE('',*,*,#7609,.F.);
#9719=ORIENTED_EDGE('',*,*,#7613,.F.);
#9720=ORIENTED_EDGE('',*,*,#7616,.F.);
#9721=ORIENTED_EDGE('',*,*,#7621,.T.);
#9722=ORIENTED_EDGE('',*,*,#7622,.T.);
#9723=ORIENTED_EDGE('',*,*,#7623,.F.);
#9724=ORIENTED_EDGE('',*,*,#7624,.F.);
#9725=ORIENTED_EDGE('',*,*,#7625,.T.);
#9726=ORIENTED_EDGE('',*,*,#7624,.T.);
#9727=ORIENTED_EDGE('',*,*,#7626,.F.);
#9728=ORIENTED_EDGE('',*,*,#7627,.F.);
#9729=ORIENTED_EDGE('',*,*,#7628,.T.);
#9730=ORIENTED_EDGE('',*,*,#7627,.T.);
#9731=ORIENTED_EDGE('',*,*,#7629,.F.);
#9732=ORIENTED_EDGE('',*,*,#7630,.F.);
#9733=ORIENTED_EDGE('',*,*,#7631,.T.);
#9734=ORIENTED_EDGE('',*,*,#7630,.T.);
#9735=ORIENTED_EDGE('',*,*,#7632,.F.);
#9736=ORIENTED_EDGE('',*,*,#7622,.F.);
#9737=ORIENTED_EDGE('',*,*,#7632,.T.);
#9738=ORIENTED_EDGE('',*,*,#7629,.T.);
#9739=ORIENTED_EDGE('',*,*,#7626,.T.);
#9740=ORIENTED_EDGE('',*,*,#7623,.T.);
#9741=ORIENTED_EDGE('',*,*,#7631,.F.);
#9742=ORIENTED_EDGE('',*,*,#7621,.F.);
#9743=ORIENTED_EDGE('',*,*,#7625,.F.);
#9744=ORIENTED_EDGE('',*,*,#7628,.F.);
#9745=ORIENTED_EDGE('',*,*,#7633,.T.);
#9746=ORIENTED_EDGE('',*,*,#7634,.T.);
#9747=ORIENTED_EDGE('',*,*,#7635,.F.);
#9748=ORIENTED_EDGE('',*,*,#7636,.F.);
#9749=ORIENTED_EDGE('',*,*,#7637,.T.);
#9750=ORIENTED_EDGE('',*,*,#7636,.T.);
#9751=ORIENTED_EDGE('',*,*,#7638,.F.);
#9752=ORIENTED_EDGE('',*,*,#7639,.F.);
#9753=ORIENTED_EDGE('',*,*,#7640,.T.);
#9754=ORIENTED_EDGE('',*,*,#7639,.T.);
#9755=ORIENTED_EDGE('',*,*,#7641,.F.);
#9756=ORIENTED_EDGE('',*,*,#7642,.F.);
#9757=ORIENTED_EDGE('',*,*,#7643,.T.);
#9758=ORIENTED_EDGE('',*,*,#7642,.T.);
#9759=ORIENTED_EDGE('',*,*,#7644,.F.);
#9760=ORIENTED_EDGE('',*,*,#7634,.F.);
#9761=ORIENTED_EDGE('',*,*,#7644,.T.);
#9762=ORIENTED_EDGE('',*,*,#7641,.T.);
#9763=ORIENTED_EDGE('',*,*,#7638,.T.);
#9764=ORIENTED_EDGE('',*,*,#7635,.T.);
#9765=ORIENTED_EDGE('',*,*,#7643,.F.);
#9766=ORIENTED_EDGE('',*,*,#7633,.F.);
#9767=ORIENTED_EDGE('',*,*,#7637,.F.);
#9768=ORIENTED_EDGE('',*,*,#7640,.F.);
#9769=ORIENTED_EDGE('',*,*,#7645,.T.);
#9770=ORIENTED_EDGE('',*,*,#7646,.T.);
#9771=ORIENTED_EDGE('',*,*,#7647,.F.);
#9772=ORIENTED_EDGE('',*,*,#7648,.F.);
#9773=ORIENTED_EDGE('',*,*,#7649,.T.);
#9774=ORIENTED_EDGE('',*,*,#7648,.T.);
#9775=ORIENTED_EDGE('',*,*,#7650,.F.);
#9776=ORIENTED_EDGE('',*,*,#7651,.F.);
#9777=ORIENTED_EDGE('',*,*,#7652,.T.);
#9778=ORIENTED_EDGE('',*,*,#7651,.T.);
#9779=ORIENTED_EDGE('',*,*,#7653,.F.);
#9780=ORIENTED_EDGE('',*,*,#7654,.F.);
#9781=ORIENTED_EDGE('',*,*,#7655,.T.);
#9782=ORIENTED_EDGE('',*,*,#7654,.T.);
#9783=ORIENTED_EDGE('',*,*,#7656,.F.);
#9784=ORIENTED_EDGE('',*,*,#7646,.F.);
#9785=ORIENTED_EDGE('',*,*,#7656,.T.);
#9786=ORIENTED_EDGE('',*,*,#7653,.T.);
#9787=ORIENTED_EDGE('',*,*,#7650,.T.);
#9788=ORIENTED_EDGE('',*,*,#7647,.T.);
#9789=ORIENTED_EDGE('',*,*,#7655,.F.);
#9790=ORIENTED_EDGE('',*,*,#7645,.F.);
#9791=ORIENTED_EDGE('',*,*,#7649,.F.);
#9792=ORIENTED_EDGE('',*,*,#7652,.F.);
#9793=ORIENTED_EDGE('',*,*,#7657,.T.);
#9794=ORIENTED_EDGE('',*,*,#7658,.T.);
#9795=ORIENTED_EDGE('',*,*,#7659,.F.);
#9796=ORIENTED_EDGE('',*,*,#7660,.F.);
#9797=ORIENTED_EDGE('',*,*,#7661,.T.);
#9798=ORIENTED_EDGE('',*,*,#7660,.T.);
#9799=ORIENTED_EDGE('',*,*,#7662,.F.);
#9800=ORIENTED_EDGE('',*,*,#7663,.F.);
#9801=ORIENTED_EDGE('',*,*,#7664,.T.);
#9802=ORIENTED_EDGE('',*,*,#7663,.T.);
#9803=ORIENTED_EDGE('',*,*,#7665,.F.);
#9804=ORIENTED_EDGE('',*,*,#7666,.F.);
#9805=ORIENTED_EDGE('',*,*,#7667,.T.);
#9806=ORIENTED_EDGE('',*,*,#7666,.T.);
#9807=ORIENTED_EDGE('',*,*,#7668,.F.);
#9808=ORIENTED_EDGE('',*,*,#7658,.F.);
#9809=ORIENTED_EDGE('',*,*,#7668,.T.);
#9810=ORIENTED_EDGE('',*,*,#7665,.T.);
#9811=ORIENTED_EDGE('',*,*,#7662,.T.);
#9812=ORIENTED_EDGE('',*,*,#7659,.T.);
#9813=ORIENTED_EDGE('',*,*,#7667,.F.);
#9814=ORIENTED_EDGE('',*,*,#7657,.F.);
#9815=ORIENTED_EDGE('',*,*,#7661,.F.);
#9816=ORIENTED_EDGE('',*,*,#7664,.F.);
#9817=ORIENTED_EDGE('',*,*,#7669,.T.);
#9818=ORIENTED_EDGE('',*,*,#7670,.T.);
#9819=ORIENTED_EDGE('',*,*,#7671,.F.);
#9820=ORIENTED_EDGE('',*,*,#7672,.F.);
#9821=ORIENTED_EDGE('',*,*,#7673,.T.);
#9822=ORIENTED_EDGE('',*,*,#7672,.T.);
#9823=ORIENTED_EDGE('',*,*,#7674,.F.);
#9824=ORIENTED_EDGE('',*,*,#7675,.F.);
#9825=ORIENTED_EDGE('',*,*,#7676,.T.);
#9826=ORIENTED_EDGE('',*,*,#7675,.T.);
#9827=ORIENTED_EDGE('',*,*,#7677,.F.);
#9828=ORIENTED_EDGE('',*,*,#7678,.F.);
#9829=ORIENTED_EDGE('',*,*,#7679,.T.);
#9830=ORIENTED_EDGE('',*,*,#7678,.T.);
#9831=ORIENTED_EDGE('',*,*,#7680,.F.);
#9832=ORIENTED_EDGE('',*,*,#7670,.F.);
#9833=ORIENTED_EDGE('',*,*,#7680,.T.);
#9834=ORIENTED_EDGE('',*,*,#7677,.T.);
#9835=ORIENTED_EDGE('',*,*,#7674,.T.);
#9836=ORIENTED_EDGE('',*,*,#7671,.T.);
#9837=ORIENTED_EDGE('',*,*,#7679,.F.);
#9838=ORIENTED_EDGE('',*,*,#7669,.F.);
#9839=ORIENTED_EDGE('',*,*,#7673,.F.);
#9840=ORIENTED_EDGE('',*,*,#7676,.F.);
#9841=ORIENTED_EDGE('',*,*,#7681,.T.);
#9842=ORIENTED_EDGE('',*,*,#7682,.T.);
#9843=ORIENTED_EDGE('',*,*,#7683,.F.);
#9844=ORIENTED_EDGE('',*,*,#7684,.F.);
#9845=ORIENTED_EDGE('',*,*,#7685,.T.);
#9846=ORIENTED_EDGE('',*,*,#7684,.T.);
#9847=ORIENTED_EDGE('',*,*,#7686,.F.);
#9848=ORIENTED_EDGE('',*,*,#7687,.F.);
#9849=ORIENTED_EDGE('',*,*,#7688,.T.);
#9850=ORIENTED_EDGE('',*,*,#7687,.T.);
#9851=ORIENTED_EDGE('',*,*,#7689,.F.);
#9852=ORIENTED_EDGE('',*,*,#7690,.F.);
#9853=ORIENTED_EDGE('',*,*,#7691,.T.);
#9854=ORIENTED_EDGE('',*,*,#7690,.T.);
#9855=ORIENTED_EDGE('',*,*,#7692,.F.);
#9856=ORIENTED_EDGE('',*,*,#7682,.F.);
#9857=ORIENTED_EDGE('',*,*,#7692,.T.);
#9858=ORIENTED_EDGE('',*,*,#7689,.T.);
#9859=ORIENTED_EDGE('',*,*,#7686,.T.);
#9860=ORIENTED_EDGE('',*,*,#7683,.T.);
#9861=ORIENTED_EDGE('',*,*,#7691,.F.);
#9862=ORIENTED_EDGE('',*,*,#7681,.F.);
#9863=ORIENTED_EDGE('',*,*,#7685,.F.);
#9864=ORIENTED_EDGE('',*,*,#7688,.F.);
#9865=ORIENTED_EDGE('',*,*,#7693,.T.);
#9866=ORIENTED_EDGE('',*,*,#7694,.T.);
#9867=ORIENTED_EDGE('',*,*,#7695,.F.);
#9868=ORIENTED_EDGE('',*,*,#7696,.F.);
#9869=ORIENTED_EDGE('',*,*,#7697,.T.);
#9870=ORIENTED_EDGE('',*,*,#7696,.T.);
#9871=ORIENTED_EDGE('',*,*,#7698,.F.);
#9872=ORIENTED_EDGE('',*,*,#7699,.F.);
#9873=ORIENTED_EDGE('',*,*,#7700,.T.);
#9874=ORIENTED_EDGE('',*,*,#7699,.T.);
#9875=ORIENTED_EDGE('',*,*,#7701,.F.);
#9876=ORIENTED_EDGE('',*,*,#7702,.F.);
#9877=ORIENTED_EDGE('',*,*,#7703,.T.);
#9878=ORIENTED_EDGE('',*,*,#7702,.T.);
#9879=ORIENTED_EDGE('',*,*,#7704,.F.);
#9880=ORIENTED_EDGE('',*,*,#7694,.F.);
#9881=ORIENTED_EDGE('',*,*,#7704,.T.);
#9882=ORIENTED_EDGE('',*,*,#7701,.T.);
#9883=ORIENTED_EDGE('',*,*,#7698,.T.);
#9884=ORIENTED_EDGE('',*,*,#7695,.T.);
#9885=ORIENTED_EDGE('',*,*,#7703,.F.);
#9886=ORIENTED_EDGE('',*,*,#7693,.F.);
#9887=ORIENTED_EDGE('',*,*,#7697,.F.);
#9888=ORIENTED_EDGE('',*,*,#7700,.F.);
#9889=ORIENTED_EDGE('',*,*,#7705,.T.);
#9890=ORIENTED_EDGE('',*,*,#7706,.T.);
#9891=ORIENTED_EDGE('',*,*,#7707,.F.);
#9892=ORIENTED_EDGE('',*,*,#7708,.F.);
#9893=ORIENTED_EDGE('',*,*,#7709,.T.);
#9894=ORIENTED_EDGE('',*,*,#7708,.T.);
#9895=ORIENTED_EDGE('',*,*,#7710,.F.);
#9896=ORIENTED_EDGE('',*,*,#7711,.F.);
#9897=ORIENTED_EDGE('',*,*,#7712,.T.);
#9898=ORIENTED_EDGE('',*,*,#7711,.T.);
#9899=ORIENTED_EDGE('',*,*,#7713,.F.);
#9900=ORIENTED_EDGE('',*,*,#7714,.F.);
#9901=ORIENTED_EDGE('',*,*,#7715,.T.);
#9902=ORIENTED_EDGE('',*,*,#7714,.T.);
#9903=ORIENTED_EDGE('',*,*,#7716,.F.);
#9904=ORIENTED_EDGE('',*,*,#7706,.F.);
#9905=ORIENTED_EDGE('',*,*,#7716,.T.);
#9906=ORIENTED_EDGE('',*,*,#7713,.T.);
#9907=ORIENTED_EDGE('',*,*,#7710,.T.);
#9908=ORIENTED_EDGE('',*,*,#7707,.T.);
#9909=ORIENTED_EDGE('',*,*,#7715,.F.);
#9910=ORIENTED_EDGE('',*,*,#7705,.F.);
#9911=ORIENTED_EDGE('',*,*,#7709,.F.);
#9912=ORIENTED_EDGE('',*,*,#7712,.F.);
#9913=ORIENTED_EDGE('',*,*,#7717,.T.);
#9914=ORIENTED_EDGE('',*,*,#7718,.T.);
#9915=ORIENTED_EDGE('',*,*,#7719,.F.);
#9916=ORIENTED_EDGE('',*,*,#7720,.F.);
#9917=ORIENTED_EDGE('',*,*,#7721,.T.);
#9918=ORIENTED_EDGE('',*,*,#7720,.T.);
#9919=ORIENTED_EDGE('',*,*,#7722,.F.);
#9920=ORIENTED_EDGE('',*,*,#7723,.F.);
#9921=ORIENTED_EDGE('',*,*,#7724,.T.);
#9922=ORIENTED_EDGE('',*,*,#7723,.T.);
#9923=ORIENTED_EDGE('',*,*,#7725,.F.);
#9924=ORIENTED_EDGE('',*,*,#7726,.F.);
#9925=ORIENTED_EDGE('',*,*,#7727,.T.);
#9926=ORIENTED_EDGE('',*,*,#7726,.T.);
#9927=ORIENTED_EDGE('',*,*,#7728,.F.);
#9928=ORIENTED_EDGE('',*,*,#7718,.F.);
#9929=ORIENTED_EDGE('',*,*,#7728,.T.);
#9930=ORIENTED_EDGE('',*,*,#7725,.T.);
#9931=ORIENTED_EDGE('',*,*,#7722,.T.);
#9932=ORIENTED_EDGE('',*,*,#7719,.T.);
#9933=ORIENTED_EDGE('',*,*,#7727,.F.);
#9934=ORIENTED_EDGE('',*,*,#7717,.F.);
#9935=ORIENTED_EDGE('',*,*,#7721,.F.);
#9936=ORIENTED_EDGE('',*,*,#7724,.F.);
#9937=ORIENTED_EDGE('',*,*,#7729,.T.);
#9938=ORIENTED_EDGE('',*,*,#7730,.T.);
#9939=ORIENTED_EDGE('',*,*,#7731,.F.);
#9940=ORIENTED_EDGE('',*,*,#7732,.F.);
#9941=ORIENTED_EDGE('',*,*,#7733,.T.);
#9942=ORIENTED_EDGE('',*,*,#7732,.T.);
#9943=ORIENTED_EDGE('',*,*,#7734,.F.);
#9944=ORIENTED_EDGE('',*,*,#7735,.F.);
#9945=ORIENTED_EDGE('',*,*,#7736,.T.);
#9946=ORIENTED_EDGE('',*,*,#7735,.T.);
#9947=ORIENTED_EDGE('',*,*,#7737,.F.);
#9948=ORIENTED_EDGE('',*,*,#7738,.F.);
#9949=ORIENTED_EDGE('',*,*,#7739,.T.);
#9950=ORIENTED_EDGE('',*,*,#7738,.T.);
#9951=ORIENTED_EDGE('',*,*,#7740,.F.);
#9952=ORIENTED_EDGE('',*,*,#7730,.F.);
#9953=ORIENTED_EDGE('',*,*,#7740,.T.);
#9954=ORIENTED_EDGE('',*,*,#7737,.T.);
#9955=ORIENTED_EDGE('',*,*,#7734,.T.);
#9956=ORIENTED_EDGE('',*,*,#7731,.T.);
#9957=ORIENTED_EDGE('',*,*,#7739,.F.);
#9958=ORIENTED_EDGE('',*,*,#7729,.F.);
#9959=ORIENTED_EDGE('',*,*,#7733,.F.);
#9960=ORIENTED_EDGE('',*,*,#7736,.F.);
#9961=ORIENTED_EDGE('',*,*,#7741,.T.);
#9962=ORIENTED_EDGE('',*,*,#7742,.T.);
#9963=ORIENTED_EDGE('',*,*,#7743,.F.);
#9964=ORIENTED_EDGE('',*,*,#7744,.F.);
#9965=ORIENTED_EDGE('',*,*,#7745,.T.);
#9966=ORIENTED_EDGE('',*,*,#7744,.T.);
#9967=ORIENTED_EDGE('',*,*,#7746,.F.);
#9968=ORIENTED_EDGE('',*,*,#7747,.F.);
#9969=ORIENTED_EDGE('',*,*,#7748,.T.);
#9970=ORIENTED_EDGE('',*,*,#7747,.T.);
#9971=ORIENTED_EDGE('',*,*,#7749,.F.);
#9972=ORIENTED_EDGE('',*,*,#7750,.F.);
#9973=ORIENTED_EDGE('',*,*,#7751,.T.);
#9974=ORIENTED_EDGE('',*,*,#7750,.T.);
#9975=ORIENTED_EDGE('',*,*,#7752,.F.);
#9976=ORIENTED_EDGE('',*,*,#7742,.F.);
#9977=ORIENTED_EDGE('',*,*,#7752,.T.);
#9978=ORIENTED_EDGE('',*,*,#7749,.T.);
#9979=ORIENTED_EDGE('',*,*,#7746,.T.);
#9980=ORIENTED_EDGE('',*,*,#7743,.T.);
#9981=ORIENTED_EDGE('',*,*,#7751,.F.);
#9982=ORIENTED_EDGE('',*,*,#7741,.F.);
#9983=ORIENTED_EDGE('',*,*,#7745,.F.);
#9984=ORIENTED_EDGE('',*,*,#7748,.F.);
#9985=ORIENTED_EDGE('',*,*,#7753,.T.);
#9986=ORIENTED_EDGE('',*,*,#7754,.T.);
#9987=ORIENTED_EDGE('',*,*,#7755,.F.);
#9988=ORIENTED_EDGE('',*,*,#7756,.F.);
#9989=ORIENTED_EDGE('',*,*,#7757,.T.);
#9990=ORIENTED_EDGE('',*,*,#7756,.T.);
#9991=ORIENTED_EDGE('',*,*,#7758,.F.);
#9992=ORIENTED_EDGE('',*,*,#7759,.F.);
#9993=ORIENTED_EDGE('',*,*,#7760,.T.);
#9994=ORIENTED_EDGE('',*,*,#7759,.T.);
#9995=ORIENTED_EDGE('',*,*,#7761,.F.);
#9996=ORIENTED_EDGE('',*,*,#7762,.F.);
#9997=ORIENTED_EDGE('',*,*,#7763,.T.);
#9998=ORIENTED_EDGE('',*,*,#7762,.T.);
#9999=ORIENTED_EDGE('',*,*,#7764,.F.);
#10000=ORIENTED_EDGE('',*,*,#7754,.F.);
#10001=ORIENTED_EDGE('',*,*,#7764,.T.);
#10002=ORIENTED_EDGE('',*,*,#7761,.T.);
#10003=ORIENTED_EDGE('',*,*,#7758,.T.);
#10004=ORIENTED_EDGE('',*,*,#7755,.T.);
#10005=ORIENTED_EDGE('',*,*,#7763,.F.);
#10006=ORIENTED_EDGE('',*,*,#7753,.F.);
#10007=ORIENTED_EDGE('',*,*,#7757,.F.);
#10008=ORIENTED_EDGE('',*,*,#7760,.F.);
#10009=ORIENTED_EDGE('',*,*,#7765,.T.);
#10010=ORIENTED_EDGE('',*,*,#7766,.T.);
#10011=ORIENTED_EDGE('',*,*,#7767,.F.);
#10012=ORIENTED_EDGE('',*,*,#7768,.F.);
#10013=ORIENTED_EDGE('',*,*,#7769,.T.);
#10014=ORIENTED_EDGE('',*,*,#7768,.T.);
#10015=ORIENTED_EDGE('',*,*,#7770,.F.);
#10016=ORIENTED_EDGE('',*,*,#7771,.F.);
#10017=ORIENTED_EDGE('',*,*,#7772,.T.);
#10018=ORIENTED_EDGE('',*,*,#7771,.T.);
#10019=ORIENTED_EDGE('',*,*,#7773,.F.);
#10020=ORIENTED_EDGE('',*,*,#7774,.F.);
#10021=ORIENTED_EDGE('',*,*,#7775,.T.);
#10022=ORIENTED_EDGE('',*,*,#7774,.T.);
#10023=ORIENTED_EDGE('',*,*,#7776,.F.);
#10024=ORIENTED_EDGE('',*,*,#7766,.F.);
#10025=ORIENTED_EDGE('',*,*,#7776,.T.);
#10026=ORIENTED_EDGE('',*,*,#7773,.T.);
#10027=ORIENTED_EDGE('',*,*,#7770,.T.);
#10028=ORIENTED_EDGE('',*,*,#7767,.T.);
#10029=ORIENTED_EDGE('',*,*,#7775,.F.);
#10030=ORIENTED_EDGE('',*,*,#7765,.F.);
#10031=ORIENTED_EDGE('',*,*,#7769,.F.);
#10032=ORIENTED_EDGE('',*,*,#7772,.F.);
#10033=ORIENTED_EDGE('',*,*,#7777,.T.);
#10034=ORIENTED_EDGE('',*,*,#7778,.T.);
#10035=ORIENTED_EDGE('',*,*,#7779,.F.);
#10036=ORIENTED_EDGE('',*,*,#7780,.F.);
#10037=ORIENTED_EDGE('',*,*,#7781,.T.);
#10038=ORIENTED_EDGE('',*,*,#7780,.T.);
#10039=ORIENTED_EDGE('',*,*,#7782,.F.);
#10040=ORIENTED_EDGE('',*,*,#7783,.F.);
#10041=ORIENTED_EDGE('',*,*,#7784,.T.);
#10042=ORIENTED_EDGE('',*,*,#7783,.T.);
#10043=ORIENTED_EDGE('',*,*,#7785,.F.);
#10044=ORIENTED_EDGE('',*,*,#7786,.F.);
#10045=ORIENTED_EDGE('',*,*,#7787,.T.);
#10046=ORIENTED_EDGE('',*,*,#7786,.T.);
#10047=ORIENTED_EDGE('',*,*,#7788,.F.);
#10048=ORIENTED_EDGE('',*,*,#7778,.F.);
#10049=ORIENTED_EDGE('',*,*,#7788,.T.);
#10050=ORIENTED_EDGE('',*,*,#7785,.T.);
#10051=ORIENTED_EDGE('',*,*,#7782,.T.);
#10052=ORIENTED_EDGE('',*,*,#7779,.T.);
#10053=ORIENTED_EDGE('',*,*,#7787,.F.);
#10054=ORIENTED_EDGE('',*,*,#7777,.F.);
#10055=ORIENTED_EDGE('',*,*,#7781,.F.);
#10056=ORIENTED_EDGE('',*,*,#7784,.F.);
#10057=ORIENTED_EDGE('',*,*,#7789,.T.);
#10058=ORIENTED_EDGE('',*,*,#7790,.T.);
#10059=ORIENTED_EDGE('',*,*,#7791,.F.);
#10060=ORIENTED_EDGE('',*,*,#7792,.F.);
#10061=ORIENTED_EDGE('',*,*,#7793,.T.);
#10062=ORIENTED_EDGE('',*,*,#7792,.T.);
#10063=ORIENTED_EDGE('',*,*,#7794,.F.);
#10064=ORIENTED_EDGE('',*,*,#7795,.F.);
#10065=ORIENTED_EDGE('',*,*,#7796,.T.);
#10066=ORIENTED_EDGE('',*,*,#7795,.T.);
#10067=ORIENTED_EDGE('',*,*,#7797,.F.);
#10068=ORIENTED_EDGE('',*,*,#7798,.F.);
#10069=ORIENTED_EDGE('',*,*,#7799,.T.);
#10070=ORIENTED_EDGE('',*,*,#7798,.T.);
#10071=ORIENTED_EDGE('',*,*,#7800,.F.);
#10072=ORIENTED_EDGE('',*,*,#7790,.F.);
#10073=ORIENTED_EDGE('',*,*,#7800,.T.);
#10074=ORIENTED_EDGE('',*,*,#7797,.T.);
#10075=ORIENTED_EDGE('',*,*,#7794,.T.);
#10076=ORIENTED_EDGE('',*,*,#7791,.T.);
#10077=ORIENTED_EDGE('',*,*,#7799,.F.);
#10078=ORIENTED_EDGE('',*,*,#7789,.F.);
#10079=ORIENTED_EDGE('',*,*,#7793,.F.);
#10080=ORIENTED_EDGE('',*,*,#7796,.F.);
#10081=ORIENTED_EDGE('',*,*,#7801,.T.);
#10082=ORIENTED_EDGE('',*,*,#7802,.T.);
#10083=ORIENTED_EDGE('',*,*,#7803,.F.);
#10084=ORIENTED_EDGE('',*,*,#7804,.F.);
#10085=ORIENTED_EDGE('',*,*,#7805,.T.);
#10086=ORIENTED_EDGE('',*,*,#7804,.T.);
#10087=ORIENTED_EDGE('',*,*,#7806,.F.);
#10088=ORIENTED_EDGE('',*,*,#7807,.F.);
#10089=ORIENTED_EDGE('',*,*,#7808,.T.);
#10090=ORIENTED_EDGE('',*,*,#7807,.T.);
#10091=ORIENTED_EDGE('',*,*,#7809,.F.);
#10092=ORIENTED_EDGE('',*,*,#7810,.F.);
#10093=ORIENTED_EDGE('',*,*,#7811,.T.);
#10094=ORIENTED_EDGE('',*,*,#7810,.T.);
#10095=ORIENTED_EDGE('',*,*,#7812,.F.);
#10096=ORIENTED_EDGE('',*,*,#7802,.F.);
#10097=ORIENTED_EDGE('',*,*,#7812,.T.);
#10098=ORIENTED_EDGE('',*,*,#7809,.T.);
#10099=ORIENTED_EDGE('',*,*,#7806,.T.);
#10100=ORIENTED_EDGE('',*,*,#7803,.T.);
#10101=ORIENTED_EDGE('',*,*,#7811,.F.);
#10102=ORIENTED_EDGE('',*,*,#7801,.F.);
#10103=ORIENTED_EDGE('',*,*,#7805,.F.);
#10104=ORIENTED_EDGE('',*,*,#7808,.F.);
#10105=ORIENTED_EDGE('',*,*,#7813,.T.);
#10106=ORIENTED_EDGE('',*,*,#7814,.T.);
#10107=ORIENTED_EDGE('',*,*,#7815,.F.);
#10108=ORIENTED_EDGE('',*,*,#7816,.F.);
#10109=ORIENTED_EDGE('',*,*,#7817,.T.);
#10110=ORIENTED_EDGE('',*,*,#7816,.T.);
#10111=ORIENTED_EDGE('',*,*,#7818,.F.);
#10112=ORIENTED_EDGE('',*,*,#7819,.F.);
#10113=ORIENTED_EDGE('',*,*,#7820,.T.);
#10114=ORIENTED_EDGE('',*,*,#7819,.T.);
#10115=ORIENTED_EDGE('',*,*,#7821,.F.);
#10116=ORIENTED_EDGE('',*,*,#7822,.F.);
#10117=ORIENTED_EDGE('',*,*,#7823,.T.);
#10118=ORIENTED_EDGE('',*,*,#7822,.T.);
#10119=ORIENTED_EDGE('',*,*,#7824,.F.);
#10120=ORIENTED_EDGE('',*,*,#7814,.F.);
#10121=ORIENTED_EDGE('',*,*,#7824,.T.);
#10122=ORIENTED_EDGE('',*,*,#7821,.T.);
#10123=ORIENTED_EDGE('',*,*,#7818,.T.);
#10124=ORIENTED_EDGE('',*,*,#7815,.T.);
#10125=ORIENTED_EDGE('',*,*,#7823,.F.);
#10126=ORIENTED_EDGE('',*,*,#7813,.F.);
#10127=ORIENTED_EDGE('',*,*,#7817,.F.);
#10128=ORIENTED_EDGE('',*,*,#7820,.F.);
#10129=ORIENTED_EDGE('',*,*,#7825,.T.);
#10130=ORIENTED_EDGE('',*,*,#7826,.T.);
#10131=ORIENTED_EDGE('',*,*,#7827,.F.);
#10132=ORIENTED_EDGE('',*,*,#7828,.F.);
#10133=ORIENTED_EDGE('',*,*,#7829,.T.);
#10134=ORIENTED_EDGE('',*,*,#7828,.T.);
#10135=ORIENTED_EDGE('',*,*,#7830,.F.);
#10136=ORIENTED_EDGE('',*,*,#7831,.F.);
#10137=ORIENTED_EDGE('',*,*,#7832,.T.);
#10138=ORIENTED_EDGE('',*,*,#7831,.T.);
#10139=ORIENTED_EDGE('',*,*,#7833,.F.);
#10140=ORIENTED_EDGE('',*,*,#7834,.F.);
#10141=ORIENTED_EDGE('',*,*,#7835,.T.);
#10142=ORIENTED_EDGE('',*,*,#7834,.T.);
#10143=ORIENTED_EDGE('',*,*,#7836,.F.);
#10144=ORIENTED_EDGE('',*,*,#7826,.F.);
#10145=ORIENTED_EDGE('',*,*,#7836,.T.);
#10146=ORIENTED_EDGE('',*,*,#7833,.T.);
#10147=ORIENTED_EDGE('',*,*,#7830,.T.);
#10148=ORIENTED_EDGE('',*,*,#7827,.T.);
#10149=ORIENTED_EDGE('',*,*,#7835,.F.);
#10150=ORIENTED_EDGE('',*,*,#7825,.F.);
#10151=ORIENTED_EDGE('',*,*,#7829,.F.);
#10152=ORIENTED_EDGE('',*,*,#7832,.F.);
#10153=ORIENTED_EDGE('',*,*,#7837,.T.);
#10154=ORIENTED_EDGE('',*,*,#7838,.T.);
#10155=ORIENTED_EDGE('',*,*,#7839,.F.);
#10156=ORIENTED_EDGE('',*,*,#7840,.F.);
#10157=ORIENTED_EDGE('',*,*,#7841,.T.);
#10158=ORIENTED_EDGE('',*,*,#7840,.T.);
#10159=ORIENTED_EDGE('',*,*,#7842,.F.);
#10160=ORIENTED_EDGE('',*,*,#7843,.F.);
#10161=ORIENTED_EDGE('',*,*,#7844,.T.);
#10162=ORIENTED_EDGE('',*,*,#7843,.T.);
#10163=ORIENTED_EDGE('',*,*,#7845,.F.);
#10164=ORIENTED_EDGE('',*,*,#7846,.F.);
#10165=ORIENTED_EDGE('',*,*,#7847,.T.);
#10166=ORIENTED_EDGE('',*,*,#7846,.T.);
#10167=ORIENTED_EDGE('',*,*,#7848,.F.);
#10168=ORIENTED_EDGE('',*,*,#7838,.F.);
#10169=ORIENTED_EDGE('',*,*,#7848,.T.);
#10170=ORIENTED_EDGE('',*,*,#7845,.T.);
#10171=ORIENTED_EDGE('',*,*,#7842,.T.);
#10172=ORIENTED_EDGE('',*,*,#7839,.T.);
#10173=ORIENTED_EDGE('',*,*,#7847,.F.);
#10174=ORIENTED_EDGE('',*,*,#7837,.F.);
#10175=ORIENTED_EDGE('',*,*,#7841,.F.);
#10176=ORIENTED_EDGE('',*,*,#7844,.F.);
#10177=ORIENTED_EDGE('',*,*,#7849,.T.);
#10178=ORIENTED_EDGE('',*,*,#7850,.T.);
#10179=ORIENTED_EDGE('',*,*,#7851,.F.);
#10180=ORIENTED_EDGE('',*,*,#7852,.F.);
#10181=ORIENTED_EDGE('',*,*,#7853,.T.);
#10182=ORIENTED_EDGE('',*,*,#7852,.T.);
#10183=ORIENTED_EDGE('',*,*,#7854,.F.);
#10184=ORIENTED_EDGE('',*,*,#7855,.F.);
#10185=ORIENTED_EDGE('',*,*,#7856,.T.);
#10186=ORIENTED_EDGE('',*,*,#7855,.T.);
#10187=ORIENTED_EDGE('',*,*,#7857,.F.);
#10188=ORIENTED_EDGE('',*,*,#7858,.F.);
#10189=ORIENTED_EDGE('',*,*,#7859,.T.);
#10190=ORIENTED_EDGE('',*,*,#7858,.T.);
#10191=ORIENTED_EDGE('',*,*,#7860,.F.);
#10192=ORIENTED_EDGE('',*,*,#7850,.F.);
#10193=ORIENTED_EDGE('',*,*,#7860,.T.);
#10194=ORIENTED_EDGE('',*,*,#7857,.T.);
#10195=ORIENTED_EDGE('',*,*,#7854,.T.);
#10196=ORIENTED_EDGE('',*,*,#7851,.T.);
#10197=ORIENTED_EDGE('',*,*,#7859,.F.);
#10198=ORIENTED_EDGE('',*,*,#7849,.F.);
#10199=ORIENTED_EDGE('',*,*,#7853,.F.);
#10200=ORIENTED_EDGE('',*,*,#7856,.F.);
#10201=ORIENTED_EDGE('',*,*,#7861,.T.);
#10202=ORIENTED_EDGE('',*,*,#7862,.T.);
#10203=ORIENTED_EDGE('',*,*,#7863,.F.);
#10204=ORIENTED_EDGE('',*,*,#7864,.F.);
#10205=ORIENTED_EDGE('',*,*,#7865,.T.);
#10206=ORIENTED_EDGE('',*,*,#7864,.T.);
#10207=ORIENTED_EDGE('',*,*,#7866,.F.);
#10208=ORIENTED_EDGE('',*,*,#7867,.F.);
#10209=ORIENTED_EDGE('',*,*,#7868,.T.);
#10210=ORIENTED_EDGE('',*,*,#7867,.T.);
#10211=ORIENTED_EDGE('',*,*,#7869,.F.);
#10212=ORIENTED_EDGE('',*,*,#7870,.F.);
#10213=ORIENTED_EDGE('',*,*,#7871,.T.);
#10214=ORIENTED_EDGE('',*,*,#7870,.T.);
#10215=ORIENTED_EDGE('',*,*,#7872,.F.);
#10216=ORIENTED_EDGE('',*,*,#7862,.F.);
#10217=ORIENTED_EDGE('',*,*,#7872,.T.);
#10218=ORIENTED_EDGE('',*,*,#7869,.T.);
#10219=ORIENTED_EDGE('',*,*,#7866,.T.);
#10220=ORIENTED_EDGE('',*,*,#7863,.T.);
#10221=ORIENTED_EDGE('',*,*,#7871,.F.);
#10222=ORIENTED_EDGE('',*,*,#7861,.F.);
#10223=ORIENTED_EDGE('',*,*,#7865,.F.);
#10224=ORIENTED_EDGE('',*,*,#7868,.F.);
#10225=ORIENTED_EDGE('',*,*,#7873,.T.);
#10226=ORIENTED_EDGE('',*,*,#7874,.T.);
#10227=ORIENTED_EDGE('',*,*,#7875,.F.);
#10228=ORIENTED_EDGE('',*,*,#7876,.F.);
#10229=ORIENTED_EDGE('',*,*,#7877,.T.);
#10230=ORIENTED_EDGE('',*,*,#7876,.T.);
#10231=ORIENTED_EDGE('',*,*,#7878,.F.);
#10232=ORIENTED_EDGE('',*,*,#7879,.F.);
#10233=ORIENTED_EDGE('',*,*,#7880,.T.);
#10234=ORIENTED_EDGE('',*,*,#7879,.T.);
#10235=ORIENTED_EDGE('',*,*,#7881,.F.);
#10236=ORIENTED_EDGE('',*,*,#7882,.F.);
#10237=ORIENTED_EDGE('',*,*,#7883,.T.);
#10238=ORIENTED_EDGE('',*,*,#7882,.T.);
#10239=ORIENTED_EDGE('',*,*,#7884,.F.);
#10240=ORIENTED_EDGE('',*,*,#7874,.F.);
#10241=ORIENTED_EDGE('',*,*,#7884,.T.);
#10242=ORIENTED_EDGE('',*,*,#7881,.T.);
#10243=ORIENTED_EDGE('',*,*,#7878,.T.);
#10244=ORIENTED_EDGE('',*,*,#7875,.T.);
#10245=ORIENTED_EDGE('',*,*,#7883,.F.);
#10246=ORIENTED_EDGE('',*,*,#7873,.F.);
#10247=ORIENTED_EDGE('',*,*,#7877,.F.);
#10248=ORIENTED_EDGE('',*,*,#7880,.F.);
#10249=ORIENTED_EDGE('',*,*,#7885,.T.);
#10250=ORIENTED_EDGE('',*,*,#7886,.T.);
#10251=ORIENTED_EDGE('',*,*,#7887,.F.);
#10252=ORIENTED_EDGE('',*,*,#7888,.F.);
#10253=ORIENTED_EDGE('',*,*,#7889,.T.);
#10254=ORIENTED_EDGE('',*,*,#7888,.T.);
#10255=ORIENTED_EDGE('',*,*,#7890,.F.);
#10256=ORIENTED_EDGE('',*,*,#7891,.F.);
#10257=ORIENTED_EDGE('',*,*,#7892,.T.);
#10258=ORIENTED_EDGE('',*,*,#7891,.T.);
#10259=ORIENTED_EDGE('',*,*,#7893,.F.);
#10260=ORIENTED_EDGE('',*,*,#7894,.F.);
#10261=ORIENTED_EDGE('',*,*,#7895,.T.);
#10262=ORIENTED_EDGE('',*,*,#7894,.T.);
#10263=ORIENTED_EDGE('',*,*,#7896,.F.);
#10264=ORIENTED_EDGE('',*,*,#7886,.F.);
#10265=ORIENTED_EDGE('',*,*,#7896,.T.);
#10266=ORIENTED_EDGE('',*,*,#7893,.T.);
#10267=ORIENTED_EDGE('',*,*,#7890,.T.);
#10268=ORIENTED_EDGE('',*,*,#7887,.T.);
#10269=ORIENTED_EDGE('',*,*,#7895,.F.);
#10270=ORIENTED_EDGE('',*,*,#7885,.F.);
#10271=ORIENTED_EDGE('',*,*,#7889,.F.);
#10272=ORIENTED_EDGE('',*,*,#7892,.F.);
#10273=ORIENTED_EDGE('',*,*,#7897,.T.);
#10274=ORIENTED_EDGE('',*,*,#7898,.T.);
#10275=ORIENTED_EDGE('',*,*,#7899,.F.);
#10276=ORIENTED_EDGE('',*,*,#7900,.F.);
#10277=ORIENTED_EDGE('',*,*,#7901,.T.);
#10278=ORIENTED_EDGE('',*,*,#7900,.T.);
#10279=ORIENTED_EDGE('',*,*,#7902,.F.);
#10280=ORIENTED_EDGE('',*,*,#7903,.F.);
#10281=ORIENTED_EDGE('',*,*,#7904,.T.);
#10282=ORIENTED_EDGE('',*,*,#7903,.T.);
#10283=ORIENTED_EDGE('',*,*,#7905,.F.);
#10284=ORIENTED_EDGE('',*,*,#7906,.F.);
#10285=ORIENTED_EDGE('',*,*,#7907,.T.);
#10286=ORIENTED_EDGE('',*,*,#7906,.T.);
#10287=ORIENTED_EDGE('',*,*,#7908,.F.);
#10288=ORIENTED_EDGE('',*,*,#7898,.F.);
#10289=ORIENTED_EDGE('',*,*,#7908,.T.);
#10290=ORIENTED_EDGE('',*,*,#7905,.T.);
#10291=ORIENTED_EDGE('',*,*,#7902,.T.);
#10292=ORIENTED_EDGE('',*,*,#7899,.T.);
#10293=ORIENTED_EDGE('',*,*,#7907,.F.);
#10294=ORIENTED_EDGE('',*,*,#7897,.F.);
#10295=ORIENTED_EDGE('',*,*,#7901,.F.);
#10296=ORIENTED_EDGE('',*,*,#7904,.F.);
#10297=ORIENTED_EDGE('',*,*,#7909,.T.);
#10298=ORIENTED_EDGE('',*,*,#7910,.T.);
#10299=ORIENTED_EDGE('',*,*,#7911,.F.);
#10300=ORIENTED_EDGE('',*,*,#7912,.F.);
#10301=ORIENTED_EDGE('',*,*,#7913,.T.);
#10302=ORIENTED_EDGE('',*,*,#7912,.T.);
#10303=ORIENTED_EDGE('',*,*,#7914,.F.);
#10304=ORIENTED_EDGE('',*,*,#7915,.F.);
#10305=ORIENTED_EDGE('',*,*,#7916,.T.);
#10306=ORIENTED_EDGE('',*,*,#7915,.T.);
#10307=ORIENTED_EDGE('',*,*,#7917,.F.);
#10308=ORIENTED_EDGE('',*,*,#7918,.F.);
#10309=ORIENTED_EDGE('',*,*,#7919,.T.);
#10310=ORIENTED_EDGE('',*,*,#7918,.T.);
#10311=ORIENTED_EDGE('',*,*,#7920,.F.);
#10312=ORIENTED_EDGE('',*,*,#7910,.F.);
#10313=ORIENTED_EDGE('',*,*,#7920,.T.);
#10314=ORIENTED_EDGE('',*,*,#7917,.T.);
#10315=ORIENTED_EDGE('',*,*,#7914,.T.);
#10316=ORIENTED_EDGE('',*,*,#7911,.T.);
#10317=ORIENTED_EDGE('',*,*,#7919,.F.);
#10318=ORIENTED_EDGE('',*,*,#7909,.F.);
#10319=ORIENTED_EDGE('',*,*,#7913,.F.);
#10320=ORIENTED_EDGE('',*,*,#7916,.F.);
#10321=ORIENTED_EDGE('',*,*,#7921,.T.);
#10322=ORIENTED_EDGE('',*,*,#7922,.T.);
#10323=ORIENTED_EDGE('',*,*,#7923,.F.);
#10324=ORIENTED_EDGE('',*,*,#7924,.F.);
#10325=ORIENTED_EDGE('',*,*,#7925,.T.);
#10326=ORIENTED_EDGE('',*,*,#7924,.T.);
#10327=ORIENTED_EDGE('',*,*,#7926,.F.);
#10328=ORIENTED_EDGE('',*,*,#7927,.F.);
#10329=ORIENTED_EDGE('',*,*,#7928,.T.);
#10330=ORIENTED_EDGE('',*,*,#7927,.T.);
#10331=ORIENTED_EDGE('',*,*,#7929,.F.);
#10332=ORIENTED_EDGE('',*,*,#7930,.F.);
#10333=ORIENTED_EDGE('',*,*,#7931,.T.);
#10334=ORIENTED_EDGE('',*,*,#7930,.T.);
#10335=ORIENTED_EDGE('',*,*,#7932,.F.);
#10336=ORIENTED_EDGE('',*,*,#7922,.F.);
#10337=ORIENTED_EDGE('',*,*,#7932,.T.);
#10338=ORIENTED_EDGE('',*,*,#7929,.T.);
#10339=ORIENTED_EDGE('',*,*,#7926,.T.);
#10340=ORIENTED_EDGE('',*,*,#7923,.T.);
#10341=ORIENTED_EDGE('',*,*,#7931,.F.);
#10342=ORIENTED_EDGE('',*,*,#7921,.F.);
#10343=ORIENTED_EDGE('',*,*,#7925,.F.);
#10344=ORIENTED_EDGE('',*,*,#7928,.F.);
#10345=ORIENTED_EDGE('',*,*,#7933,.T.);
#10346=ORIENTED_EDGE('',*,*,#7934,.T.);
#10347=ORIENTED_EDGE('',*,*,#7935,.F.);
#10348=ORIENTED_EDGE('',*,*,#7936,.F.);
#10349=ORIENTED_EDGE('',*,*,#7937,.T.);
#10350=ORIENTED_EDGE('',*,*,#7936,.T.);
#10351=ORIENTED_EDGE('',*,*,#7938,.F.);
#10352=ORIENTED_EDGE('',*,*,#7939,.F.);
#10353=ORIENTED_EDGE('',*,*,#7940,.T.);
#10354=ORIENTED_EDGE('',*,*,#7939,.T.);
#10355=ORIENTED_EDGE('',*,*,#7941,.F.);
#10356=ORIENTED_EDGE('',*,*,#7942,.F.);
#10357=ORIENTED_EDGE('',*,*,#7943,.T.);
#10358=ORIENTED_EDGE('',*,*,#7942,.T.);
#10359=ORIENTED_EDGE('',*,*,#7944,.F.);
#10360=ORIENTED_EDGE('',*,*,#7934,.F.);
#10361=ORIENTED_EDGE('',*,*,#7944,.T.);
#10362=ORIENTED_EDGE('',*,*,#7941,.T.);
#10363=ORIENTED_EDGE('',*,*,#7938,.T.);
#10364=ORIENTED_EDGE('',*,*,#7935,.T.);
#10365=ORIENTED_EDGE('',*,*,#7943,.F.);
#10366=ORIENTED_EDGE('',*,*,#7933,.F.);
#10367=ORIENTED_EDGE('',*,*,#7937,.F.);
#10368=ORIENTED_EDGE('',*,*,#7940,.F.);
#10369=ORIENTED_EDGE('',*,*,#7945,.T.);
#10370=ORIENTED_EDGE('',*,*,#7946,.T.);
#10371=ORIENTED_EDGE('',*,*,#7947,.F.);
#10372=ORIENTED_EDGE('',*,*,#7948,.F.);
#10373=ORIENTED_EDGE('',*,*,#7949,.T.);
#10374=ORIENTED_EDGE('',*,*,#7948,.T.);
#10375=ORIENTED_EDGE('',*,*,#7950,.F.);
#10376=ORIENTED_EDGE('',*,*,#7951,.F.);
#10377=ORIENTED_EDGE('',*,*,#7952,.T.);
#10378=ORIENTED_EDGE('',*,*,#7951,.T.);
#10379=ORIENTED_EDGE('',*,*,#7953,.F.);
#10380=ORIENTED_EDGE('',*,*,#7954,.F.);
#10381=ORIENTED_EDGE('',*,*,#7955,.T.);
#10382=ORIENTED_EDGE('',*,*,#7954,.T.);
#10383=ORIENTED_EDGE('',*,*,#7956,.F.);
#10384=ORIENTED_EDGE('',*,*,#7946,.F.);
#10385=ORIENTED_EDGE('',*,*,#7956,.T.);
#10386=ORIENTED_EDGE('',*,*,#7953,.T.);
#10387=ORIENTED_EDGE('',*,*,#7950,.T.);
#10388=ORIENTED_EDGE('',*,*,#7947,.T.);
#10389=ORIENTED_EDGE('',*,*,#7955,.F.);
#10390=ORIENTED_EDGE('',*,*,#7945,.F.);
#10391=ORIENTED_EDGE('',*,*,#7949,.F.);
#10392=ORIENTED_EDGE('',*,*,#7952,.F.);
#10393=ORIENTED_EDGE('',*,*,#7957,.T.);
#10394=ORIENTED_EDGE('',*,*,#7958,.T.);
#10395=ORIENTED_EDGE('',*,*,#7959,.F.);
#10396=ORIENTED_EDGE('',*,*,#7960,.F.);
#10397=ORIENTED_EDGE('',*,*,#7961,.T.);
#10398=ORIENTED_EDGE('',*,*,#7960,.T.);
#10399=ORIENTED_EDGE('',*,*,#7962,.F.);
#10400=ORIENTED_EDGE('',*,*,#7963,.F.);
#10401=ORIENTED_EDGE('',*,*,#7964,.T.);
#10402=ORIENTED_EDGE('',*,*,#7963,.T.);
#10403=ORIENTED_EDGE('',*,*,#7965,.F.);
#10404=ORIENTED_EDGE('',*,*,#7966,.F.);
#10405=ORIENTED_EDGE('',*,*,#7967,.T.);
#10406=ORIENTED_EDGE('',*,*,#7966,.T.);
#10407=ORIENTED_EDGE('',*,*,#7968,.F.);
#10408=ORIENTED_EDGE('',*,*,#7958,.F.);
#10409=ORIENTED_EDGE('',*,*,#7968,.T.);
#10410=ORIENTED_EDGE('',*,*,#7965,.T.);
#10411=ORIENTED_EDGE('',*,*,#7962,.T.);
#10412=ORIENTED_EDGE('',*,*,#7959,.T.);
#10413=ORIENTED_EDGE('',*,*,#7967,.F.);
#10414=ORIENTED_EDGE('',*,*,#7957,.F.);
#10415=ORIENTED_EDGE('',*,*,#7961,.F.);
#10416=ORIENTED_EDGE('',*,*,#7964,.F.);
#10417=ORIENTED_EDGE('',*,*,#7969,.T.);
#10418=ORIENTED_EDGE('',*,*,#7970,.T.);
#10419=ORIENTED_EDGE('',*,*,#7971,.F.);
#10420=ORIENTED_EDGE('',*,*,#7972,.F.);
#10421=ORIENTED_EDGE('',*,*,#7973,.T.);
#10422=ORIENTED_EDGE('',*,*,#7972,.T.);
#10423=ORIENTED_EDGE('',*,*,#7974,.F.);
#10424=ORIENTED_EDGE('',*,*,#7975,.F.);
#10425=ORIENTED_EDGE('',*,*,#7976,.T.);
#10426=ORIENTED_EDGE('',*,*,#7975,.T.);
#10427=ORIENTED_EDGE('',*,*,#7977,.F.);
#10428=ORIENTED_EDGE('',*,*,#7978,.F.);
#10429=ORIENTED_EDGE('',*,*,#7979,.T.);
#10430=ORIENTED_EDGE('',*,*,#7978,.T.);
#10431=ORIENTED_EDGE('',*,*,#7980,.F.);
#10432=ORIENTED_EDGE('',*,*,#7970,.F.);
#10433=ORIENTED_EDGE('',*,*,#7980,.T.);
#10434=ORIENTED_EDGE('',*,*,#7977,.T.);
#10435=ORIENTED_EDGE('',*,*,#7974,.T.);
#10436=ORIENTED_EDGE('',*,*,#7971,.T.);
#10437=ORIENTED_EDGE('',*,*,#7979,.F.);
#10438=ORIENTED_EDGE('',*,*,#7969,.F.);
#10439=ORIENTED_EDGE('',*,*,#7973,.F.);
#10440=ORIENTED_EDGE('',*,*,#7976,.F.);
#10441=ORIENTED_EDGE('',*,*,#7981,.T.);
#10442=ORIENTED_EDGE('',*,*,#7982,.T.);
#10443=ORIENTED_EDGE('',*,*,#7983,.F.);
#10444=ORIENTED_EDGE('',*,*,#7984,.F.);
#10445=ORIENTED_EDGE('',*,*,#7985,.T.);
#10446=ORIENTED_EDGE('',*,*,#7984,.T.);
#10447=ORIENTED_EDGE('',*,*,#7986,.F.);
#10448=ORIENTED_EDGE('',*,*,#7987,.F.);
#10449=ORIENTED_EDGE('',*,*,#7988,.T.);
#10450=ORIENTED_EDGE('',*,*,#7987,.T.);
#10451=ORIENTED_EDGE('',*,*,#7989,.F.);
#10452=ORIENTED_EDGE('',*,*,#7990,.F.);
#10453=ORIENTED_EDGE('',*,*,#7991,.T.);
#10454=ORIENTED_EDGE('',*,*,#7990,.T.);
#10455=ORIENTED_EDGE('',*,*,#7992,.F.);
#10456=ORIENTED_EDGE('',*,*,#7982,.F.);
#10457=ORIENTED_EDGE('',*,*,#7992,.T.);
#10458=ORIENTED_EDGE('',*,*,#7989,.T.);
#10459=ORIENTED_EDGE('',*,*,#7986,.T.);
#10460=ORIENTED_EDGE('',*,*,#7983,.T.);
#10461=ORIENTED_EDGE('',*,*,#7991,.F.);
#10462=ORIENTED_EDGE('',*,*,#7981,.F.);
#10463=ORIENTED_EDGE('',*,*,#7985,.F.);
#10464=ORIENTED_EDGE('',*,*,#7988,.F.);
#10465=ORIENTED_EDGE('',*,*,#7993,.T.);
#10466=ORIENTED_EDGE('',*,*,#7994,.T.);
#10467=ORIENTED_EDGE('',*,*,#7995,.F.);
#10468=ORIENTED_EDGE('',*,*,#7996,.F.);
#10469=ORIENTED_EDGE('',*,*,#7997,.T.);
#10470=ORIENTED_EDGE('',*,*,#7996,.T.);
#10471=ORIENTED_EDGE('',*,*,#7998,.F.);
#10472=ORIENTED_EDGE('',*,*,#7999,.F.);
#10473=ORIENTED_EDGE('',*,*,#8000,.T.);
#10474=ORIENTED_EDGE('',*,*,#7999,.T.);
#10475=ORIENTED_EDGE('',*,*,#8001,.F.);
#10476=ORIENTED_EDGE('',*,*,#8002,.F.);
#10477=ORIENTED_EDGE('',*,*,#8003,.T.);
#10478=ORIENTED_EDGE('',*,*,#8002,.T.);
#10479=ORIENTED_EDGE('',*,*,#8004,.F.);
#10480=ORIENTED_EDGE('',*,*,#7994,.F.);
#10481=ORIENTED_EDGE('',*,*,#8004,.T.);
#10482=ORIENTED_EDGE('',*,*,#8001,.T.);
#10483=ORIENTED_EDGE('',*,*,#7998,.T.);
#10484=ORIENTED_EDGE('',*,*,#7995,.T.);
#10485=ORIENTED_EDGE('',*,*,#8003,.F.);
#10486=ORIENTED_EDGE('',*,*,#7993,.F.);
#10487=ORIENTED_EDGE('',*,*,#7997,.F.);
#10488=ORIENTED_EDGE('',*,*,#8000,.F.);
#10489=ORIENTED_EDGE('',*,*,#8005,.T.);
#10490=ORIENTED_EDGE('',*,*,#8006,.T.);
#10491=ORIENTED_EDGE('',*,*,#8007,.F.);
#10492=ORIENTED_EDGE('',*,*,#8008,.F.);
#10493=ORIENTED_EDGE('',*,*,#8009,.T.);
#10494=ORIENTED_EDGE('',*,*,#8008,.T.);
#10495=ORIENTED_EDGE('',*,*,#8010,.F.);
#10496=ORIENTED_EDGE('',*,*,#8011,.F.);
#10497=ORIENTED_EDGE('',*,*,#8012,.T.);
#10498=ORIENTED_EDGE('',*,*,#8011,.T.);
#10499=ORIENTED_EDGE('',*,*,#8013,.F.);
#10500=ORIENTED_EDGE('',*,*,#8014,.F.);
#10501=ORIENTED_EDGE('',*,*,#8015,.T.);
#10502=ORIENTED_EDGE('',*,*,#8014,.T.);
#10503=ORIENTED_EDGE('',*,*,#8016,.F.);
#10504=ORIENTED_EDGE('',*,*,#8006,.F.);
#10505=ORIENTED_EDGE('',*,*,#8016,.T.);
#10506=ORIENTED_EDGE('',*,*,#8013,.T.);
#10507=ORIENTED_EDGE('',*,*,#8010,.T.);
#10508=ORIENTED_EDGE('',*,*,#8007,.T.);
#10509=ORIENTED_EDGE('',*,*,#8015,.F.);
#10510=ORIENTED_EDGE('',*,*,#8005,.F.);
#10511=ORIENTED_EDGE('',*,*,#8009,.F.);
#10512=ORIENTED_EDGE('',*,*,#8012,.F.);
#10513=ORIENTED_EDGE('',*,*,#8017,.T.);
#10514=ORIENTED_EDGE('',*,*,#8018,.T.);
#10515=ORIENTED_EDGE('',*,*,#8019,.F.);
#10516=ORIENTED_EDGE('',*,*,#8020,.F.);
#10517=ORIENTED_EDGE('',*,*,#8021,.T.);
#10518=ORIENTED_EDGE('',*,*,#8020,.T.);
#10519=ORIENTED_EDGE('',*,*,#8022,.F.);
#10520=ORIENTED_EDGE('',*,*,#8023,.F.);
#10521=ORIENTED_EDGE('',*,*,#8024,.T.);
#10522=ORIENTED_EDGE('',*,*,#8023,.T.);
#10523=ORIENTED_EDGE('',*,*,#8025,.F.);
#10524=ORIENTED_EDGE('',*,*,#8026,.F.);
#10525=ORIENTED_EDGE('',*,*,#8027,.T.);
#10526=ORIENTED_EDGE('',*,*,#8026,.T.);
#10527=ORIENTED_EDGE('',*,*,#8028,.F.);
#10528=ORIENTED_EDGE('',*,*,#8018,.F.);
#10529=ORIENTED_EDGE('',*,*,#8028,.T.);
#10530=ORIENTED_EDGE('',*,*,#8025,.T.);
#10531=ORIENTED_EDGE('',*,*,#8022,.T.);
#10532=ORIENTED_EDGE('',*,*,#8019,.T.);
#10533=ORIENTED_EDGE('',*,*,#8027,.F.);
#10534=ORIENTED_EDGE('',*,*,#8017,.F.);
#10535=ORIENTED_EDGE('',*,*,#8021,.F.);
#10536=ORIENTED_EDGE('',*,*,#8024,.F.);
#10537=ORIENTED_EDGE('',*,*,#8029,.T.);
#10538=ORIENTED_EDGE('',*,*,#8030,.T.);
#10539=ORIENTED_EDGE('',*,*,#8031,.F.);
#10540=ORIENTED_EDGE('',*,*,#8032,.F.);
#10541=ORIENTED_EDGE('',*,*,#8033,.T.);
#10542=ORIENTED_EDGE('',*,*,#8032,.T.);
#10543=ORIENTED_EDGE('',*,*,#8034,.F.);
#10544=ORIENTED_EDGE('',*,*,#8035,.F.);
#10545=ORIENTED_EDGE('',*,*,#8036,.T.);
#10546=ORIENTED_EDGE('',*,*,#8035,.T.);
#10547=ORIENTED_EDGE('',*,*,#8037,.F.);
#10548=ORIENTED_EDGE('',*,*,#8038,.F.);
#10549=ORIENTED_EDGE('',*,*,#8039,.T.);
#10550=ORIENTED_EDGE('',*,*,#8038,.T.);
#10551=ORIENTED_EDGE('',*,*,#8040,.F.);
#10552=ORIENTED_EDGE('',*,*,#8030,.F.);
#10553=ORIENTED_EDGE('',*,*,#8040,.T.);
#10554=ORIENTED_EDGE('',*,*,#8037,.T.);
#10555=ORIENTED_EDGE('',*,*,#8034,.T.);
#10556=ORIENTED_EDGE('',*,*,#8031,.T.);
#10557=ORIENTED_EDGE('',*,*,#8039,.F.);
#10558=ORIENTED_EDGE('',*,*,#8029,.F.);
#10559=ORIENTED_EDGE('',*,*,#8033,.F.);
#10560=ORIENTED_EDGE('',*,*,#8036,.F.);
#10561=ORIENTED_EDGE('',*,*,#8041,.T.);
#10562=ORIENTED_EDGE('',*,*,#8042,.T.);
#10563=ORIENTED_EDGE('',*,*,#8043,.F.);
#10564=ORIENTED_EDGE('',*,*,#8044,.F.);
#10565=ORIENTED_EDGE('',*,*,#8045,.T.);
#10566=ORIENTED_EDGE('',*,*,#8044,.T.);
#10567=ORIENTED_EDGE('',*,*,#8046,.F.);
#10568=ORIENTED_EDGE('',*,*,#8047,.F.);
#10569=ORIENTED_EDGE('',*,*,#8048,.T.);
#10570=ORIENTED_EDGE('',*,*,#8047,.T.);
#10571=ORIENTED_EDGE('',*,*,#8049,.F.);
#10572=ORIENTED_EDGE('',*,*,#8050,.F.);
#10573=ORIENTED_EDGE('',*,*,#8051,.T.);
#10574=ORIENTED_EDGE('',*,*,#8050,.T.);
#10575=ORIENTED_EDGE('',*,*,#8052,.F.);
#10576=ORIENTED_EDGE('',*,*,#8042,.F.);
#10577=ORIENTED_EDGE('',*,*,#8052,.T.);
#10578=ORIENTED_EDGE('',*,*,#8049,.T.);
#10579=ORIENTED_EDGE('',*,*,#8046,.T.);
#10580=ORIENTED_EDGE('',*,*,#8043,.T.);
#10581=ORIENTED_EDGE('',*,*,#8051,.F.);
#10582=ORIENTED_EDGE('',*,*,#8041,.F.);
#10583=ORIENTED_EDGE('',*,*,#8045,.F.);
#10584=ORIENTED_EDGE('',*,*,#8048,.F.);
#10585=ORIENTED_EDGE('',*,*,#8053,.T.);
#10586=ORIENTED_EDGE('',*,*,#8054,.T.);
#10587=ORIENTED_EDGE('',*,*,#8055,.F.);
#10588=ORIENTED_EDGE('',*,*,#8056,.F.);
#10589=ORIENTED_EDGE('',*,*,#8057,.T.);
#10590=ORIENTED_EDGE('',*,*,#8056,.T.);
#10591=ORIENTED_EDGE('',*,*,#8058,.F.);
#10592=ORIENTED_EDGE('',*,*,#8059,.F.);
#10593=ORIENTED_EDGE('',*,*,#8060,.T.);
#10594=ORIENTED_EDGE('',*,*,#8059,.T.);
#10595=ORIENTED_EDGE('',*,*,#8061,.F.);
#10596=ORIENTED_EDGE('',*,*,#8062,.F.);
#10597=ORIENTED_EDGE('',*,*,#8063,.T.);
#10598=ORIENTED_EDGE('',*,*,#8062,.T.);
#10599=ORIENTED_EDGE('',*,*,#8064,.F.);
#10600=ORIENTED_EDGE('',*,*,#8054,.F.);
#10601=ORIENTED_EDGE('',*,*,#8064,.T.);
#10602=ORIENTED_EDGE('',*,*,#8061,.T.);
#10603=ORIENTED_EDGE('',*,*,#8058,.T.);
#10604=ORIENTED_EDGE('',*,*,#8055,.T.);
#10605=ORIENTED_EDGE('',*,*,#8063,.F.);
#10606=ORIENTED_EDGE('',*,*,#8053,.F.);
#10607=ORIENTED_EDGE('',*,*,#8057,.F.);
#10608=ORIENTED_EDGE('',*,*,#8060,.F.);
#10609=ORIENTED_EDGE('',*,*,#8065,.T.);
#10610=ORIENTED_EDGE('',*,*,#8066,.T.);
#10611=ORIENTED_EDGE('',*,*,#8067,.F.);
#10612=ORIENTED_EDGE('',*,*,#8068,.F.);
#10613=ORIENTED_EDGE('',*,*,#8069,.T.);
#10614=ORIENTED_EDGE('',*,*,#8068,.T.);
#10615=ORIENTED_EDGE('',*,*,#8070,.F.);
#10616=ORIENTED_EDGE('',*,*,#8071,.F.);
#10617=ORIENTED_EDGE('',*,*,#8072,.T.);
#10618=ORIENTED_EDGE('',*,*,#8071,.T.);
#10619=ORIENTED_EDGE('',*,*,#8073,.F.);
#10620=ORIENTED_EDGE('',*,*,#8074,.F.);
#10621=ORIENTED_EDGE('',*,*,#8075,.T.);
#10622=ORIENTED_EDGE('',*,*,#8074,.T.);
#10623=ORIENTED_EDGE('',*,*,#8076,.F.);
#10624=ORIENTED_EDGE('',*,*,#8066,.F.);
#10625=ORIENTED_EDGE('',*,*,#8076,.T.);
#10626=ORIENTED_EDGE('',*,*,#8073,.T.);
#10627=ORIENTED_EDGE('',*,*,#8070,.T.);
#10628=ORIENTED_EDGE('',*,*,#8067,.T.);
#10629=ORIENTED_EDGE('',*,*,#8075,.F.);
#10630=ORIENTED_EDGE('',*,*,#8065,.F.);
#10631=ORIENTED_EDGE('',*,*,#8069,.F.);
#10632=ORIENTED_EDGE('',*,*,#8072,.F.);
#10633=ORIENTED_EDGE('',*,*,#8077,.T.);
#10634=ORIENTED_EDGE('',*,*,#8078,.T.);
#10635=ORIENTED_EDGE('',*,*,#8079,.F.);
#10636=ORIENTED_EDGE('',*,*,#8080,.F.);
#10637=ORIENTED_EDGE('',*,*,#8081,.T.);
#10638=ORIENTED_EDGE('',*,*,#8080,.T.);
#10639=ORIENTED_EDGE('',*,*,#8082,.F.);
#10640=ORIENTED_EDGE('',*,*,#8083,.F.);
#10641=ORIENTED_EDGE('',*,*,#8084,.T.);
#10642=ORIENTED_EDGE('',*,*,#8083,.T.);
#10643=ORIENTED_EDGE('',*,*,#8085,.F.);
#10644=ORIENTED_EDGE('',*,*,#8086,.F.);
#10645=ORIENTED_EDGE('',*,*,#8087,.T.);
#10646=ORIENTED_EDGE('',*,*,#8086,.T.);
#10647=ORIENTED_EDGE('',*,*,#8088,.F.);
#10648=ORIENTED_EDGE('',*,*,#8078,.F.);
#10649=ORIENTED_EDGE('',*,*,#8088,.T.);
#10650=ORIENTED_EDGE('',*,*,#8085,.T.);
#10651=ORIENTED_EDGE('',*,*,#8082,.T.);
#10652=ORIENTED_EDGE('',*,*,#8079,.T.);
#10653=ORIENTED_EDGE('',*,*,#8087,.F.);
#10654=ORIENTED_EDGE('',*,*,#8077,.F.);
#10655=ORIENTED_EDGE('',*,*,#8081,.F.);
#10656=ORIENTED_EDGE('',*,*,#8084,.F.);
#10657=ORIENTED_EDGE('',*,*,#8089,.T.);
#10658=ORIENTED_EDGE('',*,*,#8090,.T.);
#10659=ORIENTED_EDGE('',*,*,#8091,.F.);
#10660=ORIENTED_EDGE('',*,*,#8092,.F.);
#10661=ORIENTED_EDGE('',*,*,#8093,.T.);
#10662=ORIENTED_EDGE('',*,*,#8092,.T.);
#10663=ORIENTED_EDGE('',*,*,#8094,.F.);
#10664=ORIENTED_EDGE('',*,*,#8095,.F.);
#10665=ORIENTED_EDGE('',*,*,#8096,.T.);
#10666=ORIENTED_EDGE('',*,*,#8095,.T.);
#10667=ORIENTED_EDGE('',*,*,#8097,.F.);
#10668=ORIENTED_EDGE('',*,*,#8098,.F.);
#10669=ORIENTED_EDGE('',*,*,#8099,.T.);
#10670=ORIENTED_EDGE('',*,*,#8098,.T.);
#10671=ORIENTED_EDGE('',*,*,#8100,.F.);
#10672=ORIENTED_EDGE('',*,*,#8090,.F.);
#10673=ORIENTED_EDGE('',*,*,#8100,.T.);
#10674=ORIENTED_EDGE('',*,*,#8097,.T.);
#10675=ORIENTED_EDGE('',*,*,#8094,.T.);
#10676=ORIENTED_EDGE('',*,*,#8091,.T.);
#10677=ORIENTED_EDGE('',*,*,#8099,.F.);
#10678=ORIENTED_EDGE('',*,*,#8089,.F.);
#10679=ORIENTED_EDGE('',*,*,#8093,.F.);
#10680=ORIENTED_EDGE('',*,*,#8096,.F.);
#10681=ORIENTED_EDGE('',*,*,#8101,.T.);
#10682=ORIENTED_EDGE('',*,*,#8102,.T.);
#10683=ORIENTED_EDGE('',*,*,#8103,.F.);
#10684=ORIENTED_EDGE('',*,*,#8104,.F.);
#10685=ORIENTED_EDGE('',*,*,#8105,.T.);
#10686=ORIENTED_EDGE('',*,*,#8104,.T.);
#10687=ORIENTED_EDGE('',*,*,#8106,.F.);
#10688=ORIENTED_EDGE('',*,*,#8107,.F.);
#10689=ORIENTED_EDGE('',*,*,#8108,.T.);
#10690=ORIENTED_EDGE('',*,*,#8107,.T.);
#10691=ORIENTED_EDGE('',*,*,#8109,.F.);
#10692=ORIENTED_EDGE('',*,*,#8110,.F.);
#10693=ORIENTED_EDGE('',*,*,#8111,.T.);
#10694=ORIENTED_EDGE('',*,*,#8110,.T.);
#10695=ORIENTED_EDGE('',*,*,#8112,.F.);
#10696=ORIENTED_EDGE('',*,*,#8102,.F.);
#10697=ORIENTED_EDGE('',*,*,#8112,.T.);
#10698=ORIENTED_EDGE('',*,*,#8109,.T.);
#10699=ORIENTED_EDGE('',*,*,#8106,.T.);
#10700=ORIENTED_EDGE('',*,*,#8103,.T.);
#10701=ORIENTED_EDGE('',*,*,#8111,.F.);
#10702=ORIENTED_EDGE('',*,*,#8101,.F.);
#10703=ORIENTED_EDGE('',*,*,#8105,.F.);
#10704=ORIENTED_EDGE('',*,*,#8108,.F.);
#10705=ORIENTED_EDGE('',*,*,#8113,.T.);
#10706=ORIENTED_EDGE('',*,*,#8114,.T.);
#10707=ORIENTED_EDGE('',*,*,#8115,.F.);
#10708=ORIENTED_EDGE('',*,*,#8116,.F.);
#10709=ORIENTED_EDGE('',*,*,#8117,.T.);
#10710=ORIENTED_EDGE('',*,*,#8116,.T.);
#10711=ORIENTED_EDGE('',*,*,#8118,.F.);
#10712=ORIENTED_EDGE('',*,*,#8119,.F.);
#10713=ORIENTED_EDGE('',*,*,#8120,.T.);
#10714=ORIENTED_EDGE('',*,*,#8119,.T.);
#10715=ORIENTED_EDGE('',*,*,#8121,.F.);
#10716=ORIENTED_EDGE('',*,*,#8122,.F.);
#10717=ORIENTED_EDGE('',*,*,#8123,.T.);
#10718=ORIENTED_EDGE('',*,*,#8122,.T.);
#10719=ORIENTED_EDGE('',*,*,#8124,.F.);
#10720=ORIENTED_EDGE('',*,*,#8114,.F.);
#10721=ORIENTED_EDGE('',*,*,#8124,.T.);
#10722=ORIENTED_EDGE('',*,*,#8121,.T.);
#10723=ORIENTED_EDGE('',*,*,#8118,.T.);
#10724=ORIENTED_EDGE('',*,*,#8115,.T.);
#10725=ORIENTED_EDGE('',*,*,#8123,.F.);
#10726=ORIENTED_EDGE('',*,*,#8113,.F.);
#10727=ORIENTED_EDGE('',*,*,#8117,.F.);
#10728=ORIENTED_EDGE('',*,*,#8120,.F.);
#10729=ORIENTED_EDGE('',*,*,#8125,.T.);
#10730=ORIENTED_EDGE('',*,*,#8126,.T.);
#10731=ORIENTED_EDGE('',*,*,#8127,.F.);
#10732=ORIENTED_EDGE('',*,*,#8128,.F.);
#10733=ORIENTED_EDGE('',*,*,#8129,.T.);
#10734=ORIENTED_EDGE('',*,*,#8128,.T.);
#10735=ORIENTED_EDGE('',*,*,#8130,.F.);
#10736=ORIENTED_EDGE('',*,*,#8131,.F.);
#10737=ORIENTED_EDGE('',*,*,#8132,.T.);
#10738=ORIENTED_EDGE('',*,*,#8131,.T.);
#10739=ORIENTED_EDGE('',*,*,#8133,.F.);
#10740=ORIENTED_EDGE('',*,*,#8134,.F.);
#10741=ORIENTED_EDGE('',*,*,#8135,.T.);
#10742=ORIENTED_EDGE('',*,*,#8134,.T.);
#10743=ORIENTED_EDGE('',*,*,#8136,.F.);
#10744=ORIENTED_EDGE('',*,*,#8126,.F.);
#10745=ORIENTED_EDGE('',*,*,#8136,.T.);
#10746=ORIENTED_EDGE('',*,*,#8133,.T.);
#10747=ORIENTED_EDGE('',*,*,#8130,.T.);
#10748=ORIENTED_EDGE('',*,*,#8127,.T.);
#10749=ORIENTED_EDGE('',*,*,#8135,.F.);
#10750=ORIENTED_EDGE('',*,*,#8125,.F.);
#10751=ORIENTED_EDGE('',*,*,#8129,.F.);
#10752=ORIENTED_EDGE('',*,*,#8132,.F.);
#10753=ORIENTED_EDGE('',*,*,#8137,.T.);
#10754=ORIENTED_EDGE('',*,*,#8138,.T.);
#10755=ORIENTED_EDGE('',*,*,#8139,.F.);
#10756=ORIENTED_EDGE('',*,*,#8140,.F.);
#10757=ORIENTED_EDGE('',*,*,#8141,.T.);
#10758=ORIENTED_EDGE('',*,*,#8140,.T.);
#10759=ORIENTED_EDGE('',*,*,#8142,.F.);
#10760=ORIENTED_EDGE('',*,*,#8143,.F.);
#10761=ORIENTED_EDGE('',*,*,#8144,.T.);
#10762=ORIENTED_EDGE('',*,*,#8143,.T.);
#10763=ORIENTED_EDGE('',*,*,#8145,.F.);
#10764=ORIENTED_EDGE('',*,*,#8146,.F.);
#10765=ORIENTED_EDGE('',*,*,#8147,.T.);
#10766=ORIENTED_EDGE('',*,*,#8146,.T.);
#10767=ORIENTED_EDGE('',*,*,#8148,.F.);
#10768=ORIENTED_EDGE('',*,*,#8138,.F.);
#10769=ORIENTED_EDGE('',*,*,#8148,.T.);
#10770=ORIENTED_EDGE('',*,*,#8145,.T.);
#10771=ORIENTED_EDGE('',*,*,#8142,.T.);
#10772=ORIENTED_EDGE('',*,*,#8139,.T.);
#10773=ORIENTED_EDGE('',*,*,#8147,.F.);
#10774=ORIENTED_EDGE('',*,*,#8137,.F.);
#10775=ORIENTED_EDGE('',*,*,#8141,.F.);
#10776=ORIENTED_EDGE('',*,*,#8144,.F.);
#10777=ORIENTED_EDGE('',*,*,#8149,.T.);
#10778=ORIENTED_EDGE('',*,*,#8150,.T.);
#10779=ORIENTED_EDGE('',*,*,#8151,.F.);
#10780=ORIENTED_EDGE('',*,*,#8152,.F.);
#10781=ORIENTED_EDGE('',*,*,#8153,.T.);
#10782=ORIENTED_EDGE('',*,*,#8152,.T.);
#10783=ORIENTED_EDGE('',*,*,#8154,.F.);
#10784=ORIENTED_EDGE('',*,*,#8155,.F.);
#10785=ORIENTED_EDGE('',*,*,#8156,.T.);
#10786=ORIENTED_EDGE('',*,*,#8155,.T.);
#10787=ORIENTED_EDGE('',*,*,#8157,.F.);
#10788=ORIENTED_EDGE('',*,*,#8158,.F.);
#10789=ORIENTED_EDGE('',*,*,#8159,.T.);
#10790=ORIENTED_EDGE('',*,*,#8158,.T.);
#10791=ORIENTED_EDGE('',*,*,#8160,.F.);
#10792=ORIENTED_EDGE('',*,*,#8150,.F.);
#10793=ORIENTED_EDGE('',*,*,#8160,.T.);
#10794=ORIENTED_EDGE('',*,*,#8157,.T.);
#10795=ORIENTED_EDGE('',*,*,#8154,.T.);
#10796=ORIENTED_EDGE('',*,*,#8151,.T.);
#10797=ORIENTED_EDGE('',*,*,#8159,.F.);
#10798=ORIENTED_EDGE('',*,*,#8149,.F.);
#10799=ORIENTED_EDGE('',*,*,#8153,.F.);
#10800=ORIENTED_EDGE('',*,*,#8156,.F.);
#10801=ORIENTED_EDGE('',*,*,#8161,.T.);
#10802=ORIENTED_EDGE('',*,*,#8162,.T.);
#10803=ORIENTED_EDGE('',*,*,#8163,.F.);
#10804=ORIENTED_EDGE('',*,*,#8164,.F.);
#10805=ORIENTED_EDGE('',*,*,#8165,.T.);
#10806=ORIENTED_EDGE('',*,*,#8164,.T.);
#10807=ORIENTED_EDGE('',*,*,#8166,.F.);
#10808=ORIENTED_EDGE('',*,*,#8167,.F.);
#10809=ORIENTED_EDGE('',*,*,#8168,.T.);
#10810=ORIENTED_EDGE('',*,*,#8167,.T.);
#10811=ORIENTED_EDGE('',*,*,#8169,.F.);
#10812=ORIENTED_EDGE('',*,*,#8170,.F.);
#10813=ORIENTED_EDGE('',*,*,#8171,.T.);
#10814=ORIENTED_EDGE('',*,*,#8170,.T.);
#10815=ORIENTED_EDGE('',*,*,#8172,.F.);
#10816=ORIENTED_EDGE('',*,*,#8162,.F.);
#10817=ORIENTED_EDGE('',*,*,#8172,.T.);
#10818=ORIENTED_EDGE('',*,*,#8169,.T.);
#10819=ORIENTED_EDGE('',*,*,#8166,.T.);
#10820=ORIENTED_EDGE('',*,*,#8163,.T.);
#10821=ORIENTED_EDGE('',*,*,#8171,.F.);
#10822=ORIENTED_EDGE('',*,*,#8161,.F.);
#10823=ORIENTED_EDGE('',*,*,#8165,.F.);
#10824=ORIENTED_EDGE('',*,*,#8168,.F.);
#10825=ORIENTED_EDGE('',*,*,#8173,.T.);
#10826=ORIENTED_EDGE('',*,*,#8174,.T.);
#10827=ORIENTED_EDGE('',*,*,#8175,.F.);
#10828=ORIENTED_EDGE('',*,*,#8176,.F.);
#10829=ORIENTED_EDGE('',*,*,#8177,.T.);
#10830=ORIENTED_EDGE('',*,*,#8176,.T.);
#10831=ORIENTED_EDGE('',*,*,#8178,.F.);
#10832=ORIENTED_EDGE('',*,*,#8179,.F.);
#10833=ORIENTED_EDGE('',*,*,#8180,.T.);
#10834=ORIENTED_EDGE('',*,*,#8179,.T.);
#10835=ORIENTED_EDGE('',*,*,#8181,.F.);
#10836=ORIENTED_EDGE('',*,*,#8182,.F.);
#10837=ORIENTED_EDGE('',*,*,#8183,.T.);
#10838=ORIENTED_EDGE('',*,*,#8182,.T.);
#10839=ORIENTED_EDGE('',*,*,#8184,.F.);
#10840=ORIENTED_EDGE('',*,*,#8174,.F.);
#10841=ORIENTED_EDGE('',*,*,#8184,.T.);
#10842=ORIENTED_EDGE('',*,*,#8181,.T.);
#10843=ORIENTED_EDGE('',*,*,#8178,.T.);
#10844=ORIENTED_EDGE('',*,*,#8175,.T.);
#10845=ORIENTED_EDGE('',*,*,#8183,.F.);
#10846=ORIENTED_EDGE('',*,*,#8173,.F.);
#10847=ORIENTED_EDGE('',*,*,#8177,.F.);
#10848=ORIENTED_EDGE('',*,*,#8180,.F.);
#10849=ORIENTED_EDGE('',*,*,#8185,.T.);
#10850=ORIENTED_EDGE('',*,*,#8186,.T.);
#10851=ORIENTED_EDGE('',*,*,#8187,.F.);
#10852=ORIENTED_EDGE('',*,*,#8188,.F.);
#10853=ORIENTED_EDGE('',*,*,#8189,.T.);
#10854=ORIENTED_EDGE('',*,*,#8188,.T.);
#10855=ORIENTED_EDGE('',*,*,#8190,.F.);
#10856=ORIENTED_EDGE('',*,*,#8191,.F.);
#10857=ORIENTED_EDGE('',*,*,#8192,.T.);
#10858=ORIENTED_EDGE('',*,*,#8191,.T.);
#10859=ORIENTED_EDGE('',*,*,#8193,.F.);
#10860=ORIENTED_EDGE('',*,*,#8194,.F.);
#10861=ORIENTED_EDGE('',*,*,#8195,.T.);
#10862=ORIENTED_EDGE('',*,*,#8194,.T.);
#10863=ORIENTED_EDGE('',*,*,#8196,.F.);
#10864=ORIENTED_EDGE('',*,*,#8186,.F.);
#10865=ORIENTED_EDGE('',*,*,#8196,.T.);
#10866=ORIENTED_EDGE('',*,*,#8193,.T.);
#10867=ORIENTED_EDGE('',*,*,#8190,.T.);
#10868=ORIENTED_EDGE('',*,*,#8187,.T.);
#10869=ORIENTED_EDGE('',*,*,#8195,.F.);
#10870=ORIENTED_EDGE('',*,*,#8185,.F.);
#10871=ORIENTED_EDGE('',*,*,#8189,.F.);
#10872=ORIENTED_EDGE('',*,*,#8192,.F.);
#10873=ORIENTED_EDGE('',*,*,#8197,.T.);
#10874=ORIENTED_EDGE('',*,*,#8198,.T.);
#10875=ORIENTED_EDGE('',*,*,#8199,.F.);
#10876=ORIENTED_EDGE('',*,*,#8200,.F.);
#10877=ORIENTED_EDGE('',*,*,#8201,.T.);
#10878=ORIENTED_EDGE('',*,*,#8200,.T.);
#10879=ORIENTED_EDGE('',*,*,#8202,.F.);
#10880=ORIENTED_EDGE('',*,*,#8203,.F.);
#10881=ORIENTED_EDGE('',*,*,#8204,.T.);
#10882=ORIENTED_EDGE('',*,*,#8203,.T.);
#10883=ORIENTED_EDGE('',*,*,#8205,.F.);
#10884=ORIENTED_EDGE('',*,*,#8206,.F.);
#10885=ORIENTED_EDGE('',*,*,#8207,.T.);
#10886=ORIENTED_EDGE('',*,*,#8206,.T.);
#10887=ORIENTED_EDGE('',*,*,#8208,.F.);
#10888=ORIENTED_EDGE('',*,*,#8198,.F.);
#10889=ORIENTED_EDGE('',*,*,#8208,.T.);
#10890=ORIENTED_EDGE('',*,*,#8205,.T.);
#10891=ORIENTED_EDGE('',*,*,#8202,.T.);
#10892=ORIENTED_EDGE('',*,*,#8199,.T.);
#10893=ORIENTED_EDGE('',*,*,#8207,.F.);
#10894=ORIENTED_EDGE('',*,*,#8197,.F.);
#10895=ORIENTED_EDGE('',*,*,#8201,.F.);
#10896=ORIENTED_EDGE('',*,*,#8204,.F.);
#10897=ORIENTED_EDGE('',*,*,#8209,.T.);
#10898=ORIENTED_EDGE('',*,*,#8210,.T.);
#10899=ORIENTED_EDGE('',*,*,#8211,.F.);
#10900=ORIENTED_EDGE('',*,*,#8212,.F.);
#10901=ORIENTED_EDGE('',*,*,#8213,.T.);
#10902=ORIENTED_EDGE('',*,*,#8212,.T.);
#10903=ORIENTED_EDGE('',*,*,#8214,.F.);
#10904=ORIENTED_EDGE('',*,*,#8215,.F.);
#10905=ORIENTED_EDGE('',*,*,#8216,.T.);
#10906=ORIENTED_EDGE('',*,*,#8215,.T.);
#10907=ORIENTED_EDGE('',*,*,#8217,.F.);
#10908=ORIENTED_EDGE('',*,*,#8218,.F.);
#10909=ORIENTED_EDGE('',*,*,#8219,.T.);
#10910=ORIENTED_EDGE('',*,*,#8218,.T.);
#10911=ORIENTED_EDGE('',*,*,#8220,.F.);
#10912=ORIENTED_EDGE('',*,*,#8210,.F.);
#10913=ORIENTED_EDGE('',*,*,#8220,.T.);
#10914=ORIENTED_EDGE('',*,*,#8217,.T.);
#10915=ORIENTED_EDGE('',*,*,#8214,.T.);
#10916=ORIENTED_EDGE('',*,*,#8211,.T.);
#10917=ORIENTED_EDGE('',*,*,#8219,.F.);
#10918=ORIENTED_EDGE('',*,*,#8209,.F.);
#10919=ORIENTED_EDGE('',*,*,#8213,.F.);
#10920=ORIENTED_EDGE('',*,*,#8216,.F.);
#10921=ORIENTED_EDGE('',*,*,#8221,.T.);
#10922=ORIENTED_EDGE('',*,*,#8222,.T.);
#10923=ORIENTED_EDGE('',*,*,#8223,.F.);
#10924=ORIENTED_EDGE('',*,*,#8224,.F.);
#10925=ORIENTED_EDGE('',*,*,#8225,.T.);
#10926=ORIENTED_EDGE('',*,*,#8224,.T.);
#10927=ORIENTED_EDGE('',*,*,#8226,.F.);
#10928=ORIENTED_EDGE('',*,*,#8227,.F.);
#10929=ORIENTED_EDGE('',*,*,#8228,.T.);
#10930=ORIENTED_EDGE('',*,*,#8227,.T.);
#10931=ORIENTED_EDGE('',*,*,#8229,.F.);
#10932=ORIENTED_EDGE('',*,*,#8230,.F.);
#10933=ORIENTED_EDGE('',*,*,#8231,.T.);
#10934=ORIENTED_EDGE('',*,*,#8230,.T.);
#10935=ORIENTED_EDGE('',*,*,#8232,.F.);
#10936=ORIENTED_EDGE('',*,*,#8222,.F.);
#10937=ORIENTED_EDGE('',*,*,#8232,.T.);
#10938=ORIENTED_EDGE('',*,*,#8229,.T.);
#10939=ORIENTED_EDGE('',*,*,#8226,.T.);
#10940=ORIENTED_EDGE('',*,*,#8223,.T.);
#10941=ORIENTED_EDGE('',*,*,#8231,.F.);
#10942=ORIENTED_EDGE('',*,*,#8221,.F.);
#10943=ORIENTED_EDGE('',*,*,#8225,.F.);
#10944=ORIENTED_EDGE('',*,*,#8228,.F.);
#10945=ORIENTED_EDGE('',*,*,#8233,.T.);
#10946=ORIENTED_EDGE('',*,*,#8234,.T.);
#10947=ORIENTED_EDGE('',*,*,#8235,.F.);
#10948=ORIENTED_EDGE('',*,*,#8236,.F.);
#10949=ORIENTED_EDGE('',*,*,#8237,.T.);
#10950=ORIENTED_EDGE('',*,*,#8236,.T.);
#10951=ORIENTED_EDGE('',*,*,#8238,.F.);
#10952=ORIENTED_EDGE('',*,*,#8239,.F.);
#10953=ORIENTED_EDGE('',*,*,#8240,.T.);
#10954=ORIENTED_EDGE('',*,*,#8239,.T.);
#10955=ORIENTED_EDGE('',*,*,#8241,.F.);
#10956=ORIENTED_EDGE('',*,*,#8242,.F.);
#10957=ORIENTED_EDGE('',*,*,#8243,.T.);
#10958=ORIENTED_EDGE('',*,*,#8242,.T.);
#10959=ORIENTED_EDGE('',*,*,#8244,.F.);
#10960=ORIENTED_EDGE('',*,*,#8234,.F.);
#10961=ORIENTED_EDGE('',*,*,#8244,.T.);
#10962=ORIENTED_EDGE('',*,*,#8241,.T.);
#10963=ORIENTED_EDGE('',*,*,#8238,.T.);
#10964=ORIENTED_EDGE('',*,*,#8235,.T.);
#10965=ORIENTED_EDGE('',*,*,#8243,.F.);
#10966=ORIENTED_EDGE('',*,*,#8233,.F.);
#10967=ORIENTED_EDGE('',*,*,#8237,.F.);
#10968=ORIENTED_EDGE('',*,*,#8240,.F.);
#10969=ORIENTED_EDGE('',*,*,#8245,.T.);
#10970=ORIENTED_EDGE('',*,*,#8246,.T.);
#10971=ORIENTED_EDGE('',*,*,#8247,.F.);
#10972=ORIENTED_EDGE('',*,*,#8248,.F.);
#10973=ORIENTED_EDGE('',*,*,#8249,.T.);
#10974=ORIENTED_EDGE('',*,*,#8248,.T.);
#10975=ORIENTED_EDGE('',*,*,#8250,.F.);
#10976=ORIENTED_EDGE('',*,*,#8251,.F.);
#10977=ORIENTED_EDGE('',*,*,#8252,.T.);
#10978=ORIENTED_EDGE('',*,*,#8251,.T.);
#10979=ORIENTED_EDGE('',*,*,#8253,.F.);
#10980=ORIENTED_EDGE('',*,*,#8254,.F.);
#10981=ORIENTED_EDGE('',*,*,#8255,.T.);
#10982=ORIENTED_EDGE('',*,*,#8254,.T.);
#10983=ORIENTED_EDGE('',*,*,#8256,.F.);
#10984=ORIENTED_EDGE('',*,*,#8246,.F.);
#10985=ORIENTED_EDGE('',*,*,#8256,.T.);
#10986=ORIENTED_EDGE('',*,*,#8253,.T.);
#10987=ORIENTED_EDGE('',*,*,#8250,.T.);
#10988=ORIENTED_EDGE('',*,*,#8247,.T.);
#10989=ORIENTED_EDGE('',*,*,#8255,.F.);
#10990=ORIENTED_EDGE('',*,*,#8245,.F.);
#10991=ORIENTED_EDGE('',*,*,#8249,.F.);
#10992=ORIENTED_EDGE('',*,*,#8252,.F.);
#10993=ORIENTED_EDGE('',*,*,#8257,.T.);
#10994=ORIENTED_EDGE('',*,*,#8258,.T.);
#10995=ORIENTED_EDGE('',*,*,#8259,.F.);
#10996=ORIENTED_EDGE('',*,*,#8260,.F.);
#10997=ORIENTED_EDGE('',*,*,#8261,.T.);
#10998=ORIENTED_EDGE('',*,*,#8260,.T.);
#10999=ORIENTED_EDGE('',*,*,#8262,.F.);
#11000=ORIENTED_EDGE('',*,*,#8263,.F.);
#11001=ORIENTED_EDGE('',*,*,#8264,.T.);
#11002=ORIENTED_EDGE('',*,*,#8263,.T.);
#11003=ORIENTED_EDGE('',*,*,#8265,.F.);
#11004=ORIENTED_EDGE('',*,*,#8266,.F.);
#11005=ORIENTED_EDGE('',*,*,#8267,.T.);
#11006=ORIENTED_EDGE('',*,*,#8266,.T.);
#11007=ORIENTED_EDGE('',*,*,#8268,.F.);
#11008=ORIENTED_EDGE('',*,*,#8258,.F.);
#11009=ORIENTED_EDGE('',*,*,#8268,.T.);
#11010=ORIENTED_EDGE('',*,*,#8265,.T.);
#11011=ORIENTED_EDGE('',*,*,#8262,.T.);
#11012=ORIENTED_EDGE('',*,*,#8259,.T.);
#11013=ORIENTED_EDGE('',*,*,#8267,.F.);
#11014=ORIENTED_EDGE('',*,*,#8257,.F.);
#11015=ORIENTED_EDGE('',*,*,#8261,.F.);
#11016=ORIENTED_EDGE('',*,*,#8264,.F.);
#11017=ORIENTED_EDGE('',*,*,#8269,.T.);
#11018=ORIENTED_EDGE('',*,*,#8270,.T.);
#11019=ORIENTED_EDGE('',*,*,#8271,.F.);
#11020=ORIENTED_EDGE('',*,*,#8272,.F.);
#11021=ORIENTED_EDGE('',*,*,#8273,.T.);
#11022=ORIENTED_EDGE('',*,*,#8272,.T.);
#11023=ORIENTED_EDGE('',*,*,#8274,.F.);
#11024=ORIENTED_EDGE('',*,*,#8275,.F.);
#11025=ORIENTED_EDGE('',*,*,#8276,.T.);
#11026=ORIENTED_EDGE('',*,*,#8275,.T.);
#11027=ORIENTED_EDGE('',*,*,#8277,.F.);
#11028=ORIENTED_EDGE('',*,*,#8278,.F.);
#11029=ORIENTED_EDGE('',*,*,#8279,.T.);
#11030=ORIENTED_EDGE('',*,*,#8278,.T.);
#11031=ORIENTED_EDGE('',*,*,#8280,.F.);
#11032=ORIENTED_EDGE('',*,*,#8270,.F.);
#11033=ORIENTED_EDGE('',*,*,#8280,.T.);
#11034=ORIENTED_EDGE('',*,*,#8277,.T.);
#11035=ORIENTED_EDGE('',*,*,#8274,.T.);
#11036=ORIENTED_EDGE('',*,*,#8271,.T.);
#11037=ORIENTED_EDGE('',*,*,#8279,.F.);
#11038=ORIENTED_EDGE('',*,*,#8269,.F.);
#11039=ORIENTED_EDGE('',*,*,#8273,.F.);
#11040=ORIENTED_EDGE('',*,*,#8276,.F.);
#11041=ORIENTED_EDGE('',*,*,#8281,.T.);
#11042=ORIENTED_EDGE('',*,*,#8282,.T.);
#11043=ORIENTED_EDGE('',*,*,#8283,.F.);
#11044=ORIENTED_EDGE('',*,*,#8284,.F.);
#11045=ORIENTED_EDGE('',*,*,#8285,.T.);
#11046=ORIENTED_EDGE('',*,*,#8284,.T.);
#11047=ORIENTED_EDGE('',*,*,#8286,.F.);
#11048=ORIENTED_EDGE('',*,*,#8287,.F.);
#11049=ORIENTED_EDGE('',*,*,#8288,.T.);
#11050=ORIENTED_EDGE('',*,*,#8287,.T.);
#11051=ORIENTED_EDGE('',*,*,#8289,.F.);
#11052=ORIENTED_EDGE('',*,*,#8290,.F.);
#11053=ORIENTED_EDGE('',*,*,#8291,.T.);
#11054=ORIENTED_EDGE('',*,*,#8290,.T.);
#11055=ORIENTED_EDGE('',*,*,#8292,.F.);
#11056=ORIENTED_EDGE('',*,*,#8282,.F.);
#11057=ORIENTED_EDGE('',*,*,#8292,.T.);
#11058=ORIENTED_EDGE('',*,*,#8289,.T.);
#11059=ORIENTED_EDGE('',*,*,#8286,.T.);
#11060=ORIENTED_EDGE('',*,*,#8283,.T.);
#11061=ORIENTED_EDGE('',*,*,#8291,.F.);
#11062=ORIENTED_EDGE('',*,*,#8281,.F.);
#11063=ORIENTED_EDGE('',*,*,#8285,.F.);
#11064=ORIENTED_EDGE('',*,*,#8288,.F.);
#11065=ORIENTED_EDGE('',*,*,#8293,.T.);
#11066=ORIENTED_EDGE('',*,*,#8294,.T.);
#11067=ORIENTED_EDGE('',*,*,#8295,.F.);
#11068=ORIENTED_EDGE('',*,*,#8296,.F.);
#11069=ORIENTED_EDGE('',*,*,#8297,.T.);
#11070=ORIENTED_EDGE('',*,*,#8296,.T.);
#11071=ORIENTED_EDGE('',*,*,#8298,.F.);
#11072=ORIENTED_EDGE('',*,*,#8299,.F.);
#11073=ORIENTED_EDGE('',*,*,#8300,.T.);
#11074=ORIENTED_EDGE('',*,*,#8299,.T.);
#11075=ORIENTED_EDGE('',*,*,#8301,.F.);
#11076=ORIENTED_EDGE('',*,*,#8302,.F.);
#11077=ORIENTED_EDGE('',*,*,#8303,.T.);
#11078=ORIENTED_EDGE('',*,*,#8302,.T.);
#11079=ORIENTED_EDGE('',*,*,#8304,.F.);
#11080=ORIENTED_EDGE('',*,*,#8294,.F.);
#11081=ORIENTED_EDGE('',*,*,#8304,.T.);
#11082=ORIENTED_EDGE('',*,*,#8301,.T.);
#11083=ORIENTED_EDGE('',*,*,#8298,.T.);
#11084=ORIENTED_EDGE('',*,*,#8295,.T.);
#11085=ORIENTED_EDGE('',*,*,#8303,.F.);
#11086=ORIENTED_EDGE('',*,*,#8293,.F.);
#11087=ORIENTED_EDGE('',*,*,#8297,.F.);
#11088=ORIENTED_EDGE('',*,*,#8300,.F.);
#11089=ORIENTED_EDGE('',*,*,#8305,.T.);
#11090=ORIENTED_EDGE('',*,*,#8306,.T.);
#11091=ORIENTED_EDGE('',*,*,#8307,.F.);
#11092=ORIENTED_EDGE('',*,*,#8308,.F.);
#11093=ORIENTED_EDGE('',*,*,#8309,.T.);
#11094=ORIENTED_EDGE('',*,*,#8308,.T.);
#11095=ORIENTED_EDGE('',*,*,#8310,.F.);
#11096=ORIENTED_EDGE('',*,*,#8311,.F.);
#11097=ORIENTED_EDGE('',*,*,#8312,.T.);
#11098=ORIENTED_EDGE('',*,*,#8311,.T.);
#11099=ORIENTED_EDGE('',*,*,#8313,.F.);
#11100=ORIENTED_EDGE('',*,*,#8314,.F.);
#11101=ORIENTED_EDGE('',*,*,#8315,.T.);
#11102=ORIENTED_EDGE('',*,*,#8314,.T.);
#11103=ORIENTED_EDGE('',*,*,#8316,.F.);
#11104=ORIENTED_EDGE('',*,*,#8306,.F.);
#11105=ORIENTED_EDGE('',*,*,#8316,.T.);
#11106=ORIENTED_EDGE('',*,*,#8313,.T.);
#11107=ORIENTED_EDGE('',*,*,#8310,.T.);
#11108=ORIENTED_EDGE('',*,*,#8307,.T.);
#11109=ORIENTED_EDGE('',*,*,#8315,.F.);
#11110=ORIENTED_EDGE('',*,*,#8305,.F.);
#11111=ORIENTED_EDGE('',*,*,#8309,.F.);
#11112=ORIENTED_EDGE('',*,*,#8312,.F.);
#11113=ORIENTED_EDGE('',*,*,#8317,.T.);
#11114=ORIENTED_EDGE('',*,*,#8318,.T.);
#11115=ORIENTED_EDGE('',*,*,#8319,.F.);
#11116=ORIENTED_EDGE('',*,*,#8320,.F.);
#11117=ORIENTED_EDGE('',*,*,#8321,.T.);
#11118=ORIENTED_EDGE('',*,*,#8320,.T.);
#11119=ORIENTED_EDGE('',*,*,#8322,.F.);
#11120=ORIENTED_EDGE('',*,*,#8323,.F.);
#11121=ORIENTED_EDGE('',*,*,#8324,.T.);
#11122=ORIENTED_EDGE('',*,*,#8323,.T.);
#11123=ORIENTED_EDGE('',*,*,#8325,.F.);
#11124=ORIENTED_EDGE('',*,*,#8326,.F.);
#11125=ORIENTED_EDGE('',*,*,#8327,.T.);
#11126=ORIENTED_EDGE('',*,*,#8326,.T.);
#11127=ORIENTED_EDGE('',*,*,#8328,.F.);
#11128=ORIENTED_EDGE('',*,*,#8318,.F.);
#11129=ORIENTED_EDGE('',*,*,#8328,.T.);
#11130=ORIENTED_EDGE('',*,*,#8325,.T.);
#11131=ORIENTED_EDGE('',*,*,#8322,.T.);
#11132=ORIENTED_EDGE('',*,*,#8319,.T.);
#11133=ORIENTED_EDGE('',*,*,#8327,.F.);
#11134=ORIENTED_EDGE('',*,*,#8317,.F.);
#11135=ORIENTED_EDGE('',*,*,#8321,.F.);
#11136=ORIENTED_EDGE('',*,*,#8324,.F.);
#11137=ORIENTED_EDGE('',*,*,#8329,.T.);
#11138=ORIENTED_EDGE('',*,*,#8330,.T.);
#11139=ORIENTED_EDGE('',*,*,#8331,.F.);
#11140=ORIENTED_EDGE('',*,*,#8332,.F.);
#11141=ORIENTED_EDGE('',*,*,#8333,.T.);
#11142=ORIENTED_EDGE('',*,*,#8332,.T.);
#11143=ORIENTED_EDGE('',*,*,#8334,.F.);
#11144=ORIENTED_EDGE('',*,*,#8335,.F.);
#11145=ORIENTED_EDGE('',*,*,#8336,.T.);
#11146=ORIENTED_EDGE('',*,*,#8335,.T.);
#11147=ORIENTED_EDGE('',*,*,#8337,.F.);
#11148=ORIENTED_EDGE('',*,*,#8338,.F.);
#11149=ORIENTED_EDGE('',*,*,#8339,.T.);
#11150=ORIENTED_EDGE('',*,*,#8338,.T.);
#11151=ORIENTED_EDGE('',*,*,#8340,.F.);
#11152=ORIENTED_EDGE('',*,*,#8330,.F.);
#11153=ORIENTED_EDGE('',*,*,#8340,.T.);
#11154=ORIENTED_EDGE('',*,*,#8337,.T.);
#11155=ORIENTED_EDGE('',*,*,#8334,.T.);
#11156=ORIENTED_EDGE('',*,*,#8331,.T.);
#11157=ORIENTED_EDGE('',*,*,#8339,.F.);
#11158=ORIENTED_EDGE('',*,*,#8329,.F.);
#11159=ORIENTED_EDGE('',*,*,#8333,.F.);
#11160=ORIENTED_EDGE('',*,*,#8336,.F.);
#11161=ORIENTED_EDGE('',*,*,#8341,.T.);
#11162=ORIENTED_EDGE('',*,*,#8342,.T.);
#11163=ORIENTED_EDGE('',*,*,#8343,.F.);
#11164=ORIENTED_EDGE('',*,*,#8344,.F.);
#11165=ORIENTED_EDGE('',*,*,#8345,.T.);
#11166=ORIENTED_EDGE('',*,*,#8344,.T.);
#11167=ORIENTED_EDGE('',*,*,#8346,.F.);
#11168=ORIENTED_EDGE('',*,*,#8347,.F.);
#11169=ORIENTED_EDGE('',*,*,#8348,.T.);
#11170=ORIENTED_EDGE('',*,*,#8347,.T.);
#11171=ORIENTED_EDGE('',*,*,#8349,.F.);
#11172=ORIENTED_EDGE('',*,*,#8350,.F.);
#11173=ORIENTED_EDGE('',*,*,#8351,.T.);
#11174=ORIENTED_EDGE('',*,*,#8350,.T.);
#11175=ORIENTED_EDGE('',*,*,#8352,.F.);
#11176=ORIENTED_EDGE('',*,*,#8342,.F.);
#11177=ORIENTED_EDGE('',*,*,#8352,.T.);
#11178=ORIENTED_EDGE('',*,*,#8349,.T.);
#11179=ORIENTED_EDGE('',*,*,#8346,.T.);
#11180=ORIENTED_EDGE('',*,*,#8343,.T.);
#11181=ORIENTED_EDGE('',*,*,#8351,.F.);
#11182=ORIENTED_EDGE('',*,*,#8341,.F.);
#11183=ORIENTED_EDGE('',*,*,#8345,.F.);
#11184=ORIENTED_EDGE('',*,*,#8348,.F.);
#11185=ORIENTED_EDGE('',*,*,#8353,.T.);
#11186=ORIENTED_EDGE('',*,*,#8354,.T.);
#11187=ORIENTED_EDGE('',*,*,#8355,.F.);
#11188=ORIENTED_EDGE('',*,*,#8356,.F.);
#11189=ORIENTED_EDGE('',*,*,#8357,.T.);
#11190=ORIENTED_EDGE('',*,*,#8356,.T.);
#11191=ORIENTED_EDGE('',*,*,#8358,.F.);
#11192=ORIENTED_EDGE('',*,*,#8359,.F.);
#11193=ORIENTED_EDGE('',*,*,#8360,.T.);
#11194=ORIENTED_EDGE('',*,*,#8359,.T.);
#11195=ORIENTED_EDGE('',*,*,#8361,.F.);
#11196=ORIENTED_EDGE('',*,*,#8362,.F.);
#11197=ORIENTED_EDGE('',*,*,#8363,.T.);
#11198=ORIENTED_EDGE('',*,*,#8362,.T.);
#11199=ORIENTED_EDGE('',*,*,#8364,.F.);
#11200=ORIENTED_EDGE('',*,*,#8354,.F.);
#11201=ORIENTED_EDGE('',*,*,#8364,.T.);
#11202=ORIENTED_EDGE('',*,*,#8361,.T.);
#11203=ORIENTED_EDGE('',*,*,#8358,.T.);
#11204=ORIENTED_EDGE('',*,*,#8355,.T.);
#11205=ORIENTED_EDGE('',*,*,#8363,.F.);
#11206=ORIENTED_EDGE('',*,*,#8353,.F.);
#11207=ORIENTED_EDGE('',*,*,#8357,.F.);
#11208=ORIENTED_EDGE('',*,*,#8360,.F.);
#11209=ORIENTED_EDGE('',*,*,#8365,.T.);
#11210=ORIENTED_EDGE('',*,*,#8366,.T.);
#11211=ORIENTED_EDGE('',*,*,#8367,.F.);
#11212=ORIENTED_EDGE('',*,*,#8368,.F.);
#11213=ORIENTED_EDGE('',*,*,#8369,.T.);
#11214=ORIENTED_EDGE('',*,*,#8368,.T.);
#11215=ORIENTED_EDGE('',*,*,#8370,.F.);
#11216=ORIENTED_EDGE('',*,*,#8371,.F.);
#11217=ORIENTED_EDGE('',*,*,#8372,.T.);
#11218=ORIENTED_EDGE('',*,*,#8371,.T.);
#11219=ORIENTED_EDGE('',*,*,#8373,.F.);
#11220=ORIENTED_EDGE('',*,*,#8374,.F.);
#11221=ORIENTED_EDGE('',*,*,#8375,.T.);
#11222=ORIENTED_EDGE('',*,*,#8374,.T.);
#11223=ORIENTED_EDGE('',*,*,#8376,.F.);
#11224=ORIENTED_EDGE('',*,*,#8366,.F.);
#11225=ORIENTED_EDGE('',*,*,#8376,.T.);
#11226=ORIENTED_EDGE('',*,*,#8373,.T.);
#11227=ORIENTED_EDGE('',*,*,#8370,.T.);
#11228=ORIENTED_EDGE('',*,*,#8367,.T.);
#11229=ORIENTED_EDGE('',*,*,#8375,.F.);
#11230=ORIENTED_EDGE('',*,*,#8365,.F.);
#11231=ORIENTED_EDGE('',*,*,#8369,.F.);
#11232=ORIENTED_EDGE('',*,*,#8372,.F.);
#11233=ORIENTED_EDGE('',*,*,#8377,.T.);
#11234=ORIENTED_EDGE('',*,*,#8378,.T.);
#11235=ORIENTED_EDGE('',*,*,#8379,.F.);
#11236=ORIENTED_EDGE('',*,*,#8380,.F.);
#11237=ORIENTED_EDGE('',*,*,#8381,.T.);
#11238=ORIENTED_EDGE('',*,*,#8380,.T.);
#11239=ORIENTED_EDGE('',*,*,#8382,.F.);
#11240=ORIENTED_EDGE('',*,*,#8383,.F.);
#11241=ORIENTED_EDGE('',*,*,#8384,.T.);
#11242=ORIENTED_EDGE('',*,*,#8383,.T.);
#11243=ORIENTED_EDGE('',*,*,#8385,.F.);
#11244=ORIENTED_EDGE('',*,*,#8386,.F.);
#11245=ORIENTED_EDGE('',*,*,#8387,.T.);
#11246=ORIENTED_EDGE('',*,*,#8386,.T.);
#11247=ORIENTED_EDGE('',*,*,#8388,.F.);
#11248=ORIENTED_EDGE('',*,*,#8378,.F.);
#11249=ORIENTED_EDGE('',*,*,#8388,.T.);
#11250=ORIENTED_EDGE('',*,*,#8385,.T.);
#11251=ORIENTED_EDGE('',*,*,#8382,.T.);
#11252=ORIENTED_EDGE('',*,*,#8379,.T.);
#11253=ORIENTED_EDGE('',*,*,#8387,.F.);
#11254=ORIENTED_EDGE('',*,*,#8377,.F.);
#11255=ORIENTED_EDGE('',*,*,#8381,.F.);
#11256=ORIENTED_EDGE('',*,*,#8384,.F.);
#11257=ORIENTED_EDGE('',*,*,#8389,.T.);
#11258=ORIENTED_EDGE('',*,*,#8390,.T.);
#11259=ORIENTED_EDGE('',*,*,#8391,.F.);
#11260=ORIENTED_EDGE('',*,*,#8392,.F.);
#11261=ORIENTED_EDGE('',*,*,#8393,.T.);
#11262=ORIENTED_EDGE('',*,*,#8392,.T.);
#11263=ORIENTED_EDGE('',*,*,#8394,.F.);
#11264=ORIENTED_EDGE('',*,*,#8395,.F.);
#11265=ORIENTED_EDGE('',*,*,#8396,.T.);
#11266=ORIENTED_EDGE('',*,*,#8395,.T.);
#11267=ORIENTED_EDGE('',*,*,#8397,.F.);
#11268=ORIENTED_EDGE('',*,*,#8398,.F.);
#11269=ORIENTED_EDGE('',*,*,#8399,.T.);
#11270=ORIENTED_EDGE('',*,*,#8398,.T.);
#11271=ORIENTED_EDGE('',*,*,#8400,.F.);
#11272=ORIENTED_EDGE('',*,*,#8390,.F.);
#11273=ORIENTED_EDGE('',*,*,#8400,.T.);
#11274=ORIENTED_EDGE('',*,*,#8397,.T.);
#11275=ORIENTED_EDGE('',*,*,#8394,.T.);
#11276=ORIENTED_EDGE('',*,*,#8391,.T.);
#11277=ORIENTED_EDGE('',*,*,#8399,.F.);
#11278=ORIENTED_EDGE('',*,*,#8389,.F.);
#11279=ORIENTED_EDGE('',*,*,#8393,.F.);
#11280=ORIENTED_EDGE('',*,*,#8396,.F.);
#11281=ORIENTED_EDGE('',*,*,#8401,.T.);
#11282=ORIENTED_EDGE('',*,*,#8402,.T.);
#11283=ORIENTED_EDGE('',*,*,#8403,.F.);
#11284=ORIENTED_EDGE('',*,*,#8404,.F.);
#11285=ORIENTED_EDGE('',*,*,#8405,.T.);
#11286=ORIENTED_EDGE('',*,*,#8404,.T.);
#11287=ORIENTED_EDGE('',*,*,#8406,.F.);
#11288=ORIENTED_EDGE('',*,*,#8407,.F.);
#11289=ORIENTED_EDGE('',*,*,#8408,.T.);
#11290=ORIENTED_EDGE('',*,*,#8407,.T.);
#11291=ORIENTED_EDGE('',*,*,#8409,.F.);
#11292=ORIENTED_EDGE('',*,*,#8410,.F.);
#11293=ORIENTED_EDGE('',*,*,#8411,.T.);
#11294=ORIENTED_EDGE('',*,*,#8410,.T.);
#11295=ORIENTED_EDGE('',*,*,#8412,.F.);
#11296=ORIENTED_EDGE('',*,*,#8402,.F.);
#11297=ORIENTED_EDGE('',*,*,#8412,.T.);
#11298=ORIENTED_EDGE('',*,*,#8409,.T.);
#11299=ORIENTED_EDGE('',*,*,#8406,.T.);
#11300=ORIENTED_EDGE('',*,*,#8403,.T.);
#11301=ORIENTED_EDGE('',*,*,#8411,.F.);
#11302=ORIENTED_EDGE('',*,*,#8401,.F.);
#11303=ORIENTED_EDGE('',*,*,#8405,.F.);
#11304=ORIENTED_EDGE('',*,*,#8408,.F.);
#11305=ORIENTED_EDGE('',*,*,#8413,.T.);
#11306=ORIENTED_EDGE('',*,*,#8414,.T.);
#11307=ORIENTED_EDGE('',*,*,#8415,.F.);
#11308=ORIENTED_EDGE('',*,*,#8416,.F.);
#11309=ORIENTED_EDGE('',*,*,#8417,.T.);
#11310=ORIENTED_EDGE('',*,*,#8416,.T.);
#11311=ORIENTED_EDGE('',*,*,#8418,.F.);
#11312=ORIENTED_EDGE('',*,*,#8419,.F.);
#11313=ORIENTED_EDGE('',*,*,#8420,.T.);
#11314=ORIENTED_EDGE('',*,*,#8419,.T.);
#11315=ORIENTED_EDGE('',*,*,#8421,.F.);
#11316=ORIENTED_EDGE('',*,*,#8422,.F.);
#11317=ORIENTED_EDGE('',*,*,#8423,.T.);
#11318=ORIENTED_EDGE('',*,*,#8422,.T.);
#11319=ORIENTED_EDGE('',*,*,#8424,.F.);
#11320=ORIENTED_EDGE('',*,*,#8414,.F.);
#11321=ORIENTED_EDGE('',*,*,#8424,.T.);
#11322=ORIENTED_EDGE('',*,*,#8421,.T.);
#11323=ORIENTED_EDGE('',*,*,#8418,.T.);
#11324=ORIENTED_EDGE('',*,*,#8415,.T.);
#11325=ORIENTED_EDGE('',*,*,#8423,.F.);
#11326=ORIENTED_EDGE('',*,*,#8413,.F.);
#11327=ORIENTED_EDGE('',*,*,#8417,.F.);
#11328=ORIENTED_EDGE('',*,*,#8420,.F.);
#11329=ORIENTED_EDGE('',*,*,#8425,.T.);
#11330=ORIENTED_EDGE('',*,*,#8426,.T.);
#11331=ORIENTED_EDGE('',*,*,#8427,.F.);
#11332=ORIENTED_EDGE('',*,*,#8428,.F.);
#11333=ORIENTED_EDGE('',*,*,#8429,.T.);
#11334=ORIENTED_EDGE('',*,*,#8428,.T.);
#11335=ORIENTED_EDGE('',*,*,#8430,.F.);
#11336=ORIENTED_EDGE('',*,*,#8431,.F.);
#11337=ORIENTED_EDGE('',*,*,#8432,.T.);
#11338=ORIENTED_EDGE('',*,*,#8431,.T.);
#11339=ORIENTED_EDGE('',*,*,#8433,.F.);
#11340=ORIENTED_EDGE('',*,*,#8434,.F.);
#11341=ORIENTED_EDGE('',*,*,#8435,.T.);
#11342=ORIENTED_EDGE('',*,*,#8434,.T.);
#11343=ORIENTED_EDGE('',*,*,#8436,.F.);
#11344=ORIENTED_EDGE('',*,*,#8426,.F.);
#11345=ORIENTED_EDGE('',*,*,#8436,.T.);
#11346=ORIENTED_EDGE('',*,*,#8433,.T.);
#11347=ORIENTED_EDGE('',*,*,#8430,.T.);
#11348=ORIENTED_EDGE('',*,*,#8427,.T.);
#11349=ORIENTED_EDGE('',*,*,#8435,.F.);
#11350=ORIENTED_EDGE('',*,*,#8425,.F.);
#11351=ORIENTED_EDGE('',*,*,#8429,.F.);
#11352=ORIENTED_EDGE('',*,*,#8432,.F.);
#11353=ORIENTED_EDGE('',*,*,#8437,.T.);
#11354=ORIENTED_EDGE('',*,*,#8438,.T.);
#11355=ORIENTED_EDGE('',*,*,#8439,.F.);
#11356=ORIENTED_EDGE('',*,*,#8440,.F.);
#11357=ORIENTED_EDGE('',*,*,#8441,.T.);
#11358=ORIENTED_EDGE('',*,*,#8440,.T.);
#11359=ORIENTED_EDGE('',*,*,#8442,.F.);
#11360=ORIENTED_EDGE('',*,*,#8443,.F.);
#11361=ORIENTED_EDGE('',*,*,#8444,.T.);
#11362=ORIENTED_EDGE('',*,*,#8443,.T.);
#11363=ORIENTED_EDGE('',*,*,#8445,.F.);
#11364=ORIENTED_EDGE('',*,*,#8446,.F.);
#11365=ORIENTED_EDGE('',*,*,#8447,.T.);
#11366=ORIENTED_EDGE('',*,*,#8446,.T.);
#11367=ORIENTED_EDGE('',*,*,#8448,.F.);
#11368=ORIENTED_EDGE('',*,*,#8438,.F.);
#11369=ORIENTED_EDGE('',*,*,#8448,.T.);
#11370=ORIENTED_EDGE('',*,*,#8445,.T.);
#11371=ORIENTED_EDGE('',*,*,#8442,.T.);
#11372=ORIENTED_EDGE('',*,*,#8439,.T.);
#11373=ORIENTED_EDGE('',*,*,#8447,.F.);
#11374=ORIENTED_EDGE('',*,*,#8437,.F.);
#11375=ORIENTED_EDGE('',*,*,#8441,.F.);
#11376=ORIENTED_EDGE('',*,*,#8444,.F.);
#11377=ORIENTED_EDGE('',*,*,#8449,.T.);
#11378=ORIENTED_EDGE('',*,*,#8450,.T.);
#11379=ORIENTED_EDGE('',*,*,#8451,.F.);
#11380=ORIENTED_EDGE('',*,*,#8452,.F.);
#11381=ORIENTED_EDGE('',*,*,#8453,.T.);
#11382=ORIENTED_EDGE('',*,*,#8452,.T.);
#11383=ORIENTED_EDGE('',*,*,#8454,.F.);
#11384=ORIENTED_EDGE('',*,*,#8455,.F.);
#11385=ORIENTED_EDGE('',*,*,#8456,.T.);
#11386=ORIENTED_EDGE('',*,*,#8455,.T.);
#11387=ORIENTED_EDGE('',*,*,#8457,.F.);
#11388=ORIENTED_EDGE('',*,*,#8458,.F.);
#11389=ORIENTED_EDGE('',*,*,#8459,.T.);
#11390=ORIENTED_EDGE('',*,*,#8458,.T.);
#11391=ORIENTED_EDGE('',*,*,#8460,.F.);
#11392=ORIENTED_EDGE('',*,*,#8450,.F.);
#11393=ORIENTED_EDGE('',*,*,#8460,.T.);
#11394=ORIENTED_EDGE('',*,*,#8457,.T.);
#11395=ORIENTED_EDGE('',*,*,#8454,.T.);
#11396=ORIENTED_EDGE('',*,*,#8451,.T.);
#11397=ORIENTED_EDGE('',*,*,#8459,.F.);
#11398=ORIENTED_EDGE('',*,*,#8449,.F.);
#11399=ORIENTED_EDGE('',*,*,#8453,.F.);
#11400=ORIENTED_EDGE('',*,*,#8456,.F.);
#11401=ORIENTED_EDGE('',*,*,#8461,.T.);
#11402=ORIENTED_EDGE('',*,*,#8462,.T.);
#11403=ORIENTED_EDGE('',*,*,#8463,.F.);
#11404=ORIENTED_EDGE('',*,*,#8464,.F.);
#11405=ORIENTED_EDGE('',*,*,#8465,.T.);
#11406=ORIENTED_EDGE('',*,*,#8464,.T.);
#11407=ORIENTED_EDGE('',*,*,#8466,.F.);
#11408=ORIENTED_EDGE('',*,*,#8467,.F.);
#11409=ORIENTED_EDGE('',*,*,#8468,.T.);
#11410=ORIENTED_EDGE('',*,*,#8467,.T.);
#11411=ORIENTED_EDGE('',*,*,#8469,.F.);
#11412=ORIENTED_EDGE('',*,*,#8470,.F.);
#11413=ORIENTED_EDGE('',*,*,#8471,.T.);
#11414=ORIENTED_EDGE('',*,*,#8470,.T.);
#11415=ORIENTED_EDGE('',*,*,#8472,.F.);
#11416=ORIENTED_EDGE('',*,*,#8462,.F.);
#11417=ORIENTED_EDGE('',*,*,#8472,.T.);
#11418=ORIENTED_EDGE('',*,*,#8469,.T.);
#11419=ORIENTED_EDGE('',*,*,#8466,.T.);
#11420=ORIENTED_EDGE('',*,*,#8463,.T.);
#11421=ORIENTED_EDGE('',*,*,#8471,.F.);
#11422=ORIENTED_EDGE('',*,*,#8461,.F.);
#11423=ORIENTED_EDGE('',*,*,#8465,.F.);
#11424=ORIENTED_EDGE('',*,*,#8468,.F.);
#11425=ORIENTED_EDGE('',*,*,#8473,.T.);
#11426=ORIENTED_EDGE('',*,*,#8474,.T.);
#11427=ORIENTED_EDGE('',*,*,#8475,.F.);
#11428=ORIENTED_EDGE('',*,*,#8476,.F.);
#11429=ORIENTED_EDGE('',*,*,#8477,.T.);
#11430=ORIENTED_EDGE('',*,*,#8476,.T.);
#11431=ORIENTED_EDGE('',*,*,#8478,.F.);
#11432=ORIENTED_EDGE('',*,*,#8479,.F.);
#11433=ORIENTED_EDGE('',*,*,#8480,.T.);
#11434=ORIENTED_EDGE('',*,*,#8479,.T.);
#11435=ORIENTED_EDGE('',*,*,#8481,.F.);
#11436=ORIENTED_EDGE('',*,*,#8482,.F.);
#11437=ORIENTED_EDGE('',*,*,#8483,.T.);
#11438=ORIENTED_EDGE('',*,*,#8482,.T.);
#11439=ORIENTED_EDGE('',*,*,#8484,.F.);
#11440=ORIENTED_EDGE('',*,*,#8474,.F.);
#11441=ORIENTED_EDGE('',*,*,#8484,.T.);
#11442=ORIENTED_EDGE('',*,*,#8481,.T.);
#11443=ORIENTED_EDGE('',*,*,#8478,.T.);
#11444=ORIENTED_EDGE('',*,*,#8475,.T.);
#11445=ORIENTED_EDGE('',*,*,#8483,.F.);
#11446=ORIENTED_EDGE('',*,*,#8473,.F.);
#11447=ORIENTED_EDGE('',*,*,#8477,.F.);
#11448=ORIENTED_EDGE('',*,*,#8480,.F.);
#11449=ORIENTED_EDGE('',*,*,#8485,.T.);
#11450=ORIENTED_EDGE('',*,*,#8486,.T.);
#11451=ORIENTED_EDGE('',*,*,#8487,.F.);
#11452=ORIENTED_EDGE('',*,*,#8488,.F.);
#11453=ORIENTED_EDGE('',*,*,#8489,.T.);
#11454=ORIENTED_EDGE('',*,*,#8488,.T.);
#11455=ORIENTED_EDGE('',*,*,#8490,.F.);
#11456=ORIENTED_EDGE('',*,*,#8491,.F.);
#11457=ORIENTED_EDGE('',*,*,#8492,.T.);
#11458=ORIENTED_EDGE('',*,*,#8491,.T.);
#11459=ORIENTED_EDGE('',*,*,#8493,.F.);
#11460=ORIENTED_EDGE('',*,*,#8494,.F.);
#11461=ORIENTED_EDGE('',*,*,#8495,.T.);
#11462=ORIENTED_EDGE('',*,*,#8494,.T.);
#11463=ORIENTED_EDGE('',*,*,#8496,.F.);
#11464=ORIENTED_EDGE('',*,*,#8486,.F.);
#11465=ORIENTED_EDGE('',*,*,#8496,.T.);
#11466=ORIENTED_EDGE('',*,*,#8493,.T.);
#11467=ORIENTED_EDGE('',*,*,#8490,.T.);
#11468=ORIENTED_EDGE('',*,*,#8487,.T.);
#11469=ORIENTED_EDGE('',*,*,#8495,.F.);
#11470=ORIENTED_EDGE('',*,*,#8485,.F.);
#11471=ORIENTED_EDGE('',*,*,#8489,.F.);
#11472=ORIENTED_EDGE('',*,*,#8492,.F.);
#11473=ORIENTED_EDGE('',*,*,#8497,.T.);
#11474=ORIENTED_EDGE('',*,*,#8498,.T.);
#11475=ORIENTED_EDGE('',*,*,#8499,.F.);
#11476=ORIENTED_EDGE('',*,*,#8500,.F.);
#11477=ORIENTED_EDGE('',*,*,#8501,.T.);
#11478=ORIENTED_EDGE('',*,*,#8500,.T.);
#11479=ORIENTED_EDGE('',*,*,#8502,.F.);
#11480=ORIENTED_EDGE('',*,*,#8503,.F.);
#11481=ORIENTED_EDGE('',*,*,#8504,.T.);
#11482=ORIENTED_EDGE('',*,*,#8503,.T.);
#11483=ORIENTED_EDGE('',*,*,#8505,.F.);
#11484=ORIENTED_EDGE('',*,*,#8506,.F.);
#11485=ORIENTED_EDGE('',*,*,#8507,.T.);
#11486=ORIENTED_EDGE('',*,*,#8506,.T.);
#11487=ORIENTED_EDGE('',*,*,#8508,.F.);
#11488=ORIENTED_EDGE('',*,*,#8498,.F.);
#11489=ORIENTED_EDGE('',*,*,#8508,.T.);
#11490=ORIENTED_EDGE('',*,*,#8505,.T.);
#11491=ORIENTED_EDGE('',*,*,#8502,.T.);
#11492=ORIENTED_EDGE('',*,*,#8499,.T.);
#11493=ORIENTED_EDGE('',*,*,#8507,.F.);
#11494=ORIENTED_EDGE('',*,*,#8497,.F.);
#11495=ORIENTED_EDGE('',*,*,#8501,.F.);
#11496=ORIENTED_EDGE('',*,*,#8504,.F.);
#11497=ORIENTED_EDGE('',*,*,#8509,.T.);
#11498=ORIENTED_EDGE('',*,*,#8510,.T.);
#11499=ORIENTED_EDGE('',*,*,#8511,.F.);
#11500=ORIENTED_EDGE('',*,*,#8512,.F.);
#11501=ORIENTED_EDGE('',*,*,#8513,.T.);
#11502=ORIENTED_EDGE('',*,*,#8512,.T.);
#11503=ORIENTED_EDGE('',*,*,#8514,.F.);
#11504=ORIENTED_EDGE('',*,*,#8515,.F.);
#11505=ORIENTED_EDGE('',*,*,#8516,.T.);
#11506=ORIENTED_EDGE('',*,*,#8515,.T.);
#11507=ORIENTED_EDGE('',*,*,#8517,.F.);
#11508=ORIENTED_EDGE('',*,*,#8518,.F.);
#11509=ORIENTED_EDGE('',*,*,#8519,.T.);
#11510=ORIENTED_EDGE('',*,*,#8518,.T.);
#11511=ORIENTED_EDGE('',*,*,#8520,.F.);
#11512=ORIENTED_EDGE('',*,*,#8510,.F.);
#11513=ORIENTED_EDGE('',*,*,#8520,.T.);
#11514=ORIENTED_EDGE('',*,*,#8517,.T.);
#11515=ORIENTED_EDGE('',*,*,#8514,.T.);
#11516=ORIENTED_EDGE('',*,*,#8511,.T.);
#11517=ORIENTED_EDGE('',*,*,#8519,.F.);
#11518=ORIENTED_EDGE('',*,*,#8509,.F.);
#11519=ORIENTED_EDGE('',*,*,#8513,.F.);
#11520=ORIENTED_EDGE('',*,*,#8516,.F.);
#11521=ORIENTED_EDGE('',*,*,#8521,.T.);
#11522=ORIENTED_EDGE('',*,*,#8522,.T.);
#11523=ORIENTED_EDGE('',*,*,#8523,.F.);
#11524=ORIENTED_EDGE('',*,*,#8524,.F.);
#11525=ORIENTED_EDGE('',*,*,#8525,.T.);
#11526=ORIENTED_EDGE('',*,*,#8524,.T.);
#11527=ORIENTED_EDGE('',*,*,#8526,.F.);
#11528=ORIENTED_EDGE('',*,*,#8527,.F.);
#11529=ORIENTED_EDGE('',*,*,#8528,.T.);
#11530=ORIENTED_EDGE('',*,*,#8527,.T.);
#11531=ORIENTED_EDGE('',*,*,#8529,.F.);
#11532=ORIENTED_EDGE('',*,*,#8530,.F.);
#11533=ORIENTED_EDGE('',*,*,#8531,.T.);
#11534=ORIENTED_EDGE('',*,*,#8530,.T.);
#11535=ORIENTED_EDGE('',*,*,#8532,.F.);
#11536=ORIENTED_EDGE('',*,*,#8522,.F.);
#11537=ORIENTED_EDGE('',*,*,#8532,.T.);
#11538=ORIENTED_EDGE('',*,*,#8529,.T.);
#11539=ORIENTED_EDGE('',*,*,#8526,.T.);
#11540=ORIENTED_EDGE('',*,*,#8523,.T.);
#11541=ORIENTED_EDGE('',*,*,#8531,.F.);
#11542=ORIENTED_EDGE('',*,*,#8521,.F.);
#11543=ORIENTED_EDGE('',*,*,#8525,.F.);
#11544=ORIENTED_EDGE('',*,*,#8528,.F.);
#11545=ORIENTED_EDGE('',*,*,#8533,.T.);
#11546=ORIENTED_EDGE('',*,*,#8534,.T.);
#11547=ORIENTED_EDGE('',*,*,#8535,.F.);
#11548=ORIENTED_EDGE('',*,*,#8536,.F.);
#11549=ORIENTED_EDGE('',*,*,#8537,.T.);
#11550=ORIENTED_EDGE('',*,*,#8536,.T.);
#11551=ORIENTED_EDGE('',*,*,#8538,.F.);
#11552=ORIENTED_EDGE('',*,*,#8539,.F.);
#11553=ORIENTED_EDGE('',*,*,#8540,.T.);
#11554=ORIENTED_EDGE('',*,*,#8539,.T.);
#11555=ORIENTED_EDGE('',*,*,#8541,.F.);
#11556=ORIENTED_EDGE('',*,*,#8542,.F.);
#11557=ORIENTED_EDGE('',*,*,#8543,.T.);
#11558=ORIENTED_EDGE('',*,*,#8542,.T.);
#11559=ORIENTED_EDGE('',*,*,#8544,.F.);
#11560=ORIENTED_EDGE('',*,*,#8534,.F.);
#11561=ORIENTED_EDGE('',*,*,#8544,.T.);
#11562=ORIENTED_EDGE('',*,*,#8541,.T.);
#11563=ORIENTED_EDGE('',*,*,#8538,.T.);
#11564=ORIENTED_EDGE('',*,*,#8535,.T.);
#11565=ORIENTED_EDGE('',*,*,#8543,.F.);
#11566=ORIENTED_EDGE('',*,*,#8533,.F.);
#11567=ORIENTED_EDGE('',*,*,#8537,.F.);
#11568=ORIENTED_EDGE('',*,*,#8540,.F.);
#11569=ORIENTED_EDGE('',*,*,#8545,.T.);
#11570=ORIENTED_EDGE('',*,*,#8546,.T.);
#11571=ORIENTED_EDGE('',*,*,#8547,.F.);
#11572=ORIENTED_EDGE('',*,*,#8548,.F.);
#11573=ORIENTED_EDGE('',*,*,#8549,.T.);
#11574=ORIENTED_EDGE('',*,*,#8548,.T.);
#11575=ORIENTED_EDGE('',*,*,#8550,.F.);
#11576=ORIENTED_EDGE('',*,*,#8551,.F.);
#11577=ORIENTED_EDGE('',*,*,#8552,.T.);
#11578=ORIENTED_EDGE('',*,*,#8551,.T.);
#11579=ORIENTED_EDGE('',*,*,#8553,.F.);
#11580=ORIENTED_EDGE('',*,*,#8554,.F.);
#11581=ORIENTED_EDGE('',*,*,#8555,.T.);
#11582=ORIENTED_EDGE('',*,*,#8554,.T.);
#11583=ORIENTED_EDGE('',*,*,#8556,.F.);
#11584=ORIENTED_EDGE('',*,*,#8546,.F.);
#11585=ORIENTED_EDGE('',*,*,#8556,.T.);
#11586=ORIENTED_EDGE('',*,*,#8553,.T.);
#11587=ORIENTED_EDGE('',*,*,#8550,.T.);
#11588=ORIENTED_EDGE('',*,*,#8547,.T.);
#11589=ORIENTED_EDGE('',*,*,#8555,.F.);
#11590=ORIENTED_EDGE('',*,*,#8545,.F.);
#11591=ORIENTED_EDGE('',*,*,#8549,.F.);
#11592=ORIENTED_EDGE('',*,*,#8552,.F.);
#11593=ORIENTED_EDGE('',*,*,#8557,.T.);
#11594=ORIENTED_EDGE('',*,*,#8558,.T.);
#11595=ORIENTED_EDGE('',*,*,#8559,.F.);
#11596=ORIENTED_EDGE('',*,*,#8560,.F.);
#11597=ORIENTED_EDGE('',*,*,#8561,.T.);
#11598=ORIENTED_EDGE('',*,*,#8560,.T.);
#11599=ORIENTED_EDGE('',*,*,#8562,.F.);
#11600=ORIENTED_EDGE('',*,*,#8563,.F.);
#11601=ORIENTED_EDGE('',*,*,#8564,.T.);
#11602=ORIENTED_EDGE('',*,*,#8563,.T.);
#11603=ORIENTED_EDGE('',*,*,#8565,.F.);
#11604=ORIENTED_EDGE('',*,*,#8566,.F.);
#11605=ORIENTED_EDGE('',*,*,#8567,.T.);
#11606=ORIENTED_EDGE('',*,*,#8566,.T.);
#11607=ORIENTED_EDGE('',*,*,#8568,.F.);
#11608=ORIENTED_EDGE('',*,*,#8558,.F.);
#11609=ORIENTED_EDGE('',*,*,#8568,.T.);
#11610=ORIENTED_EDGE('',*,*,#8565,.T.);
#11611=ORIENTED_EDGE('',*,*,#8562,.T.);
#11612=ORIENTED_EDGE('',*,*,#8559,.T.);
#11613=ORIENTED_EDGE('',*,*,#8567,.F.);
#11614=ORIENTED_EDGE('',*,*,#8557,.F.);
#11615=ORIENTED_EDGE('',*,*,#8561,.F.);
#11616=ORIENTED_EDGE('',*,*,#8564,.F.);
#11617=ORIENTED_EDGE('',*,*,#8569,.T.);
#11618=ORIENTED_EDGE('',*,*,#8570,.T.);
#11619=ORIENTED_EDGE('',*,*,#8571,.F.);
#11620=ORIENTED_EDGE('',*,*,#8572,.F.);
#11621=ORIENTED_EDGE('',*,*,#8573,.T.);
#11622=ORIENTED_EDGE('',*,*,#8572,.T.);
#11623=ORIENTED_EDGE('',*,*,#8574,.F.);
#11624=ORIENTED_EDGE('',*,*,#8575,.F.);
#11625=ORIENTED_EDGE('',*,*,#8576,.T.);
#11626=ORIENTED_EDGE('',*,*,#8575,.T.);
#11627=ORIENTED_EDGE('',*,*,#8577,.F.);
#11628=ORIENTED_EDGE('',*,*,#8578,.F.);
#11629=ORIENTED_EDGE('',*,*,#8579,.T.);
#11630=ORIENTED_EDGE('',*,*,#8578,.T.);
#11631=ORIENTED_EDGE('',*,*,#8580,.F.);
#11632=ORIENTED_EDGE('',*,*,#8570,.F.);
#11633=ORIENTED_EDGE('',*,*,#8580,.T.);
#11634=ORIENTED_EDGE('',*,*,#8577,.T.);
#11635=ORIENTED_EDGE('',*,*,#8574,.T.);
#11636=ORIENTED_EDGE('',*,*,#8571,.T.);
#11637=ORIENTED_EDGE('',*,*,#8579,.F.);
#11638=ORIENTED_EDGE('',*,*,#8569,.F.);
#11639=ORIENTED_EDGE('',*,*,#8573,.F.);
#11640=ORIENTED_EDGE('',*,*,#8576,.F.);
#11641=ORIENTED_EDGE('',*,*,#8581,.T.);
#11642=ORIENTED_EDGE('',*,*,#8582,.T.);
#11643=ORIENTED_EDGE('',*,*,#8583,.F.);
#11644=ORIENTED_EDGE('',*,*,#8584,.F.);
#11645=ORIENTED_EDGE('',*,*,#8585,.T.);
#11646=ORIENTED_EDGE('',*,*,#8584,.T.);
#11647=ORIENTED_EDGE('',*,*,#8586,.F.);
#11648=ORIENTED_EDGE('',*,*,#8587,.F.);
#11649=ORIENTED_EDGE('',*,*,#8588,.T.);
#11650=ORIENTED_EDGE('',*,*,#8587,.T.);
#11651=ORIENTED_EDGE('',*,*,#8589,.F.);
#11652=ORIENTED_EDGE('',*,*,#8590,.F.);
#11653=ORIENTED_EDGE('',*,*,#8591,.T.);
#11654=ORIENTED_EDGE('',*,*,#8590,.T.);
#11655=ORIENTED_EDGE('',*,*,#8592,.F.);
#11656=ORIENTED_EDGE('',*,*,#8582,.F.);
#11657=ORIENTED_EDGE('',*,*,#8592,.T.);
#11658=ORIENTED_EDGE('',*,*,#8589,.T.);
#11659=ORIENTED_EDGE('',*,*,#8586,.T.);
#11660=ORIENTED_EDGE('',*,*,#8583,.T.);
#11661=ORIENTED_EDGE('',*,*,#8591,.F.);
#11662=ORIENTED_EDGE('',*,*,#8581,.F.);
#11663=ORIENTED_EDGE('',*,*,#8585,.F.);
#11664=ORIENTED_EDGE('',*,*,#8588,.F.);
#11665=ORIENTED_EDGE('',*,*,#8593,.T.);
#11666=ORIENTED_EDGE('',*,*,#8594,.T.);
#11667=ORIENTED_EDGE('',*,*,#8595,.F.);
#11668=ORIENTED_EDGE('',*,*,#8596,.F.);
#11669=ORIENTED_EDGE('',*,*,#8597,.T.);
#11670=ORIENTED_EDGE('',*,*,#8596,.T.);
#11671=ORIENTED_EDGE('',*,*,#8598,.F.);
#11672=ORIENTED_EDGE('',*,*,#8599,.F.);
#11673=ORIENTED_EDGE('',*,*,#8600,.T.);
#11674=ORIENTED_EDGE('',*,*,#8599,.T.);
#11675=ORIENTED_EDGE('',*,*,#8601,.F.);
#11676=ORIENTED_EDGE('',*,*,#8602,.F.);
#11677=ORIENTED_EDGE('',*,*,#8603,.T.);
#11678=ORIENTED_EDGE('',*,*,#8602,.T.);
#11679=ORIENTED_EDGE('',*,*,#8604,.F.);
#11680=ORIENTED_EDGE('',*,*,#8594,.F.);
#11681=ORIENTED_EDGE('',*,*,#8604,.T.);
#11682=ORIENTED_EDGE('',*,*,#8601,.T.);
#11683=ORIENTED_EDGE('',*,*,#8598,.T.);
#11684=ORIENTED_EDGE('',*,*,#8595,.T.);
#11685=ORIENTED_EDGE('',*,*,#8603,.F.);
#11686=ORIENTED_EDGE('',*,*,#8593,.F.);
#11687=ORIENTED_EDGE('',*,*,#8597,.F.);
#11688=ORIENTED_EDGE('',*,*,#8600,.F.);
#11689=ORIENTED_EDGE('',*,*,#8605,.T.);
#11690=ORIENTED_EDGE('',*,*,#8606,.T.);
#11691=ORIENTED_EDGE('',*,*,#8607,.F.);
#11692=ORIENTED_EDGE('',*,*,#8608,.F.);
#11693=ORIENTED_EDGE('',*,*,#8609,.T.);
#11694=ORIENTED_EDGE('',*,*,#8608,.T.);
#11695=ORIENTED_EDGE('',*,*,#8610,.F.);
#11696=ORIENTED_EDGE('',*,*,#8611,.F.);
#11697=ORIENTED_EDGE('',*,*,#8612,.T.);
#11698=ORIENTED_EDGE('',*,*,#8611,.T.);
#11699=ORIENTED_EDGE('',*,*,#8613,.F.);
#11700=ORIENTED_EDGE('',*,*,#8614,.F.);
#11701=ORIENTED_EDGE('',*,*,#8615,.T.);
#11702=ORIENTED_EDGE('',*,*,#8614,.T.);
#11703=ORIENTED_EDGE('',*,*,#8616,.F.);
#11704=ORIENTED_EDGE('',*,*,#8606,.F.);
#11705=ORIENTED_EDGE('',*,*,#8616,.T.);
#11706=ORIENTED_EDGE('',*,*,#8613,.T.);
#11707=ORIENTED_EDGE('',*,*,#8610,.T.);
#11708=ORIENTED_EDGE('',*,*,#8607,.T.);
#11709=ORIENTED_EDGE('',*,*,#8615,.F.);
#11710=ORIENTED_EDGE('',*,*,#8605,.F.);
#11711=ORIENTED_EDGE('',*,*,#8609,.F.);
#11712=ORIENTED_EDGE('',*,*,#8612,.F.);
#11713=ORIENTED_EDGE('',*,*,#8617,.T.);
#11714=ORIENTED_EDGE('',*,*,#8618,.T.);
#11715=ORIENTED_EDGE('',*,*,#8619,.F.);
#11716=ORIENTED_EDGE('',*,*,#8620,.F.);
#11717=ORIENTED_EDGE('',*,*,#8621,.T.);
#11718=ORIENTED_EDGE('',*,*,#8620,.T.);
#11719=ORIENTED_EDGE('',*,*,#8622,.F.);
#11720=ORIENTED_EDGE('',*,*,#8623,.F.);
#11721=ORIENTED_EDGE('',*,*,#8624,.T.);
#11722=ORIENTED_EDGE('',*,*,#8623,.T.);
#11723=ORIENTED_EDGE('',*,*,#8625,.F.);
#11724=ORIENTED_EDGE('',*,*,#8626,.F.);
#11725=ORIENTED_EDGE('',*,*,#8627,.T.);
#11726=ORIENTED_EDGE('',*,*,#8626,.T.);
#11727=ORIENTED_EDGE('',*,*,#8628,.F.);
#11728=ORIENTED_EDGE('',*,*,#8618,.F.);
#11729=ORIENTED_EDGE('',*,*,#8628,.T.);
#11730=ORIENTED_EDGE('',*,*,#8625,.T.);
#11731=ORIENTED_EDGE('',*,*,#8622,.T.);
#11732=ORIENTED_EDGE('',*,*,#8619,.T.);
#11733=ORIENTED_EDGE('',*,*,#8627,.F.);
#11734=ORIENTED_EDGE('',*,*,#8617,.F.);
#11735=ORIENTED_EDGE('',*,*,#8621,.F.);
#11736=ORIENTED_EDGE('',*,*,#8624,.F.);
#11737=ORIENTED_EDGE('',*,*,#8629,.T.);
#11738=ORIENTED_EDGE('',*,*,#8630,.T.);
#11739=ORIENTED_EDGE('',*,*,#8631,.F.);
#11740=ORIENTED_EDGE('',*,*,#8632,.F.);
#11741=ORIENTED_EDGE('',*,*,#8633,.T.);
#11742=ORIENTED_EDGE('',*,*,#8632,.T.);
#11743=ORIENTED_EDGE('',*,*,#8634,.F.);
#11744=ORIENTED_EDGE('',*,*,#8635,.F.);
#11745=ORIENTED_EDGE('',*,*,#8636,.T.);
#11746=ORIENTED_EDGE('',*,*,#8635,.T.);
#11747=ORIENTED_EDGE('',*,*,#8637,.F.);
#11748=ORIENTED_EDGE('',*,*,#8638,.F.);
#11749=ORIENTED_EDGE('',*,*,#8639,.T.);
#11750=ORIENTED_EDGE('',*,*,#8638,.T.);
#11751=ORIENTED_EDGE('',*,*,#8640,.F.);
#11752=ORIENTED_EDGE('',*,*,#8630,.F.);
#11753=ORIENTED_EDGE('',*,*,#8640,.T.);
#11754=ORIENTED_EDGE('',*,*,#8637,.T.);
#11755=ORIENTED_EDGE('',*,*,#8634,.T.);
#11756=ORIENTED_EDGE('',*,*,#8631,.T.);
#11757=ORIENTED_EDGE('',*,*,#8639,.F.);
#11758=ORIENTED_EDGE('',*,*,#8629,.F.);
#11759=ORIENTED_EDGE('',*,*,#8633,.F.);
#11760=ORIENTED_EDGE('',*,*,#8636,.F.);
#11761=ORIENTED_EDGE('',*,*,#8641,.T.);
#11762=ORIENTED_EDGE('',*,*,#8642,.T.);
#11763=ORIENTED_EDGE('',*,*,#8643,.F.);
#11764=ORIENTED_EDGE('',*,*,#8644,.F.);
#11765=ORIENTED_EDGE('',*,*,#8645,.T.);
#11766=ORIENTED_EDGE('',*,*,#8644,.T.);
#11767=ORIENTED_EDGE('',*,*,#8646,.F.);
#11768=ORIENTED_EDGE('',*,*,#8647,.F.);
#11769=ORIENTED_EDGE('',*,*,#8648,.T.);
#11770=ORIENTED_EDGE('',*,*,#8647,.T.);
#11771=ORIENTED_EDGE('',*,*,#8649,.F.);
#11772=ORIENTED_EDGE('',*,*,#8650,.F.);
#11773=ORIENTED_EDGE('',*,*,#8651,.T.);
#11774=ORIENTED_EDGE('',*,*,#8650,.T.);
#11775=ORIENTED_EDGE('',*,*,#8652,.F.);
#11776=ORIENTED_EDGE('',*,*,#8642,.F.);
#11777=ORIENTED_EDGE('',*,*,#8652,.T.);
#11778=ORIENTED_EDGE('',*,*,#8649,.T.);
#11779=ORIENTED_EDGE('',*,*,#8646,.T.);
#11780=ORIENTED_EDGE('',*,*,#8643,.T.);
#11781=ORIENTED_EDGE('',*,*,#8651,.F.);
#11782=ORIENTED_EDGE('',*,*,#8641,.F.);
#11783=ORIENTED_EDGE('',*,*,#8645,.F.);
#11784=ORIENTED_EDGE('',*,*,#8648,.F.);
#11785=ORIENTED_EDGE('',*,*,#8653,.T.);
#11786=ORIENTED_EDGE('',*,*,#8654,.T.);
#11787=ORIENTED_EDGE('',*,*,#8655,.F.);
#11788=ORIENTED_EDGE('',*,*,#8656,.F.);
#11789=ORIENTED_EDGE('',*,*,#8657,.T.);
#11790=ORIENTED_EDGE('',*,*,#8656,.T.);
#11791=ORIENTED_EDGE('',*,*,#8658,.F.);
#11792=ORIENTED_EDGE('',*,*,#8659,.F.);
#11793=ORIENTED_EDGE('',*,*,#8660,.T.);
#11794=ORIENTED_EDGE('',*,*,#8659,.T.);
#11795=ORIENTED_EDGE('',*,*,#8661,.F.);
#11796=ORIENTED_EDGE('',*,*,#8662,.F.);
#11797=ORIENTED_EDGE('',*,*,#8663,.T.);
#11798=ORIENTED_EDGE('',*,*,#8662,.T.);
#11799=ORIENTED_EDGE('',*,*,#8664,.F.);
#11800=ORIENTED_EDGE('',*,*,#8654,.F.);
#11801=ORIENTED_EDGE('',*,*,#8664,.T.);
#11802=ORIENTED_EDGE('',*,*,#8661,.T.);
#11803=ORIENTED_EDGE('',*,*,#8658,.T.);
#11804=ORIENTED_EDGE('',*,*,#8655,.T.);
#11805=ORIENTED_EDGE('',*,*,#8663,.F.);
#11806=ORIENTED_EDGE('',*,*,#8653,.F.);
#11807=ORIENTED_EDGE('',*,*,#8657,.F.);
#11808=ORIENTED_EDGE('',*,*,#8660,.F.);
#11809=ORIENTED_EDGE('',*,*,#8665,.T.);
#11810=ORIENTED_EDGE('',*,*,#8666,.T.);
#11811=ORIENTED_EDGE('',*,*,#8667,.F.);
#11812=ORIENTED_EDGE('',*,*,#8668,.F.);
#11813=ORIENTED_EDGE('',*,*,#8669,.T.);
#11814=ORIENTED_EDGE('',*,*,#8668,.T.);
#11815=ORIENTED_EDGE('',*,*,#8670,.F.);
#11816=ORIENTED_EDGE('',*,*,#8671,.F.);
#11817=ORIENTED_EDGE('',*,*,#8672,.T.);
#11818=ORIENTED_EDGE('',*,*,#8671,.T.);
#11819=ORIENTED_EDGE('',*,*,#8673,.F.);
#11820=ORIENTED_EDGE('',*,*,#8674,.F.);
#11821=ORIENTED_EDGE('',*,*,#8675,.T.);
#11822=ORIENTED_EDGE('',*,*,#8674,.T.);
#11823=ORIENTED_EDGE('',*,*,#8676,.F.);
#11824=ORIENTED_EDGE('',*,*,#8666,.F.);
#11825=ORIENTED_EDGE('',*,*,#8676,.T.);
#11826=ORIENTED_EDGE('',*,*,#8673,.T.);
#11827=ORIENTED_EDGE('',*,*,#8670,.T.);
#11828=ORIENTED_EDGE('',*,*,#8667,.T.);
#11829=ORIENTED_EDGE('',*,*,#8675,.F.);
#11830=ORIENTED_EDGE('',*,*,#8665,.F.);
#11831=ORIENTED_EDGE('',*,*,#8669,.F.);
#11832=ORIENTED_EDGE('',*,*,#8672,.F.);
#11833=ORIENTED_EDGE('',*,*,#8677,.T.);
#11834=ORIENTED_EDGE('',*,*,#8678,.T.);
#11835=ORIENTED_EDGE('',*,*,#8679,.F.);
#11836=ORIENTED_EDGE('',*,*,#8680,.F.);
#11837=ORIENTED_EDGE('',*,*,#8681,.T.);
#11838=ORIENTED_EDGE('',*,*,#8680,.T.);
#11839=ORIENTED_EDGE('',*,*,#8682,.F.);
#11840=ORIENTED_EDGE('',*,*,#8683,.F.);
#11841=ORIENTED_EDGE('',*,*,#8684,.T.);
#11842=ORIENTED_EDGE('',*,*,#8683,.T.);
#11843=ORIENTED_EDGE('',*,*,#8685,.F.);
#11844=ORIENTED_EDGE('',*,*,#8686,.F.);
#11845=ORIENTED_EDGE('',*,*,#8687,.T.);
#11846=ORIENTED_EDGE('',*,*,#8686,.T.);
#11847=ORIENTED_EDGE('',*,*,#8688,.F.);
#11848=ORIENTED_EDGE('',*,*,#8678,.F.);
#11849=ORIENTED_EDGE('',*,*,#8688,.T.);
#11850=ORIENTED_EDGE('',*,*,#8685,.T.);
#11851=ORIENTED_EDGE('',*,*,#8682,.T.);
#11852=ORIENTED_EDGE('',*,*,#8679,.T.);
#11853=ORIENTED_EDGE('',*,*,#8687,.F.);
#11854=ORIENTED_EDGE('',*,*,#8677,.F.);
#11855=ORIENTED_EDGE('',*,*,#8681,.F.);
#11856=ORIENTED_EDGE('',*,*,#8684,.F.);
#11857=ORIENTED_EDGE('',*,*,#8689,.T.);
#11858=ORIENTED_EDGE('',*,*,#8690,.T.);
#11859=ORIENTED_EDGE('',*,*,#8691,.F.);
#11860=ORIENTED_EDGE('',*,*,#8692,.F.);
#11861=ORIENTED_EDGE('',*,*,#8693,.T.);
#11862=ORIENTED_EDGE('',*,*,#8692,.T.);
#11863=ORIENTED_EDGE('',*,*,#8694,.F.);
#11864=ORIENTED_EDGE('',*,*,#8695,.F.);
#11865=ORIENTED_EDGE('',*,*,#8696,.T.);
#11866=ORIENTED_EDGE('',*,*,#8695,.T.);
#11867=ORIENTED_EDGE('',*,*,#8697,.F.);
#11868=ORIENTED_EDGE('',*,*,#8698,.F.);
#11869=ORIENTED_EDGE('',*,*,#8699,.T.);
#11870=ORIENTED_EDGE('',*,*,#8698,.T.);
#11871=ORIENTED_EDGE('',*,*,#8700,.F.);
#11872=ORIENTED_EDGE('',*,*,#8690,.F.);
#11873=ORIENTED_EDGE('',*,*,#8700,.T.);
#11874=ORIENTED_EDGE('',*,*,#8697,.T.);
#11875=ORIENTED_EDGE('',*,*,#8694,.T.);
#11876=ORIENTED_EDGE('',*,*,#8691,.T.);
#11877=ORIENTED_EDGE('',*,*,#8699,.F.);
#11878=ORIENTED_EDGE('',*,*,#8689,.F.);
#11879=ORIENTED_EDGE('',*,*,#8693,.F.);
#11880=ORIENTED_EDGE('',*,*,#8696,.F.);
#11881=ORIENTED_EDGE('',*,*,#8701,.T.);
#11882=ORIENTED_EDGE('',*,*,#8702,.T.);
#11883=ORIENTED_EDGE('',*,*,#8703,.F.);
#11884=ORIENTED_EDGE('',*,*,#8704,.F.);
#11885=ORIENTED_EDGE('',*,*,#8705,.T.);
#11886=ORIENTED_EDGE('',*,*,#8704,.T.);
#11887=ORIENTED_EDGE('',*,*,#8706,.F.);
#11888=ORIENTED_EDGE('',*,*,#8707,.F.);
#11889=ORIENTED_EDGE('',*,*,#8708,.T.);
#11890=ORIENTED_EDGE('',*,*,#8707,.T.);
#11891=ORIENTED_EDGE('',*,*,#8709,.F.);
#11892=ORIENTED_EDGE('',*,*,#8710,.F.);
#11893=ORIENTED_EDGE('',*,*,#8711,.T.);
#11894=ORIENTED_EDGE('',*,*,#8710,.T.);
#11895=ORIENTED_EDGE('',*,*,#8712,.F.);
#11896=ORIENTED_EDGE('',*,*,#8702,.F.);
#11897=ORIENTED_EDGE('',*,*,#8712,.T.);
#11898=ORIENTED_EDGE('',*,*,#8709,.T.);
#11899=ORIENTED_EDGE('',*,*,#8706,.T.);
#11900=ORIENTED_EDGE('',*,*,#8703,.T.);
#11901=ORIENTED_EDGE('',*,*,#8711,.F.);
#11902=ORIENTED_EDGE('',*,*,#8701,.F.);
#11903=ORIENTED_EDGE('',*,*,#8705,.F.);
#11904=ORIENTED_EDGE('',*,*,#8708,.F.);
#11905=ORIENTED_EDGE('',*,*,#8713,.T.);
#11906=ORIENTED_EDGE('',*,*,#8714,.T.);
#11907=ORIENTED_EDGE('',*,*,#8715,.F.);
#11908=ORIENTED_EDGE('',*,*,#8716,.F.);
#11909=ORIENTED_EDGE('',*,*,#8717,.T.);
#11910=ORIENTED_EDGE('',*,*,#8716,.T.);
#11911=ORIENTED_EDGE('',*,*,#8718,.F.);
#11912=ORIENTED_EDGE('',*,*,#8719,.F.);
#11913=ORIENTED_EDGE('',*,*,#8720,.T.);
#11914=ORIENTED_EDGE('',*,*,#8719,.T.);
#11915=ORIENTED_EDGE('',*,*,#8721,.F.);
#11916=ORIENTED_EDGE('',*,*,#8722,.F.);
#11917=ORIENTED_EDGE('',*,*,#8723,.T.);
#11918=ORIENTED_EDGE('',*,*,#8722,.T.);
#11919=ORIENTED_EDGE('',*,*,#8724,.F.);
#11920=ORIENTED_EDGE('',*,*,#8714,.F.);
#11921=ORIENTED_EDGE('',*,*,#8724,.T.);
#11922=ORIENTED_EDGE('',*,*,#8721,.T.);
#11923=ORIENTED_EDGE('',*,*,#8718,.T.);
#11924=ORIENTED_EDGE('',*,*,#8715,.T.);
#11925=ORIENTED_EDGE('',*,*,#8723,.F.);
#11926=ORIENTED_EDGE('',*,*,#8713,.F.);
#11927=ORIENTED_EDGE('',*,*,#8717,.F.);
#11928=ORIENTED_EDGE('',*,*,#8720,.F.);
#11929=ORIENTED_EDGE('',*,*,#8725,.T.);
#11930=ORIENTED_EDGE('',*,*,#8726,.T.);
#11931=ORIENTED_EDGE('',*,*,#8727,.F.);
#11932=ORIENTED_EDGE('',*,*,#8728,.F.);
#11933=ORIENTED_EDGE('',*,*,#8729,.T.);
#11934=ORIENTED_EDGE('',*,*,#8728,.T.);
#11935=ORIENTED_EDGE('',*,*,#8730,.F.);
#11936=ORIENTED_EDGE('',*,*,#8731,.F.);
#11937=ORIENTED_EDGE('',*,*,#8732,.T.);
#11938=ORIENTED_EDGE('',*,*,#8731,.T.);
#11939=ORIENTED_EDGE('',*,*,#8733,.F.);
#11940=ORIENTED_EDGE('',*,*,#8734,.F.);
#11941=ORIENTED_EDGE('',*,*,#8735,.T.);
#11942=ORIENTED_EDGE('',*,*,#8734,.T.);
#11943=ORIENTED_EDGE('',*,*,#8736,.F.);
#11944=ORIENTED_EDGE('',*,*,#8726,.F.);
#11945=ORIENTED_EDGE('',*,*,#8736,.T.);
#11946=ORIENTED_EDGE('',*,*,#8733,.T.);
#11947=ORIENTED_EDGE('',*,*,#8730,.T.);
#11948=ORIENTED_EDGE('',*,*,#8727,.T.);
#11949=ORIENTED_EDGE('',*,*,#8735,.F.);
#11950=ORIENTED_EDGE('',*,*,#8725,.F.);
#11951=ORIENTED_EDGE('',*,*,#8729,.F.);
#11952=ORIENTED_EDGE('',*,*,#8732,.F.);
#11953=ORIENTED_EDGE('',*,*,#8737,.T.);
#11954=ORIENTED_EDGE('',*,*,#8738,.T.);
#11955=ORIENTED_EDGE('',*,*,#8739,.F.);
#11956=ORIENTED_EDGE('',*,*,#8740,.F.);
#11957=ORIENTED_EDGE('',*,*,#8741,.T.);
#11958=ORIENTED_EDGE('',*,*,#8740,.T.);
#11959=ORIENTED_EDGE('',*,*,#8742,.F.);
#11960=ORIENTED_EDGE('',*,*,#8743,.F.);
#11961=ORIENTED_EDGE('',*,*,#8744,.T.);
#11962=ORIENTED_EDGE('',*,*,#8743,.T.);
#11963=ORIENTED_EDGE('',*,*,#8745,.F.);
#11964=ORIENTED_EDGE('',*,*,#8746,.F.);
#11965=ORIENTED_EDGE('',*,*,#8747,.T.);
#11966=ORIENTED_EDGE('',*,*,#8746,.T.);
#11967=ORIENTED_EDGE('',*,*,#8748,.F.);
#11968=ORIENTED_EDGE('',*,*,#8738,.F.);
#11969=ORIENTED_EDGE('',*,*,#8748,.T.);
#11970=ORIENTED_EDGE('',*,*,#8745,.T.);
#11971=ORIENTED_EDGE('',*,*,#8742,.T.);
#11972=ORIENTED_EDGE('',*,*,#8739,.T.);
#11973=ORIENTED_EDGE('',*,*,#8747,.F.);
#11974=ORIENTED_EDGE('',*,*,#8737,.F.);
#11975=ORIENTED_EDGE('',*,*,#8741,.F.);
#11976=ORIENTED_EDGE('',*,*,#8744,.F.);
#11977=ORIENTED_EDGE('',*,*,#8749,.T.);
#11978=ORIENTED_EDGE('',*,*,#8750,.T.);
#11979=ORIENTED_EDGE('',*,*,#8751,.F.);
#11980=ORIENTED_EDGE('',*,*,#8752,.F.);
#11981=ORIENTED_EDGE('',*,*,#8753,.T.);
#11982=ORIENTED_EDGE('',*,*,#8752,.T.);
#11983=ORIENTED_EDGE('',*,*,#8754,.F.);
#11984=ORIENTED_EDGE('',*,*,#8755,.F.);
#11985=ORIENTED_EDGE('',*,*,#8756,.T.);
#11986=ORIENTED_EDGE('',*,*,#8755,.T.);
#11987=ORIENTED_EDGE('',*,*,#8757,.F.);
#11988=ORIENTED_EDGE('',*,*,#8758,.F.);
#11989=ORIENTED_EDGE('',*,*,#8759,.T.);
#11990=ORIENTED_EDGE('',*,*,#8758,.T.);
#11991=ORIENTED_EDGE('',*,*,#8760,.F.);
#11992=ORIENTED_EDGE('',*,*,#8750,.F.);
#11993=ORIENTED_EDGE('',*,*,#8760,.T.);
#11994=ORIENTED_EDGE('',*,*,#8757,.T.);
#11995=ORIENTED_EDGE('',*,*,#8754,.T.);
#11996=ORIENTED_EDGE('',*,*,#8751,.T.);
#11997=ORIENTED_EDGE('',*,*,#8759,.F.);
#11998=ORIENTED_EDGE('',*,*,#8749,.F.);
#11999=ORIENTED_EDGE('',*,*,#8753,.F.);
#12000=ORIENTED_EDGE('',*,*,#8756,.F.);
#12001=ORIENTED_EDGE('',*,*,#8761,.T.);
#12002=ORIENTED_EDGE('',*,*,#8762,.T.);
#12003=ORIENTED_EDGE('',*,*,#8763,.F.);
#12004=ORIENTED_EDGE('',*,*,#8764,.F.);
#12005=ORIENTED_EDGE('',*,*,#8765,.T.);
#12006=ORIENTED_EDGE('',*,*,#8764,.T.);
#12007=ORIENTED_EDGE('',*,*,#8766,.F.);
#12008=ORIENTED_EDGE('',*,*,#8767,.F.);
#12009=ORIENTED_EDGE('',*,*,#8768,.T.);
#12010=ORIENTED_EDGE('',*,*,#8767,.T.);
#12011=ORIENTED_EDGE('',*,*,#8769,.F.);
#12012=ORIENTED_EDGE('',*,*,#8770,.F.);
#12013=ORIENTED_EDGE('',*,*,#8771,.T.);
#12014=ORIENTED_EDGE('',*,*,#8770,.T.);
#12015=ORIENTED_EDGE('',*,*,#8772,.F.);
#12016=ORIENTED_EDGE('',*,*,#8762,.F.);
#12017=ORIENTED_EDGE('',*,*,#8772,.T.);
#12018=ORIENTED_EDGE('',*,*,#8769,.T.);
#12019=ORIENTED_EDGE('',*,*,#8766,.T.);
#12020=ORIENTED_EDGE('',*,*,#8763,.T.);
#12021=ORIENTED_EDGE('',*,*,#8771,.F.);
#12022=ORIENTED_EDGE('',*,*,#8761,.F.);
#12023=ORIENTED_EDGE('',*,*,#8765,.F.);
#12024=ORIENTED_EDGE('',*,*,#8768,.F.);
#12025=ORIENTED_EDGE('',*,*,#8773,.T.);
#12026=ORIENTED_EDGE('',*,*,#8774,.T.);
#12027=ORIENTED_EDGE('',*,*,#8775,.F.);
#12028=ORIENTED_EDGE('',*,*,#8776,.F.);
#12029=ORIENTED_EDGE('',*,*,#8777,.T.);
#12030=ORIENTED_EDGE('',*,*,#8776,.T.);
#12031=ORIENTED_EDGE('',*,*,#8778,.F.);
#12032=ORIENTED_EDGE('',*,*,#8779,.F.);
#12033=ORIENTED_EDGE('',*,*,#8780,.T.);
#12034=ORIENTED_EDGE('',*,*,#8779,.T.);
#12035=ORIENTED_EDGE('',*,*,#8781,.F.);
#12036=ORIENTED_EDGE('',*,*,#8782,.F.);
#12037=ORIENTED_EDGE('',*,*,#8783,.T.);
#12038=ORIENTED_EDGE('',*,*,#8782,.T.);
#12039=ORIENTED_EDGE('',*,*,#8784,.F.);
#12040=ORIENTED_EDGE('',*,*,#8774,.F.);
#12041=ORIENTED_EDGE('',*,*,#8784,.T.);
#12042=ORIENTED_EDGE('',*,*,#8781,.T.);
#12043=ORIENTED_EDGE('',*,*,#8778,.T.);
#12044=ORIENTED_EDGE('',*,*,#8775,.T.);
#12045=ORIENTED_EDGE('',*,*,#8783,.F.);
#12046=ORIENTED_EDGE('',*,*,#8773,.F.);
#12047=ORIENTED_EDGE('',*,*,#8777,.F.);
#12048=ORIENTED_EDGE('',*,*,#8780,.F.);
#12049=ORIENTED_EDGE('',*,*,#8785,.T.);
#12050=ORIENTED_EDGE('',*,*,#8786,.T.);
#12051=ORIENTED_EDGE('',*,*,#8787,.F.);
#12052=ORIENTED_EDGE('',*,*,#8788,.F.);
#12053=ORIENTED_EDGE('',*,*,#8789,.T.);
#12054=ORIENTED_EDGE('',*,*,#8788,.T.);
#12055=ORIENTED_EDGE('',*,*,#8790,.F.);
#12056=ORIENTED_EDGE('',*,*,#8791,.F.);
#12057=ORIENTED_EDGE('',*,*,#8792,.T.);
#12058=ORIENTED_EDGE('',*,*,#8791,.T.);
#12059=ORIENTED_EDGE('',*,*,#8793,.F.);
#12060=ORIENTED_EDGE('',*,*,#8794,.F.);
#12061=ORIENTED_EDGE('',*,*,#8795,.T.);
#12062=ORIENTED_EDGE('',*,*,#8794,.T.);
#12063=ORIENTED_EDGE('',*,*,#8796,.F.);
#12064=ORIENTED_EDGE('',*,*,#8786,.F.);
#12065=ORIENTED_EDGE('',*,*,#8796,.T.);
#12066=ORIENTED_EDGE('',*,*,#8793,.T.);
#12067=ORIENTED_EDGE('',*,*,#8790,.T.);
#12068=ORIENTED_EDGE('',*,*,#8787,.T.);
#12069=ORIENTED_EDGE('',*,*,#8795,.F.);
#12070=ORIENTED_EDGE('',*,*,#8785,.F.);
#12071=ORIENTED_EDGE('',*,*,#8789,.F.);
#12072=ORIENTED_EDGE('',*,*,#8792,.F.);
#12073=ORIENTED_EDGE('',*,*,#8797,.T.);
#12074=ORIENTED_EDGE('',*,*,#8798,.T.);
#12075=ORIENTED_EDGE('',*,*,#8799,.F.);
#12076=ORIENTED_EDGE('',*,*,#8800,.F.);
#12077=ORIENTED_EDGE('',*,*,#8801,.T.);
#12078=ORIENTED_EDGE('',*,*,#8800,.T.);
#12079=ORIENTED_EDGE('',*,*,#8802,.F.);
#12080=ORIENTED_EDGE('',*,*,#8803,.F.);
#12081=ORIENTED_EDGE('',*,*,#8804,.T.);
#12082=ORIENTED_EDGE('',*,*,#8803,.T.);
#12083=ORIENTED_EDGE('',*,*,#8805,.F.);
#12084=ORIENTED_EDGE('',*,*,#8806,.F.);
#12085=ORIENTED_EDGE('',*,*,#8807,.T.);
#12086=ORIENTED_EDGE('',*,*,#8806,.T.);
#12087=ORIENTED_EDGE('',*,*,#8808,.F.);
#12088=ORIENTED_EDGE('',*,*,#8798,.F.);
#12089=ORIENTED_EDGE('',*,*,#8808,.T.);
#12090=ORIENTED_EDGE('',*,*,#8805,.T.);
#12091=ORIENTED_EDGE('',*,*,#8802,.T.);
#12092=ORIENTED_EDGE('',*,*,#8799,.T.);
#12093=ORIENTED_EDGE('',*,*,#8807,.F.);
#12094=ORIENTED_EDGE('',*,*,#8797,.F.);
#12095=ORIENTED_EDGE('',*,*,#8801,.F.);
#12096=ORIENTED_EDGE('',*,*,#8804,.F.);
#12097=ORIENTED_EDGE('',*,*,#8809,.T.);
#12098=ORIENTED_EDGE('',*,*,#8810,.T.);
#12099=ORIENTED_EDGE('',*,*,#8811,.F.);
#12100=ORIENTED_EDGE('',*,*,#8812,.F.);
#12101=ORIENTED_EDGE('',*,*,#8813,.T.);
#12102=ORIENTED_EDGE('',*,*,#8812,.T.);
#12103=ORIENTED_EDGE('',*,*,#8814,.F.);
#12104=ORIENTED_EDGE('',*,*,#8815,.F.);
#12105=ORIENTED_EDGE('',*,*,#8816,.T.);
#12106=ORIENTED_EDGE('',*,*,#8815,.T.);
#12107=ORIENTED_EDGE('',*,*,#8817,.F.);
#12108=ORIENTED_EDGE('',*,*,#8818,.F.);
#12109=ORIENTED_EDGE('',*,*,#8819,.T.);
#12110=ORIENTED_EDGE('',*,*,#8818,.T.);
#12111=ORIENTED_EDGE('',*,*,#8820,.F.);
#12112=ORIENTED_EDGE('',*,*,#8810,.F.);
#12113=ORIENTED_EDGE('',*,*,#8820,.T.);
#12114=ORIENTED_EDGE('',*,*,#8817,.T.);
#12115=ORIENTED_EDGE('',*,*,#8814,.T.);
#12116=ORIENTED_EDGE('',*,*,#8811,.T.);
#12117=ORIENTED_EDGE('',*,*,#8819,.F.);
#12118=ORIENTED_EDGE('',*,*,#8809,.F.);
#12119=ORIENTED_EDGE('',*,*,#8813,.F.);
#12120=ORIENTED_EDGE('',*,*,#8816,.F.);
#12121=ORIENTED_EDGE('',*,*,#8821,.T.);
#12122=ORIENTED_EDGE('',*,*,#8822,.T.);
#12123=ORIENTED_EDGE('',*,*,#8823,.F.);
#12124=ORIENTED_EDGE('',*,*,#8824,.F.);
#12125=ORIENTED_EDGE('',*,*,#8825,.T.);
#12126=ORIENTED_EDGE('',*,*,#8824,.T.);
#12127=ORIENTED_EDGE('',*,*,#8826,.F.);
#12128=ORIENTED_EDGE('',*,*,#8827,.F.);
#12129=ORIENTED_EDGE('',*,*,#8828,.T.);
#12130=ORIENTED_EDGE('',*,*,#8827,.T.);
#12131=ORIENTED_EDGE('',*,*,#8829,.F.);
#12132=ORIENTED_EDGE('',*,*,#8830,.F.);
#12133=ORIENTED_EDGE('',*,*,#8831,.T.);
#12134=ORIENTED_EDGE('',*,*,#8830,.T.);
#12135=ORIENTED_EDGE('',*,*,#8832,.F.);
#12136=ORIENTED_EDGE('',*,*,#8822,.F.);
#12137=ORIENTED_EDGE('',*,*,#8832,.T.);
#12138=ORIENTED_EDGE('',*,*,#8829,.T.);
#12139=ORIENTED_EDGE('',*,*,#8826,.T.);
#12140=ORIENTED_EDGE('',*,*,#8823,.T.);
#12141=ORIENTED_EDGE('',*,*,#8831,.F.);
#12142=ORIENTED_EDGE('',*,*,#8821,.F.);
#12143=ORIENTED_EDGE('',*,*,#8825,.F.);
#12144=ORIENTED_EDGE('',*,*,#8828,.F.);
#12145=ORIENTED_EDGE('',*,*,#8833,.T.);
#12146=ORIENTED_EDGE('',*,*,#8834,.T.);
#12147=ORIENTED_EDGE('',*,*,#8835,.F.);
#12148=ORIENTED_EDGE('',*,*,#8836,.F.);
#12149=ORIENTED_EDGE('',*,*,#8837,.T.);
#12150=ORIENTED_EDGE('',*,*,#8836,.T.);
#12151=ORIENTED_EDGE('',*,*,#8838,.F.);
#12152=ORIENTED_EDGE('',*,*,#8839,.F.);
#12153=ORIENTED_EDGE('',*,*,#8840,.T.);
#12154=ORIENTED_EDGE('',*,*,#8839,.T.);
#12155=ORIENTED_EDGE('',*,*,#8841,.F.);
#12156=ORIENTED_EDGE('',*,*,#8842,.F.);
#12157=ORIENTED_EDGE('',*,*,#8843,.T.);
#12158=ORIENTED_EDGE('',*,*,#8842,.T.);
#12159=ORIENTED_EDGE('',*,*,#8844,.F.);
#12160=ORIENTED_EDGE('',*,*,#8834,.F.);
#12161=ORIENTED_EDGE('',*,*,#8844,.T.);
#12162=ORIENTED_EDGE('',*,*,#8841,.T.);
#12163=ORIENTED_EDGE('',*,*,#8838,.T.);
#12164=ORIENTED_EDGE('',*,*,#8835,.T.);
#12165=ORIENTED_EDGE('',*,*,#8843,.F.);
#12166=ORIENTED_EDGE('',*,*,#8833,.F.);
#12167=ORIENTED_EDGE('',*,*,#8837,.F.);
#12168=ORIENTED_EDGE('',*,*,#8840,.F.);
#12169=ORIENTED_EDGE('',*,*,#8845,.T.);
#12170=ORIENTED_EDGE('',*,*,#8846,.T.);
#12171=ORIENTED_EDGE('',*,*,#8847,.F.);
#12172=ORIENTED_EDGE('',*,*,#8848,.F.);
#12173=ORIENTED_EDGE('',*,*,#8849,.T.);
#12174=ORIENTED_EDGE('',*,*,#8848,.T.);
#12175=ORIENTED_EDGE('',*,*,#8850,.F.);
#12176=ORIENTED_EDGE('',*,*,#8851,.F.);
#12177=ORIENTED_EDGE('',*,*,#8852,.T.);
#12178=ORIENTED_EDGE('',*,*,#8851,.T.);
#12179=ORIENTED_EDGE('',*,*,#8853,.F.);
#12180=ORIENTED_EDGE('',*,*,#8854,.F.);
#12181=ORIENTED_EDGE('',*,*,#8855,.T.);
#12182=ORIENTED_EDGE('',*,*,#8854,.T.);
#12183=ORIENTED_EDGE('',*,*,#8856,.F.);
#12184=ORIENTED_EDGE('',*,*,#8846,.F.);
#12185=ORIENTED_EDGE('',*,*,#8856,.T.);
#12186=ORIENTED_EDGE('',*,*,#8853,.T.);
#12187=ORIENTED_EDGE('',*,*,#8850,.T.);
#12188=ORIENTED_EDGE('',*,*,#8847,.T.);
#12189=ORIENTED_EDGE('',*,*,#8855,.F.);
#12190=ORIENTED_EDGE('',*,*,#8845,.F.);
#12191=ORIENTED_EDGE('',*,*,#8849,.F.);
#12192=ORIENTED_EDGE('',*,*,#8852,.F.);
#12193=ORIENTED_EDGE('',*,*,#8857,.T.);
#12194=ORIENTED_EDGE('',*,*,#8858,.T.);
#12195=ORIENTED_EDGE('',*,*,#8859,.F.);
#12196=ORIENTED_EDGE('',*,*,#8860,.F.);
#12197=ORIENTED_EDGE('',*,*,#8861,.T.);
#12198=ORIENTED_EDGE('',*,*,#8860,.T.);
#12199=ORIENTED_EDGE('',*,*,#8862,.F.);
#12200=ORIENTED_EDGE('',*,*,#8863,.F.);
#12201=ORIENTED_EDGE('',*,*,#8864,.T.);
#12202=ORIENTED_EDGE('',*,*,#8863,.T.);
#12203=ORIENTED_EDGE('',*,*,#8865,.F.);
#12204=ORIENTED_EDGE('',*,*,#8866,.F.);
#12205=ORIENTED_EDGE('',*,*,#8867,.T.);
#12206=ORIENTED_EDGE('',*,*,#8866,.T.);
#12207=ORIENTED_EDGE('',*,*,#8868,.F.);
#12208=ORIENTED_EDGE('',*,*,#8858,.F.);
#12209=ORIENTED_EDGE('',*,*,#8868,.T.);
#12210=ORIENTED_EDGE('',*,*,#8865,.T.);
#12211=ORIENTED_EDGE('',*,*,#8862,.T.);
#12212=ORIENTED_EDGE('',*,*,#8859,.T.);
#12213=ORIENTED_EDGE('',*,*,#8867,.F.);
#12214=ORIENTED_EDGE('',*,*,#8857,.F.);
#12215=ORIENTED_EDGE('',*,*,#8861,.F.);
#12216=ORIENTED_EDGE('',*,*,#8864,.F.);
#12217=ORIENTED_EDGE('',*,*,#8869,.T.);
#12218=ORIENTED_EDGE('',*,*,#8870,.T.);
#12219=ORIENTED_EDGE('',*,*,#8871,.F.);
#12220=ORIENTED_EDGE('',*,*,#8872,.F.);
#12221=ORIENTED_EDGE('',*,*,#8873,.T.);
#12222=ORIENTED_EDGE('',*,*,#8872,.T.);
#12223=ORIENTED_EDGE('',*,*,#8874,.F.);
#12224=ORIENTED_EDGE('',*,*,#8875,.F.);
#12225=ORIENTED_EDGE('',*,*,#8876,.T.);
#12226=ORIENTED_EDGE('',*,*,#8875,.T.);
#12227=ORIENTED_EDGE('',*,*,#8877,.F.);
#12228=ORIENTED_EDGE('',*,*,#8878,.F.);
#12229=ORIENTED_EDGE('',*,*,#8879,.T.);
#12230=ORIENTED_EDGE('',*,*,#8878,.T.);
#12231=ORIENTED_EDGE('',*,*,#8880,.F.);
#12232=ORIENTED_EDGE('',*,*,#8870,.F.);
#12233=ORIENTED_EDGE('',*,*,#8880,.T.);
#12234=ORIENTED_EDGE('',*,*,#8877,.T.);
#12235=ORIENTED_EDGE('',*,*,#8874,.T.);
#12236=ORIENTED_EDGE('',*,*,#8871,.T.);
#12237=ORIENTED_EDGE('',*,*,#8879,.F.);
#12238=ORIENTED_EDGE('',*,*,#8869,.F.);
#12239=ORIENTED_EDGE('',*,*,#8873,.F.);
#12240=ORIENTED_EDGE('',*,*,#8876,.F.);
#12241=ORIENTED_EDGE('',*,*,#8881,.T.);
#12242=ORIENTED_EDGE('',*,*,#8882,.T.);
#12243=ORIENTED_EDGE('',*,*,#8883,.F.);
#12244=ORIENTED_EDGE('',*,*,#8884,.F.);
#12245=ORIENTED_EDGE('',*,*,#8885,.T.);
#12246=ORIENTED_EDGE('',*,*,#8884,.T.);
#12247=ORIENTED_EDGE('',*,*,#8886,.F.);
#12248=ORIENTED_EDGE('',*,*,#8887,.F.);
#12249=ORIENTED_EDGE('',*,*,#8888,.T.);
#12250=ORIENTED_EDGE('',*,*,#8887,.T.);
#12251=ORIENTED_EDGE('',*,*,#8889,.F.);
#12252=ORIENTED_EDGE('',*,*,#8890,.F.);
#12253=ORIENTED_EDGE('',*,*,#8891,.T.);
#12254=ORIENTED_EDGE('',*,*,#8890,.T.);
#12255=ORIENTED_EDGE('',*,*,#8892,.F.);
#12256=ORIENTED_EDGE('',*,*,#8882,.F.);
#12257=ORIENTED_EDGE('',*,*,#8892,.T.);
#12258=ORIENTED_EDGE('',*,*,#8889,.T.);
#12259=ORIENTED_EDGE('',*,*,#8886,.T.);
#12260=ORIENTED_EDGE('',*,*,#8883,.T.);
#12261=ORIENTED_EDGE('',*,*,#8891,.F.);
#12262=ORIENTED_EDGE('',*,*,#8881,.F.);
#12263=ORIENTED_EDGE('',*,*,#8885,.F.);
#12264=ORIENTED_EDGE('',*,*,#8888,.F.);
#12265=ORIENTED_EDGE('',*,*,#8893,.T.);
#12266=ORIENTED_EDGE('',*,*,#8894,.T.);
#12267=ORIENTED_EDGE('',*,*,#8895,.F.);
#12268=ORIENTED_EDGE('',*,*,#8896,.F.);
#12269=ORIENTED_EDGE('',*,*,#8897,.T.);
#12270=ORIENTED_EDGE('',*,*,#8896,.T.);
#12271=ORIENTED_EDGE('',*,*,#8898,.F.);
#12272=ORIENTED_EDGE('',*,*,#8899,.F.);
#12273=ORIENTED_EDGE('',*,*,#8900,.T.);
#12274=ORIENTED_EDGE('',*,*,#8899,.T.);
#12275=ORIENTED_EDGE('',*,*,#8901,.F.);
#12276=ORIENTED_EDGE('',*,*,#8902,.F.);
#12277=ORIENTED_EDGE('',*,*,#8903,.T.);
#12278=ORIENTED_EDGE('',*,*,#8902,.T.);
#12279=ORIENTED_EDGE('',*,*,#8904,.F.);
#12280=ORIENTED_EDGE('',*,*,#8894,.F.);
#12281=ORIENTED_EDGE('',*,*,#8904,.T.);
#12282=ORIENTED_EDGE('',*,*,#8901,.T.);
#12283=ORIENTED_EDGE('',*,*,#8898,.T.);
#12284=ORIENTED_EDGE('',*,*,#8895,.T.);
#12285=ORIENTED_EDGE('',*,*,#8903,.F.);
#12286=ORIENTED_EDGE('',*,*,#8893,.F.);
#12287=ORIENTED_EDGE('',*,*,#8897,.F.);
#12288=ORIENTED_EDGE('',*,*,#8900,.F.);
#12289=ORIENTED_EDGE('',*,*,#8905,.T.);
#12290=ORIENTED_EDGE('',*,*,#8906,.T.);
#12291=ORIENTED_EDGE('',*,*,#8907,.F.);
#12292=ORIENTED_EDGE('',*,*,#8908,.F.);
#12293=ORIENTED_EDGE('',*,*,#8909,.T.);
#12294=ORIENTED_EDGE('',*,*,#8908,.T.);
#12295=ORIENTED_EDGE('',*,*,#8910,.F.);
#12296=ORIENTED_EDGE('',*,*,#8911,.F.);
#12297=ORIENTED_EDGE('',*,*,#8912,.T.);
#12298=ORIENTED_EDGE('',*,*,#8911,.T.);
#12299=ORIENTED_EDGE('',*,*,#8913,.F.);
#12300=ORIENTED_EDGE('',*,*,#8914,.F.);
#12301=ORIENTED_EDGE('',*,*,#8915,.T.);
#12302=ORIENTED_EDGE('',*,*,#8914,.T.);
#12303=ORIENTED_EDGE('',*,*,#8916,.F.);
#12304=ORIENTED_EDGE('',*,*,#8906,.F.);
#12305=ORIENTED_EDGE('',*,*,#8916,.T.);
#12306=ORIENTED_EDGE('',*,*,#8913,.T.);
#12307=ORIENTED_EDGE('',*,*,#8910,.T.);
#12308=ORIENTED_EDGE('',*,*,#8907,.T.);
#12309=ORIENTED_EDGE('',*,*,#8915,.F.);
#12310=ORIENTED_EDGE('',*,*,#8905,.F.);
#12311=ORIENTED_EDGE('',*,*,#8909,.F.);
#12312=ORIENTED_EDGE('',*,*,#8912,.F.);
#12313=ORIENTED_EDGE('',*,*,#8917,.T.);
#12314=ORIENTED_EDGE('',*,*,#8918,.T.);
#12315=ORIENTED_EDGE('',*,*,#8919,.F.);
#12316=ORIENTED_EDGE('',*,*,#8920,.F.);
#12317=ORIENTED_EDGE('',*,*,#8921,.T.);
#12318=ORIENTED_EDGE('',*,*,#8920,.T.);
#12319=ORIENTED_EDGE('',*,*,#8922,.F.);
#12320=ORIENTED_EDGE('',*,*,#8923,.F.);
#12321=ORIENTED_EDGE('',*,*,#8924,.T.);
#12322=ORIENTED_EDGE('',*,*,#8923,.T.);
#12323=ORIENTED_EDGE('',*,*,#8925,.F.);
#12324=ORIENTED_EDGE('',*,*,#8926,.F.);
#12325=ORIENTED_EDGE('',*,*,#8927,.T.);
#12326=ORIENTED_EDGE('',*,*,#8926,.T.);
#12327=ORIENTED_EDGE('',*,*,#8928,.F.);
#12328=ORIENTED_EDGE('',*,*,#8918,.F.);
#12329=ORIENTED_EDGE('',*,*,#8928,.T.);
#12330=ORIENTED_EDGE('',*,*,#8925,.T.);
#12331=ORIENTED_EDGE('',*,*,#8922,.T.);
#12332=ORIENTED_EDGE('',*,*,#8919,.T.);
#12333=ORIENTED_EDGE('',*,*,#8927,.F.);
#12334=ORIENTED_EDGE('',*,*,#8917,.F.);
#12335=ORIENTED_EDGE('',*,*,#8921,.F.);
#12336=ORIENTED_EDGE('',*,*,#8924,.F.);
#12337=ORIENTED_EDGE('',*,*,#8929,.T.);
#12338=ORIENTED_EDGE('',*,*,#8930,.T.);
#12339=ORIENTED_EDGE('',*,*,#8931,.F.);
#12340=ORIENTED_EDGE('',*,*,#8932,.F.);
#12341=ORIENTED_EDGE('',*,*,#8933,.T.);
#12342=ORIENTED_EDGE('',*,*,#8932,.T.);
#12343=ORIENTED_EDGE('',*,*,#8934,.F.);
#12344=ORIENTED_EDGE('',*,*,#8935,.F.);
#12345=ORIENTED_EDGE('',*,*,#8936,.T.);
#12346=ORIENTED_EDGE('',*,*,#8935,.T.);
#12347=ORIENTED_EDGE('',*,*,#8937,.F.);
#12348=ORIENTED_EDGE('',*,*,#8938,.F.);
#12349=ORIENTED_EDGE('',*,*,#8939,.T.);
#12350=ORIENTED_EDGE('',*,*,#8938,.T.);
#12351=ORIENTED_EDGE('',*,*,#8940,.F.);
#12352=ORIENTED_EDGE('',*,*,#8930,.F.);
#12353=ORIENTED_EDGE('',*,*,#8940,.T.);
#12354=ORIENTED_EDGE('',*,*,#8937,.T.);
#12355=ORIENTED_EDGE('',*,*,#8934,.T.);
#12356=ORIENTED_EDGE('',*,*,#8931,.T.);
#12357=ORIENTED_EDGE('',*,*,#8939,.F.);
#12358=ORIENTED_EDGE('',*,*,#8929,.F.);
#12359=ORIENTED_EDGE('',*,*,#8933,.F.);
#12360=ORIENTED_EDGE('',*,*,#8936,.F.);
#12361=ORIENTED_EDGE('',*,*,#8941,.T.);
#12362=ORIENTED_EDGE('',*,*,#8942,.T.);
#12363=ORIENTED_EDGE('',*,*,#8943,.F.);
#12364=ORIENTED_EDGE('',*,*,#8944,.F.);
#12365=ORIENTED_EDGE('',*,*,#8945,.T.);
#12366=ORIENTED_EDGE('',*,*,#8944,.T.);
#12367=ORIENTED_EDGE('',*,*,#8946,.F.);
#12368=ORIENTED_EDGE('',*,*,#8947,.F.);
#12369=ORIENTED_EDGE('',*,*,#8948,.T.);
#12370=ORIENTED_EDGE('',*,*,#8947,.T.);
#12371=ORIENTED_EDGE('',*,*,#8949,.F.);
#12372=ORIENTED_EDGE('',*,*,#8950,.F.);
#12373=ORIENTED_EDGE('',*,*,#8951,.T.);
#12374=ORIENTED_EDGE('',*,*,#8950,.T.);
#12375=ORIENTED_EDGE('',*,*,#8952,.F.);
#12376=ORIENTED_EDGE('',*,*,#8942,.F.);
#12377=ORIENTED_EDGE('',*,*,#8952,.T.);
#12378=ORIENTED_EDGE('',*,*,#8949,.T.);
#12379=ORIENTED_EDGE('',*,*,#8946,.T.);
#12380=ORIENTED_EDGE('',*,*,#8943,.T.);
#12381=ORIENTED_EDGE('',*,*,#8951,.F.);
#12382=ORIENTED_EDGE('',*,*,#8941,.F.);
#12383=ORIENTED_EDGE('',*,*,#8945,.F.);
#12384=ORIENTED_EDGE('',*,*,#8948,.F.);
#12385=ORIENTED_EDGE('',*,*,#8953,.T.);
#12386=ORIENTED_EDGE('',*,*,#8954,.T.);
#12387=ORIENTED_EDGE('',*,*,#8955,.F.);
#12388=ORIENTED_EDGE('',*,*,#8956,.F.);
#12389=ORIENTED_EDGE('',*,*,#8957,.T.);
#12390=ORIENTED_EDGE('',*,*,#8956,.T.);
#12391=ORIENTED_EDGE('',*,*,#8958,.F.);
#12392=ORIENTED_EDGE('',*,*,#8959,.F.);
#12393=ORIENTED_EDGE('',*,*,#8960,.T.);
#12394=ORIENTED_EDGE('',*,*,#8959,.T.);
#12395=ORIENTED_EDGE('',*,*,#8961,.F.);
#12396=ORIENTED_EDGE('',*,*,#8962,.F.);
#12397=ORIENTED_EDGE('',*,*,#8963,.T.);
#12398=ORIENTED_EDGE('',*,*,#8962,.T.);
#12399=ORIENTED_EDGE('',*,*,#8964,.F.);
#12400=ORIENTED_EDGE('',*,*,#8954,.F.);
#12401=ORIENTED_EDGE('',*,*,#8964,.T.);
#12402=ORIENTED_EDGE('',*,*,#8961,.T.);
#12403=ORIENTED_EDGE('',*,*,#8958,.T.);
#12404=ORIENTED_EDGE('',*,*,#8955,.T.);
#12405=ORIENTED_EDGE('',*,*,#8963,.F.);
#12406=ORIENTED_EDGE('',*,*,#8953,.F.);
#12407=ORIENTED_EDGE('',*,*,#8957,.F.);
#12408=ORIENTED_EDGE('',*,*,#8960,.F.);
#12409=ORIENTED_EDGE('',*,*,#8965,.T.);
#12410=ORIENTED_EDGE('',*,*,#8966,.T.);
#12411=ORIENTED_EDGE('',*,*,#8967,.F.);
#12412=ORIENTED_EDGE('',*,*,#8968,.F.);
#12413=ORIENTED_EDGE('',*,*,#8969,.T.);
#12414=ORIENTED_EDGE('',*,*,#8968,.T.);
#12415=ORIENTED_EDGE('',*,*,#8970,.F.);
#12416=ORIENTED_EDGE('',*,*,#8971,.F.);
#12417=ORIENTED_EDGE('',*,*,#8972,.T.);
#12418=ORIENTED_EDGE('',*,*,#8971,.T.);
#12419=ORIENTED_EDGE('',*,*,#8973,.F.);
#12420=ORIENTED_EDGE('',*,*,#8974,.F.);
#12421=ORIENTED_EDGE('',*,*,#8975,.T.);
#12422=ORIENTED_EDGE('',*,*,#8974,.T.);
#12423=ORIENTED_EDGE('',*,*,#8976,.F.);
#12424=ORIENTED_EDGE('',*,*,#8966,.F.);
#12425=ORIENTED_EDGE('',*,*,#8976,.T.);
#12426=ORIENTED_EDGE('',*,*,#8973,.T.);
#12427=ORIENTED_EDGE('',*,*,#8970,.T.);
#12428=ORIENTED_EDGE('',*,*,#8967,.T.);
#12429=ORIENTED_EDGE('',*,*,#8975,.F.);
#12430=ORIENTED_EDGE('',*,*,#8965,.F.);
#12431=ORIENTED_EDGE('',*,*,#8969,.F.);
#12432=ORIENTED_EDGE('',*,*,#8972,.F.);
#12433=ORIENTED_EDGE('',*,*,#8977,.T.);
#12434=ORIENTED_EDGE('',*,*,#8978,.T.);
#12435=ORIENTED_EDGE('',*,*,#8979,.F.);
#12436=ORIENTED_EDGE('',*,*,#8980,.F.);
#12437=ORIENTED_EDGE('',*,*,#8981,.T.);
#12438=ORIENTED_EDGE('',*,*,#8980,.T.);
#12439=ORIENTED_EDGE('',*,*,#8982,.F.);
#12440=ORIENTED_EDGE('',*,*,#8983,.F.);
#12441=ORIENTED_EDGE('',*,*,#8984,.T.);
#12442=ORIENTED_EDGE('',*,*,#8983,.T.);
#12443=ORIENTED_EDGE('',*,*,#8985,.F.);
#12444=ORIENTED_EDGE('',*,*,#8986,.F.);
#12445=ORIENTED_EDGE('',*,*,#8987,.T.);
#12446=ORIENTED_EDGE('',*,*,#8986,.T.);
#12447=ORIENTED_EDGE('',*,*,#8988,.F.);
#12448=ORIENTED_EDGE('',*,*,#8978,.F.);
#12449=ORIENTED_EDGE('',*,*,#8988,.T.);
#12450=ORIENTED_EDGE('',*,*,#8985,.T.);
#12451=ORIENTED_EDGE('',*,*,#8982,.T.);
#12452=ORIENTED_EDGE('',*,*,#8979,.T.);
#12453=ORIENTED_EDGE('',*,*,#8987,.F.);
#12454=ORIENTED_EDGE('',*,*,#8977,.F.);
#12455=ORIENTED_EDGE('',*,*,#8981,.F.);
#12456=ORIENTED_EDGE('',*,*,#8984,.F.);
#12457=ORIENTED_EDGE('',*,*,#8989,.T.);
#12458=ORIENTED_EDGE('',*,*,#8990,.T.);
#12459=ORIENTED_EDGE('',*,*,#8991,.F.);
#12460=ORIENTED_EDGE('',*,*,#8992,.F.);
#12461=ORIENTED_EDGE('',*,*,#8993,.T.);
#12462=ORIENTED_EDGE('',*,*,#8992,.T.);
#12463=ORIENTED_EDGE('',*,*,#8994,.F.);
#12464=ORIENTED_EDGE('',*,*,#8995,.F.);
#12465=ORIENTED_EDGE('',*,*,#8996,.T.);
#12466=ORIENTED_EDGE('',*,*,#8995,.T.);
#12467=ORIENTED_EDGE('',*,*,#8997,.F.);
#12468=ORIENTED_EDGE('',*,*,#8998,.F.);
#12469=ORIENTED_EDGE('',*,*,#8999,.T.);
#12470=ORIENTED_EDGE('',*,*,#8998,.T.);
#12471=ORIENTED_EDGE('',*,*,#9000,.F.);
#12472=ORIENTED_EDGE('',*,*,#8990,.F.);
#12473=ORIENTED_EDGE('',*,*,#9000,.T.);
#12474=ORIENTED_EDGE('',*,*,#8997,.T.);
#12475=ORIENTED_EDGE('',*,*,#8994,.T.);
#12476=ORIENTED_EDGE('',*,*,#8991,.T.);
#12477=ORIENTED_EDGE('',*,*,#8999,.F.);
#12478=ORIENTED_EDGE('',*,*,#8989,.F.);
#12479=ORIENTED_EDGE('',*,*,#8993,.F.);
#12480=ORIENTED_EDGE('',*,*,#8996,.F.);
#12481=ORIENTED_EDGE('',*,*,#9001,.T.);
#12482=ORIENTED_EDGE('',*,*,#9002,.T.);
#12483=ORIENTED_EDGE('',*,*,#9003,.F.);
#12484=ORIENTED_EDGE('',*,*,#9004,.F.);
#12485=ORIENTED_EDGE('',*,*,#9005,.T.);
#12486=ORIENTED_EDGE('',*,*,#9004,.T.);
#12487=ORIENTED_EDGE('',*,*,#9006,.F.);
#12488=ORIENTED_EDGE('',*,*,#9007,.F.);
#12489=ORIENTED_EDGE('',*,*,#9008,.T.);
#12490=ORIENTED_EDGE('',*,*,#9007,.T.);
#12491=ORIENTED_EDGE('',*,*,#9009,.F.);
#12492=ORIENTED_EDGE('',*,*,#9010,.F.);
#12493=ORIENTED_EDGE('',*,*,#9011,.T.);
#12494=ORIENTED_EDGE('',*,*,#9010,.T.);
#12495=ORIENTED_EDGE('',*,*,#9012,.F.);
#12496=ORIENTED_EDGE('',*,*,#9002,.F.);
#12497=ORIENTED_EDGE('',*,*,#9012,.T.);
#12498=ORIENTED_EDGE('',*,*,#9009,.T.);
#12499=ORIENTED_EDGE('',*,*,#9006,.T.);
#12500=ORIENTED_EDGE('',*,*,#9003,.T.);
#12501=ORIENTED_EDGE('',*,*,#9011,.F.);
#12502=ORIENTED_EDGE('',*,*,#9001,.F.);
#12503=ORIENTED_EDGE('',*,*,#9005,.F.);
#12504=ORIENTED_EDGE('',*,*,#9008,.F.);
#12505=ORIENTED_EDGE('',*,*,#9013,.T.);
#12506=ORIENTED_EDGE('',*,*,#9014,.T.);
#12507=ORIENTED_EDGE('',*,*,#9015,.F.);
#12508=ORIENTED_EDGE('',*,*,#9016,.F.);
#12509=ORIENTED_EDGE('',*,*,#9017,.T.);
#12510=ORIENTED_EDGE('',*,*,#9016,.T.);
#12511=ORIENTED_EDGE('',*,*,#9018,.F.);
#12512=ORIENTED_EDGE('',*,*,#9019,.F.);
#12513=ORIENTED_EDGE('',*,*,#9020,.T.);
#12514=ORIENTED_EDGE('',*,*,#9019,.T.);
#12515=ORIENTED_EDGE('',*,*,#9021,.F.);
#12516=ORIENTED_EDGE('',*,*,#9022,.F.);
#12517=ORIENTED_EDGE('',*,*,#9023,.T.);
#12518=ORIENTED_EDGE('',*,*,#9022,.T.);
#12519=ORIENTED_EDGE('',*,*,#9024,.F.);
#12520=ORIENTED_EDGE('',*,*,#9014,.F.);
#12521=ORIENTED_EDGE('',*,*,#9024,.T.);
#12522=ORIENTED_EDGE('',*,*,#9021,.T.);
#12523=ORIENTED_EDGE('',*,*,#9018,.T.);
#12524=ORIENTED_EDGE('',*,*,#9015,.T.);
#12525=ORIENTED_EDGE('',*,*,#9023,.F.);
#12526=ORIENTED_EDGE('',*,*,#9013,.F.);
#12527=ORIENTED_EDGE('',*,*,#9017,.F.);
#12528=ORIENTED_EDGE('',*,*,#9020,.F.);
#12529=ORIENTED_EDGE('',*,*,#9025,.T.);
#12530=ORIENTED_EDGE('',*,*,#9026,.T.);
#12531=ORIENTED_EDGE('',*,*,#9027,.F.);
#12532=ORIENTED_EDGE('',*,*,#9028,.F.);
#12533=ORIENTED_EDGE('',*,*,#9029,.T.);
#12534=ORIENTED_EDGE('',*,*,#9028,.T.);
#12535=ORIENTED_EDGE('',*,*,#9030,.F.);
#12536=ORIENTED_EDGE('',*,*,#9031,.F.);
#12537=ORIENTED_EDGE('',*,*,#9032,.T.);
#12538=ORIENTED_EDGE('',*,*,#9031,.T.);
#12539=ORIENTED_EDGE('',*,*,#9033,.F.);
#12540=ORIENTED_EDGE('',*,*,#9034,.F.);
#12541=ORIENTED_EDGE('',*,*,#9035,.T.);
#12542=ORIENTED_EDGE('',*,*,#9034,.T.);
#12543=ORIENTED_EDGE('',*,*,#9036,.F.);
#12544=ORIENTED_EDGE('',*,*,#9026,.F.);
#12545=ORIENTED_EDGE('',*,*,#9036,.T.);
#12546=ORIENTED_EDGE('',*,*,#9033,.T.);
#12547=ORIENTED_EDGE('',*,*,#9030,.T.);
#12548=ORIENTED_EDGE('',*,*,#9027,.T.);
#12549=ORIENTED_EDGE('',*,*,#9035,.F.);
#12550=ORIENTED_EDGE('',*,*,#9025,.F.);
#12551=ORIENTED_EDGE('',*,*,#9029,.F.);
#12552=ORIENTED_EDGE('',*,*,#9032,.F.);
#12553=ORIENTED_EDGE('',*,*,#9037,.T.);
#12554=ORIENTED_EDGE('',*,*,#9038,.T.);
#12555=ORIENTED_EDGE('',*,*,#9039,.F.);
#12556=ORIENTED_EDGE('',*,*,#9040,.F.);
#12557=ORIENTED_EDGE('',*,*,#9041,.T.);
#12558=ORIENTED_EDGE('',*,*,#9040,.T.);
#12559=ORIENTED_EDGE('',*,*,#9042,.F.);
#12560=ORIENTED_EDGE('',*,*,#9043,.F.);
#12561=ORIENTED_EDGE('',*,*,#9044,.T.);
#12562=ORIENTED_EDGE('',*,*,#9043,.T.);
#12563=ORIENTED_EDGE('',*,*,#9045,.F.);
#12564=ORIENTED_EDGE('',*,*,#9046,.F.);
#12565=ORIENTED_EDGE('',*,*,#9047,.T.);
#12566=ORIENTED_EDGE('',*,*,#9046,.T.);
#12567=ORIENTED_EDGE('',*,*,#9048,.F.);
#12568=ORIENTED_EDGE('',*,*,#9038,.F.);
#12569=ORIENTED_EDGE('',*,*,#9048,.T.);
#12570=ORIENTED_EDGE('',*,*,#9045,.T.);
#12571=ORIENTED_EDGE('',*,*,#9042,.T.);
#12572=ORIENTED_EDGE('',*,*,#9039,.T.);
#12573=ORIENTED_EDGE('',*,*,#9047,.F.);
#12574=ORIENTED_EDGE('',*,*,#9037,.F.);
#12575=ORIENTED_EDGE('',*,*,#9041,.F.);
#12576=ORIENTED_EDGE('',*,*,#9044,.F.);
#12577=ORIENTED_EDGE('',*,*,#9049,.T.);
#12578=ORIENTED_EDGE('',*,*,#9050,.T.);
#12579=ORIENTED_EDGE('',*,*,#9051,.F.);
#12580=ORIENTED_EDGE('',*,*,#9052,.F.);
#12581=ORIENTED_EDGE('',*,*,#9053,.T.);
#12582=ORIENTED_EDGE('',*,*,#9052,.T.);
#12583=ORIENTED_EDGE('',*,*,#9054,.F.);
#12584=ORIENTED_EDGE('',*,*,#9055,.F.);
#12585=ORIENTED_EDGE('',*,*,#9056,.T.);
#12586=ORIENTED_EDGE('',*,*,#9055,.T.);
#12587=ORIENTED_EDGE('',*,*,#9057,.F.);
#12588=ORIENTED_EDGE('',*,*,#9058,.F.);
#12589=ORIENTED_EDGE('',*,*,#9059,.T.);
#12590=ORIENTED_EDGE('',*,*,#9058,.T.);
#12591=ORIENTED_EDGE('',*,*,#9060,.F.);
#12592=ORIENTED_EDGE('',*,*,#9050,.F.);
#12593=ORIENTED_EDGE('',*,*,#9060,.T.);
#12594=ORIENTED_EDGE('',*,*,#9057,.T.);
#12595=ORIENTED_EDGE('',*,*,#9054,.T.);
#12596=ORIENTED_EDGE('',*,*,#9051,.T.);
#12597=ORIENTED_EDGE('',*,*,#9059,.F.);
#12598=ORIENTED_EDGE('',*,*,#9049,.F.);
#12599=ORIENTED_EDGE('',*,*,#9053,.F.);
#12600=ORIENTED_EDGE('',*,*,#9056,.F.);
#12601=ORIENTED_EDGE('',*,*,#9061,.T.);
#12602=ORIENTED_EDGE('',*,*,#9062,.T.);
#12603=ORIENTED_EDGE('',*,*,#9063,.F.);
#12604=ORIENTED_EDGE('',*,*,#9064,.F.);
#12605=ORIENTED_EDGE('',*,*,#9065,.T.);
#12606=ORIENTED_EDGE('',*,*,#9064,.T.);
#12607=ORIENTED_EDGE('',*,*,#9066,.F.);
#12608=ORIENTED_EDGE('',*,*,#9067,.F.);
#12609=ORIENTED_EDGE('',*,*,#9068,.T.);
#12610=ORIENTED_EDGE('',*,*,#9067,.T.);
#12611=ORIENTED_EDGE('',*,*,#9069,.F.);
#12612=ORIENTED_EDGE('',*,*,#9070,.F.);
#12613=ORIENTED_EDGE('',*,*,#9071,.T.);
#12614=ORIENTED_EDGE('',*,*,#9070,.T.);
#12615=ORIENTED_EDGE('',*,*,#9072,.F.);
#12616=ORIENTED_EDGE('',*,*,#9062,.F.);
#12617=ORIENTED_EDGE('',*,*,#9072,.T.);
#12618=ORIENTED_EDGE('',*,*,#9069,.T.);
#12619=ORIENTED_EDGE('',*,*,#9066,.T.);
#12620=ORIENTED_EDGE('',*,*,#9063,.T.);
#12621=ORIENTED_EDGE('',*,*,#9071,.F.);
#12622=ORIENTED_EDGE('',*,*,#9061,.F.);
#12623=ORIENTED_EDGE('',*,*,#9065,.F.);
#12624=ORIENTED_EDGE('',*,*,#9068,.F.);
#12625=ORIENTED_EDGE('',*,*,#9073,.T.);
#12626=ORIENTED_EDGE('',*,*,#9074,.T.);
#12627=ORIENTED_EDGE('',*,*,#9075,.F.);
#12628=ORIENTED_EDGE('',*,*,#9076,.F.);
#12629=ORIENTED_EDGE('',*,*,#9077,.T.);
#12630=ORIENTED_EDGE('',*,*,#9076,.T.);
#12631=ORIENTED_EDGE('',*,*,#9078,.F.);
#12632=ORIENTED_EDGE('',*,*,#9079,.F.);
#12633=ORIENTED_EDGE('',*,*,#9080,.T.);
#12634=ORIENTED_EDGE('',*,*,#9079,.T.);
#12635=ORIENTED_EDGE('',*,*,#9081,.F.);
#12636=ORIENTED_EDGE('',*,*,#9082,.F.);
#12637=ORIENTED_EDGE('',*,*,#9083,.T.);
#12638=ORIENTED_EDGE('',*,*,#9082,.T.);
#12639=ORIENTED_EDGE('',*,*,#9084,.F.);
#12640=ORIENTED_EDGE('',*,*,#9074,.F.);
#12641=ORIENTED_EDGE('',*,*,#9084,.T.);
#12642=ORIENTED_EDGE('',*,*,#9081,.T.);
#12643=ORIENTED_EDGE('',*,*,#9078,.T.);
#12644=ORIENTED_EDGE('',*,*,#9075,.T.);
#12645=ORIENTED_EDGE('',*,*,#9083,.F.);
#12646=ORIENTED_EDGE('',*,*,#9073,.F.);
#12647=ORIENTED_EDGE('',*,*,#9077,.F.);
#12648=ORIENTED_EDGE('',*,*,#9080,.F.);
#12649=ORIENTED_EDGE('',*,*,#9085,.T.);
#12650=ORIENTED_EDGE('',*,*,#9086,.T.);
#12651=ORIENTED_EDGE('',*,*,#9087,.F.);
#12652=ORIENTED_EDGE('',*,*,#9088,.F.);
#12653=ORIENTED_EDGE('',*,*,#9089,.T.);
#12654=ORIENTED_EDGE('',*,*,#9088,.T.);
#12655=ORIENTED_EDGE('',*,*,#9090,.F.);
#12656=ORIENTED_EDGE('',*,*,#9091,.F.);
#12657=ORIENTED_EDGE('',*,*,#9092,.T.);
#12658=ORIENTED_EDGE('',*,*,#9091,.T.);
#12659=ORIENTED_EDGE('',*,*,#9093,.F.);
#12660=ORIENTED_EDGE('',*,*,#9094,.F.);
#12661=ORIENTED_EDGE('',*,*,#9095,.T.);
#12662=ORIENTED_EDGE('',*,*,#9094,.T.);
#12663=ORIENTED_EDGE('',*,*,#9096,.F.);
#12664=ORIENTED_EDGE('',*,*,#9086,.F.);
#12665=ORIENTED_EDGE('',*,*,#9096,.T.);
#12666=ORIENTED_EDGE('',*,*,#9093,.T.);
#12667=ORIENTED_EDGE('',*,*,#9090,.T.);
#12668=ORIENTED_EDGE('',*,*,#9087,.T.);
#12669=ORIENTED_EDGE('',*,*,#9095,.F.);
#12670=ORIENTED_EDGE('',*,*,#9085,.F.);
#12671=ORIENTED_EDGE('',*,*,#9089,.F.);
#12672=ORIENTED_EDGE('',*,*,#9092,.F.);
#12673=ORIENTED_EDGE('',*,*,#9097,.T.);
#12674=ORIENTED_EDGE('',*,*,#9098,.T.);
#12675=ORIENTED_EDGE('',*,*,#9099,.F.);
#12676=ORIENTED_EDGE('',*,*,#9100,.F.);
#12677=ORIENTED_EDGE('',*,*,#9101,.T.);
#12678=ORIENTED_EDGE('',*,*,#9100,.T.);
#12679=ORIENTED_EDGE('',*,*,#9102,.F.);
#12680=ORIENTED_EDGE('',*,*,#9103,.F.);
#12681=ORIENTED_EDGE('',*,*,#9104,.T.);
#12682=ORIENTED_EDGE('',*,*,#9103,.T.);
#12683=ORIENTED_EDGE('',*,*,#9105,.F.);
#12684=ORIENTED_EDGE('',*,*,#9106,.F.);
#12685=ORIENTED_EDGE('',*,*,#9107,.T.);
#12686=ORIENTED_EDGE('',*,*,#9106,.T.);
#12687=ORIENTED_EDGE('',*,*,#9108,.F.);
#12688=ORIENTED_EDGE('',*,*,#9098,.F.);
#12689=ORIENTED_EDGE('',*,*,#9108,.T.);
#12690=ORIENTED_EDGE('',*,*,#9105,.T.);
#12691=ORIENTED_EDGE('',*,*,#9102,.T.);
#12692=ORIENTED_EDGE('',*,*,#9099,.T.);
#12693=ORIENTED_EDGE('',*,*,#9107,.F.);
#12694=ORIENTED_EDGE('',*,*,#9097,.F.);
#12695=ORIENTED_EDGE('',*,*,#9101,.F.);
#12696=ORIENTED_EDGE('',*,*,#9104,.F.);
#12697=ORIENTED_EDGE('',*,*,#9109,.T.);
#12698=ORIENTED_EDGE('',*,*,#9110,.T.);
#12699=ORIENTED_EDGE('',*,*,#9111,.F.);
#12700=ORIENTED_EDGE('',*,*,#9112,.F.);
#12701=ORIENTED_EDGE('',*,*,#9113,.T.);
#12702=ORIENTED_EDGE('',*,*,#9112,.T.);
#12703=ORIENTED_EDGE('',*,*,#9114,.F.);
#12704=ORIENTED_EDGE('',*,*,#9115,.F.);
#12705=ORIENTED_EDGE('',*,*,#9116,.T.);
#12706=ORIENTED_EDGE('',*,*,#9115,.T.);
#12707=ORIENTED_EDGE('',*,*,#9117,.F.);
#12708=ORIENTED_EDGE('',*,*,#9118,.F.);
#12709=ORIENTED_EDGE('',*,*,#9119,.T.);
#12710=ORIENTED_EDGE('',*,*,#9118,.T.);
#12711=ORIENTED_EDGE('',*,*,#9120,.F.);
#12712=ORIENTED_EDGE('',*,*,#9110,.F.);
#12713=ORIENTED_EDGE('',*,*,#9120,.T.);
#12714=ORIENTED_EDGE('',*,*,#9117,.T.);
#12715=ORIENTED_EDGE('',*,*,#9114,.T.);
#12716=ORIENTED_EDGE('',*,*,#9111,.T.);
#12717=ORIENTED_EDGE('',*,*,#9119,.F.);
#12718=ORIENTED_EDGE('',*,*,#9109,.F.);
#12719=ORIENTED_EDGE('',*,*,#9113,.F.);
#12720=ORIENTED_EDGE('',*,*,#9116,.F.);
#12721=ORIENTED_EDGE('',*,*,#9121,.T.);
#12722=ORIENTED_EDGE('',*,*,#9122,.T.);
#12723=ORIENTED_EDGE('',*,*,#9123,.F.);
#12724=ORIENTED_EDGE('',*,*,#9124,.F.);
#12725=ORIENTED_EDGE('',*,*,#9125,.T.);
#12726=ORIENTED_EDGE('',*,*,#9124,.T.);
#12727=ORIENTED_EDGE('',*,*,#9126,.F.);
#12728=ORIENTED_EDGE('',*,*,#9127,.F.);
#12729=ORIENTED_EDGE('',*,*,#9128,.T.);
#12730=ORIENTED_EDGE('',*,*,#9127,.T.);
#12731=ORIENTED_EDGE('',*,*,#9129,.F.);
#12732=ORIENTED_EDGE('',*,*,#9130,.F.);
#12733=ORIENTED_EDGE('',*,*,#9131,.T.);
#12734=ORIENTED_EDGE('',*,*,#9130,.T.);
#12735=ORIENTED_EDGE('',*,*,#9132,.F.);
#12736=ORIENTED_EDGE('',*,*,#9122,.F.);
#12737=ORIENTED_EDGE('',*,*,#9132,.T.);
#12738=ORIENTED_EDGE('',*,*,#9129,.T.);
#12739=ORIENTED_EDGE('',*,*,#9126,.T.);
#12740=ORIENTED_EDGE('',*,*,#9123,.T.);
#12741=ORIENTED_EDGE('',*,*,#9131,.F.);
#12742=ORIENTED_EDGE('',*,*,#9121,.F.);
#12743=ORIENTED_EDGE('',*,*,#9125,.F.);
#12744=ORIENTED_EDGE('',*,*,#9128,.F.);
#12745=ORIENTED_EDGE('',*,*,#9133,.T.);
#12746=ORIENTED_EDGE('',*,*,#9134,.T.);
#12747=ORIENTED_EDGE('',*,*,#9135,.F.);
#12748=ORIENTED_EDGE('',*,*,#9136,.F.);
#12749=ORIENTED_EDGE('',*,*,#9137,.T.);
#12750=ORIENTED_EDGE('',*,*,#9136,.T.);
#12751=ORIENTED_EDGE('',*,*,#9138,.F.);
#12752=ORIENTED_EDGE('',*,*,#9139,.F.);
#12753=ORIENTED_EDGE('',*,*,#9140,.T.);
#12754=ORIENTED_EDGE('',*,*,#9139,.T.);
#12755=ORIENTED_EDGE('',*,*,#9141,.F.);
#12756=ORIENTED_EDGE('',*,*,#9142,.F.);
#12757=ORIENTED_EDGE('',*,*,#9143,.T.);
#12758=ORIENTED_EDGE('',*,*,#9142,.T.);
#12759=ORIENTED_EDGE('',*,*,#9144,.F.);
#12760=ORIENTED_EDGE('',*,*,#9134,.F.);
#12761=ORIENTED_EDGE('',*,*,#9144,.T.);
#12762=ORIENTED_EDGE('',*,*,#9141,.T.);
#12763=ORIENTED_EDGE('',*,*,#9138,.T.);
#12764=ORIENTED_EDGE('',*,*,#9135,.T.);
#12765=ORIENTED_EDGE('',*,*,#9143,.F.);
#12766=ORIENTED_EDGE('',*,*,#9133,.F.);
#12767=ORIENTED_EDGE('',*,*,#9137,.F.);
#12768=ORIENTED_EDGE('',*,*,#9140,.F.);
#12769=ORIENTED_EDGE('',*,*,#9145,.T.);
#12770=ORIENTED_EDGE('',*,*,#9146,.T.);
#12771=ORIENTED_EDGE('',*,*,#9147,.F.);
#12772=ORIENTED_EDGE('',*,*,#9148,.F.);
#12773=ORIENTED_EDGE('',*,*,#9149,.T.);
#12774=ORIENTED_EDGE('',*,*,#9148,.T.);
#12775=ORIENTED_EDGE('',*,*,#9150,.F.);
#12776=ORIENTED_EDGE('',*,*,#9151,.F.);
#12777=ORIENTED_EDGE('',*,*,#9152,.T.);
#12778=ORIENTED_EDGE('',*,*,#9151,.T.);
#12779=ORIENTED_EDGE('',*,*,#9153,.F.);
#12780=ORIENTED_EDGE('',*,*,#9154,.F.);
#12781=ORIENTED_EDGE('',*,*,#9155,.T.);
#12782=ORIENTED_EDGE('',*,*,#9154,.T.);
#12783=ORIENTED_EDGE('',*,*,#9156,.F.);
#12784=ORIENTED_EDGE('',*,*,#9146,.F.);
#12785=ORIENTED_EDGE('',*,*,#9156,.T.);
#12786=ORIENTED_EDGE('',*,*,#9153,.T.);
#12787=ORIENTED_EDGE('',*,*,#9150,.T.);
#12788=ORIENTED_EDGE('',*,*,#9147,.T.);
#12789=ORIENTED_EDGE('',*,*,#9155,.F.);
#12790=ORIENTED_EDGE('',*,*,#9145,.F.);
#12791=ORIENTED_EDGE('',*,*,#9149,.F.);
#12792=ORIENTED_EDGE('',*,*,#9152,.F.);
#12793=ORIENTED_EDGE('',*,*,#9157,.T.);
#12794=ORIENTED_EDGE('',*,*,#9158,.T.);
#12795=ORIENTED_EDGE('',*,*,#9159,.F.);
#12796=ORIENTED_EDGE('',*,*,#9160,.F.);
#12797=ORIENTED_EDGE('',*,*,#9161,.T.);
#12798=ORIENTED_EDGE('',*,*,#9160,.T.);
#12799=ORIENTED_EDGE('',*,*,#9162,.F.);
#12800=ORIENTED_EDGE('',*,*,#9163,.F.);
#12801=ORIENTED_EDGE('',*,*,#9164,.T.);
#12802=ORIENTED_EDGE('',*,*,#9163,.T.);
#12803=ORIENTED_EDGE('',*,*,#9165,.F.);
#12804=ORIENTED_EDGE('',*,*,#9166,.F.);
#12805=ORIENTED_EDGE('',*,*,#9167,.T.);
#12806=ORIENTED_EDGE('',*,*,#9166,.T.);
#12807=ORIENTED_EDGE('',*,*,#9168,.F.);
#12808=ORIENTED_EDGE('',*,*,#9158,.F.);
#12809=ORIENTED_EDGE('',*,*,#9168,.T.);
#12810=ORIENTED_EDGE('',*,*,#9165,.T.);
#12811=ORIENTED_EDGE('',*,*,#9162,.T.);
#12812=ORIENTED_EDGE('',*,*,#9159,.T.);
#12813=ORIENTED_EDGE('',*,*,#9167,.F.);
#12814=ORIENTED_EDGE('',*,*,#9157,.F.);
#12815=ORIENTED_EDGE('',*,*,#9161,.F.);
#12816=ORIENTED_EDGE('',*,*,#9164,.F.);
#12817=ORIENTED_EDGE('',*,*,#9169,.T.);
#12818=ORIENTED_EDGE('',*,*,#9170,.T.);
#12819=ORIENTED_EDGE('',*,*,#9171,.F.);
#12820=ORIENTED_EDGE('',*,*,#9172,.F.);
#12821=ORIENTED_EDGE('',*,*,#9173,.T.);
#12822=ORIENTED_EDGE('',*,*,#9172,.T.);
#12823=ORIENTED_EDGE('',*,*,#9174,.F.);
#12824=ORIENTED_EDGE('',*,*,#9175,.F.);
#12825=ORIENTED_EDGE('',*,*,#9176,.T.);
#12826=ORIENTED_EDGE('',*,*,#9175,.T.);
#12827=ORIENTED_EDGE('',*,*,#9177,.F.);
#12828=ORIENTED_EDGE('',*,*,#9178,.F.);
#12829=ORIENTED_EDGE('',*,*,#9179,.T.);
#12830=ORIENTED_EDGE('',*,*,#9178,.T.);
#12831=ORIENTED_EDGE('',*,*,#9180,.F.);
#12832=ORIENTED_EDGE('',*,*,#9170,.F.);
#12833=ORIENTED_EDGE('',*,*,#9180,.T.);
#12834=ORIENTED_EDGE('',*,*,#9177,.T.);
#12835=ORIENTED_EDGE('',*,*,#9174,.T.);
#12836=ORIENTED_EDGE('',*,*,#9171,.T.);
#12837=ORIENTED_EDGE('',*,*,#9179,.F.);
#12838=ORIENTED_EDGE('',*,*,#9169,.F.);
#12839=ORIENTED_EDGE('',*,*,#9173,.F.);
#12840=ORIENTED_EDGE('',*,*,#9176,.F.);
#12841=ORIENTED_EDGE('',*,*,#9181,.T.);
#12842=ORIENTED_EDGE('',*,*,#9182,.T.);
#12843=ORIENTED_EDGE('',*,*,#9183,.F.);
#12844=ORIENTED_EDGE('',*,*,#9184,.F.);
#12845=ORIENTED_EDGE('',*,*,#9185,.T.);
#12846=ORIENTED_EDGE('',*,*,#9184,.T.);
#12847=ORIENTED_EDGE('',*,*,#9186,.F.);
#12848=ORIENTED_EDGE('',*,*,#9187,.F.);
#12849=ORIENTED_EDGE('',*,*,#9188,.T.);
#12850=ORIENTED_EDGE('',*,*,#9187,.T.);
#12851=ORIENTED_EDGE('',*,*,#9189,.F.);
#12852=ORIENTED_EDGE('',*,*,#9190,.F.);
#12853=ORIENTED_EDGE('',*,*,#9191,.T.);
#12854=ORIENTED_EDGE('',*,*,#9190,.T.);
#12855=ORIENTED_EDGE('',*,*,#9192,.F.);
#12856=ORIENTED_EDGE('',*,*,#9182,.F.);
#12857=ORIENTED_EDGE('',*,*,#9192,.T.);
#12858=ORIENTED_EDGE('',*,*,#9189,.T.);
#12859=ORIENTED_EDGE('',*,*,#9186,.T.);
#12860=ORIENTED_EDGE('',*,*,#9183,.T.);
#12861=ORIENTED_EDGE('',*,*,#9191,.F.);
#12862=ORIENTED_EDGE('',*,*,#9181,.F.);
#12863=ORIENTED_EDGE('',*,*,#9185,.F.);
#12864=ORIENTED_EDGE('',*,*,#9188,.F.);
#12865=ORIENTED_EDGE('',*,*,#9193,.T.);
#12866=ORIENTED_EDGE('',*,*,#9194,.T.);
#12867=ORIENTED_EDGE('',*,*,#9195,.F.);
#12868=ORIENTED_EDGE('',*,*,#9196,.F.);
#12869=ORIENTED_EDGE('',*,*,#9197,.T.);
#12870=ORIENTED_EDGE('',*,*,#9196,.T.);
#12871=ORIENTED_EDGE('',*,*,#9198,.F.);
#12872=ORIENTED_EDGE('',*,*,#9199,.F.);
#12873=ORIENTED_EDGE('',*,*,#9200,.T.);
#12874=ORIENTED_EDGE('',*,*,#9199,.T.);
#12875=ORIENTED_EDGE('',*,*,#9201,.F.);
#12876=ORIENTED_EDGE('',*,*,#9202,.F.);
#12877=ORIENTED_EDGE('',*,*,#9203,.T.);
#12878=ORIENTED_EDGE('',*,*,#9202,.T.);
#12879=ORIENTED_EDGE('',*,*,#9204,.F.);
#12880=ORIENTED_EDGE('',*,*,#9194,.F.);
#12881=ORIENTED_EDGE('',*,*,#9204,.T.);
#12882=ORIENTED_EDGE('',*,*,#9201,.T.);
#12883=ORIENTED_EDGE('',*,*,#9198,.T.);
#12884=ORIENTED_EDGE('',*,*,#9195,.T.);
#12885=ORIENTED_EDGE('',*,*,#9203,.F.);
#12886=ORIENTED_EDGE('',*,*,#9193,.F.);
#12887=ORIENTED_EDGE('',*,*,#9197,.F.);
#12888=ORIENTED_EDGE('',*,*,#9200,.F.);
#12889=ORIENTED_EDGE('',*,*,#9205,.T.);
#12890=ORIENTED_EDGE('',*,*,#9206,.T.);
#12891=ORIENTED_EDGE('',*,*,#9207,.F.);
#12892=ORIENTED_EDGE('',*,*,#9208,.F.);
#12893=ORIENTED_EDGE('',*,*,#9209,.T.);
#12894=ORIENTED_EDGE('',*,*,#9208,.T.);
#12895=ORIENTED_EDGE('',*,*,#9210,.F.);
#12896=ORIENTED_EDGE('',*,*,#9211,.F.);
#12897=ORIENTED_EDGE('',*,*,#9212,.T.);
#12898=ORIENTED_EDGE('',*,*,#9211,.T.);
#12899=ORIENTED_EDGE('',*,*,#9213,.F.);
#12900=ORIENTED_EDGE('',*,*,#9214,.F.);
#12901=ORIENTED_EDGE('',*,*,#9215,.T.);
#12902=ORIENTED_EDGE('',*,*,#9214,.T.);
#12903=ORIENTED_EDGE('',*,*,#9216,.F.);
#12904=ORIENTED_EDGE('',*,*,#9206,.F.);
#12905=ORIENTED_EDGE('',*,*,#9216,.T.);
#12906=ORIENTED_EDGE('',*,*,#9213,.T.);
#12907=ORIENTED_EDGE('',*,*,#9210,.T.);
#12908=ORIENTED_EDGE('',*,*,#9207,.T.);
#12909=ORIENTED_EDGE('',*,*,#9215,.F.);
#12910=ORIENTED_EDGE('',*,*,#9205,.F.);
#12911=ORIENTED_EDGE('',*,*,#9209,.F.);
#12912=ORIENTED_EDGE('',*,*,#9212,.F.);
#12913=ORIENTED_EDGE('',*,*,#9217,.T.);
#12914=ORIENTED_EDGE('',*,*,#9218,.T.);
#12915=ORIENTED_EDGE('',*,*,#9219,.F.);
#12916=ORIENTED_EDGE('',*,*,#9220,.F.);
#12917=ORIENTED_EDGE('',*,*,#9221,.T.);
#12918=ORIENTED_EDGE('',*,*,#9220,.T.);
#12919=ORIENTED_EDGE('',*,*,#9222,.F.);
#12920=ORIENTED_EDGE('',*,*,#9223,.F.);
#12921=ORIENTED_EDGE('',*,*,#9224,.T.);
#12922=ORIENTED_EDGE('',*,*,#9223,.T.);
#12923=ORIENTED_EDGE('',*,*,#9225,.F.);
#12924=ORIENTED_EDGE('',*,*,#9226,.F.);
#12925=ORIENTED_EDGE('',*,*,#9227,.T.);
#12926=ORIENTED_EDGE('',*,*,#9226,.T.);
#12927=ORIENTED_EDGE('',*,*,#9228,.F.);
#12928=ORIENTED_EDGE('',*,*,#9218,.F.);
#12929=ORIENTED_EDGE('',*,*,#9228,.T.);
#12930=ORIENTED_EDGE('',*,*,#9225,.T.);
#12931=ORIENTED_EDGE('',*,*,#9222,.T.);
#12932=ORIENTED_EDGE('',*,*,#9219,.T.);
#12933=ORIENTED_EDGE('',*,*,#9227,.F.);
#12934=ORIENTED_EDGE('',*,*,#9217,.F.);
#12935=ORIENTED_EDGE('',*,*,#9221,.F.);
#12936=ORIENTED_EDGE('',*,*,#9224,.F.);
#12937=ORIENTED_EDGE('',*,*,#9229,.T.);
#12938=ORIENTED_EDGE('',*,*,#9230,.T.);
#12939=ORIENTED_EDGE('',*,*,#9231,.F.);
#12940=ORIENTED_EDGE('',*,*,#9232,.F.);
#12941=ORIENTED_EDGE('',*,*,#9233,.T.);
#12942=ORIENTED_EDGE('',*,*,#9232,.T.);
#12943=ORIENTED_EDGE('',*,*,#9234,.F.);
#12944=ORIENTED_EDGE('',*,*,#9235,.F.);
#12945=ORIENTED_EDGE('',*,*,#9236,.T.);
#12946=ORIENTED_EDGE('',*,*,#9235,.T.);
#12947=ORIENTED_EDGE('',*,*,#9237,.F.);
#12948=ORIENTED_EDGE('',*,*,#9238,.F.);
#12949=ORIENTED_EDGE('',*,*,#9239,.T.);
#12950=ORIENTED_EDGE('',*,*,#9238,.T.);
#12951=ORIENTED_EDGE('',*,*,#9240,.F.);
#12952=ORIENTED_EDGE('',*,*,#9230,.F.);
#12953=ORIENTED_EDGE('',*,*,#9240,.T.);
#12954=ORIENTED_EDGE('',*,*,#9237,.T.);
#12955=ORIENTED_EDGE('',*,*,#9234,.T.);
#12956=ORIENTED_EDGE('',*,*,#9231,.T.);
#12957=ORIENTED_EDGE('',*,*,#9239,.F.);
#12958=ORIENTED_EDGE('',*,*,#9229,.F.);
#12959=ORIENTED_EDGE('',*,*,#9233,.F.);
#12960=ORIENTED_EDGE('',*,*,#9236,.F.);
#12961=ORIENTED_EDGE('',*,*,#9241,.T.);
#12962=ORIENTED_EDGE('',*,*,#9242,.T.);
#12963=ORIENTED_EDGE('',*,*,#9243,.F.);
#12964=ORIENTED_EDGE('',*,*,#9244,.F.);
#12965=ORIENTED_EDGE('',*,*,#9245,.T.);
#12966=ORIENTED_EDGE('',*,*,#9244,.T.);
#12967=ORIENTED_EDGE('',*,*,#9246,.F.);
#12968=ORIENTED_EDGE('',*,*,#9247,.F.);
#12969=ORIENTED_EDGE('',*,*,#9248,.T.);
#12970=ORIENTED_EDGE('',*,*,#9247,.T.);
#12971=ORIENTED_EDGE('',*,*,#9249,.F.);
#12972=ORIENTED_EDGE('',*,*,#9250,.F.);
#12973=ORIENTED_EDGE('',*,*,#9251,.T.);
#12974=ORIENTED_EDGE('',*,*,#9250,.T.);
#12975=ORIENTED_EDGE('',*,*,#9252,.F.);
#12976=ORIENTED_EDGE('',*,*,#9242,.F.);
#12977=ORIENTED_EDGE('',*,*,#9252,.T.);
#12978=ORIENTED_EDGE('',*,*,#9249,.T.);
#12979=ORIENTED_EDGE('',*,*,#9246,.T.);
#12980=ORIENTED_EDGE('',*,*,#9243,.T.);
#12981=ORIENTED_EDGE('',*,*,#9251,.F.);
#12982=ORIENTED_EDGE('',*,*,#9241,.F.);
#12983=ORIENTED_EDGE('',*,*,#9245,.F.);
#12984=ORIENTED_EDGE('',*,*,#9248,.F.);
#12985=ORIENTED_EDGE('',*,*,#9253,.T.);
#12986=ORIENTED_EDGE('',*,*,#9254,.T.);
#12987=ORIENTED_EDGE('',*,*,#9255,.F.);
#12988=ORIENTED_EDGE('',*,*,#9256,.F.);
#12989=ORIENTED_EDGE('',*,*,#9257,.T.);
#12990=ORIENTED_EDGE('',*,*,#9256,.T.);
#12991=ORIENTED_EDGE('',*,*,#9258,.F.);
#12992=ORIENTED_EDGE('',*,*,#9259,.F.);
#12993=ORIENTED_EDGE('',*,*,#9260,.T.);
#12994=ORIENTED_EDGE('',*,*,#9259,.T.);
#12995=ORIENTED_EDGE('',*,*,#9261,.F.);
#12996=ORIENTED_EDGE('',*,*,#9262,.F.);
#12997=ORIENTED_EDGE('',*,*,#9263,.T.);
#12998=ORIENTED_EDGE('',*,*,#9262,.T.);
#12999=ORIENTED_EDGE('',*,*,#9264,.F.);
#13000=ORIENTED_EDGE('',*,*,#9254,.F.);
#13001=ORIENTED_EDGE('',*,*,#9264,.T.);
#13002=ORIENTED_EDGE('',*,*,#9261,.T.);
#13003=ORIENTED_EDGE('',*,*,#9258,.T.);
#13004=ORIENTED_EDGE('',*,*,#9255,.T.);
#13005=ORIENTED_EDGE('',*,*,#9263,.F.);
#13006=ORIENTED_EDGE('',*,*,#9253,.F.);
#13007=ORIENTED_EDGE('',*,*,#9257,.F.);
#13008=ORIENTED_EDGE('',*,*,#9260,.F.);
#13009=ORIENTED_EDGE('',*,*,#9265,.T.);
#13010=ORIENTED_EDGE('',*,*,#9266,.T.);
#13011=ORIENTED_EDGE('',*,*,#9267,.F.);
#13012=ORIENTED_EDGE('',*,*,#9268,.F.);
#13013=ORIENTED_EDGE('',*,*,#9269,.T.);
#13014=ORIENTED_EDGE('',*,*,#9268,.T.);
#13015=ORIENTED_EDGE('',*,*,#9270,.F.);
#13016=ORIENTED_EDGE('',*,*,#9271,.F.);
#13017=ORIENTED_EDGE('',*,*,#9272,.T.);
#13018=ORIENTED_EDGE('',*,*,#9271,.T.);
#13019=ORIENTED_EDGE('',*,*,#9273,.F.);
#13020=ORIENTED_EDGE('',*,*,#9274,.F.);
#13021=ORIENTED_EDGE('',*,*,#9275,.T.);
#13022=ORIENTED_EDGE('',*,*,#9274,.T.);
#13023=ORIENTED_EDGE('',*,*,#9276,.F.);
#13024=ORIENTED_EDGE('',*,*,#9266,.F.);
#13025=ORIENTED_EDGE('',*,*,#9276,.T.);
#13026=ORIENTED_EDGE('',*,*,#9273,.T.);
#13027=ORIENTED_EDGE('',*,*,#9270,.T.);
#13028=ORIENTED_EDGE('',*,*,#9267,.T.);
#13029=ORIENTED_EDGE('',*,*,#9275,.F.);
#13030=ORIENTED_EDGE('',*,*,#9265,.F.);
#13031=ORIENTED_EDGE('',*,*,#9269,.F.);
#13032=ORIENTED_EDGE('',*,*,#9272,.F.);
#13033=ORIENTED_EDGE('',*,*,#9277,.T.);
#13034=ORIENTED_EDGE('',*,*,#9278,.T.);
#13035=ORIENTED_EDGE('',*,*,#9279,.F.);
#13036=ORIENTED_EDGE('',*,*,#9280,.F.);
#13037=ORIENTED_EDGE('',*,*,#9281,.T.);
#13038=ORIENTED_EDGE('',*,*,#9280,.T.);
#13039=ORIENTED_EDGE('',*,*,#9282,.F.);
#13040=ORIENTED_EDGE('',*,*,#9283,.F.);
#13041=ORIENTED_EDGE('',*,*,#9284,.T.);
#13042=ORIENTED_EDGE('',*,*,#9283,.T.);
#13043=ORIENTED_EDGE('',*,*,#9285,.F.);
#13044=ORIENTED_EDGE('',*,*,#9286,.F.);
#13045=ORIENTED_EDGE('',*,*,#9287,.T.);
#13046=ORIENTED_EDGE('',*,*,#9286,.T.);
#13047=ORIENTED_EDGE('',*,*,#9288,.F.);
#13048=ORIENTED_EDGE('',*,*,#9278,.F.);
#13049=ORIENTED_EDGE('',*,*,#9288,.T.);
#13050=ORIENTED_EDGE('',*,*,#9285,.T.);
#13051=ORIENTED_EDGE('',*,*,#9282,.T.);
#13052=ORIENTED_EDGE('',*,*,#9279,.T.);
#13053=ORIENTED_EDGE('',*,*,#9287,.F.);
#13054=ORIENTED_EDGE('',*,*,#9277,.F.);
#13055=ORIENTED_EDGE('',*,*,#9281,.F.);
#13056=ORIENTED_EDGE('',*,*,#9284,.F.);
#13057=ORIENTED_EDGE('',*,*,#9289,.T.);
#13058=ORIENTED_EDGE('',*,*,#9290,.T.);
#13059=ORIENTED_EDGE('',*,*,#9291,.F.);
#13060=ORIENTED_EDGE('',*,*,#9292,.F.);
#13061=ORIENTED_EDGE('',*,*,#9293,.T.);
#13062=ORIENTED_EDGE('',*,*,#9292,.T.);
#13063=ORIENTED_EDGE('',*,*,#9294,.F.);
#13064=ORIENTED_EDGE('',*,*,#9295,.F.);
#13065=ORIENTED_EDGE('',*,*,#9296,.T.);
#13066=ORIENTED_EDGE('',*,*,#9295,.T.);
#13067=ORIENTED_EDGE('',*,*,#9297,.F.);
#13068=ORIENTED_EDGE('',*,*,#9298,.F.);
#13069=ORIENTED_EDGE('',*,*,#9299,.T.);
#13070=ORIENTED_EDGE('',*,*,#9298,.T.);
#13071=ORIENTED_EDGE('',*,*,#9300,.F.);
#13072=ORIENTED_EDGE('',*,*,#9290,.F.);
#13073=ORIENTED_EDGE('',*,*,#9300,.T.);
#13074=ORIENTED_EDGE('',*,*,#9297,.T.);
#13075=ORIENTED_EDGE('',*,*,#9294,.T.);
#13076=ORIENTED_EDGE('',*,*,#9291,.T.);
#13077=ORIENTED_EDGE('',*,*,#9299,.F.);
#13078=ORIENTED_EDGE('',*,*,#9289,.F.);
#13079=ORIENTED_EDGE('',*,*,#9293,.F.);
#13080=ORIENTED_EDGE('',*,*,#9296,.F.);
#13081=ORIENTED_EDGE('',*,*,#9301,.T.);
#13082=ORIENTED_EDGE('',*,*,#9302,.T.);
#13083=ORIENTED_EDGE('',*,*,#9303,.F.);
#13084=ORIENTED_EDGE('',*,*,#9304,.F.);
#13085=ORIENTED_EDGE('',*,*,#9305,.T.);
#13086=ORIENTED_EDGE('',*,*,#9304,.T.);
#13087=ORIENTED_EDGE('',*,*,#9306,.F.);
#13088=ORIENTED_EDGE('',*,*,#9307,.F.);
#13089=ORIENTED_EDGE('',*,*,#9308,.T.);
#13090=ORIENTED_EDGE('',*,*,#9307,.T.);
#13091=ORIENTED_EDGE('',*,*,#9309,.F.);
#13092=ORIENTED_EDGE('',*,*,#9310,.F.);
#13093=ORIENTED_EDGE('',*,*,#9311,.T.);
#13094=ORIENTED_EDGE('',*,*,#9310,.T.);
#13095=ORIENTED_EDGE('',*,*,#9312,.F.);
#13096=ORIENTED_EDGE('',*,*,#9302,.F.);
#13097=ORIENTED_EDGE('',*,*,#9312,.T.);
#13098=ORIENTED_EDGE('',*,*,#9309,.T.);
#13099=ORIENTED_EDGE('',*,*,#9306,.T.);
#13100=ORIENTED_EDGE('',*,*,#9303,.T.);
#13101=ORIENTED_EDGE('',*,*,#9311,.F.);
#13102=ORIENTED_EDGE('',*,*,#9301,.F.);
#13103=ORIENTED_EDGE('',*,*,#9305,.F.);
#13104=ORIENTED_EDGE('',*,*,#9308,.F.);
#13105=ORIENTED_EDGE('',*,*,#9313,.T.);
#13106=ORIENTED_EDGE('',*,*,#9314,.T.);
#13107=ORIENTED_EDGE('',*,*,#9315,.F.);
#13108=ORIENTED_EDGE('',*,*,#9316,.F.);
#13109=ORIENTED_EDGE('',*,*,#9317,.T.);
#13110=ORIENTED_EDGE('',*,*,#9316,.T.);
#13111=ORIENTED_EDGE('',*,*,#9318,.F.);
#13112=ORIENTED_EDGE('',*,*,#9319,.F.);
#13113=ORIENTED_EDGE('',*,*,#9320,.T.);
#13114=ORIENTED_EDGE('',*,*,#9319,.T.);
#13115=ORIENTED_EDGE('',*,*,#9321,.F.);
#13116=ORIENTED_EDGE('',*,*,#9322,.F.);
#13117=ORIENTED_EDGE('',*,*,#9323,.T.);
#13118=ORIENTED_EDGE('',*,*,#9322,.T.);
#13119=ORIENTED_EDGE('',*,*,#9324,.F.);
#13120=ORIENTED_EDGE('',*,*,#9314,.F.);
#13121=ORIENTED_EDGE('',*,*,#9324,.T.);
#13122=ORIENTED_EDGE('',*,*,#9321,.T.);
#13123=ORIENTED_EDGE('',*,*,#9318,.T.);
#13124=ORIENTED_EDGE('',*,*,#9315,.T.);
#13125=ORIENTED_EDGE('',*,*,#9323,.F.);
#13126=ORIENTED_EDGE('',*,*,#9313,.F.);
#13127=ORIENTED_EDGE('',*,*,#9317,.F.);
#13128=ORIENTED_EDGE('',*,*,#9320,.F.);
#13129=ORIENTED_EDGE('',*,*,#9325,.T.);
#13130=ORIENTED_EDGE('',*,*,#9326,.T.);
#13131=ORIENTED_EDGE('',*,*,#9327,.F.);
#13132=ORIENTED_EDGE('',*,*,#9328,.F.);
#13133=ORIENTED_EDGE('',*,*,#9329,.T.);
#13134=ORIENTED_EDGE('',*,*,#9328,.T.);
#13135=ORIENTED_EDGE('',*,*,#9330,.F.);
#13136=ORIENTED_EDGE('',*,*,#9331,.F.);
#13137=ORIENTED_EDGE('',*,*,#9332,.T.);
#13138=ORIENTED_EDGE('',*,*,#9331,.T.);
#13139=ORIENTED_EDGE('',*,*,#9333,.F.);
#13140=ORIENTED_EDGE('',*,*,#9334,.F.);
#13141=ORIENTED_EDGE('',*,*,#9335,.T.);
#13142=ORIENTED_EDGE('',*,*,#9334,.T.);
#13143=ORIENTED_EDGE('',*,*,#9336,.F.);
#13144=ORIENTED_EDGE('',*,*,#9326,.F.);
#13145=ORIENTED_EDGE('',*,*,#9336,.T.);
#13146=ORIENTED_EDGE('',*,*,#9333,.T.);
#13147=ORIENTED_EDGE('',*,*,#9330,.T.);
#13148=ORIENTED_EDGE('',*,*,#9327,.T.);
#13149=ORIENTED_EDGE('',*,*,#9335,.F.);
#13150=ORIENTED_EDGE('',*,*,#9325,.F.);
#13151=ORIENTED_EDGE('',*,*,#9329,.F.);
#13152=ORIENTED_EDGE('',*,*,#9332,.F.);
#13153=ORIENTED_EDGE('',*,*,#9337,.T.);
#13154=ORIENTED_EDGE('',*,*,#9338,.T.);
#13155=ORIENTED_EDGE('',*,*,#9339,.F.);
#13156=ORIENTED_EDGE('',*,*,#9340,.F.);
#13157=ORIENTED_EDGE('',*,*,#9341,.T.);
#13158=ORIENTED_EDGE('',*,*,#9340,.T.);
#13159=ORIENTED_EDGE('',*,*,#9342,.F.);
#13160=ORIENTED_EDGE('',*,*,#9343,.F.);
#13161=ORIENTED_EDGE('',*,*,#9344,.T.);
#13162=ORIENTED_EDGE('',*,*,#9343,.T.);
#13163=ORIENTED_EDGE('',*,*,#9345,.F.);
#13164=ORIENTED_EDGE('',*,*,#9346,.F.);
#13165=ORIENTED_EDGE('',*,*,#9347,.T.);
#13166=ORIENTED_EDGE('',*,*,#9346,.T.);
#13167=ORIENTED_EDGE('',*,*,#9348,.F.);
#13168=ORIENTED_EDGE('',*,*,#9338,.F.);
#13169=ORIENTED_EDGE('',*,*,#9348,.T.);
#13170=ORIENTED_EDGE('',*,*,#9345,.T.);
#13171=ORIENTED_EDGE('',*,*,#9342,.T.);
#13172=ORIENTED_EDGE('',*,*,#9339,.T.);
#13173=ORIENTED_EDGE('',*,*,#9347,.F.);
#13174=ORIENTED_EDGE('',*,*,#9337,.F.);
#13175=ORIENTED_EDGE('',*,*,#9341,.F.);
#13176=ORIENTED_EDGE('',*,*,#9344,.F.);
#13177=ORIENTED_EDGE('',*,*,#9349,.T.);
#13178=ORIENTED_EDGE('',*,*,#9350,.T.);
#13179=ORIENTED_EDGE('',*,*,#9351,.F.);
#13180=ORIENTED_EDGE('',*,*,#9352,.F.);
#13181=ORIENTED_EDGE('',*,*,#9353,.T.);
#13182=ORIENTED_EDGE('',*,*,#9352,.T.);
#13183=ORIENTED_EDGE('',*,*,#9354,.F.);
#13184=ORIENTED_EDGE('',*,*,#9355,.F.);
#13185=ORIENTED_EDGE('',*,*,#9356,.T.);
#13186=ORIENTED_EDGE('',*,*,#9355,.T.);
#13187=ORIENTED_EDGE('',*,*,#9357,.F.);
#13188=ORIENTED_EDGE('',*,*,#9358,.F.);
#13189=ORIENTED_EDGE('',*,*,#9359,.T.);
#13190=ORIENTED_EDGE('',*,*,#9358,.T.);
#13191=ORIENTED_EDGE('',*,*,#9360,.F.);
#13192=ORIENTED_EDGE('',*,*,#9350,.F.);
#13193=ORIENTED_EDGE('',*,*,#9360,.T.);
#13194=ORIENTED_EDGE('',*,*,#9357,.T.);
#13195=ORIENTED_EDGE('',*,*,#9354,.T.);
#13196=ORIENTED_EDGE('',*,*,#9351,.T.);
#13197=ORIENTED_EDGE('',*,*,#9359,.F.);
#13198=ORIENTED_EDGE('',*,*,#9349,.F.);
#13199=ORIENTED_EDGE('',*,*,#9353,.F.);
#13200=ORIENTED_EDGE('',*,*,#9356,.F.);
#13201=ORIENTED_EDGE('',*,*,#9361,.T.);
#13202=ORIENTED_EDGE('',*,*,#9362,.T.);
#13203=ORIENTED_EDGE('',*,*,#9363,.F.);
#13204=ORIENTED_EDGE('',*,*,#9364,.F.);
#13205=ORIENTED_EDGE('',*,*,#9365,.T.);
#13206=ORIENTED_EDGE('',*,*,#9364,.T.);
#13207=ORIENTED_EDGE('',*,*,#9366,.F.);
#13208=ORIENTED_EDGE('',*,*,#9367,.F.);
#13209=ORIENTED_EDGE('',*,*,#9368,.T.);
#13210=ORIENTED_EDGE('',*,*,#9367,.T.);
#13211=ORIENTED_EDGE('',*,*,#9369,.F.);
#13212=ORIENTED_EDGE('',*,*,#9370,.F.);
#13213=ORIENTED_EDGE('',*,*,#9371,.T.);
#13214=ORIENTED_EDGE('',*,*,#9370,.T.);
#13215=ORIENTED_EDGE('',*,*,#9372,.F.);
#13216=ORIENTED_EDGE('',*,*,#9362,.F.);
#13217=ORIENTED_EDGE('',*,*,#9372,.T.);
#13218=ORIENTED_EDGE('',*,*,#9369,.T.);
#13219=ORIENTED_EDGE('',*,*,#9366,.T.);
#13220=ORIENTED_EDGE('',*,*,#9363,.T.);
#13221=ORIENTED_EDGE('',*,*,#9371,.F.);
#13222=ORIENTED_EDGE('',*,*,#9361,.F.);
#13223=ORIENTED_EDGE('',*,*,#9365,.F.);
#13224=ORIENTED_EDGE('',*,*,#9368,.F.);
#13225=ORIENTED_EDGE('',*,*,#9373,.T.);
#13226=ORIENTED_EDGE('',*,*,#9374,.T.);
#13227=ORIENTED_EDGE('',*,*,#9375,.F.);
#13228=ORIENTED_EDGE('',*,*,#9376,.F.);
#13229=ORIENTED_EDGE('',*,*,#9377,.T.);
#13230=ORIENTED_EDGE('',*,*,#9376,.T.);
#13231=ORIENTED_EDGE('',*,*,#9378,.F.);
#13232=ORIENTED_EDGE('',*,*,#9379,.F.);
#13233=ORIENTED_EDGE('',*,*,#9380,.T.);
#13234=ORIENTED_EDGE('',*,*,#9379,.T.);
#13235=ORIENTED_EDGE('',*,*,#9381,.F.);
#13236=ORIENTED_EDGE('',*,*,#9382,.F.);
#13237=ORIENTED_EDGE('',*,*,#9383,.T.);
#13238=ORIENTED_EDGE('',*,*,#9382,.T.);
#13239=ORIENTED_EDGE('',*,*,#9384,.F.);
#13240=ORIENTED_EDGE('',*,*,#9374,.F.);
#13241=ORIENTED_EDGE('',*,*,#9384,.T.);
#13242=ORIENTED_EDGE('',*,*,#9381,.T.);
#13243=ORIENTED_EDGE('',*,*,#9378,.T.);
#13244=ORIENTED_EDGE('',*,*,#9375,.T.);
#13245=ORIENTED_EDGE('',*,*,#9383,.F.);
#13246=ORIENTED_EDGE('',*,*,#9373,.F.);
#13247=ORIENTED_EDGE('',*,*,#9377,.F.);
#13248=ORIENTED_EDGE('',*,*,#9380,.F.);
#13249=ORIENTED_EDGE('',*,*,#9385,.T.);
#13250=ORIENTED_EDGE('',*,*,#9386,.T.);
#13251=ORIENTED_EDGE('',*,*,#9387,.F.);
#13252=ORIENTED_EDGE('',*,*,#9388,.F.);
#13253=ORIENTED_EDGE('',*,*,#9389,.T.);
#13254=ORIENTED_EDGE('',*,*,#9388,.T.);
#13255=ORIENTED_EDGE('',*,*,#9390,.F.);
#13256=ORIENTED_EDGE('',*,*,#9391,.F.);
#13257=ORIENTED_EDGE('',*,*,#9392,.T.);
#13258=ORIENTED_EDGE('',*,*,#9391,.T.);
#13259=ORIENTED_EDGE('',*,*,#9393,.F.);
#13260=ORIENTED_EDGE('',*,*,#9394,.F.);
#13261=ORIENTED_EDGE('',*,*,#9395,.T.);
#13262=ORIENTED_EDGE('',*,*,#9394,.T.);
#13263=ORIENTED_EDGE('',*,*,#9396,.F.);
#13264=ORIENTED_EDGE('',*,*,#9386,.F.);
#13265=ORIENTED_EDGE('',*,*,#9396,.T.);
#13266=ORIENTED_EDGE('',*,*,#9393,.T.);
#13267=ORIENTED_EDGE('',*,*,#9390,.T.);
#13268=ORIENTED_EDGE('',*,*,#9387,.T.);
#13269=ORIENTED_EDGE('',*,*,#9395,.F.);
#13270=ORIENTED_EDGE('',*,*,#9385,.F.);
#13271=ORIENTED_EDGE('',*,*,#9389,.F.);
#13272=ORIENTED_EDGE('',*,*,#9392,.F.);
#13273=ORIENTED_EDGE('',*,*,#9397,.T.);
#13274=ORIENTED_EDGE('',*,*,#9398,.T.);
#13275=ORIENTED_EDGE('',*,*,#9399,.F.);
#13276=ORIENTED_EDGE('',*,*,#9400,.F.);
#13277=ORIENTED_EDGE('',*,*,#9401,.T.);
#13278=ORIENTED_EDGE('',*,*,#9400,.T.);
#13279=ORIENTED_EDGE('',*,*,#9402,.F.);
#13280=ORIENTED_EDGE('',*,*,#9403,.F.);
#13281=ORIENTED_EDGE('',*,*,#9404,.T.);
#13282=ORIENTED_EDGE('',*,*,#9403,.T.);
#13283=ORIENTED_EDGE('',*,*,#9405,.F.);
#13284=ORIENTED_EDGE('',*,*,#9406,.F.);
#13285=ORIENTED_EDGE('',*,*,#9407,.T.);
#13286=ORIENTED_EDGE('',*,*,#9406,.T.);
#13287=ORIENTED_EDGE('',*,*,#9408,.F.);
#13288=ORIENTED_EDGE('',*,*,#9398,.F.);
#13289=ORIENTED_EDGE('',*,*,#9408,.T.);
#13290=ORIENTED_EDGE('',*,*,#9405,.T.);
#13291=ORIENTED_EDGE('',*,*,#9402,.T.);
#13292=ORIENTED_EDGE('',*,*,#9399,.T.);
#13293=ORIENTED_EDGE('',*,*,#9407,.F.);
#13294=ORIENTED_EDGE('',*,*,#9397,.F.);
#13295=ORIENTED_EDGE('',*,*,#9401,.F.);
#13296=ORIENTED_EDGE('',*,*,#9404,.F.);
#13297=PLANE('',#15416);
#13298=PLANE('',#15417);
#13299=PLANE('',#15418);
#13300=PLANE('',#15419);
#13301=PLANE('',#15420);
#13302=PLANE('',#15421);
#13303=PLANE('',#15422);
#13304=PLANE('',#15423);
#13305=PLANE('',#15424);
#13306=PLANE('',#15425);
#13307=PLANE('',#15426);
#13308=PLANE('',#15427);
#13309=PLANE('',#15428);
#13310=PLANE('',#15429);
#13311=PLANE('',#15430);
#13312=PLANE('',#15431);
#13313=PLANE('',#15432);
#13314=PLANE('',#15433);
#13315=PLANE('',#15434);
#13316=PLANE('',#15435);
#13317=PLANE('',#15436);
#13318=PLANE('',#15437);
#13319=PLANE('',#15438);
#13320=PLANE('',#15439);
#13321=PLANE('',#15440);
#13322=PLANE('',#15441);
#13323=PLANE('',#15442);
#13324=PLANE('',#15443);
#13325=PLANE('',#15444);
#13326=PLANE('',#15445);
#13327=PLANE('',#15446);
#13328=PLANE('',#15447);
#13329=PLANE('',#15448);
#13330=PLANE('',#15449);
#13331=PLANE('',#15450);
#13332=PLANE('',#15451);
#13333=PLANE('',#15452);
#13334=PLANE('',#15453);
#13335=PLANE('',#15454);
#13336=PLANE('',#15455);
#13337=PLANE('',#15456);
#13338=PLANE('',#15457);
#13339=PLANE('',#15458);
#13340=PLANE('',#15459);
#13341=PLANE('',#15460);
#13342=PLANE('',#15461);
#13343=PLANE('',#15462);
#13344=PLANE('',#15463);
#13345=PLANE('',#15464);
#13346=PLANE('',#15465);
#13347=PLANE('',#15466);
#13348=PLANE('',#15467);
#13349=PLANE('',#15468);
#13350=PLANE('',#15469);
#13351=PLANE('',#15470);
#13352=PLANE('',#15471);
#13353=PLANE('',#15472);
#13354=PLANE('',#15473);
#13355=PLANE('',#15474);
#13356=PLANE('',#15475);
#13357=PLANE('',#15476);
#13358=PLANE('',#15477);
#13359=PLANE('',#15478);
#13360=PLANE('',#15479);
#13361=PLANE('',#15480);
#13362=PLANE('',#15481);
#13363=PLANE('',#15482);
#13364=PLANE('',#15483);
#13365=PLANE('',#15484);
#13366=PLANE('',#15485);
#13367=PLANE('',#15486);
#13368=PLANE('',#15487);
#13369=PLANE('',#15488);
#13370=PLANE('',#15489);
#13371=PLANE('',#15490);
#13372=PLANE('',#15491);
#13373=PLANE('',#15492);
#13374=PLANE('',#15493);
#13375=PLANE('',#15494);
#13376=PLANE('',#15495);
#13377=PLANE('',#15496);
#13378=PLANE('',#15497);
#13379=PLANE('',#15498);
#13380=PLANE('',#15499);
#13381=PLANE('',#15500);
#13382=PLANE('',#15501);
#13383=PLANE('',#15502);
#13384=PLANE('',#15503);
#13385=PLANE('',#15504);
#13386=PLANE('',#15505);
#13387=PLANE('',#15506);
#13388=PLANE('',#15507);
#13389=PLANE('',#15508);
#13390=PLANE('',#15509);
#13391=PLANE('',#15510);
#13392=PLANE('',#15511);
#13393=PLANE('',#15512);
#13394=PLANE('',#15513);
#13395=PLANE('',#15514);
#13396=PLANE('',#15515);
#13397=PLANE('',#15516);
#13398=PLANE('',#15517);
#13399=PLANE('',#15518);
#13400=PLANE('',#15519);
#13401=PLANE('',#15520);
#13402=PLANE('',#15521);
#13403=PLANE('',#15522);
#13404=PLANE('',#15523);
#13405=PLANE('',#15524);
#13406=PLANE('',#15525);
#13407=PLANE('',#15526);
#13408=PLANE('',#15527);
#13409=PLANE('',#15528);
#13410=PLANE('',#15529);
#13411=PLANE('',#15530);
#13412=PLANE('',#15531);
#13413=PLANE('',#15532);
#13414=PLANE('',#15533);
#13415=PLANE('',#15534);
#13416=PLANE('',#15535);
#13417=PLANE('',#15536);
#13418=PLANE('',#15537);
#13419=PLANE('',#15538);
#13420=PLANE('',#15539);
#13421=PLANE('',#15540);
#13422=PLANE('',#15541);
#13423=PLANE('',#15542);
#13424=PLANE('',#15543);
#13425=PLANE('',#15544);
#13426=PLANE('',#15545);
#13427=PLANE('',#15546);
#13428=PLANE('',#15547);
#13429=PLANE('',#15548);
#13430=PLANE('',#15549);
#13431=PLANE('',#15550);
#13432=PLANE('',#15551);
#13433=PLANE('',#15552);
#13434=PLANE('',#15553);
#13435=PLANE('',#15554);
#13436=PLANE('',#15555);
#13437=PLANE('',#15556);
#13438=PLANE('',#15557);
#13439=PLANE('',#15558);
#13440=PLANE('',#15559);
#13441=PLANE('',#15560);
#13442=PLANE('',#15561);
#13443=PLANE('',#15562);
#13444=PLANE('',#15563);
#13445=PLANE('',#15564);
#13446=PLANE('',#15565);
#13447=PLANE('',#15566);
#13448=PLANE('',#15567);
#13449=PLANE('',#15568);
#13450=PLANE('',#15569);
#13451=PLANE('',#15570);
#13452=PLANE('',#15571);
#13453=PLANE('',#15572);
#13454=PLANE('',#15573);
#13455=PLANE('',#15574);
#13456=PLANE('',#15575);
#13457=PLANE('',#15576);
#13458=PLANE('',#15577);
#13459=PLANE('',#15578);
#13460=PLANE('',#15579);
#13461=PLANE('',#15580);
#13462=PLANE('',#15581);
#13463=PLANE('',#15582);
#13464=PLANE('',#15583);
#13465=PLANE('',#15584);
#13466=PLANE('',#15585);
#13467=PLANE('',#15586);
#13468=PLANE('',#15587);
#13469=PLANE('',#15588);
#13470=PLANE('',#15589);
#13471=PLANE('',#15590);
#13472=PLANE('',#15591);
#13473=PLANE('',#15592);
#13474=PLANE('',#15593);
#13475=PLANE('',#15594);
#13476=PLANE('',#15595);
#13477=PLANE('',#15596);
#13478=PLANE('',#15597);
#13479=PLANE('',#15598);
#13480=PLANE('',#15599);
#13481=PLANE('',#15600);
#13482=PLANE('',#15601);
#13483=PLANE('',#15602);
#13484=PLANE('',#15603);
#13485=PLANE('',#15604);
#13486=PLANE('',#15605);
#13487=PLANE('',#15606);
#13488=PLANE('',#15607);
#13489=PLANE('',#15608);
#13490=PLANE('',#15609);
#13491=PLANE('',#15610);
#13492=PLANE('',#15611);
#13493=PLANE('',#15612);
#13494=PLANE('',#15613);
#13495=PLANE('',#15614);
#13496=PLANE('',#15615);
#13497=PLANE('',#15616);
#13498=PLANE('',#15617);
#13499=PLANE('',#15618);
#13500=PLANE('',#15619);
#13501=PLANE('',#15620);
#13502=PLANE('',#15621);
#13503=PLANE('',#15622);
#13504=PLANE('',#15623);
#13505=PLANE('',#15624);
#13506=PLANE('',#15625);
#13507=PLANE('',#15626);
#13508=PLANE('',#15627);
#13509=PLANE('',#15628);
#13510=PLANE('',#15629);
#13511=PLANE('',#15630);
#13512=PLANE('',#15631);
#13513=PLANE('',#15632);
#13514=PLANE('',#15633);
#13515=PLANE('',#15634);
#13516=PLANE('',#15635);
#13517=PLANE('',#15636);
#13518=PLANE('',#15637);
#13519=PLANE('',#15638);
#13520=PLANE('',#15639);
#13521=PLANE('',#15640);
#13522=PLANE('',#15641);
#13523=PLANE('',#15642);
#13524=PLANE('',#15643);
#13525=PLANE('',#15644);
#13526=PLANE('',#15645);
#13527=PLANE('',#15646);
#13528=PLANE('',#15647);
#13529=PLANE('',#15648);
#13530=PLANE('',#15649);
#13531=PLANE('',#15650);
#13532=PLANE('',#15651);
#13533=PLANE('',#15652);
#13534=PLANE('',#15653);
#13535=PLANE('',#15654);
#13536=PLANE('',#15655);
#13537=PLANE('',#15656);
#13538=PLANE('',#15657);
#13539=PLANE('',#15658);
#13540=PLANE('',#15659);
#13541=PLANE('',#15660);
#13542=PLANE('',#15661);
#13543=PLANE('',#15662);
#13544=PLANE('',#15663);
#13545=PLANE('',#15664);
#13546=PLANE('',#15665);
#13547=PLANE('',#15666);
#13548=PLANE('',#15667);
#13549=PLANE('',#15668);
#13550=PLANE('',#15669);
#13551=PLANE('',#15670);
#13552=PLANE('',#15671);
#13553=PLANE('',#15672);
#13554=PLANE('',#15673);
#13555=PLANE('',#15674);
#13556=PLANE('',#15675);
#13557=PLANE('',#15676);
#13558=PLANE('',#15677);
#13559=PLANE('',#15678);
#13560=PLANE('',#15679);
#13561=PLANE('',#15680);
#13562=PLANE('',#15681);
#13563=PLANE('',#15682);
#13564=PLANE('',#15683);
#13565=PLANE('',#15684);
#13566=PLANE('',#15685);
#13567=PLANE('',#15686);
#13568=PLANE('',#15687);
#13569=PLANE('',#15688);
#13570=PLANE('',#15689);
#13571=PLANE('',#15690);
#13572=PLANE('',#15691);
#13573=PLANE('',#15692);
#13574=PLANE('',#15693);
#13575=PLANE('',#15694);
#13576=PLANE('',#15695);
#13577=PLANE('',#15696);
#13578=PLANE('',#15697);
#13579=PLANE('',#15698);
#13580=PLANE('',#15699);
#13581=PLANE('',#15700);
#13582=PLANE('',#15701);
#13583=PLANE('',#15702);
#13584=PLANE('',#15703);
#13585=PLANE('',#15704);
#13586=PLANE('',#15705);
#13587=PLANE('',#15706);
#13588=PLANE('',#15707);
#13589=PLANE('',#15708);
#13590=PLANE('',#15709);
#13591=PLANE('',#15710);
#13592=PLANE('',#15711);
#13593=PLANE('',#15712);
#13594=PLANE('',#15713);
#13595=PLANE('',#15714);
#13596=PLANE('',#15715);
#13597=PLANE('',#15716);
#13598=PLANE('',#15717);
#13599=PLANE('',#15718);
#13600=PLANE('',#15719);
#13601=PLANE('',#15720);
#13602=PLANE('',#15721);
#13603=PLANE('',#15722);
#13604=PLANE('',#15723);
#13605=PLANE('',#15724);
#13606=PLANE('',#15725);
#13607=PLANE('',#15726);
#13608=PLANE('',#15727);
#13609=PLANE('',#15728);
#13610=PLANE('',#15729);
#13611=PLANE('',#15730);
#13612=PLANE('',#15731);
#13613=PLANE('',#15732);
#13614=PLANE('',#15733);
#13615=PLANE('',#15734);
#13616=PLANE('',#15735);
#13617=PLANE('',#15736);
#13618=PLANE('',#15737);
#13619=PLANE('',#15738);
#13620=PLANE('',#15739);
#13621=PLANE('',#15740);
#13622=PLANE('',#15741);
#13623=PLANE('',#15742);
#13624=PLANE('',#15743);
#13625=PLANE('',#15744);
#13626=PLANE('',#15745);
#13627=PLANE('',#15746);
#13628=PLANE('',#15747);
#13629=PLANE('',#15748);
#13630=PLANE('',#15749);
#13631=PLANE('',#15750);
#13632=PLANE('',#15751);
#13633=PLANE('',#15752);
#13634=PLANE('',#15753);
#13635=PLANE('',#15754);
#13636=PLANE('',#15755);
#13637=PLANE('',#15756);
#13638=PLANE('',#15757);
#13639=PLANE('',#15758);
#13640=PLANE('',#15759);
#13641=PLANE('',#15760);
#13642=PLANE('',#15761);
#13643=PLANE('',#15762);
#13644=PLANE('',#15763);
#13645=PLANE('',#15764);
#13646=PLANE('',#15765);
#13647=PLANE('',#15766);
#13648=PLANE('',#15767);
#13649=PLANE('',#15768);
#13650=PLANE('',#15769);
#13651=PLANE('',#15770);
#13652=PLANE('',#15771);
#13653=PLANE('',#15772);
#13654=PLANE('',#15773);
#13655=PLANE('',#15774);
#13656=PLANE('',#15775);
#13657=PLANE('',#15776);
#13658=PLANE('',#15777);
#13659=PLANE('',#15778);
#13660=PLANE('',#15779);
#13661=PLANE('',#15780);
#13662=PLANE('',#15781);
#13663=PLANE('',#15782);
#13664=PLANE('',#15783);
#13665=PLANE('',#15784);
#13666=PLANE('',#15785);
#13667=PLANE('',#15786);
#13668=PLANE('',#15787);
#13669=PLANE('',#15788);
#13670=PLANE('',#15789);
#13671=PLANE('',#15790);
#13672=PLANE('',#15791);
#13673=PLANE('',#15792);
#13674=PLANE('',#15793);
#13675=PLANE('',#15794);
#13676=PLANE('',#15795);
#13677=PLANE('',#15796);
#13678=PLANE('',#15797);
#13679=PLANE('',#15798);
#13680=PLANE('',#15799);
#13681=PLANE('',#15800);
#13682=PLANE('',#15801);
#13683=PLANE('',#15802);
#13684=PLANE('',#15803);
#13685=PLANE('',#15804);
#13686=PLANE('',#15805);
#13687=PLANE('',#15806);
#13688=PLANE('',#15807);
#13689=PLANE('',#15808);
#13690=PLANE('',#15809);
#13691=PLANE('',#15810);
#13692=PLANE('',#15811);
#13693=PLANE('',#15812);
#13694=PLANE('',#15813);
#13695=PLANE('',#15814);
#13696=PLANE('',#15815);
#13697=PLANE('',#15816);
#13698=PLANE('',#15817);
#13699=PLANE('',#15818);
#13700=PLANE('',#15819);
#13701=PLANE('',#15820);
#13702=PLANE('',#15821);
#13703=PLANE('',#15822);
#13704=PLANE('',#15823);
#13705=PLANE('',#15824);
#13706=PLANE('',#15825);
#13707=PLANE('',#15826);
#13708=PLANE('',#15827);
#13709=PLANE('',#15828);
#13710=PLANE('',#15829);
#13711=PLANE('',#15830);
#13712=PLANE('',#15831);
#13713=PLANE('',#15832);
#13714=PLANE('',#15833);
#13715=PLANE('',#15834);
#13716=PLANE('',#15835);
#13717=PLANE('',#15836);
#13718=PLANE('',#15837);
#13719=PLANE('',#15838);
#13720=PLANE('',#15839);
#13721=PLANE('',#15840);
#13722=PLANE('',#15841);
#13723=PLANE('',#15842);
#13724=PLANE('',#15843);
#13725=PLANE('',#15844);
#13726=PLANE('',#15845);
#13727=PLANE('',#15846);
#13728=PLANE('',#15847);
#13729=PLANE('',#15848);
#13730=PLANE('',#15849);
#13731=PLANE('',#15850);
#13732=PLANE('',#15851);
#13733=PLANE('',#15852);
#13734=PLANE('',#15853);
#13735=PLANE('',#15854);
#13736=PLANE('',#15855);
#13737=PLANE('',#15856);
#13738=PLANE('',#15857);
#13739=PLANE('',#15858);
#13740=PLANE('',#15859);
#13741=PLANE('',#15860);
#13742=PLANE('',#15861);
#13743=PLANE('',#15862);
#13744=PLANE('',#15863);
#13745=PLANE('',#15864);
#13746=PLANE('',#15865);
#13747=PLANE('',#15866);
#13748=PLANE('',#15867);
#13749=PLANE('',#15868);
#13750=PLANE('',#15869);
#13751=PLANE('',#15870);
#13752=PLANE('',#15871);
#13753=PLANE('',#15872);
#13754=PLANE('',#15873);
#13755=PLANE('',#15874);
#13756=PLANE('',#15875);
#13757=PLANE('',#15876);
#13758=PLANE('',#15877);
#13759=PLANE('',#15878);
#13760=PLANE('',#15879);
#13761=PLANE('',#15880);
#13762=PLANE('',#15881);
#13763=PLANE('',#15882);
#13764=PLANE('',#15883);
#13765=PLANE('',#15884);
#13766=PLANE('',#15885);
#13767=PLANE('',#15886);
#13768=PLANE('',#15887);
#13769=PLANE('',#15888);
#13770=PLANE('',#15889);
#13771=PLANE('',#15890);
#13772=PLANE('',#15891);
#13773=PLANE('',#15892);
#13774=PLANE('',#15893);
#13775=PLANE('',#15894);
#13776=PLANE('',#15895);
#13777=PLANE('',#15896);
#13778=PLANE('',#15897);
#13779=PLANE('',#15898);
#13780=PLANE('',#15899);
#13781=PLANE('',#15900);
#13782=PLANE('',#15901);
#13783=PLANE('',#15902);
#13784=PLANE('',#15903);
#13785=PLANE('',#15904);
#13786=PLANE('',#15905);
#13787=PLANE('',#15906);
#13788=PLANE('',#15907);
#13789=PLANE('',#15908);
#13790=PLANE('',#15909);
#13791=PLANE('',#15910);
#13792=PLANE('',#15911);
#13793=PLANE('',#15912);
#13794=PLANE('',#15913);
#13795=PLANE('',#15914);
#13796=PLANE('',#15915);
#13797=PLANE('',#15916);
#13798=PLANE('',#15917);
#13799=PLANE('',#15918);
#13800=PLANE('',#15919);
#13801=PLANE('',#15920);
#13802=PLANE('',#15921);
#13803=PLANE('',#15922);
#13804=PLANE('',#15923);
#13805=PLANE('',#15924);
#13806=PLANE('',#15925);
#13807=PLANE('',#15926);
#13808=PLANE('',#15927);
#13809=PLANE('',#15928);
#13810=PLANE('',#15929);
#13811=PLANE('',#15930);
#13812=PLANE('',#15931);
#13813=PLANE('',#15932);
#13814=PLANE('',#15933);
#13815=PLANE('',#15934);
#13816=PLANE('',#15935);
#13817=PLANE('',#15936);
#13818=PLANE('',#15937);
#13819=PLANE('',#15938);
#13820=PLANE('',#15939);
#13821=PLANE('',#15940);
#13822=PLANE('',#15941);
#13823=PLANE('',#15942);
#13824=PLANE('',#15943);
#13825=PLANE('',#15944);
#13826=PLANE('',#15945);
#13827=PLANE('',#15946);
#13828=PLANE('',#15947);
#13829=PLANE('',#15948);
#13830=PLANE('',#15949);
#13831=PLANE('',#15950);
#13832=PLANE('',#15951);
#13833=PLANE('',#15952);
#13834=PLANE('',#15953);
#13835=PLANE('',#15954);
#13836=PLANE('',#15955);
#13837=PLANE('',#15956);
#13838=PLANE('',#15957);
#13839=PLANE('',#15958);
#13840=PLANE('',#15959);
#13841=PLANE('',#15960);
#13842=PLANE('',#15961);
#13843=PLANE('',#15962);
#13844=PLANE('',#15963);
#13845=PLANE('',#15964);
#13846=PLANE('',#15965);
#13847=PLANE('',#15966);
#13848=PLANE('',#15967);
#13849=PLANE('',#15968);
#13850=PLANE('',#15969);
#13851=PLANE('',#15970);
#13852=PLANE('',#15971);
#13853=PLANE('',#15972);
#13854=PLANE('',#15973);
#13855=PLANE('',#15974);
#13856=PLANE('',#15975);
#13857=PLANE('',#15976);
#13858=PLANE('',#15977);
#13859=PLANE('',#15978);
#13860=PLANE('',#15979);
#13861=PLANE('',#15980);
#13862=PLANE('',#15981);
#13863=PLANE('',#15982);
#13864=PLANE('',#15983);
#13865=PLANE('',#15984);
#13866=PLANE('',#15985);
#13867=PLANE('',#15986);
#13868=PLANE('',#15987);
#13869=PLANE('',#15988);
#13870=PLANE('',#15989);
#13871=PLANE('',#15990);
#13872=PLANE('',#15991);
#13873=PLANE('',#15992);
#13874=PLANE('',#15993);
#13875=PLANE('',#15994);
#13876=PLANE('',#15995);
#13877=PLANE('',#15996);
#13878=PLANE('',#15997);
#13879=PLANE('',#15998);
#13880=PLANE('',#15999);
#13881=PLANE('',#16000);
#13882=PLANE('',#16001);
#13883=PLANE('',#16002);
#13884=PLANE('',#16003);
#13885=PLANE('',#16004);
#13886=PLANE('',#16005);
#13887=PLANE('',#16006);
#13888=PLANE('',#16007);
#13889=PLANE('',#16008);
#13890=PLANE('',#16009);
#13891=PLANE('',#16010);
#13892=PLANE('',#16011);
#13893=PLANE('',#16012);
#13894=PLANE('',#16013);
#13895=PLANE('',#16014);
#13896=PLANE('',#16015);
#13897=PLANE('',#16016);
#13898=PLANE('',#16017);
#13899=PLANE('',#16018);
#13900=PLANE('',#16019);
#13901=PLANE('',#16020);
#13902=PLANE('',#16021);
#13903=PLANE('',#16022);
#13904=PLANE('',#16023);
#13905=PLANE('',#16024);
#13906=PLANE('',#16025);
#13907=PLANE('',#16026);
#13908=PLANE('',#16027);
#13909=PLANE('',#16028);
#13910=PLANE('',#16029);
#13911=PLANE('',#16030);
#13912=PLANE('',#16031);
#13913=PLANE('',#16032);
#13914=PLANE('',#16033);
#13915=PLANE('',#16034);
#13916=PLANE('',#16035);
#13917=PLANE('',#16036);
#13918=PLANE('',#16037);
#13919=PLANE('',#16038);
#13920=PLANE('',#16039);
#13921=PLANE('',#16040);
#13922=PLANE('',#16041);
#13923=PLANE('',#16042);
#13924=PLANE('',#16043);
#13925=PLANE('',#16044);
#13926=PLANE('',#16045);
#13927=PLANE('',#16046);
#13928=PLANE('',#16047);
#13929=PLANE('',#16048);
#13930=PLANE('',#16049);
#13931=PLANE('',#16050);
#13932=PLANE('',#16051);
#13933=PLANE('',#16052);
#13934=PLANE('',#16053);
#13935=PLANE('',#16054);
#13936=PLANE('',#16055);
#13937=PLANE('',#16056);
#13938=PLANE('',#16057);
#13939=PLANE('',#16058);
#13940=PLANE('',#16059);
#13941=PLANE('',#16060);
#13942=PLANE('',#16061);
#13943=PLANE('',#16062);
#13944=PLANE('',#16063);
#13945=PLANE('',#16064);
#13946=PLANE('',#16065);
#13947=PLANE('',#16066);
#13948=PLANE('',#16067);
#13949=PLANE('',#16068);
#13950=PLANE('',#16069);
#13951=PLANE('',#16070);
#13952=PLANE('',#16071);
#13953=PLANE('',#16072);
#13954=PLANE('',#16073);
#13955=PLANE('',#16074);
#13956=PLANE('',#16075);
#13957=PLANE('',#16076);
#13958=PLANE('',#16077);
#13959=PLANE('',#16078);
#13960=PLANE('',#16079);
#13961=PLANE('',#16080);
#13962=PLANE('',#16081);
#13963=PLANE('',#16082);
#13964=PLANE('',#16083);
#13965=PLANE('',#16084);
#13966=PLANE('',#16085);
#13967=PLANE('',#16086);
#13968=PLANE('',#16087);
#13969=PLANE('',#16088);
#13970=PLANE('',#16089);
#13971=PLANE('',#16090);
#13972=PLANE('',#16091);
#13973=PLANE('',#16092);
#13974=PLANE('',#16093);
#13975=PLANE('',#16094);
#13976=PLANE('',#16095);
#13977=PLANE('',#16096);
#13978=PLANE('',#16097);
#13979=PLANE('',#16098);
#13980=PLANE('',#16099);
#13981=PLANE('',#16100);
#13982=PLANE('',#16101);
#13983=PLANE('',#16102);
#13984=PLANE('',#16103);
#13985=PLANE('',#16104);
#13986=PLANE('',#16105);
#13987=PLANE('',#16106);
#13988=PLANE('',#16107);
#13989=PLANE('',#16108);
#13990=PLANE('',#16109);
#13991=PLANE('',#16110);
#13992=PLANE('',#16111);
#13993=PLANE('',#16112);
#13994=PLANE('',#16113);
#13995=PLANE('',#16114);
#13996=PLANE('',#16115);
#13997=PLANE('',#16116);
#13998=PLANE('',#16117);
#13999=PLANE('',#16118);
#14000=PLANE('',#16119);
#14001=PLANE('',#16120);
#14002=PLANE('',#16121);
#14003=PLANE('',#16122);
#14004=PLANE('',#16123);
#14005=PLANE('',#16124);
#14006=PLANE('',#16125);
#14007=PLANE('',#16126);
#14008=PLANE('',#16127);
#14009=PLANE('',#16128);
#14010=PLANE('',#16129);
#14011=PLANE('',#16130);
#14012=PLANE('',#16131);
#14013=PLANE('',#16132);
#14014=PLANE('',#16133);
#14015=PLANE('',#16134);
#14016=PLANE('',#16135);
#14017=PLANE('',#16136);
#14018=PLANE('',#16137);
#14019=PLANE('',#16138);
#14020=PLANE('',#16139);
#14021=PLANE('',#16140);
#14022=PLANE('',#16141);
#14023=PLANE('',#16142);
#14024=PLANE('',#16143);
#14025=PLANE('',#16144);
#14026=PLANE('',#16145);
#14027=PLANE('',#16146);
#14028=PLANE('',#16147);
#14029=PLANE('',#16148);
#14030=PLANE('',#16149);
#14031=PLANE('',#16150);
#14032=PLANE('',#16151);
#14033=PLANE('',#16152);
#14034=PLANE('',#16153);
#14035=PLANE('',#16154);
#14036=PLANE('',#16155);
#14037=PLANE('',#16156);
#14038=PLANE('',#16157);
#14039=PLANE('',#16158);
#14040=PLANE('',#16159);
#14041=PLANE('',#16160);
#14042=PLANE('',#16161);
#14043=PLANE('',#16162);
#14044=PLANE('',#16163);
#14045=PLANE('',#16164);
#14046=PLANE('',#16165);
#14047=PLANE('',#16166);
#14048=PLANE('',#16167);
#14049=PLANE('',#16168);
#14050=PLANE('',#16169);
#14051=PLANE('',#16170);
#14052=PLANE('',#16171);
#14053=PLANE('',#16172);
#14054=PLANE('',#16173);
#14055=PLANE('',#16174);
#14056=PLANE('',#16175);
#14057=PLANE('',#16176);
#14058=PLANE('',#16177);
#14059=PLANE('',#16178);
#14060=PLANE('',#16179);
#14061=PLANE('',#16180);
#14062=PLANE('',#16181);
#14063=PLANE('',#16182);
#14064=PLANE('',#16183);
#14065=PLANE('',#16184);
#14066=PLANE('',#16185);
#14067=PLANE('',#16186);
#14068=PLANE('',#16187);
#14069=PLANE('',#16188);
#14070=PLANE('',#16189);
#14071=PLANE('',#16190);
#14072=PLANE('',#16191);
#14073=PLANE('',#16192);
#14074=PLANE('',#16193);
#14075=PLANE('',#16194);
#14076=PLANE('',#16195);
#14077=PLANE('',#16196);
#14078=PLANE('',#16197);
#14079=PLANE('',#16198);
#14080=PLANE('',#16199);
#14081=PLANE('',#16200);
#14082=PLANE('',#16201);
#14083=PLANE('',#16202);
#14084=PLANE('',#16203);
#14085=PLANE('',#16204);
#14086=PLANE('',#16205);
#14087=PLANE('',#16206);
#14088=PLANE('',#16207);
#14089=PLANE('',#16208);
#14090=PLANE('',#16209);
#14091=PLANE('',#16210);
#14092=PLANE('',#16211);
#14093=PLANE('',#16212);
#14094=PLANE('',#16213);
#14095=PLANE('',#16214);
#14096=PLANE('',#16215);
#14097=PLANE('',#16216);
#14098=PLANE('',#16217);
#14099=PLANE('',#16218);
#14100=PLANE('',#16219);
#14101=PLANE('',#16220);
#14102=PLANE('',#16221);
#14103=PLANE('',#16222);
#14104=PLANE('',#16223);
#14105=PLANE('',#16224);
#14106=PLANE('',#16225);
#14107=PLANE('',#16226);
#14108=PLANE('',#16227);
#14109=PLANE('',#16228);
#14110=PLANE('',#16229);
#14111=PLANE('',#16230);
#14112=PLANE('',#16231);
#14113=PLANE('',#16232);
#14114=PLANE('',#16233);
#14115=PLANE('',#16234);
#14116=PLANE('',#16235);
#14117=PLANE('',#16236);
#14118=PLANE('',#16237);
#14119=PLANE('',#16238);
#14120=PLANE('',#16239);
#14121=PLANE('',#16240);
#14122=PLANE('',#16241);
#14123=PLANE('',#16242);
#14124=PLANE('',#16243);
#14125=PLANE('',#16244);
#14126=PLANE('',#16245);
#14127=PLANE('',#16246);
#14128=PLANE('',#16247);
#14129=PLANE('',#16248);
#14130=PLANE('',#16249);
#14131=PLANE('',#16250);
#14132=PLANE('',#16251);
#14133=PLANE('',#16252);
#14134=PLANE('',#16253);
#14135=PLANE('',#16254);
#14136=PLANE('',#16255);
#14137=PLANE('',#16256);
#14138=PLANE('',#16257);
#14139=PLANE('',#16258);
#14140=PLANE('',#16259);
#14141=PLANE('',#16260);
#14142=PLANE('',#16261);
#14143=PLANE('',#16262);
#14144=PLANE('',#16263);
#14145=PLANE('',#16264);
#14146=PLANE('',#16265);
#14147=PLANE('',#16266);
#14148=PLANE('',#16267);
#14149=PLANE('',#16268);
#14150=PLANE('',#16269);
#14151=PLANE('',#16270);
#14152=PLANE('',#16271);
#14153=PLANE('',#16272);
#14154=PLANE('',#16273);
#14155=PLANE('',#16274);
#14156=PLANE('',#16275);
#14157=PLANE('',#16276);
#14158=PLANE('',#16277);
#14159=PLANE('',#16278);
#14160=PLANE('',#16279);
#14161=PLANE('',#16280);
#14162=PLANE('',#16281);
#14163=PLANE('',#16282);
#14164=PLANE('',#16283);
#14165=PLANE('',#16284);
#14166=PLANE('',#16285);
#14167=PLANE('',#16286);
#14168=PLANE('',#16287);
#14169=PLANE('',#16288);
#14170=PLANE('',#16289);
#14171=PLANE('',#16290);
#14172=PLANE('',#16291);
#14173=PLANE('',#16292);
#14174=PLANE('',#16293);
#14175=PLANE('',#16294);
#14176=PLANE('',#16295);
#14177=PLANE('',#16296);
#14178=PLANE('',#16297);
#14179=PLANE('',#16298);
#14180=PLANE('',#16299);
#14181=PLANE('',#16300);
#14182=PLANE('',#16301);
#14183=PLANE('',#16302);
#14184=PLANE('',#16303);
#14185=PLANE('',#16304);
#14186=PLANE('',#16305);
#14187=PLANE('',#16306);
#14188=PLANE('',#16307);
#14189=PLANE('',#16308);
#14190=PLANE('',#16309);
#14191=PLANE('',#16310);
#14192=PLANE('',#16311);
#14193=PLANE('',#16312);
#14194=PLANE('',#16313);
#14195=PLANE('',#16314);
#14196=PLANE('',#16315);
#14197=PLANE('',#16316);
#14198=PLANE('',#16317);
#14199=PLANE('',#16318);
#14200=PLANE('',#16319);
#14201=PLANE('',#16320);
#14202=PLANE('',#16321);
#14203=PLANE('',#16322);
#14204=PLANE('',#16323);
#14205=PLANE('',#16324);
#14206=PLANE('',#16325);
#14207=PLANE('',#16326);
#14208=PLANE('',#16327);
#14209=PLANE('',#16328);
#14210=PLANE('',#16329);
#14211=PLANE('',#16330);
#14212=PLANE('',#16331);
#14213=PLANE('',#16332);
#14214=PLANE('',#16333);
#14215=PLANE('',#16334);
#14216=PLANE('',#16335);
#14217=PLANE('',#16336);
#14218=PLANE('',#16337);
#14219=PLANE('',#16338);
#14220=PLANE('',#16339);
#14221=PLANE('',#16340);
#14222=PLANE('',#16341);
#14223=PLANE('',#16342);
#14224=PLANE('',#16343);
#14225=PLANE('',#16344);
#14226=PLANE('',#16345);
#14227=PLANE('',#16346);
#14228=PLANE('',#16347);
#14229=PLANE('',#16348);
#14230=PLANE('',#16349);
#14231=PLANE('',#16350);
#14232=PLANE('',#16351);
#14233=PLANE('',#16352);
#14234=PLANE('',#16353);
#14235=PLANE('',#16354);
#14236=PLANE('',#16355);
#14237=PLANE('',#16356);
#14238=PLANE('',#16357);
#14239=PLANE('',#16358);
#14240=PLANE('',#16359);
#14241=PLANE('',#16360);
#14242=PLANE('',#16361);
#14243=PLANE('',#16362);
#14244=PLANE('',#16363);
#14245=PLANE('',#16364);
#14246=PLANE('',#16365);
#14247=PLANE('',#16366);
#14248=PLANE('',#16367);
#14249=PLANE('',#16368);
#14250=PLANE('',#16369);
#14251=PLANE('',#16370);
#14252=PLANE('',#16371);
#14253=PLANE('',#16372);
#14254=PLANE('',#16373);
#14255=PLANE('',#16374);
#14256=PLANE('',#16375);
#14257=PLANE('',#16376);
#14258=PLANE('',#16377);
#14259=PLANE('',#16378);
#14260=PLANE('',#16379);
#14261=PLANE('',#16380);
#14262=PLANE('',#16381);
#14263=PLANE('',#16382);
#14264=PLANE('',#16383);
#14265=PLANE('',#16384);
#14266=PLANE('',#16385);
#14267=PLANE('',#16386);
#14268=PLANE('',#16387);
#14269=ADVANCED_FACE('',(#337),#13297,.T.);
#14270=ADVANCED_FACE('',(#338),#13298,.T.);
#14271=ADVANCED_FACE('',(#339),#13299,.T.);
#14272=ADVANCED_FACE('',(#340),#13300,.T.);
#14273=ADVANCED_FACE('',(#341),#13301,.T.);
#14274=ADVANCED_FACE('',(#342),#13302,.F.);
#14275=ADVANCED_FACE('',(#343),#13303,.T.);
#14276=ADVANCED_FACE('',(#344),#13304,.T.);
#14277=ADVANCED_FACE('',(#345),#13305,.T.);
#14278=ADVANCED_FACE('',(#346),#13306,.T.);
#14279=ADVANCED_FACE('',(#347),#13307,.T.);
#14280=ADVANCED_FACE('',(#348),#13308,.F.);
#14281=ADVANCED_FACE('',(#349),#13309,.T.);
#14282=ADVANCED_FACE('',(#350),#13310,.T.);
#14283=ADVANCED_FACE('',(#351),#13311,.T.);
#14284=ADVANCED_FACE('',(#352),#13312,.T.);
#14285=ADVANCED_FACE('',(#353),#13313,.T.);
#14286=ADVANCED_FACE('',(#354),#13314,.F.);
#14287=ADVANCED_FACE('',(#355),#13315,.T.);
#14288=ADVANCED_FACE('',(#356),#13316,.T.);
#14289=ADVANCED_FACE('',(#357),#13317,.T.);
#14290=ADVANCED_FACE('',(#358),#13318,.T.);
#14291=ADVANCED_FACE('',(#359),#13319,.T.);
#14292=ADVANCED_FACE('',(#360),#13320,.F.);
#14293=ADVANCED_FACE('',(#361),#13321,.T.);
#14294=ADVANCED_FACE('',(#362),#13322,.T.);
#14295=ADVANCED_FACE('',(#363),#13323,.T.);
#14296=ADVANCED_FACE('',(#364),#13324,.T.);
#14297=ADVANCED_FACE('',(#365),#13325,.T.);
#14298=ADVANCED_FACE('',(#366),#13326,.F.);
#14299=ADVANCED_FACE('',(#367),#13327,.T.);
#14300=ADVANCED_FACE('',(#368),#13328,.T.);
#14301=ADVANCED_FACE('',(#369),#13329,.T.);
#14302=ADVANCED_FACE('',(#370),#13330,.T.);
#14303=ADVANCED_FACE('',(#371),#13331,.T.);
#14304=ADVANCED_FACE('',(#372),#13332,.F.);
#14305=ADVANCED_FACE('',(#373),#13333,.T.);
#14306=ADVANCED_FACE('',(#374),#13334,.T.);
#14307=ADVANCED_FACE('',(#375),#13335,.T.);
#14308=ADVANCED_FACE('',(#376),#13336,.T.);
#14309=ADVANCED_FACE('',(#377),#13337,.T.);
#14310=ADVANCED_FACE('',(#378),#13338,.F.);
#14311=ADVANCED_FACE('',(#379),#13339,.T.);
#14312=ADVANCED_FACE('',(#380),#13340,.T.);
#14313=ADVANCED_FACE('',(#381),#13341,.T.);
#14314=ADVANCED_FACE('',(#382),#13342,.T.);
#14315=ADVANCED_FACE('',(#383),#13343,.T.);
#14316=ADVANCED_FACE('',(#384),#13344,.F.);
#14317=ADVANCED_FACE('',(#385),#13345,.T.);
#14318=ADVANCED_FACE('',(#386),#13346,.T.);
#14319=ADVANCED_FACE('',(#387),#13347,.T.);
#14320=ADVANCED_FACE('',(#388),#13348,.T.);
#14321=ADVANCED_FACE('',(#389),#13349,.T.);
#14322=ADVANCED_FACE('',(#390),#13350,.F.);
#14323=ADVANCED_FACE('',(#391),#13351,.T.);
#14324=ADVANCED_FACE('',(#392),#13352,.T.);
#14325=ADVANCED_FACE('',(#393),#13353,.T.);
#14326=ADVANCED_FACE('',(#394),#13354,.T.);
#14327=ADVANCED_FACE('',(#395),#13355,.T.);
#14328=ADVANCED_FACE('',(#396),#13356,.F.);
#14329=ADVANCED_FACE('',(#397),#13357,.T.);
#14330=ADVANCED_FACE('',(#398),#13358,.T.);
#14331=ADVANCED_FACE('',(#399),#13359,.T.);
#14332=ADVANCED_FACE('',(#400),#13360,.T.);
#14333=ADVANCED_FACE('',(#401),#13361,.T.);
#14334=ADVANCED_FACE('',(#402),#13362,.F.);
#14335=ADVANCED_FACE('',(#403),#13363,.T.);
#14336=ADVANCED_FACE('',(#404),#13364,.T.);
#14337=ADVANCED_FACE('',(#405),#13365,.T.);
#14338=ADVANCED_FACE('',(#406),#13366,.T.);
#14339=ADVANCED_FACE('',(#407),#13367,.T.);
#14340=ADVANCED_FACE('',(#408),#13368,.F.);
#14341=ADVANCED_FACE('',(#409),#13369,.T.);
#14342=ADVANCED_FACE('',(#410),#13370,.T.);
#14343=ADVANCED_FACE('',(#411),#13371,.T.);
#14344=ADVANCED_FACE('',(#412),#13372,.T.);
#14345=ADVANCED_FACE('',(#413),#13373,.T.);
#14346=ADVANCED_FACE('',(#414),#13374,.F.);
#14347=ADVANCED_FACE('',(#415),#13375,.T.);
#14348=ADVANCED_FACE('',(#416),#13376,.T.);
#14349=ADVANCED_FACE('',(#417),#13377,.T.);
#14350=ADVANCED_FACE('',(#418),#13378,.T.);
#14351=ADVANCED_FACE('',(#419),#13379,.T.);
#14352=ADVANCED_FACE('',(#420),#13380,.F.);
#14353=ADVANCED_FACE('',(#421),#13381,.T.);
#14354=ADVANCED_FACE('',(#422),#13382,.T.);
#14355=ADVANCED_FACE('',(#423),#13383,.T.);
#14356=ADVANCED_FACE('',(#424),#13384,.T.);
#14357=ADVANCED_FACE('',(#425),#13385,.T.);
#14358=ADVANCED_FACE('',(#426),#13386,.F.);
#14359=ADVANCED_FACE('',(#427),#13387,.T.);
#14360=ADVANCED_FACE('',(#428),#13388,.T.);
#14361=ADVANCED_FACE('',(#429),#13389,.T.);
#14362=ADVANCED_FACE('',(#430),#13390,.T.);
#14363=ADVANCED_FACE('',(#431),#13391,.T.);
#14364=ADVANCED_FACE('',(#432),#13392,.F.);
#14365=ADVANCED_FACE('',(#433),#13393,.T.);
#14366=ADVANCED_FACE('',(#434),#13394,.T.);
#14367=ADVANCED_FACE('',(#435),#13395,.T.);
#14368=ADVANCED_FACE('',(#436),#13396,.T.);
#14369=ADVANCED_FACE('',(#437),#13397,.T.);
#14370=ADVANCED_FACE('',(#438),#13398,.F.);
#14371=ADVANCED_FACE('',(#439),#13399,.T.);
#14372=ADVANCED_FACE('',(#440),#13400,.T.);
#14373=ADVANCED_FACE('',(#441),#13401,.T.);
#14374=ADVANCED_FACE('',(#442),#13402,.T.);
#14375=ADVANCED_FACE('',(#443),#13403,.T.);
#14376=ADVANCED_FACE('',(#444),#13404,.F.);
#14377=ADVANCED_FACE('',(#445),#13405,.T.);
#14378=ADVANCED_FACE('',(#446),#13406,.T.);
#14379=ADVANCED_FACE('',(#447),#13407,.T.);
#14380=ADVANCED_FACE('',(#448),#13408,.T.);
#14381=ADVANCED_FACE('',(#449),#13409,.T.);
#14382=ADVANCED_FACE('',(#450),#13410,.F.);
#14383=ADVANCED_FACE('',(#451),#13411,.T.);
#14384=ADVANCED_FACE('',(#452),#13412,.T.);
#14385=ADVANCED_FACE('',(#453),#13413,.T.);
#14386=ADVANCED_FACE('',(#454),#13414,.T.);
#14387=ADVANCED_FACE('',(#455),#13415,.T.);
#14388=ADVANCED_FACE('',(#456),#13416,.F.);
#14389=ADVANCED_FACE('',(#457),#13417,.T.);
#14390=ADVANCED_FACE('',(#458),#13418,.T.);
#14391=ADVANCED_FACE('',(#459),#13419,.T.);
#14392=ADVANCED_FACE('',(#460),#13420,.T.);
#14393=ADVANCED_FACE('',(#461),#13421,.T.);
#14394=ADVANCED_FACE('',(#462),#13422,.F.);
#14395=ADVANCED_FACE('',(#463),#13423,.T.);
#14396=ADVANCED_FACE('',(#464),#13424,.T.);
#14397=ADVANCED_FACE('',(#465),#13425,.T.);
#14398=ADVANCED_FACE('',(#466),#13426,.T.);
#14399=ADVANCED_FACE('',(#467),#13427,.T.);
#14400=ADVANCED_FACE('',(#468),#13428,.F.);
#14401=ADVANCED_FACE('',(#469),#13429,.T.);
#14402=ADVANCED_FACE('',(#470),#13430,.T.);
#14403=ADVANCED_FACE('',(#471),#13431,.T.);
#14404=ADVANCED_FACE('',(#472),#13432,.T.);
#14405=ADVANCED_FACE('',(#473),#13433,.T.);
#14406=ADVANCED_FACE('',(#474),#13434,.F.);
#14407=ADVANCED_FACE('',(#475),#13435,.T.);
#14408=ADVANCED_FACE('',(#476),#13436,.T.);
#14409=ADVANCED_FACE('',(#477),#13437,.T.);
#14410=ADVANCED_FACE('',(#478),#13438,.T.);
#14411=ADVANCED_FACE('',(#479),#13439,.T.);
#14412=ADVANCED_FACE('',(#480),#13440,.F.);
#14413=ADVANCED_FACE('',(#481),#13441,.T.);
#14414=ADVANCED_FACE('',(#482),#13442,.T.);
#14415=ADVANCED_FACE('',(#483),#13443,.T.);
#14416=ADVANCED_FACE('',(#484),#13444,.T.);
#14417=ADVANCED_FACE('',(#485),#13445,.T.);
#14418=ADVANCED_FACE('',(#486),#13446,.F.);
#14419=ADVANCED_FACE('',(#487),#13447,.T.);
#14420=ADVANCED_FACE('',(#488),#13448,.T.);
#14421=ADVANCED_FACE('',(#489),#13449,.T.);
#14422=ADVANCED_FACE('',(#490),#13450,.T.);
#14423=ADVANCED_FACE('',(#491),#13451,.T.);
#14424=ADVANCED_FACE('',(#492),#13452,.F.);
#14425=ADVANCED_FACE('',(#493),#13453,.T.);
#14426=ADVANCED_FACE('',(#494),#13454,.T.);
#14427=ADVANCED_FACE('',(#495),#13455,.T.);
#14428=ADVANCED_FACE('',(#496),#13456,.T.);
#14429=ADVANCED_FACE('',(#497),#13457,.T.);
#14430=ADVANCED_FACE('',(#498),#13458,.F.);
#14431=ADVANCED_FACE('',(#499),#13459,.T.);
#14432=ADVANCED_FACE('',(#500),#13460,.T.);
#14433=ADVANCED_FACE('',(#501),#13461,.T.);
#14434=ADVANCED_FACE('',(#502),#13462,.T.);
#14435=ADVANCED_FACE('',(#503),#13463,.T.);
#14436=ADVANCED_FACE('',(#504),#13464,.F.);
#14437=ADVANCED_FACE('',(#505),#13465,.T.);
#14438=ADVANCED_FACE('',(#506),#13466,.T.);
#14439=ADVANCED_FACE('',(#507),#13467,.T.);
#14440=ADVANCED_FACE('',(#508),#13468,.T.);
#14441=ADVANCED_FACE('',(#509),#13469,.T.);
#14442=ADVANCED_FACE('',(#510),#13470,.F.);
#14443=ADVANCED_FACE('',(#511),#13471,.T.);
#14444=ADVANCED_FACE('',(#512),#13472,.T.);
#14445=ADVANCED_FACE('',(#513),#13473,.T.);
#14446=ADVANCED_FACE('',(#514),#13474,.T.);
#14447=ADVANCED_FACE('',(#515),#13475,.T.);
#14448=ADVANCED_FACE('',(#516),#13476,.F.);
#14449=ADVANCED_FACE('',(#517),#13477,.T.);
#14450=ADVANCED_FACE('',(#518),#13478,.T.);
#14451=ADVANCED_FACE('',(#519),#13479,.T.);
#14452=ADVANCED_FACE('',(#520),#13480,.T.);
#14453=ADVANCED_FACE('',(#521),#13481,.T.);
#14454=ADVANCED_FACE('',(#522),#13482,.F.);
#14455=ADVANCED_FACE('',(#523),#13483,.T.);
#14456=ADVANCED_FACE('',(#524),#13484,.T.);
#14457=ADVANCED_FACE('',(#525),#13485,.T.);
#14458=ADVANCED_FACE('',(#526),#13486,.T.);
#14459=ADVANCED_FACE('',(#527),#13487,.T.);
#14460=ADVANCED_FACE('',(#528),#13488,.F.);
#14461=ADVANCED_FACE('',(#529),#13489,.T.);
#14462=ADVANCED_FACE('',(#530),#13490,.T.);
#14463=ADVANCED_FACE('',(#531),#13491,.T.);
#14464=ADVANCED_FACE('',(#532),#13492,.T.);
#14465=ADVANCED_FACE('',(#533),#13493,.T.);
#14466=ADVANCED_FACE('',(#534),#13494,.F.);
#14467=ADVANCED_FACE('',(#535),#13495,.T.);
#14468=ADVANCED_FACE('',(#536),#13496,.T.);
#14469=ADVANCED_FACE('',(#537),#13497,.T.);
#14470=ADVANCED_FACE('',(#538),#13498,.T.);
#14471=ADVANCED_FACE('',(#539),#13499,.T.);
#14472=ADVANCED_FACE('',(#540),#13500,.F.);
#14473=ADVANCED_FACE('',(#541),#13501,.T.);
#14474=ADVANCED_FACE('',(#542),#13502,.T.);
#14475=ADVANCED_FACE('',(#543),#13503,.T.);
#14476=ADVANCED_FACE('',(#544),#13504,.T.);
#14477=ADVANCED_FACE('',(#545),#13505,.T.);
#14478=ADVANCED_FACE('',(#546),#13506,.F.);
#14479=ADVANCED_FACE('',(#547),#13507,.T.);
#14480=ADVANCED_FACE('',(#548),#13508,.T.);
#14481=ADVANCED_FACE('',(#549),#13509,.T.);
#14482=ADVANCED_FACE('',(#550),#13510,.T.);
#14483=ADVANCED_FACE('',(#551),#13511,.T.);
#14484=ADVANCED_FACE('',(#552),#13512,.F.);
#14485=ADVANCED_FACE('',(#553),#13513,.T.);
#14486=ADVANCED_FACE('',(#554),#13514,.T.);
#14487=ADVANCED_FACE('',(#555),#13515,.T.);
#14488=ADVANCED_FACE('',(#556),#13516,.T.);
#14489=ADVANCED_FACE('',(#557),#13517,.T.);
#14490=ADVANCED_FACE('',(#558),#13518,.F.);
#14491=ADVANCED_FACE('',(#559),#13519,.T.);
#14492=ADVANCED_FACE('',(#560),#13520,.T.);
#14493=ADVANCED_FACE('',(#561),#13521,.T.);
#14494=ADVANCED_FACE('',(#562),#13522,.T.);
#14495=ADVANCED_FACE('',(#563),#13523,.T.);
#14496=ADVANCED_FACE('',(#564),#13524,.F.);
#14497=ADVANCED_FACE('',(#565),#13525,.T.);
#14498=ADVANCED_FACE('',(#566),#13526,.T.);
#14499=ADVANCED_FACE('',(#567),#13527,.T.);
#14500=ADVANCED_FACE('',(#568),#13528,.T.);
#14501=ADVANCED_FACE('',(#569),#13529,.T.);
#14502=ADVANCED_FACE('',(#570),#13530,.F.);
#14503=ADVANCED_FACE('',(#571),#13531,.T.);
#14504=ADVANCED_FACE('',(#572),#13532,.T.);
#14505=ADVANCED_FACE('',(#573),#13533,.T.);
#14506=ADVANCED_FACE('',(#574),#13534,.T.);
#14507=ADVANCED_FACE('',(#575),#13535,.T.);
#14508=ADVANCED_FACE('',(#576),#13536,.F.);
#14509=ADVANCED_FACE('',(#577),#13537,.T.);
#14510=ADVANCED_FACE('',(#578),#13538,.T.);
#14511=ADVANCED_FACE('',(#579),#13539,.T.);
#14512=ADVANCED_FACE('',(#580),#13540,.T.);
#14513=ADVANCED_FACE('',(#581),#13541,.T.);
#14514=ADVANCED_FACE('',(#582),#13542,.F.);
#14515=ADVANCED_FACE('',(#583),#13543,.T.);
#14516=ADVANCED_FACE('',(#584),#13544,.T.);
#14517=ADVANCED_FACE('',(#585),#13545,.T.);
#14518=ADVANCED_FACE('',(#586),#13546,.T.);
#14519=ADVANCED_FACE('',(#587),#13547,.T.);
#14520=ADVANCED_FACE('',(#588),#13548,.F.);
#14521=ADVANCED_FACE('',(#589),#13549,.T.);
#14522=ADVANCED_FACE('',(#590),#13550,.T.);
#14523=ADVANCED_FACE('',(#591),#13551,.T.);
#14524=ADVANCED_FACE('',(#592),#13552,.T.);
#14525=ADVANCED_FACE('',(#593),#13553,.T.);
#14526=ADVANCED_FACE('',(#594),#13554,.F.);
#14527=ADVANCED_FACE('',(#595),#13555,.T.);
#14528=ADVANCED_FACE('',(#596),#13556,.T.);
#14529=ADVANCED_FACE('',(#597),#13557,.T.);
#14530=ADVANCED_FACE('',(#598),#13558,.T.);
#14531=ADVANCED_FACE('',(#599),#13559,.T.);
#14532=ADVANCED_FACE('',(#600),#13560,.F.);
#14533=ADVANCED_FACE('',(#601),#13561,.T.);
#14534=ADVANCED_FACE('',(#602),#13562,.T.);
#14535=ADVANCED_FACE('',(#603),#13563,.T.);
#14536=ADVANCED_FACE('',(#604),#13564,.T.);
#14537=ADVANCED_FACE('',(#605),#13565,.T.);
#14538=ADVANCED_FACE('',(#606),#13566,.F.);
#14539=ADVANCED_FACE('',(#607),#13567,.T.);
#14540=ADVANCED_FACE('',(#608),#13568,.T.);
#14541=ADVANCED_FACE('',(#609),#13569,.T.);
#14542=ADVANCED_FACE('',(#610),#13570,.T.);
#14543=ADVANCED_FACE('',(#611),#13571,.T.);
#14544=ADVANCED_FACE('',(#612),#13572,.F.);
#14545=ADVANCED_FACE('',(#613),#13573,.T.);
#14546=ADVANCED_FACE('',(#614),#13574,.T.);
#14547=ADVANCED_FACE('',(#615),#13575,.T.);
#14548=ADVANCED_FACE('',(#616),#13576,.T.);
#14549=ADVANCED_FACE('',(#617),#13577,.T.);
#14550=ADVANCED_FACE('',(#618),#13578,.F.);
#14551=ADVANCED_FACE('',(#619),#13579,.T.);
#14552=ADVANCED_FACE('',(#620),#13580,.T.);
#14553=ADVANCED_FACE('',(#621),#13581,.T.);
#14554=ADVANCED_FACE('',(#622),#13582,.T.);
#14555=ADVANCED_FACE('',(#623),#13583,.T.);
#14556=ADVANCED_FACE('',(#624),#13584,.F.);
#14557=ADVANCED_FACE('',(#625),#13585,.T.);
#14558=ADVANCED_FACE('',(#626),#13586,.T.);
#14559=ADVANCED_FACE('',(#627),#13587,.T.);
#14560=ADVANCED_FACE('',(#628),#13588,.T.);
#14561=ADVANCED_FACE('',(#629),#13589,.T.);
#14562=ADVANCED_FACE('',(#630),#13590,.F.);
#14563=ADVANCED_FACE('',(#631),#13591,.T.);
#14564=ADVANCED_FACE('',(#632),#13592,.T.);
#14565=ADVANCED_FACE('',(#633),#13593,.T.);
#14566=ADVANCED_FACE('',(#634),#13594,.T.);
#14567=ADVANCED_FACE('',(#635),#13595,.T.);
#14568=ADVANCED_FACE('',(#636),#13596,.F.);
#14569=ADVANCED_FACE('',(#637),#13597,.T.);
#14570=ADVANCED_FACE('',(#638),#13598,.T.);
#14571=ADVANCED_FACE('',(#639),#13599,.T.);
#14572=ADVANCED_FACE('',(#640),#13600,.T.);
#14573=ADVANCED_FACE('',(#641),#13601,.T.);
#14574=ADVANCED_FACE('',(#642),#13602,.F.);
#14575=ADVANCED_FACE('',(#643),#13603,.T.);
#14576=ADVANCED_FACE('',(#644),#13604,.T.);
#14577=ADVANCED_FACE('',(#645),#13605,.T.);
#14578=ADVANCED_FACE('',(#646),#13606,.T.);
#14579=ADVANCED_FACE('',(#647),#13607,.T.);
#14580=ADVANCED_FACE('',(#648),#13608,.F.);
#14581=ADVANCED_FACE('',(#649),#13609,.T.);
#14582=ADVANCED_FACE('',(#650),#13610,.T.);
#14583=ADVANCED_FACE('',(#651),#13611,.T.);
#14584=ADVANCED_FACE('',(#652),#13612,.T.);
#14585=ADVANCED_FACE('',(#653),#13613,.T.);
#14586=ADVANCED_FACE('',(#654),#13614,.F.);
#14587=ADVANCED_FACE('',(#655),#13615,.T.);
#14588=ADVANCED_FACE('',(#656),#13616,.T.);
#14589=ADVANCED_FACE('',(#657),#13617,.T.);
#14590=ADVANCED_FACE('',(#658),#13618,.T.);
#14591=ADVANCED_FACE('',(#659),#13619,.T.);
#14592=ADVANCED_FACE('',(#660),#13620,.F.);
#14593=ADVANCED_FACE('',(#661),#13621,.T.);
#14594=ADVANCED_FACE('',(#662),#13622,.T.);
#14595=ADVANCED_FACE('',(#663),#13623,.T.);
#14596=ADVANCED_FACE('',(#664),#13624,.T.);
#14597=ADVANCED_FACE('',(#665),#13625,.T.);
#14598=ADVANCED_FACE('',(#666),#13626,.F.);
#14599=ADVANCED_FACE('',(#667),#13627,.T.);
#14600=ADVANCED_FACE('',(#668),#13628,.T.);
#14601=ADVANCED_FACE('',(#669),#13629,.T.);
#14602=ADVANCED_FACE('',(#670),#13630,.T.);
#14603=ADVANCED_FACE('',(#671),#13631,.T.);
#14604=ADVANCED_FACE('',(#672),#13632,.F.);
#14605=ADVANCED_FACE('',(#673),#13633,.T.);
#14606=ADVANCED_FACE('',(#674),#13634,.T.);
#14607=ADVANCED_FACE('',(#675),#13635,.T.);
#14608=ADVANCED_FACE('',(#676),#13636,.T.);
#14609=ADVANCED_FACE('',(#677),#13637,.T.);
#14610=ADVANCED_FACE('',(#678),#13638,.F.);
#14611=ADVANCED_FACE('',(#679),#13639,.T.);
#14612=ADVANCED_FACE('',(#680),#13640,.T.);
#14613=ADVANCED_FACE('',(#681),#13641,.T.);
#14614=ADVANCED_FACE('',(#682),#13642,.T.);
#14615=ADVANCED_FACE('',(#683),#13643,.T.);
#14616=ADVANCED_FACE('',(#684),#13644,.F.);
#14617=ADVANCED_FACE('',(#685),#13645,.T.);
#14618=ADVANCED_FACE('',(#686),#13646,.T.);
#14619=ADVANCED_FACE('',(#687),#13647,.T.);
#14620=ADVANCED_FACE('',(#688),#13648,.T.);
#14621=ADVANCED_FACE('',(#689),#13649,.T.);
#14622=ADVANCED_FACE('',(#690),#13650,.F.);
#14623=ADVANCED_FACE('',(#691),#13651,.T.);
#14624=ADVANCED_FACE('',(#692),#13652,.T.);
#14625=ADVANCED_FACE('',(#693),#13653,.T.);
#14626=ADVANCED_FACE('',(#694),#13654,.T.);
#14627=ADVANCED_FACE('',(#695),#13655,.T.);
#14628=ADVANCED_FACE('',(#696),#13656,.F.);
#14629=ADVANCED_FACE('',(#697),#13657,.T.);
#14630=ADVANCED_FACE('',(#698),#13658,.T.);
#14631=ADVANCED_FACE('',(#699),#13659,.T.);
#14632=ADVANCED_FACE('',(#700),#13660,.T.);
#14633=ADVANCED_FACE('',(#701),#13661,.T.);
#14634=ADVANCED_FACE('',(#702),#13662,.F.);
#14635=ADVANCED_FACE('',(#703),#13663,.T.);
#14636=ADVANCED_FACE('',(#704),#13664,.T.);
#14637=ADVANCED_FACE('',(#705),#13665,.T.);
#14638=ADVANCED_FACE('',(#706),#13666,.T.);
#14639=ADVANCED_FACE('',(#707),#13667,.T.);
#14640=ADVANCED_FACE('',(#708),#13668,.F.);
#14641=ADVANCED_FACE('',(#709),#13669,.T.);
#14642=ADVANCED_FACE('',(#710),#13670,.T.);
#14643=ADVANCED_FACE('',(#711),#13671,.T.);
#14644=ADVANCED_FACE('',(#712),#13672,.T.);
#14645=ADVANCED_FACE('',(#713),#13673,.T.);
#14646=ADVANCED_FACE('',(#714),#13674,.F.);
#14647=ADVANCED_FACE('',(#715),#13675,.T.);
#14648=ADVANCED_FACE('',(#716),#13676,.T.);
#14649=ADVANCED_FACE('',(#717),#13677,.T.);
#14650=ADVANCED_FACE('',(#718),#13678,.T.);
#14651=ADVANCED_FACE('',(#719),#13679,.T.);
#14652=ADVANCED_FACE('',(#720),#13680,.F.);
#14653=ADVANCED_FACE('',(#721),#13681,.T.);
#14654=ADVANCED_FACE('',(#722),#13682,.T.);
#14655=ADVANCED_FACE('',(#723),#13683,.T.);
#14656=ADVANCED_FACE('',(#724),#13684,.T.);
#14657=ADVANCED_FACE('',(#725),#13685,.T.);
#14658=ADVANCED_FACE('',(#726),#13686,.F.);
#14659=ADVANCED_FACE('',(#727),#13687,.T.);
#14660=ADVANCED_FACE('',(#728),#13688,.T.);
#14661=ADVANCED_FACE('',(#729),#13689,.T.);
#14662=ADVANCED_FACE('',(#730),#13690,.T.);
#14663=ADVANCED_FACE('',(#731),#13691,.T.);
#14664=ADVANCED_FACE('',(#732),#13692,.F.);
#14665=ADVANCED_FACE('',(#733),#13693,.T.);
#14666=ADVANCED_FACE('',(#734),#13694,.T.);
#14667=ADVANCED_FACE('',(#735),#13695,.T.);
#14668=ADVANCED_FACE('',(#736),#13696,.T.);
#14669=ADVANCED_FACE('',(#737),#13697,.T.);
#14670=ADVANCED_FACE('',(#738),#13698,.F.);
#14671=ADVANCED_FACE('',(#739),#13699,.T.);
#14672=ADVANCED_FACE('',(#740),#13700,.T.);
#14673=ADVANCED_FACE('',(#741),#13701,.T.);
#14674=ADVANCED_FACE('',(#742),#13702,.T.);
#14675=ADVANCED_FACE('',(#743),#13703,.T.);
#14676=ADVANCED_FACE('',(#744),#13704,.F.);
#14677=ADVANCED_FACE('',(#745),#13705,.T.);
#14678=ADVANCED_FACE('',(#746),#13706,.T.);
#14679=ADVANCED_FACE('',(#747),#13707,.T.);
#14680=ADVANCED_FACE('',(#748),#13708,.T.);
#14681=ADVANCED_FACE('',(#749),#13709,.T.);
#14682=ADVANCED_FACE('',(#750),#13710,.F.);
#14683=ADVANCED_FACE('',(#751),#13711,.T.);
#14684=ADVANCED_FACE('',(#752),#13712,.T.);
#14685=ADVANCED_FACE('',(#753),#13713,.T.);
#14686=ADVANCED_FACE('',(#754),#13714,.T.);
#14687=ADVANCED_FACE('',(#755),#13715,.T.);
#14688=ADVANCED_FACE('',(#756),#13716,.F.);
#14689=ADVANCED_FACE('',(#757),#13717,.T.);
#14690=ADVANCED_FACE('',(#758),#13718,.T.);
#14691=ADVANCED_FACE('',(#759),#13719,.T.);
#14692=ADVANCED_FACE('',(#760),#13720,.T.);
#14693=ADVANCED_FACE('',(#761),#13721,.T.);
#14694=ADVANCED_FACE('',(#762),#13722,.F.);
#14695=ADVANCED_FACE('',(#763),#13723,.T.);
#14696=ADVANCED_FACE('',(#764),#13724,.T.);
#14697=ADVANCED_FACE('',(#765),#13725,.T.);
#14698=ADVANCED_FACE('',(#766),#13726,.T.);
#14699=ADVANCED_FACE('',(#767),#13727,.T.);
#14700=ADVANCED_FACE('',(#768),#13728,.F.);
#14701=ADVANCED_FACE('',(#769),#13729,.T.);
#14702=ADVANCED_FACE('',(#770),#13730,.T.);
#14703=ADVANCED_FACE('',(#771),#13731,.T.);
#14704=ADVANCED_FACE('',(#772),#13732,.T.);
#14705=ADVANCED_FACE('',(#773),#13733,.T.);
#14706=ADVANCED_FACE('',(#774),#13734,.F.);
#14707=ADVANCED_FACE('',(#775),#13735,.T.);
#14708=ADVANCED_FACE('',(#776),#13736,.T.);
#14709=ADVANCED_FACE('',(#777),#13737,.T.);
#14710=ADVANCED_FACE('',(#778),#13738,.T.);
#14711=ADVANCED_FACE('',(#779),#13739,.T.);
#14712=ADVANCED_FACE('',(#780),#13740,.F.);
#14713=ADVANCED_FACE('',(#781),#13741,.T.);
#14714=ADVANCED_FACE('',(#782),#13742,.T.);
#14715=ADVANCED_FACE('',(#783),#13743,.T.);
#14716=ADVANCED_FACE('',(#784),#13744,.T.);
#14717=ADVANCED_FACE('',(#785),#13745,.T.);
#14718=ADVANCED_FACE('',(#786),#13746,.F.);
#14719=ADVANCED_FACE('',(#787),#13747,.T.);
#14720=ADVANCED_FACE('',(#788),#13748,.T.);
#14721=ADVANCED_FACE('',(#789),#13749,.T.);
#14722=ADVANCED_FACE('',(#790),#13750,.T.);
#14723=ADVANCED_FACE('',(#791),#13751,.T.);
#14724=ADVANCED_FACE('',(#792),#13752,.F.);
#14725=ADVANCED_FACE('',(#793),#13753,.T.);
#14726=ADVANCED_FACE('',(#794),#13754,.T.);
#14727=ADVANCED_FACE('',(#795),#13755,.T.);
#14728=ADVANCED_FACE('',(#796),#13756,.T.);
#14729=ADVANCED_FACE('',(#797),#13757,.T.);
#14730=ADVANCED_FACE('',(#798),#13758,.F.);
#14731=ADVANCED_FACE('',(#799),#13759,.T.);
#14732=ADVANCED_FACE('',(#800),#13760,.T.);
#14733=ADVANCED_FACE('',(#801),#13761,.T.);
#14734=ADVANCED_FACE('',(#802),#13762,.T.);
#14735=ADVANCED_FACE('',(#803),#13763,.T.);
#14736=ADVANCED_FACE('',(#804),#13764,.F.);
#14737=ADVANCED_FACE('',(#805),#13765,.T.);
#14738=ADVANCED_FACE('',(#806),#13766,.T.);
#14739=ADVANCED_FACE('',(#807),#13767,.T.);
#14740=ADVANCED_FACE('',(#808),#13768,.T.);
#14741=ADVANCED_FACE('',(#809),#13769,.T.);
#14742=ADVANCED_FACE('',(#810),#13770,.F.);
#14743=ADVANCED_FACE('',(#811),#13771,.T.);
#14744=ADVANCED_FACE('',(#812),#13772,.T.);
#14745=ADVANCED_FACE('',(#813),#13773,.T.);
#14746=ADVANCED_FACE('',(#814),#13774,.T.);
#14747=ADVANCED_FACE('',(#815),#13775,.T.);
#14748=ADVANCED_FACE('',(#816),#13776,.F.);
#14749=ADVANCED_FACE('',(#817),#13777,.T.);
#14750=ADVANCED_FACE('',(#818),#13778,.T.);
#14751=ADVANCED_FACE('',(#819),#13779,.T.);
#14752=ADVANCED_FACE('',(#820),#13780,.T.);
#14753=ADVANCED_FACE('',(#821),#13781,.T.);
#14754=ADVANCED_FACE('',(#822),#13782,.F.);
#14755=ADVANCED_FACE('',(#823),#13783,.T.);
#14756=ADVANCED_FACE('',(#824),#13784,.T.);
#14757=ADVANCED_FACE('',(#825),#13785,.T.);
#14758=ADVANCED_FACE('',(#826),#13786,.T.);
#14759=ADVANCED_FACE('',(#827),#13787,.T.);
#14760=ADVANCED_FACE('',(#828),#13788,.F.);
#14761=ADVANCED_FACE('',(#829),#13789,.T.);
#14762=ADVANCED_FACE('',(#830),#13790,.T.);
#14763=ADVANCED_FACE('',(#831),#13791,.T.);
#14764=ADVANCED_FACE('',(#832),#13792,.T.);
#14765=ADVANCED_FACE('',(#833),#13793,.T.);
#14766=ADVANCED_FACE('',(#834),#13794,.F.);
#14767=ADVANCED_FACE('',(#835),#13795,.T.);
#14768=ADVANCED_FACE('',(#836),#13796,.T.);
#14769=ADVANCED_FACE('',(#837),#13797,.T.);
#14770=ADVANCED_FACE('',(#838),#13798,.T.);
#14771=ADVANCED_FACE('',(#839),#13799,.T.);
#14772=ADVANCED_FACE('',(#840),#13800,.F.);
#14773=ADVANCED_FACE('',(#841),#13801,.T.);
#14774=ADVANCED_FACE('',(#842),#13802,.T.);
#14775=ADVANCED_FACE('',(#843),#13803,.T.);
#14776=ADVANCED_FACE('',(#844),#13804,.T.);
#14777=ADVANCED_FACE('',(#845),#13805,.T.);
#14778=ADVANCED_FACE('',(#846),#13806,.F.);
#14779=ADVANCED_FACE('',(#847),#13807,.T.);
#14780=ADVANCED_FACE('',(#848),#13808,.T.);
#14781=ADVANCED_FACE('',(#849),#13809,.T.);
#14782=ADVANCED_FACE('',(#850),#13810,.T.);
#14783=ADVANCED_FACE('',(#851),#13811,.T.);
#14784=ADVANCED_FACE('',(#852),#13812,.F.);
#14785=ADVANCED_FACE('',(#853),#13813,.T.);
#14786=ADVANCED_FACE('',(#854),#13814,.T.);
#14787=ADVANCED_FACE('',(#855),#13815,.T.);
#14788=ADVANCED_FACE('',(#856),#13816,.T.);
#14789=ADVANCED_FACE('',(#857),#13817,.T.);
#14790=ADVANCED_FACE('',(#858),#13818,.F.);
#14791=ADVANCED_FACE('',(#859),#13819,.T.);
#14792=ADVANCED_FACE('',(#860),#13820,.T.);
#14793=ADVANCED_FACE('',(#861),#13821,.T.);
#14794=ADVANCED_FACE('',(#862),#13822,.T.);
#14795=ADVANCED_FACE('',(#863),#13823,.T.);
#14796=ADVANCED_FACE('',(#864),#13824,.F.);
#14797=ADVANCED_FACE('',(#865),#13825,.T.);
#14798=ADVANCED_FACE('',(#866),#13826,.T.);
#14799=ADVANCED_FACE('',(#867),#13827,.T.);
#14800=ADVANCED_FACE('',(#868),#13828,.T.);
#14801=ADVANCED_FACE('',(#869),#13829,.T.);
#14802=ADVANCED_FACE('',(#870),#13830,.F.);
#14803=ADVANCED_FACE('',(#871),#13831,.T.);
#14804=ADVANCED_FACE('',(#872),#13832,.T.);
#14805=ADVANCED_FACE('',(#873),#13833,.T.);
#14806=ADVANCED_FACE('',(#874),#13834,.T.);
#14807=ADVANCED_FACE('',(#875),#13835,.T.);
#14808=ADVANCED_FACE('',(#876),#13836,.F.);
#14809=ADVANCED_FACE('',(#877),#13837,.T.);
#14810=ADVANCED_FACE('',(#878),#13838,.T.);
#14811=ADVANCED_FACE('',(#879),#13839,.T.);
#14812=ADVANCED_FACE('',(#880),#13840,.T.);
#14813=ADVANCED_FACE('',(#881),#13841,.T.);
#14814=ADVANCED_FACE('',(#882),#13842,.F.);
#14815=ADVANCED_FACE('',(#883),#13843,.T.);
#14816=ADVANCED_FACE('',(#884),#13844,.T.);
#14817=ADVANCED_FACE('',(#885),#13845,.T.);
#14818=ADVANCED_FACE('',(#886),#13846,.T.);
#14819=ADVANCED_FACE('',(#887),#13847,.T.);
#14820=ADVANCED_FACE('',(#888),#13848,.F.);
#14821=ADVANCED_FACE('',(#889),#13849,.T.);
#14822=ADVANCED_FACE('',(#890),#13850,.T.);
#14823=ADVANCED_FACE('',(#891),#13851,.T.);
#14824=ADVANCED_FACE('',(#892),#13852,.T.);
#14825=ADVANCED_FACE('',(#893),#13853,.T.);
#14826=ADVANCED_FACE('',(#894),#13854,.F.);
#14827=ADVANCED_FACE('',(#895),#13855,.T.);
#14828=ADVANCED_FACE('',(#896),#13856,.T.);
#14829=ADVANCED_FACE('',(#897),#13857,.T.);
#14830=ADVANCED_FACE('',(#898),#13858,.T.);
#14831=ADVANCED_FACE('',(#899),#13859,.T.);
#14832=ADVANCED_FACE('',(#900),#13860,.F.);
#14833=ADVANCED_FACE('',(#901),#13861,.T.);
#14834=ADVANCED_FACE('',(#902),#13862,.T.);
#14835=ADVANCED_FACE('',(#903),#13863,.T.);
#14836=ADVANCED_FACE('',(#904),#13864,.T.);
#14837=ADVANCED_FACE('',(#905),#13865,.T.);
#14838=ADVANCED_FACE('',(#906),#13866,.F.);
#14839=ADVANCED_FACE('',(#907),#13867,.T.);
#14840=ADVANCED_FACE('',(#908),#13868,.T.);
#14841=ADVANCED_FACE('',(#909),#13869,.T.);
#14842=ADVANCED_FACE('',(#910),#13870,.T.);
#14843=ADVANCED_FACE('',(#911),#13871,.T.);
#14844=ADVANCED_FACE('',(#912),#13872,.F.);
#14845=ADVANCED_FACE('',(#913),#13873,.T.);
#14846=ADVANCED_FACE('',(#914),#13874,.T.);
#14847=ADVANCED_FACE('',(#915),#13875,.T.);
#14848=ADVANCED_FACE('',(#916),#13876,.T.);
#14849=ADVANCED_FACE('',(#917),#13877,.T.);
#14850=ADVANCED_FACE('',(#918),#13878,.F.);
#14851=ADVANCED_FACE('',(#919),#13879,.T.);
#14852=ADVANCED_FACE('',(#920),#13880,.T.);
#14853=ADVANCED_FACE('',(#921),#13881,.T.);
#14854=ADVANCED_FACE('',(#922),#13882,.T.);
#14855=ADVANCED_FACE('',(#923),#13883,.T.);
#14856=ADVANCED_FACE('',(#924),#13884,.F.);
#14857=ADVANCED_FACE('',(#925),#13885,.T.);
#14858=ADVANCED_FACE('',(#926),#13886,.T.);
#14859=ADVANCED_FACE('',(#927),#13887,.T.);
#14860=ADVANCED_FACE('',(#928),#13888,.T.);
#14861=ADVANCED_FACE('',(#929),#13889,.T.);
#14862=ADVANCED_FACE('',(#930),#13890,.F.);
#14863=ADVANCED_FACE('',(#931),#13891,.T.);
#14864=ADVANCED_FACE('',(#932),#13892,.T.);
#14865=ADVANCED_FACE('',(#933),#13893,.T.);
#14866=ADVANCED_FACE('',(#934),#13894,.T.);
#14867=ADVANCED_FACE('',(#935),#13895,.T.);
#14868=ADVANCED_FACE('',(#936),#13896,.F.);
#14869=ADVANCED_FACE('',(#937),#13897,.T.);
#14870=ADVANCED_FACE('',(#938),#13898,.T.);
#14871=ADVANCED_FACE('',(#939),#13899,.T.);
#14872=ADVANCED_FACE('',(#940),#13900,.T.);
#14873=ADVANCED_FACE('',(#941),#13901,.T.);
#14874=ADVANCED_FACE('',(#942),#13902,.F.);
#14875=ADVANCED_FACE('',(#943),#13903,.T.);
#14876=ADVANCED_FACE('',(#944),#13904,.T.);
#14877=ADVANCED_FACE('',(#945),#13905,.T.);
#14878=ADVANCED_FACE('',(#946),#13906,.T.);
#14879=ADVANCED_FACE('',(#947),#13907,.T.);
#14880=ADVANCED_FACE('',(#948),#13908,.F.);
#14881=ADVANCED_FACE('',(#949),#13909,.T.);
#14882=ADVANCED_FACE('',(#950),#13910,.T.);
#14883=ADVANCED_FACE('',(#951),#13911,.T.);
#14884=ADVANCED_FACE('',(#952),#13912,.T.);
#14885=ADVANCED_FACE('',(#953),#13913,.T.);
#14886=ADVANCED_FACE('',(#954),#13914,.F.);
#14887=ADVANCED_FACE('',(#955),#13915,.T.);
#14888=ADVANCED_FACE('',(#956),#13916,.T.);
#14889=ADVANCED_FACE('',(#957),#13917,.T.);
#14890=ADVANCED_FACE('',(#958),#13918,.T.);
#14891=ADVANCED_FACE('',(#959),#13919,.T.);
#14892=ADVANCED_FACE('',(#960),#13920,.F.);
#14893=ADVANCED_FACE('',(#961),#13921,.T.);
#14894=ADVANCED_FACE('',(#962),#13922,.T.);
#14895=ADVANCED_FACE('',(#963),#13923,.T.);
#14896=ADVANCED_FACE('',(#964),#13924,.T.);
#14897=ADVANCED_FACE('',(#965),#13925,.T.);
#14898=ADVANCED_FACE('',(#966),#13926,.F.);
#14899=ADVANCED_FACE('',(#967),#13927,.T.);
#14900=ADVANCED_FACE('',(#968),#13928,.T.);
#14901=ADVANCED_FACE('',(#969),#13929,.T.);
#14902=ADVANCED_FACE('',(#970),#13930,.T.);
#14903=ADVANCED_FACE('',(#971),#13931,.T.);
#14904=ADVANCED_FACE('',(#972),#13932,.F.);
#14905=ADVANCED_FACE('',(#973),#13933,.T.);
#14906=ADVANCED_FACE('',(#974),#13934,.T.);
#14907=ADVANCED_FACE('',(#975),#13935,.T.);
#14908=ADVANCED_FACE('',(#976),#13936,.T.);
#14909=ADVANCED_FACE('',(#977),#13937,.T.);
#14910=ADVANCED_FACE('',(#978),#13938,.F.);
#14911=ADVANCED_FACE('',(#979),#13939,.T.);
#14912=ADVANCED_FACE('',(#980),#13940,.T.);
#14913=ADVANCED_FACE('',(#981),#13941,.T.);
#14914=ADVANCED_FACE('',(#982),#13942,.T.);
#14915=ADVANCED_FACE('',(#983),#13943,.T.);
#14916=ADVANCED_FACE('',(#984),#13944,.F.);
#14917=ADVANCED_FACE('',(#985),#13945,.T.);
#14918=ADVANCED_FACE('',(#986),#13946,.T.);
#14919=ADVANCED_FACE('',(#987),#13947,.T.);
#14920=ADVANCED_FACE('',(#988),#13948,.T.);
#14921=ADVANCED_FACE('',(#989),#13949,.T.);
#14922=ADVANCED_FACE('',(#990),#13950,.F.);
#14923=ADVANCED_FACE('',(#991),#13951,.T.);
#14924=ADVANCED_FACE('',(#992),#13952,.T.);
#14925=ADVANCED_FACE('',(#993),#13953,.T.);
#14926=ADVANCED_FACE('',(#994),#13954,.T.);
#14927=ADVANCED_FACE('',(#995),#13955,.T.);
#14928=ADVANCED_FACE('',(#996),#13956,.F.);
#14929=ADVANCED_FACE('',(#997),#13957,.T.);
#14930=ADVANCED_FACE('',(#998),#13958,.T.);
#14931=ADVANCED_FACE('',(#999),#13959,.T.);
#14932=ADVANCED_FACE('',(#1000),#13960,.T.);
#14933=ADVANCED_FACE('',(#1001),#13961,.T.);
#14934=ADVANCED_FACE('',(#1002),#13962,.F.);
#14935=ADVANCED_FACE('',(#1003),#13963,.T.);
#14936=ADVANCED_FACE('',(#1004),#13964,.T.);
#14937=ADVANCED_FACE('',(#1005),#13965,.T.);
#14938=ADVANCED_FACE('',(#1006),#13966,.T.);
#14939=ADVANCED_FACE('',(#1007),#13967,.T.);
#14940=ADVANCED_FACE('',(#1008),#13968,.F.);
#14941=ADVANCED_FACE('',(#1009),#13969,.T.);
#14942=ADVANCED_FACE('',(#1010),#13970,.T.);
#14943=ADVANCED_FACE('',(#1011),#13971,.T.);
#14944=ADVANCED_FACE('',(#1012),#13972,.T.);
#14945=ADVANCED_FACE('',(#1013),#13973,.T.);
#14946=ADVANCED_FACE('',(#1014),#13974,.F.);
#14947=ADVANCED_FACE('',(#1015),#13975,.T.);
#14948=ADVANCED_FACE('',(#1016),#13976,.T.);
#14949=ADVANCED_FACE('',(#1017),#13977,.T.);
#14950=ADVANCED_FACE('',(#1018),#13978,.T.);
#14951=ADVANCED_FACE('',(#1019),#13979,.T.);
#14952=ADVANCED_FACE('',(#1020),#13980,.F.);
#14953=ADVANCED_FACE('',(#1021),#13981,.T.);
#14954=ADVANCED_FACE('',(#1022),#13982,.T.);
#14955=ADVANCED_FACE('',(#1023),#13983,.T.);
#14956=ADVANCED_FACE('',(#1024),#13984,.T.);
#14957=ADVANCED_FACE('',(#1025),#13985,.T.);
#14958=ADVANCED_FACE('',(#1026),#13986,.F.);
#14959=ADVANCED_FACE('',(#1027),#13987,.T.);
#14960=ADVANCED_FACE('',(#1028),#13988,.T.);
#14961=ADVANCED_FACE('',(#1029),#13989,.T.);
#14962=ADVANCED_FACE('',(#1030),#13990,.T.);
#14963=ADVANCED_FACE('',(#1031),#13991,.T.);
#14964=ADVANCED_FACE('',(#1032),#13992,.F.);
#14965=ADVANCED_FACE('',(#1033),#13993,.T.);
#14966=ADVANCED_FACE('',(#1034),#13994,.T.);
#14967=ADVANCED_FACE('',(#1035),#13995,.T.);
#14968=ADVANCED_FACE('',(#1036),#13996,.T.);
#14969=ADVANCED_FACE('',(#1037),#13997,.T.);
#14970=ADVANCED_FACE('',(#1038),#13998,.F.);
#14971=ADVANCED_FACE('',(#1039),#13999,.T.);
#14972=ADVANCED_FACE('',(#1040),#14000,.T.);
#14973=ADVANCED_FACE('',(#1041),#14001,.T.);
#14974=ADVANCED_FACE('',(#1042),#14002,.T.);
#14975=ADVANCED_FACE('',(#1043),#14003,.T.);
#14976=ADVANCED_FACE('',(#1044),#14004,.F.);
#14977=ADVANCED_FACE('',(#1045),#14005,.T.);
#14978=ADVANCED_FACE('',(#1046),#14006,.T.);
#14979=ADVANCED_FACE('',(#1047),#14007,.T.);
#14980=ADVANCED_FACE('',(#1048),#14008,.T.);
#14981=ADVANCED_FACE('',(#1049),#14009,.T.);
#14982=ADVANCED_FACE('',(#1050),#14010,.F.);
#14983=ADVANCED_FACE('',(#1051),#14011,.T.);
#14984=ADVANCED_FACE('',(#1052),#14012,.T.);
#14985=ADVANCED_FACE('',(#1053),#14013,.T.);
#14986=ADVANCED_FACE('',(#1054),#14014,.T.);
#14987=ADVANCED_FACE('',(#1055),#14015,.T.);
#14988=ADVANCED_FACE('',(#1056),#14016,.F.);
#14989=ADVANCED_FACE('',(#1057),#14017,.T.);
#14990=ADVANCED_FACE('',(#1058),#14018,.T.);
#14991=ADVANCED_FACE('',(#1059),#14019,.T.);
#14992=ADVANCED_FACE('',(#1060),#14020,.T.);
#14993=ADVANCED_FACE('',(#1061),#14021,.T.);
#14994=ADVANCED_FACE('',(#1062),#14022,.F.);
#14995=ADVANCED_FACE('',(#1063),#14023,.T.);
#14996=ADVANCED_FACE('',(#1064),#14024,.T.);
#14997=ADVANCED_FACE('',(#1065),#14025,.T.);
#14998=ADVANCED_FACE('',(#1066),#14026,.T.);
#14999=ADVANCED_FACE('',(#1067),#14027,.T.);
#15000=ADVANCED_FACE('',(#1068),#14028,.F.);
#15001=ADVANCED_FACE('',(#1069),#14029,.T.);
#15002=ADVANCED_FACE('',(#1070),#14030,.T.);
#15003=ADVANCED_FACE('',(#1071),#14031,.T.);
#15004=ADVANCED_FACE('',(#1072),#14032,.T.);
#15005=ADVANCED_FACE('',(#1073),#14033,.T.);
#15006=ADVANCED_FACE('',(#1074),#14034,.F.);
#15007=ADVANCED_FACE('',(#1075),#14035,.T.);
#15008=ADVANCED_FACE('',(#1076),#14036,.T.);
#15009=ADVANCED_FACE('',(#1077),#14037,.T.);
#15010=ADVANCED_FACE('',(#1078),#14038,.T.);
#15011=ADVANCED_FACE('',(#1079),#14039,.T.);
#15012=ADVANCED_FACE('',(#1080),#14040,.F.);
#15013=ADVANCED_FACE('',(#1081),#14041,.T.);
#15014=ADVANCED_FACE('',(#1082),#14042,.T.);
#15015=ADVANCED_FACE('',(#1083),#14043,.T.);
#15016=ADVANCED_FACE('',(#1084),#14044,.T.);
#15017=ADVANCED_FACE('',(#1085),#14045,.T.);
#15018=ADVANCED_FACE('',(#1086),#14046,.F.);
#15019=ADVANCED_FACE('',(#1087),#14047,.T.);
#15020=ADVANCED_FACE('',(#1088),#14048,.T.);
#15021=ADVANCED_FACE('',(#1089),#14049,.T.);
#15022=ADVANCED_FACE('',(#1090),#14050,.T.);
#15023=ADVANCED_FACE('',(#1091),#14051,.T.);
#15024=ADVANCED_FACE('',(#1092),#14052,.F.);
#15025=ADVANCED_FACE('',(#1093),#14053,.T.);
#15026=ADVANCED_FACE('',(#1094),#14054,.T.);
#15027=ADVANCED_FACE('',(#1095),#14055,.T.);
#15028=ADVANCED_FACE('',(#1096),#14056,.T.);
#15029=ADVANCED_FACE('',(#1097),#14057,.T.);
#15030=ADVANCED_FACE('',(#1098),#14058,.F.);
#15031=ADVANCED_FACE('',(#1099),#14059,.T.);
#15032=ADVANCED_FACE('',(#1100),#14060,.T.);
#15033=ADVANCED_FACE('',(#1101),#14061,.T.);
#15034=ADVANCED_FACE('',(#1102),#14062,.T.);
#15035=ADVANCED_FACE('',(#1103),#14063,.T.);
#15036=ADVANCED_FACE('',(#1104),#14064,.F.);
#15037=ADVANCED_FACE('',(#1105),#14065,.T.);
#15038=ADVANCED_FACE('',(#1106),#14066,.T.);
#15039=ADVANCED_FACE('',(#1107),#14067,.T.);
#15040=ADVANCED_FACE('',(#1108),#14068,.T.);
#15041=ADVANCED_FACE('',(#1109),#14069,.T.);
#15042=ADVANCED_FACE('',(#1110),#14070,.F.);
#15043=ADVANCED_FACE('',(#1111),#14071,.T.);
#15044=ADVANCED_FACE('',(#1112),#14072,.T.);
#15045=ADVANCED_FACE('',(#1113),#14073,.T.);
#15046=ADVANCED_FACE('',(#1114),#14074,.T.);
#15047=ADVANCED_FACE('',(#1115),#14075,.T.);
#15048=ADVANCED_FACE('',(#1116),#14076,.F.);
#15049=ADVANCED_FACE('',(#1117),#14077,.T.);
#15050=ADVANCED_FACE('',(#1118),#14078,.T.);
#15051=ADVANCED_FACE('',(#1119),#14079,.T.);
#15052=ADVANCED_FACE('',(#1120),#14080,.T.);
#15053=ADVANCED_FACE('',(#1121),#14081,.T.);
#15054=ADVANCED_FACE('',(#1122),#14082,.F.);
#15055=ADVANCED_FACE('',(#1123),#14083,.T.);
#15056=ADVANCED_FACE('',(#1124),#14084,.T.);
#15057=ADVANCED_FACE('',(#1125),#14085,.T.);
#15058=ADVANCED_FACE('',(#1126),#14086,.T.);
#15059=ADVANCED_FACE('',(#1127),#14087,.T.);
#15060=ADVANCED_FACE('',(#1128),#14088,.F.);
#15061=ADVANCED_FACE('',(#1129),#14089,.T.);
#15062=ADVANCED_FACE('',(#1130),#14090,.T.);
#15063=ADVANCED_FACE('',(#1131),#14091,.T.);
#15064=ADVANCED_FACE('',(#1132),#14092,.T.);
#15065=ADVANCED_FACE('',(#1133),#14093,.T.);
#15066=ADVANCED_FACE('',(#1134),#14094,.F.);
#15067=ADVANCED_FACE('',(#1135),#14095,.T.);
#15068=ADVANCED_FACE('',(#1136),#14096,.T.);
#15069=ADVANCED_FACE('',(#1137),#14097,.T.);
#15070=ADVANCED_FACE('',(#1138),#14098,.T.);
#15071=ADVANCED_FACE('',(#1139),#14099,.T.);
#15072=ADVANCED_FACE('',(#1140),#14100,.F.);
#15073=ADVANCED_FACE('',(#1141),#14101,.T.);
#15074=ADVANCED_FACE('',(#1142),#14102,.T.);
#15075=ADVANCED_FACE('',(#1143),#14103,.T.);
#15076=ADVANCED_FACE('',(#1144),#14104,.T.);
#15077=ADVANCED_FACE('',(#1145),#14105,.T.);
#15078=ADVANCED_FACE('',(#1146),#14106,.F.);
#15079=ADVANCED_FACE('',(#1147),#14107,.T.);
#15080=ADVANCED_FACE('',(#1148),#14108,.T.);
#15081=ADVANCED_FACE('',(#1149),#14109,.T.);
#15082=ADVANCED_FACE('',(#1150),#14110,.T.);
#15083=ADVANCED_FACE('',(#1151),#14111,.T.);
#15084=ADVANCED_FACE('',(#1152),#14112,.F.);
#15085=ADVANCED_FACE('',(#1153),#14113,.T.);
#15086=ADVANCED_FACE('',(#1154),#14114,.T.);
#15087=ADVANCED_FACE('',(#1155),#14115,.T.);
#15088=ADVANCED_FACE('',(#1156),#14116,.T.);
#15089=ADVANCED_FACE('',(#1157),#14117,.T.);
#15090=ADVANCED_FACE('',(#1158),#14118,.F.);
#15091=ADVANCED_FACE('',(#1159),#14119,.T.);
#15092=ADVANCED_FACE('',(#1160),#14120,.T.);
#15093=ADVANCED_FACE('',(#1161),#14121,.T.);
#15094=ADVANCED_FACE('',(#1162),#14122,.T.);
#15095=ADVANCED_FACE('',(#1163),#14123,.T.);
#15096=ADVANCED_FACE('',(#1164),#14124,.F.);
#15097=ADVANCED_FACE('',(#1165),#14125,.T.);
#15098=ADVANCED_FACE('',(#1166),#14126,.T.);
#15099=ADVANCED_FACE('',(#1167),#14127,.T.);
#15100=ADVANCED_FACE('',(#1168),#14128,.T.);
#15101=ADVANCED_FACE('',(#1169),#14129,.T.);
#15102=ADVANCED_FACE('',(#1170),#14130,.F.);
#15103=ADVANCED_FACE('',(#1171),#14131,.T.);
#15104=ADVANCED_FACE('',(#1172),#14132,.T.);
#15105=ADVANCED_FACE('',(#1173),#14133,.T.);
#15106=ADVANCED_FACE('',(#1174),#14134,.T.);
#15107=ADVANCED_FACE('',(#1175),#14135,.T.);
#15108=ADVANCED_FACE('',(#1176),#14136,.F.);
#15109=ADVANCED_FACE('',(#1177),#14137,.T.);
#15110=ADVANCED_FACE('',(#1178),#14138,.T.);
#15111=ADVANCED_FACE('',(#1179),#14139,.T.);
#15112=ADVANCED_FACE('',(#1180),#14140,.T.);
#15113=ADVANCED_FACE('',(#1181),#14141,.T.);
#15114=ADVANCED_FACE('',(#1182),#14142,.F.);
#15115=ADVANCED_FACE('',(#1183),#14143,.T.);
#15116=ADVANCED_FACE('',(#1184),#14144,.T.);
#15117=ADVANCED_FACE('',(#1185),#14145,.T.);
#15118=ADVANCED_FACE('',(#1186),#14146,.T.);
#15119=ADVANCED_FACE('',(#1187),#14147,.T.);
#15120=ADVANCED_FACE('',(#1188),#14148,.F.);
#15121=ADVANCED_FACE('',(#1189),#14149,.T.);
#15122=ADVANCED_FACE('',(#1190),#14150,.T.);
#15123=ADVANCED_FACE('',(#1191),#14151,.T.);
#15124=ADVANCED_FACE('',(#1192),#14152,.T.);
#15125=ADVANCED_FACE('',(#1193),#14153,.T.);
#15126=ADVANCED_FACE('',(#1194),#14154,.F.);
#15127=ADVANCED_FACE('',(#1195),#14155,.T.);
#15128=ADVANCED_FACE('',(#1196),#14156,.T.);
#15129=ADVANCED_FACE('',(#1197),#14157,.T.);
#15130=ADVANCED_FACE('',(#1198),#14158,.T.);
#15131=ADVANCED_FACE('',(#1199),#14159,.T.);
#15132=ADVANCED_FACE('',(#1200),#14160,.F.);
#15133=ADVANCED_FACE('',(#1201),#14161,.T.);
#15134=ADVANCED_FACE('',(#1202),#14162,.T.);
#15135=ADVANCED_FACE('',(#1203),#14163,.T.);
#15136=ADVANCED_FACE('',(#1204),#14164,.T.);
#15137=ADVANCED_FACE('',(#1205),#14165,.T.);
#15138=ADVANCED_FACE('',(#1206),#14166,.F.);
#15139=ADVANCED_FACE('',(#1207),#14167,.T.);
#15140=ADVANCED_FACE('',(#1208),#14168,.T.);
#15141=ADVANCED_FACE('',(#1209),#14169,.T.);
#15142=ADVANCED_FACE('',(#1210),#14170,.T.);
#15143=ADVANCED_FACE('',(#1211),#14171,.T.);
#15144=ADVANCED_FACE('',(#1212),#14172,.F.);
#15145=ADVANCED_FACE('',(#1213),#14173,.T.);
#15146=ADVANCED_FACE('',(#1214),#14174,.T.);
#15147=ADVANCED_FACE('',(#1215),#14175,.T.);
#15148=ADVANCED_FACE('',(#1216),#14176,.T.);
#15149=ADVANCED_FACE('',(#1217),#14177,.T.);
#15150=ADVANCED_FACE('',(#1218),#14178,.F.);
#15151=ADVANCED_FACE('',(#1219),#14179,.T.);
#15152=ADVANCED_FACE('',(#1220),#14180,.T.);
#15153=ADVANCED_FACE('',(#1221),#14181,.T.);
#15154=ADVANCED_FACE('',(#1222),#14182,.T.);
#15155=ADVANCED_FACE('',(#1223),#14183,.T.);
#15156=ADVANCED_FACE('',(#1224),#14184,.F.);
#15157=ADVANCED_FACE('',(#1225),#14185,.T.);
#15158=ADVANCED_FACE('',(#1226),#14186,.T.);
#15159=ADVANCED_FACE('',(#1227),#14187,.T.);
#15160=ADVANCED_FACE('',(#1228),#14188,.T.);
#15161=ADVANCED_FACE('',(#1229),#14189,.T.);
#15162=ADVANCED_FACE('',(#1230),#14190,.F.);
#15163=ADVANCED_FACE('',(#1231),#14191,.T.);
#15164=ADVANCED_FACE('',(#1232),#14192,.T.);
#15165=ADVANCED_FACE('',(#1233),#14193,.T.);
#15166=ADVANCED_FACE('',(#1234),#14194,.T.);
#15167=ADVANCED_FACE('',(#1235),#14195,.T.);
#15168=ADVANCED_FACE('',(#1236),#14196,.F.);
#15169=ADVANCED_FACE('',(#1237),#14197,.T.);
#15170=ADVANCED_FACE('',(#1238),#14198,.T.);
#15171=ADVANCED_FACE('',(#1239),#14199,.T.);
#15172=ADVANCED_FACE('',(#1240),#14200,.T.);
#15173=ADVANCED_FACE('',(#1241),#14201,.T.);
#15174=ADVANCED_FACE('',(#1242),#14202,.F.);
#15175=ADVANCED_FACE('',(#1243),#14203,.T.);
#15176=ADVANCED_FACE('',(#1244),#14204,.T.);
#15177=ADVANCED_FACE('',(#1245),#14205,.T.);
#15178=ADVANCED_FACE('',(#1246),#14206,.T.);
#15179=ADVANCED_FACE('',(#1247),#14207,.T.);
#15180=ADVANCED_FACE('',(#1248),#14208,.F.);
#15181=ADVANCED_FACE('',(#1249),#14209,.T.);
#15182=ADVANCED_FACE('',(#1250),#14210,.T.);
#15183=ADVANCED_FACE('',(#1251),#14211,.T.);
#15184=ADVANCED_FACE('',(#1252),#14212,.T.);
#15185=ADVANCED_FACE('',(#1253),#14213,.T.);
#15186=ADVANCED_FACE('',(#1254),#14214,.F.);
#15187=ADVANCED_FACE('',(#1255),#14215,.T.);
#15188=ADVANCED_FACE('',(#1256),#14216,.T.);
#15189=ADVANCED_FACE('',(#1257),#14217,.T.);
#15190=ADVANCED_FACE('',(#1258),#14218,.T.);
#15191=ADVANCED_FACE('',(#1259),#14219,.T.);
#15192=ADVANCED_FACE('',(#1260),#14220,.F.);
#15193=ADVANCED_FACE('',(#1261),#14221,.T.);
#15194=ADVANCED_FACE('',(#1262),#14222,.T.);
#15195=ADVANCED_FACE('',(#1263),#14223,.T.);
#15196=ADVANCED_FACE('',(#1264),#14224,.T.);
#15197=ADVANCED_FACE('',(#1265),#14225,.T.);
#15198=ADVANCED_FACE('',(#1266),#14226,.F.);
#15199=ADVANCED_FACE('',(#1267),#14227,.T.);
#15200=ADVANCED_FACE('',(#1268),#14228,.T.);
#15201=ADVANCED_FACE('',(#1269),#14229,.T.);
#15202=ADVANCED_FACE('',(#1270),#14230,.T.);
#15203=ADVANCED_FACE('',(#1271),#14231,.T.);
#15204=ADVANCED_FACE('',(#1272),#14232,.F.);
#15205=ADVANCED_FACE('',(#1273),#14233,.T.);
#15206=ADVANCED_FACE('',(#1274),#14234,.T.);
#15207=ADVANCED_FACE('',(#1275),#14235,.T.);
#15208=ADVANCED_FACE('',(#1276),#14236,.T.);
#15209=ADVANCED_FACE('',(#1277),#14237,.T.);
#15210=ADVANCED_FACE('',(#1278),#14238,.F.);
#15211=ADVANCED_FACE('',(#1279),#14239,.T.);
#15212=ADVANCED_FACE('',(#1280),#14240,.T.);
#15213=ADVANCED_FACE('',(#1281),#14241,.T.);
#15214=ADVANCED_FACE('',(#1282),#14242,.T.);
#15215=ADVANCED_FACE('',(#1283),#14243,.T.);
#15216=ADVANCED_FACE('',(#1284),#14244,.F.);
#15217=ADVANCED_FACE('',(#1285),#14245,.T.);
#15218=ADVANCED_FACE('',(#1286),#14246,.T.);
#15219=ADVANCED_FACE('',(#1287),#14247,.T.);
#15220=ADVANCED_FACE('',(#1288),#14248,.T.);
#15221=ADVANCED_FACE('',(#1289),#14249,.T.);
#15222=ADVANCED_FACE('',(#1290),#14250,.F.);
#15223=ADVANCED_FACE('',(#1291),#14251,.T.);
#15224=ADVANCED_FACE('',(#1292),#14252,.T.);
#15225=ADVANCED_FACE('',(#1293),#14253,.T.);
#15226=ADVANCED_FACE('',(#1294),#14254,.T.);
#15227=ADVANCED_FACE('',(#1295),#14255,.T.);
#15228=ADVANCED_FACE('',(#1296),#14256,.F.);
#15229=ADVANCED_FACE('',(#1297),#14257,.T.);
#15230=ADVANCED_FACE('',(#1298),#14258,.T.);
#15231=ADVANCED_FACE('',(#1299),#14259,.T.);
#15232=ADVANCED_FACE('',(#1300),#14260,.T.);
#15233=ADVANCED_FACE('',(#1301),#14261,.T.);
#15234=ADVANCED_FACE('',(#1302),#14262,.F.);
#15235=ADVANCED_FACE('',(#1303),#14263,.T.);
#15236=ADVANCED_FACE('',(#1304),#14264,.T.);
#15237=ADVANCED_FACE('',(#1305),#14265,.T.);
#15238=ADVANCED_FACE('',(#1306),#14266,.T.);
#15239=ADVANCED_FACE('',(#1307),#14267,.T.);
#15240=ADVANCED_FACE('',(#1308),#14268,.F.);
#15241=CLOSED_SHELL('',(#14269,#14270,#14271,#14272,#14273,#14274));
#15242=CLOSED_SHELL('',(#14275,#14276,#14277,#14278,#14279,#14280));
#15243=CLOSED_SHELL('',(#14281,#14282,#14283,#14284,#14285,#14286));
#15244=CLOSED_SHELL('',(#14287,#14288,#14289,#14290,#14291,#14292));
#15245=CLOSED_SHELL('',(#14293,#14294,#14295,#14296,#14297,#14298));
#15246=CLOSED_SHELL('',(#14299,#14300,#14301,#14302,#14303,#14304));
#15247=CLOSED_SHELL('',(#14305,#14306,#14307,#14308,#14309,#14310));
#15248=CLOSED_SHELL('',(#14311,#14312,#14313,#14314,#14315,#14316));
#15249=CLOSED_SHELL('',(#14317,#14318,#14319,#14320,#14321,#14322));
#15250=CLOSED_SHELL('',(#14323,#14324,#14325,#14326,#14327,#14328));
#15251=CLOSED_SHELL('',(#14329,#14330,#14331,#14332,#14333,#14334));
#15252=CLOSED_SHELL('',(#14335,#14336,#14337,#14338,#14339,#14340));
#15253=CLOSED_SHELL('',(#14341,#14342,#14343,#14344,#14345,#14346));
#15254=CLOSED_SHELL('',(#14347,#14348,#14349,#14350,#14351,#14352));
#15255=CLOSED_SHELL('',(#14353,#14354,#14355,#14356,#14357,#14358));
#15256=CLOSED_SHELL('',(#14359,#14360,#14361,#14362,#14363,#14364));
#15257=CLOSED_SHELL('',(#14365,#14366,#14367,#14368,#14369,#14370));
#15258=CLOSED_SHELL('',(#14371,#14372,#14373,#14374,#14375,#14376));
#15259=CLOSED_SHELL('',(#14377,#14378,#14379,#14380,#14381,#14382));
#15260=CLOSED_SHELL('',(#14383,#14384,#14385,#14386,#14387,#14388));
#15261=CLOSED_SHELL('',(#14389,#14390,#14391,#14392,#14393,#14394));
#15262=CLOSED_SHELL('',(#14395,#14396,#14397,#14398,#14399,#14400));
#15263=CLOSED_SHELL('',(#14401,#14402,#14403,#14404,#14405,#14406));
#15264=CLOSED_SHELL('',(#14407,#14408,#14409,#14410,#14411,#14412));
#15265=CLOSED_SHELL('',(#14413,#14414,#14415,#14416,#14417,#14418));
#15266=CLOSED_SHELL('',(#14419,#14420,#14421,#14422,#14423,#14424));
#15267=CLOSED_SHELL('',(#14425,#14426,#14427,#14428,#14429,#14430));
#15268=CLOSED_SHELL('',(#14431,#14432,#14433,#14434,#14435,#14436));
#15269=CLOSED_SHELL('',(#14437,#14438,#14439,#14440,#14441,#14442));
#15270=CLOSED_SHELL('',(#14443,#14444,#14445,#14446,#14447,#14448));
#15271=CLOSED_SHELL('',(#14449,#14450,#14451,#14452,#14453,#14454));
#15272=CLOSED_SHELL('',(#14455,#14456,#14457,#14458,#14459,#14460));
#15273=CLOSED_SHELL('',(#14461,#14462,#14463,#14464,#14465,#14466));
#15274=CLOSED_SHELL('',(#14467,#14468,#14469,#14470,#14471,#14472));
#15275=CLOSED_SHELL('',(#14473,#14474,#14475,#14476,#14477,#14478));
#15276=CLOSED_SHELL('',(#14479,#14480,#14481,#14482,#14483,#14484));
#15277=CLOSED_SHELL('',(#14485,#14486,#14487,#14488,#14489,#14490));
#15278=CLOSED_SHELL('',(#14491,#14492,#14493,#14494,#14495,#14496));
#15279=CLOSED_SHELL('',(#14497,#14498,#14499,#14500,#14501,#14502));
#15280=CLOSED_SHELL('',(#14503,#14504,#14505,#14506,#14507,#14508));
#15281=CLOSED_SHELL('',(#14509,#14510,#14511,#14512,#14513,#14514));
#15282=CLOSED_SHELL('',(#14515,#14516,#14517,#14518,#14519,#14520));
#15283=CLOSED_SHELL('',(#14521,#14522,#14523,#14524,#14525,#14526));
#15284=CLOSED_SHELL('',(#14527,#14528,#14529,#14530,#14531,#14532));
#15285=CLOSED_SHELL('',(#14533,#14534,#14535,#14536,#14537,#14538));
#15286=CLOSED_SHELL('',(#14539,#14540,#14541,#14542,#14543,#14544));
#15287=CLOSED_SHELL('',(#14545,#14546,#14547,#14548,#14549,#14550));
#15288=CLOSED_SHELL('',(#14551,#14552,#14553,#14554,#14555,#14556));
#15289=CLOSED_SHELL('',(#14557,#14558,#14559,#14560,#14561,#14562));
#15290=CLOSED_SHELL('',(#14563,#14564,#14565,#14566,#14567,#14568));
#15291=CLOSED_SHELL('',(#14569,#14570,#14571,#14572,#14573,#14574));
#15292=CLOSED_SHELL('',(#14575,#14576,#14577,#14578,#14579,#14580));
#15293=CLOSED_SHELL('',(#14581,#14582,#14583,#14584,#14585,#14586));
#15294=CLOSED_SHELL('',(#14587,#14588,#14589,#14590,#14591,#14592));
#15295=CLOSED_SHELL('',(#14593,#14594,#14595,#14596,#14597,#14598));
#15296=CLOSED_SHELL('',(#14599,#14600,#14601,#14602,#14603,#14604));
#15297=CLOSED_SHELL('',(#14605,#14606,#14607,#14608,#14609,#14610));
#15298=CLOSED_SHELL('',(#14611,#14612,#14613,#14614,#14615,#14616));
#15299=CLOSED_SHELL('',(#14617,#14618,#14619,#14620,#14621,#14622));
#15300=CLOSED_SHELL('',(#14623,#14624,#14625,#14626,#14627,#14628));
#15301=CLOSED_SHELL('',(#14629,#14630,#14631,#14632,#14633,#14634));
#15302=CLOSED_SHELL('',(#14635,#14636,#14637,#14638,#14639,#14640));
#15303=CLOSED_SHELL('',(#14641,#14642,#14643,#14644,#14645,#14646));
#15304=CLOSED_SHELL('',(#14647,#14648,#14649,#14650,#14651,#14652));
#15305=CLOSED_SHELL('',(#14653,#14654,#14655,#14656,#14657,#14658));
#15306=CLOSED_SHELL('',(#14659,#14660,#14661,#14662,#14663,#14664));
#15307=CLOSED_SHELL('',(#14665,#14666,#14667,#14668,#14669,#14670));
#15308=CLOSED_SHELL('',(#14671,#14672,#14673,#14674,#14675,#14676));
#15309=CLOSED_SHELL('',(#14677,#14678,#14679,#14680,#14681,#14682));
#15310=CLOSED_SHELL('',(#14683,#14684,#14685,#14686,#14687,#14688));
#15311=CLOSED_SHELL('',(#14689,#14690,#14691,#14692,#14693,#14694));
#15312=CLOSED_SHELL('',(#14695,#14696,#14697,#14698,#14699,#14700));
#15313=CLOSED_SHELL('',(#14701,#14702,#14703,#14704,#14705,#14706));
#15314=CLOSED_SHELL('',(#14707,#14708,#14709,#14710,#14711,#14712));
#15315=CLOSED_SHELL('',(#14713,#14714,#14715,#14716,#14717,#14718));
#15316=CLOSED_SHELL('',(#14719,#14720,#14721,#14722,#14723,#14724));
#15317=CLOSED_SHELL('',(#14725,#14726,#14727,#14728,#14729,#14730));
#15318=CLOSED_SHELL('',(#14731,#14732,#14733,#14734,#14735,#14736));
#15319=CLOSED_SHELL('',(#14737,#14738,#14739,#14740,#14741,#14742));
#15320=CLOSED_SHELL('',(#14743,#14744,#14745,#14746,#14747,#14748));
#15321=CLOSED_SHELL('',(#14749,#14750,#14751,#14752,#14753,#14754));
#15322=CLOSED_SHELL('',(#14755,#14756,#14757,#14758,#14759,#14760));
#15323=CLOSED_SHELL('',(#14761,#14762,#14763,#14764,#14765,#14766));
#15324=CLOSED_SHELL('',(#14767,#14768,#14769,#14770,#14771,#14772));
#15325=CLOSED_SHELL('',(#14773,#14774,#14775,#14776,#14777,#14778));
#15326=CLOSED_SHELL('',(#14779,#14780,#14781,#14782,#14783,#14784));
#15327=CLOSED_SHELL('',(#14785,#14786,#14787,#14788,#14789,#14790));
#15328=CLOSED_SHELL('',(#14791,#14792,#14793,#14794,#14795,#14796));
#15329=CLOSED_SHELL('',(#14797,#14798,#14799,#14800,#14801,#14802));
#15330=CLOSED_SHELL('',(#14803,#14804,#14805,#14806,#14807,#14808));
#15331=CLOSED_SHELL('',(#14809,#14810,#14811,#14812,#14813,#14814));
#15332=CLOSED_SHELL('',(#14815,#14816,#14817,#14818,#14819,#14820));
#15333=CLOSED_SHELL('',(#14821,#14822,#14823,#14824,#14825,#14826));
#15334=CLOSED_SHELL('',(#14827,#14828,#14829,#14830,#14831,#14832));
#15335=CLOSED_SHELL('',(#14833,#14834,#14835,#14836,#14837,#14838));
#15336=CLOSED_SHELL('',(#14839,#14840,#14841,#14842,#14843,#14844));
#15337=CLOSED_SHELL('',(#14845,#14846,#14847,#14848,#14849,#14850));
#15338=CLOSED_SHELL('',(#14851,#14852,#14853,#14854,#14855,#14856));
#15339=CLOSED_SHELL('',(#14857,#14858,#14859,#14860,#14861,#14862));
#15340=CLOSED_SHELL('',(#14863,#14864,#14865,#14866,#14867,#14868));
#15341=CLOSED_SHELL('',(#14869,#14870,#14871,#14872,#14873,#14874));
#15342=CLOSED_SHELL('',(#14875,#14876,#14877,#14878,#14879,#14880));
#15343=CLOSED_SHELL('',(#14881,#14882,#14883,#14884,#14885,#14886));
#15344=CLOSED_SHELL('',(#14887,#14888,#14889,#14890,#14891,#14892));
#15345=CLOSED_SHELL('',(#14893,#14894,#14895,#14896,#14897,#14898));
#15346=CLOSED_SHELL('',(#14899,#14900,#14901,#14902,#14903,#14904));
#15347=CLOSED_SHELL('',(#14905,#14906,#14907,#14908,#14909,#14910));
#15348=CLOSED_SHELL('',(#14911,#14912,#14913,#14914,#14915,#14916));
#15349=CLOSED_SHELL('',(#14917,#14918,#14919,#14920,#14921,#14922));
#15350=CLOSED_SHELL('',(#14923,#14924,#14925,#14926,#14927,#14928));
#15351=CLOSED_SHELL('',(#14929,#14930,#14931,#14932,#14933,#14934));
#15352=CLOSED_SHELL('',(#14935,#14936,#14937,#14938,#14939,#14940));
#15353=CLOSED_SHELL('',(#14941,#14942,#14943,#14944,#14945,#14946));
#15354=CLOSED_SHELL('',(#14947,#14948,#14949,#14950,#14951,#14952));
#15355=CLOSED_SHELL('',(#14953,#14954,#14955,#14956,#14957,#14958));
#15356=CLOSED_SHELL('',(#14959,#14960,#14961,#14962,#14963,#14964));
#15357=CLOSED_SHELL('',(#14965,#14966,#14967,#14968,#14969,#14970));
#15358=CLOSED_SHELL('',(#14971,#14972,#14973,#14974,#14975,#14976));
#15359=CLOSED_SHELL('',(#14977,#14978,#14979,#14980,#14981,#14982));
#15360=CLOSED_SHELL('',(#14983,#14984,#14985,#14986,#14987,#14988));
#15361=CLOSED_SHELL('',(#14989,#14990,#14991,#14992,#14993,#14994));
#15362=CLOSED_SHELL('',(#14995,#14996,#14997,#14998,#14999,#15000));
#15363=CLOSED_SHELL('',(#15001,#15002,#15003,#15004,#15005,#15006));
#15364=CLOSED_SHELL('',(#15007,#15008,#15009,#15010,#15011,#15012));
#15365=CLOSED_SHELL('',(#15013,#15014,#15015,#15016,#15017,#15018));
#15366=CLOSED_SHELL('',(#15019,#15020,#15021,#15022,#15023,#15024));
#15367=CLOSED_SHELL('',(#15025,#15026,#15027,#15028,#15029,#15030));
#15368=CLOSED_SHELL('',(#15031,#15032,#15033,#15034,#15035,#15036));
#15369=CLOSED_SHELL('',(#15037,#15038,#15039,#15040,#15041,#15042));
#15370=CLOSED_SHELL('',(#15043,#15044,#15045,#15046,#15047,#15048));
#15371=CLOSED_SHELL('',(#15049,#15050,#15051,#15052,#15053,#15054));
#15372=CLOSED_SHELL('',(#15055,#15056,#15057,#15058,#15059,#15060));
#15373=CLOSED_SHELL('',(#15061,#15062,#15063,#15064,#15065,#15066));
#15374=CLOSED_SHELL('',(#15067,#15068,#15069,#15070,#15071,#15072));
#15375=CLOSED_SHELL('',(#15073,#15074,#15075,#15076,#15077,#15078));
#15376=CLOSED_SHELL('',(#15079,#15080,#15081,#15082,#15083,#15084));
#15377=CLOSED_SHELL('',(#15085,#15086,#15087,#15088,#15089,#15090));
#15378=CLOSED_SHELL('',(#15091,#15092,#15093,#15094,#15095,#15096));
#15379=CLOSED_SHELL('',(#15097,#15098,#15099,#15100,#15101,#15102));
#15380=CLOSED_SHELL('',(#15103,#15104,#15105,#15106,#15107,#15108));
#15381=CLOSED_SHELL('',(#15109,#15110,#15111,#15112,#15113,#15114));
#15382=CLOSED_SHELL('',(#15115,#15116,#15117,#15118,#15119,#15120));
#15383=CLOSED_SHELL('',(#15121,#15122,#15123,#15124,#15125,#15126));
#15384=CLOSED_SHELL('',(#15127,#15128,#15129,#15130,#15131,#15132));
#15385=CLOSED_SHELL('',(#15133,#15134,#15135,#15136,#15137,#15138));
#15386=CLOSED_SHELL('',(#15139,#15140,#15141,#15142,#15143,#15144));
#15387=CLOSED_SHELL('',(#15145,#15146,#15147,#15148,#15149,#15150));
#15388=CLOSED_SHELL('',(#15151,#15152,#15153,#15154,#15155,#15156));
#15389=CLOSED_SHELL('',(#15157,#15158,#15159,#15160,#15161,#15162));
#15390=CLOSED_SHELL('',(#15163,#15164,#15165,#15166,#15167,#15168));
#15391=CLOSED_SHELL('',(#15169,#15170,#15171,#15172,#15173,#15174));
#15392=CLOSED_SHELL('',(#15175,#15176,#15177,#15178,#15179,#15180));
#15393=CLOSED_SHELL('',(#15181,#15182,#15183,#15184,#15185,#15186));
#15394=CLOSED_SHELL('',(#15187,#15188,#15189,#15190,#15191,#15192));
#15395=CLOSED_SHELL('',(#15193,#15194,#15195,#15196,#15197,#15198));
#15396=CLOSED_SHELL('',(#15199,#15200,#15201,#15202,#15203,#15204));
#15397=CLOSED_SHELL('',(#15205,#15206,#15207,#15208,#15209,#15210));
#15398=CLOSED_SHELL('',(#15211,#15212,#15213,#15214,#15215,#15216));
#15399=CLOSED_SHELL('',(#15217,#15218,#15219,#15220,#15221,#15222));
#15400=CLOSED_SHELL('',(#15223,#15224,#15225,#15226,#15227,#15228));
#15401=CLOSED_SHELL('',(#15229,#15230,#15231,#15232,#15233,#15234));
#15402=CLOSED_SHELL('',(#15235,#15236,#15237,#15238,#15239,#15240));
#15403=DERIVED_UNIT_ELEMENT(#15405,1.);
#15404=DERIVED_UNIT_ELEMENT(#24496,-3.);
#15405=(
MASS_UNIT()
NAMED_UNIT(*)
SI_UNIT(.KILO.,.GRAM.)
);
#15406=DERIVED_UNIT((#15403,#15404));
#15407=MEASURE_REPRESENTATION_ITEM('density measure',
POSITIVE_RATIO_MEASURE(7850.),#15406);
#15408=PROPERTY_DEFINITION_REPRESENTATION(#15413,#15410);
#15409=PROPERTY_DEFINITION_REPRESENTATION(#15414,#15411);
#15410=REPRESENTATION('material name',(#15412),#24493);
#15411=REPRESENTATION('density',(#15407),#24493);
#15412=DESCRIPTIVE_REPRESENTATION_ITEM('Steel','Steel');
#15413=PROPERTY_DEFINITION('material property','material name',#24503);
#15414=PROPERTY_DEFINITION('material property','density of part',#24503);
#15415=AXIS2_PLACEMENT_3D('',#20278,#16388,#16389);
#15416=AXIS2_PLACEMENT_3D('',#20279,#16390,#16391);
#15417=AXIS2_PLACEMENT_3D('',#20288,#16396,#16397);
#15418=AXIS2_PLACEMENT_3D('',#20294,#16401,#16402);
#15419=AXIS2_PLACEMENT_3D('',#20300,#16406,#16407);
#15420=AXIS2_PLACEMENT_3D('',#20303,#16410,#16411);
#15421=AXIS2_PLACEMENT_3D('',#20304,#16412,#16413);
#15422=AXIS2_PLACEMENT_3D('',#20305,#16414,#16415);
#15423=AXIS2_PLACEMENT_3D('',#20314,#16420,#16421);
#15424=AXIS2_PLACEMENT_3D('',#20320,#16425,#16426);
#15425=AXIS2_PLACEMENT_3D('',#20326,#16430,#16431);
#15426=AXIS2_PLACEMENT_3D('',#20329,#16434,#16435);
#15427=AXIS2_PLACEMENT_3D('',#20330,#16436,#16437);
#15428=AXIS2_PLACEMENT_3D('',#20331,#16438,#16439);
#15429=AXIS2_PLACEMENT_3D('',#20340,#16444,#16445);
#15430=AXIS2_PLACEMENT_3D('',#20346,#16449,#16450);
#15431=AXIS2_PLACEMENT_3D('',#20352,#16454,#16455);
#15432=AXIS2_PLACEMENT_3D('',#20355,#16458,#16459);
#15433=AXIS2_PLACEMENT_3D('',#20356,#16460,#16461);
#15434=AXIS2_PLACEMENT_3D('',#20357,#16462,#16463);
#15435=AXIS2_PLACEMENT_3D('',#20366,#16468,#16469);
#15436=AXIS2_PLACEMENT_3D('',#20372,#16473,#16474);
#15437=AXIS2_PLACEMENT_3D('',#20378,#16478,#16479);
#15438=AXIS2_PLACEMENT_3D('',#20381,#16482,#16483);
#15439=AXIS2_PLACEMENT_3D('',#20382,#16484,#16485);
#15440=AXIS2_PLACEMENT_3D('',#20383,#16486,#16487);
#15441=AXIS2_PLACEMENT_3D('',#20392,#16492,#16493);
#15442=AXIS2_PLACEMENT_3D('',#20398,#16497,#16498);
#15443=AXIS2_PLACEMENT_3D('',#20404,#16502,#16503);
#15444=AXIS2_PLACEMENT_3D('',#20407,#16506,#16507);
#15445=AXIS2_PLACEMENT_3D('',#20408,#16508,#16509);
#15446=AXIS2_PLACEMENT_3D('',#20409,#16510,#16511);
#15447=AXIS2_PLACEMENT_3D('',#20418,#16516,#16517);
#15448=AXIS2_PLACEMENT_3D('',#20424,#16521,#16522);
#15449=AXIS2_PLACEMENT_3D('',#20430,#16526,#16527);
#15450=AXIS2_PLACEMENT_3D('',#20433,#16530,#16531);
#15451=AXIS2_PLACEMENT_3D('',#20434,#16532,#16533);
#15452=AXIS2_PLACEMENT_3D('',#20435,#16534,#16535);
#15453=AXIS2_PLACEMENT_3D('',#20444,#16540,#16541);
#15454=AXIS2_PLACEMENT_3D('',#20450,#16545,#16546);
#15455=AXIS2_PLACEMENT_3D('',#20456,#16550,#16551);
#15456=AXIS2_PLACEMENT_3D('',#20459,#16554,#16555);
#15457=AXIS2_PLACEMENT_3D('',#20460,#16556,#16557);
#15458=AXIS2_PLACEMENT_3D('',#20461,#16558,#16559);
#15459=AXIS2_PLACEMENT_3D('',#20470,#16564,#16565);
#15460=AXIS2_PLACEMENT_3D('',#20476,#16569,#16570);
#15461=AXIS2_PLACEMENT_3D('',#20482,#16574,#16575);
#15462=AXIS2_PLACEMENT_3D('',#20485,#16578,#16579);
#15463=AXIS2_PLACEMENT_3D('',#20486,#16580,#16581);
#15464=AXIS2_PLACEMENT_3D('',#20487,#16582,#16583);
#15465=AXIS2_PLACEMENT_3D('',#20496,#16588,#16589);
#15466=AXIS2_PLACEMENT_3D('',#20502,#16593,#16594);
#15467=AXIS2_PLACEMENT_3D('',#20508,#16598,#16599);
#15468=AXIS2_PLACEMENT_3D('',#20511,#16602,#16603);
#15469=AXIS2_PLACEMENT_3D('',#20512,#16604,#16605);
#15470=AXIS2_PLACEMENT_3D('',#20513,#16606,#16607);
#15471=AXIS2_PLACEMENT_3D('',#20522,#16612,#16613);
#15472=AXIS2_PLACEMENT_3D('',#20528,#16617,#16618);
#15473=AXIS2_PLACEMENT_3D('',#20534,#16622,#16623);
#15474=AXIS2_PLACEMENT_3D('',#20537,#16626,#16627);
#15475=AXIS2_PLACEMENT_3D('',#20538,#16628,#16629);
#15476=AXIS2_PLACEMENT_3D('',#20539,#16630,#16631);
#15477=AXIS2_PLACEMENT_3D('',#20548,#16636,#16637);
#15478=AXIS2_PLACEMENT_3D('',#20554,#16641,#16642);
#15479=AXIS2_PLACEMENT_3D('',#20560,#16646,#16647);
#15480=AXIS2_PLACEMENT_3D('',#20563,#16650,#16651);
#15481=AXIS2_PLACEMENT_3D('',#20564,#16652,#16653);
#15482=AXIS2_PLACEMENT_3D('',#20565,#16654,#16655);
#15483=AXIS2_PLACEMENT_3D('',#20574,#16660,#16661);
#15484=AXIS2_PLACEMENT_3D('',#20580,#16665,#16666);
#15485=AXIS2_PLACEMENT_3D('',#20586,#16670,#16671);
#15486=AXIS2_PLACEMENT_3D('',#20589,#16674,#16675);
#15487=AXIS2_PLACEMENT_3D('',#20590,#16676,#16677);
#15488=AXIS2_PLACEMENT_3D('',#20591,#16678,#16679);
#15489=AXIS2_PLACEMENT_3D('',#20600,#16684,#16685);
#15490=AXIS2_PLACEMENT_3D('',#20606,#16689,#16690);
#15491=AXIS2_PLACEMENT_3D('',#20612,#16694,#16695);
#15492=AXIS2_PLACEMENT_3D('',#20615,#16698,#16699);
#15493=AXIS2_PLACEMENT_3D('',#20616,#16700,#16701);
#15494=AXIS2_PLACEMENT_3D('',#20617,#16702,#16703);
#15495=AXIS2_PLACEMENT_3D('',#20626,#16708,#16709);
#15496=AXIS2_PLACEMENT_3D('',#20632,#16713,#16714);
#15497=AXIS2_PLACEMENT_3D('',#20638,#16718,#16719);
#15498=AXIS2_PLACEMENT_3D('',#20641,#16722,#16723);
#15499=AXIS2_PLACEMENT_3D('',#20642,#16724,#16725);
#15500=AXIS2_PLACEMENT_3D('',#20643,#16726,#16727);
#15501=AXIS2_PLACEMENT_3D('',#20652,#16732,#16733);
#15502=AXIS2_PLACEMENT_3D('',#20658,#16737,#16738);
#15503=AXIS2_PLACEMENT_3D('',#20664,#16742,#16743);
#15504=AXIS2_PLACEMENT_3D('',#20667,#16746,#16747);
#15505=AXIS2_PLACEMENT_3D('',#20668,#16748,#16749);
#15506=AXIS2_PLACEMENT_3D('',#20669,#16750,#16751);
#15507=AXIS2_PLACEMENT_3D('',#20678,#16756,#16757);
#15508=AXIS2_PLACEMENT_3D('',#20684,#16761,#16762);
#15509=AXIS2_PLACEMENT_3D('',#20690,#16766,#16767);
#15510=AXIS2_PLACEMENT_3D('',#20693,#16770,#16771);
#15511=AXIS2_PLACEMENT_3D('',#20694,#16772,#16773);
#15512=AXIS2_PLACEMENT_3D('',#20695,#16774,#16775);
#15513=AXIS2_PLACEMENT_3D('',#20704,#16780,#16781);
#15514=AXIS2_PLACEMENT_3D('',#20710,#16785,#16786);
#15515=AXIS2_PLACEMENT_3D('',#20716,#16790,#16791);
#15516=AXIS2_PLACEMENT_3D('',#20719,#16794,#16795);
#15517=AXIS2_PLACEMENT_3D('',#20720,#16796,#16797);
#15518=AXIS2_PLACEMENT_3D('',#20721,#16798,#16799);
#15519=AXIS2_PLACEMENT_3D('',#20730,#16804,#16805);
#15520=AXIS2_PLACEMENT_3D('',#20736,#16809,#16810);
#15521=AXIS2_PLACEMENT_3D('',#20742,#16814,#16815);
#15522=AXIS2_PLACEMENT_3D('',#20745,#16818,#16819);
#15523=AXIS2_PLACEMENT_3D('',#20746,#16820,#16821);
#15524=AXIS2_PLACEMENT_3D('',#20747,#16822,#16823);
#15525=AXIS2_PLACEMENT_3D('',#20756,#16828,#16829);
#15526=AXIS2_PLACEMENT_3D('',#20762,#16833,#16834);
#15527=AXIS2_PLACEMENT_3D('',#20768,#16838,#16839);
#15528=AXIS2_PLACEMENT_3D('',#20771,#16842,#16843);
#15529=AXIS2_PLACEMENT_3D('',#20772,#16844,#16845);
#15530=AXIS2_PLACEMENT_3D('',#20773,#16846,#16847);
#15531=AXIS2_PLACEMENT_3D('',#20782,#16852,#16853);
#15532=AXIS2_PLACEMENT_3D('',#20788,#16857,#16858);
#15533=AXIS2_PLACEMENT_3D('',#20794,#16862,#16863);
#15534=AXIS2_PLACEMENT_3D('',#20797,#16866,#16867);
#15535=AXIS2_PLACEMENT_3D('',#20798,#16868,#16869);
#15536=AXIS2_PLACEMENT_3D('',#20799,#16870,#16871);
#15537=AXIS2_PLACEMENT_3D('',#20808,#16876,#16877);
#15538=AXIS2_PLACEMENT_3D('',#20814,#16881,#16882);
#15539=AXIS2_PLACEMENT_3D('',#20820,#16886,#16887);
#15540=AXIS2_PLACEMENT_3D('',#20823,#16890,#16891);
#15541=AXIS2_PLACEMENT_3D('',#20824,#16892,#16893);
#15542=AXIS2_PLACEMENT_3D('',#20825,#16894,#16895);
#15543=AXIS2_PLACEMENT_3D('',#20834,#16900,#16901);
#15544=AXIS2_PLACEMENT_3D('',#20840,#16905,#16906);
#15545=AXIS2_PLACEMENT_3D('',#20846,#16910,#16911);
#15546=AXIS2_PLACEMENT_3D('',#20849,#16914,#16915);
#15547=AXIS2_PLACEMENT_3D('',#20850,#16916,#16917);
#15548=AXIS2_PLACEMENT_3D('',#20851,#16918,#16919);
#15549=AXIS2_PLACEMENT_3D('',#20860,#16924,#16925);
#15550=AXIS2_PLACEMENT_3D('',#20866,#16929,#16930);
#15551=AXIS2_PLACEMENT_3D('',#20872,#16934,#16935);
#15552=AXIS2_PLACEMENT_3D('',#20875,#16938,#16939);
#15553=AXIS2_PLACEMENT_3D('',#20876,#16940,#16941);
#15554=AXIS2_PLACEMENT_3D('',#20877,#16942,#16943);
#15555=AXIS2_PLACEMENT_3D('',#20886,#16948,#16949);
#15556=AXIS2_PLACEMENT_3D('',#20892,#16953,#16954);
#15557=AXIS2_PLACEMENT_3D('',#20898,#16958,#16959);
#15558=AXIS2_PLACEMENT_3D('',#20901,#16962,#16963);
#15559=AXIS2_PLACEMENT_3D('',#20902,#16964,#16965);
#15560=AXIS2_PLACEMENT_3D('',#20903,#16966,#16967);
#15561=AXIS2_PLACEMENT_3D('',#20912,#16972,#16973);
#15562=AXIS2_PLACEMENT_3D('',#20918,#16977,#16978);
#15563=AXIS2_PLACEMENT_3D('',#20924,#16982,#16983);
#15564=AXIS2_PLACEMENT_3D('',#20927,#16986,#16987);
#15565=AXIS2_PLACEMENT_3D('',#20928,#16988,#16989);
#15566=AXIS2_PLACEMENT_3D('',#20929,#16990,#16991);
#15567=AXIS2_PLACEMENT_3D('',#20938,#16996,#16997);
#15568=AXIS2_PLACEMENT_3D('',#20944,#17001,#17002);
#15569=AXIS2_PLACEMENT_3D('',#20950,#17006,#17007);
#15570=AXIS2_PLACEMENT_3D('',#20953,#17010,#17011);
#15571=AXIS2_PLACEMENT_3D('',#20954,#17012,#17013);
#15572=AXIS2_PLACEMENT_3D('',#20955,#17014,#17015);
#15573=AXIS2_PLACEMENT_3D('',#20964,#17020,#17021);
#15574=AXIS2_PLACEMENT_3D('',#20970,#17025,#17026);
#15575=AXIS2_PLACEMENT_3D('',#20976,#17030,#17031);
#15576=AXIS2_PLACEMENT_3D('',#20979,#17034,#17035);
#15577=AXIS2_PLACEMENT_3D('',#20980,#17036,#17037);
#15578=AXIS2_PLACEMENT_3D('',#20981,#17038,#17039);
#15579=AXIS2_PLACEMENT_3D('',#20990,#17044,#17045);
#15580=AXIS2_PLACEMENT_3D('',#20996,#17049,#17050);
#15581=AXIS2_PLACEMENT_3D('',#21002,#17054,#17055);
#15582=AXIS2_PLACEMENT_3D('',#21005,#17058,#17059);
#15583=AXIS2_PLACEMENT_3D('',#21006,#17060,#17061);
#15584=AXIS2_PLACEMENT_3D('',#21007,#17062,#17063);
#15585=AXIS2_PLACEMENT_3D('',#21016,#17068,#17069);
#15586=AXIS2_PLACEMENT_3D('',#21022,#17073,#17074);
#15587=AXIS2_PLACEMENT_3D('',#21028,#17078,#17079);
#15588=AXIS2_PLACEMENT_3D('',#21031,#17082,#17083);
#15589=AXIS2_PLACEMENT_3D('',#21032,#17084,#17085);
#15590=AXIS2_PLACEMENT_3D('',#21033,#17086,#17087);
#15591=AXIS2_PLACEMENT_3D('',#21042,#17092,#17093);
#15592=AXIS2_PLACEMENT_3D('',#21048,#17097,#17098);
#15593=AXIS2_PLACEMENT_3D('',#21054,#17102,#17103);
#15594=AXIS2_PLACEMENT_3D('',#21057,#17106,#17107);
#15595=AXIS2_PLACEMENT_3D('',#21058,#17108,#17109);
#15596=AXIS2_PLACEMENT_3D('',#21059,#17110,#17111);
#15597=AXIS2_PLACEMENT_3D('',#21068,#17116,#17117);
#15598=AXIS2_PLACEMENT_3D('',#21074,#17121,#17122);
#15599=AXIS2_PLACEMENT_3D('',#21080,#17126,#17127);
#15600=AXIS2_PLACEMENT_3D('',#21083,#17130,#17131);
#15601=AXIS2_PLACEMENT_3D('',#21084,#17132,#17133);
#15602=AXIS2_PLACEMENT_3D('',#21085,#17134,#17135);
#15603=AXIS2_PLACEMENT_3D('',#21094,#17140,#17141);
#15604=AXIS2_PLACEMENT_3D('',#21100,#17145,#17146);
#15605=AXIS2_PLACEMENT_3D('',#21106,#17150,#17151);
#15606=AXIS2_PLACEMENT_3D('',#21109,#17154,#17155);
#15607=AXIS2_PLACEMENT_3D('',#21110,#17156,#17157);
#15608=AXIS2_PLACEMENT_3D('',#21111,#17158,#17159);
#15609=AXIS2_PLACEMENT_3D('',#21120,#17164,#17165);
#15610=AXIS2_PLACEMENT_3D('',#21126,#17169,#17170);
#15611=AXIS2_PLACEMENT_3D('',#21132,#17174,#17175);
#15612=AXIS2_PLACEMENT_3D('',#21135,#17178,#17179);
#15613=AXIS2_PLACEMENT_3D('',#21136,#17180,#17181);
#15614=AXIS2_PLACEMENT_3D('',#21137,#17182,#17183);
#15615=AXIS2_PLACEMENT_3D('',#21146,#17188,#17189);
#15616=AXIS2_PLACEMENT_3D('',#21152,#17193,#17194);
#15617=AXIS2_PLACEMENT_3D('',#21158,#17198,#17199);
#15618=AXIS2_PLACEMENT_3D('',#21161,#17202,#17203);
#15619=AXIS2_PLACEMENT_3D('',#21162,#17204,#17205);
#15620=AXIS2_PLACEMENT_3D('',#21163,#17206,#17207);
#15621=AXIS2_PLACEMENT_3D('',#21172,#17212,#17213);
#15622=AXIS2_PLACEMENT_3D('',#21178,#17217,#17218);
#15623=AXIS2_PLACEMENT_3D('',#21184,#17222,#17223);
#15624=AXIS2_PLACEMENT_3D('',#21187,#17226,#17227);
#15625=AXIS2_PLACEMENT_3D('',#21188,#17228,#17229);
#15626=AXIS2_PLACEMENT_3D('',#21189,#17230,#17231);
#15627=AXIS2_PLACEMENT_3D('',#21198,#17236,#17237);
#15628=AXIS2_PLACEMENT_3D('',#21204,#17241,#17242);
#15629=AXIS2_PLACEMENT_3D('',#21210,#17246,#17247);
#15630=AXIS2_PLACEMENT_3D('',#21213,#17250,#17251);
#15631=AXIS2_PLACEMENT_3D('',#21214,#17252,#17253);
#15632=AXIS2_PLACEMENT_3D('',#21215,#17254,#17255);
#15633=AXIS2_PLACEMENT_3D('',#21224,#17260,#17261);
#15634=AXIS2_PLACEMENT_3D('',#21230,#17265,#17266);
#15635=AXIS2_PLACEMENT_3D('',#21236,#17270,#17271);
#15636=AXIS2_PLACEMENT_3D('',#21239,#17274,#17275);
#15637=AXIS2_PLACEMENT_3D('',#21240,#17276,#17277);
#15638=AXIS2_PLACEMENT_3D('',#21241,#17278,#17279);
#15639=AXIS2_PLACEMENT_3D('',#21250,#17284,#17285);
#15640=AXIS2_PLACEMENT_3D('',#21256,#17289,#17290);
#15641=AXIS2_PLACEMENT_3D('',#21262,#17294,#17295);
#15642=AXIS2_PLACEMENT_3D('',#21265,#17298,#17299);
#15643=AXIS2_PLACEMENT_3D('',#21266,#17300,#17301);
#15644=AXIS2_PLACEMENT_3D('',#21267,#17302,#17303);
#15645=AXIS2_PLACEMENT_3D('',#21276,#17308,#17309);
#15646=AXIS2_PLACEMENT_3D('',#21282,#17313,#17314);
#15647=AXIS2_PLACEMENT_3D('',#21288,#17318,#17319);
#15648=AXIS2_PLACEMENT_3D('',#21291,#17322,#17323);
#15649=AXIS2_PLACEMENT_3D('',#21292,#17324,#17325);
#15650=AXIS2_PLACEMENT_3D('',#21293,#17326,#17327);
#15651=AXIS2_PLACEMENT_3D('',#21302,#17332,#17333);
#15652=AXIS2_PLACEMENT_3D('',#21308,#17337,#17338);
#15653=AXIS2_PLACEMENT_3D('',#21314,#17342,#17343);
#15654=AXIS2_PLACEMENT_3D('',#21317,#17346,#17347);
#15655=AXIS2_PLACEMENT_3D('',#21318,#17348,#17349);
#15656=AXIS2_PLACEMENT_3D('',#21319,#17350,#17351);
#15657=AXIS2_PLACEMENT_3D('',#21328,#17356,#17357);
#15658=AXIS2_PLACEMENT_3D('',#21334,#17361,#17362);
#15659=AXIS2_PLACEMENT_3D('',#21340,#17366,#17367);
#15660=AXIS2_PLACEMENT_3D('',#21343,#17370,#17371);
#15661=AXIS2_PLACEMENT_3D('',#21344,#17372,#17373);
#15662=AXIS2_PLACEMENT_3D('',#21345,#17374,#17375);
#15663=AXIS2_PLACEMENT_3D('',#21354,#17380,#17381);
#15664=AXIS2_PLACEMENT_3D('',#21360,#17385,#17386);
#15665=AXIS2_PLACEMENT_3D('',#21366,#17390,#17391);
#15666=AXIS2_PLACEMENT_3D('',#21369,#17394,#17395);
#15667=AXIS2_PLACEMENT_3D('',#21370,#17396,#17397);
#15668=AXIS2_PLACEMENT_3D('',#21371,#17398,#17399);
#15669=AXIS2_PLACEMENT_3D('',#21380,#17404,#17405);
#15670=AXIS2_PLACEMENT_3D('',#21386,#17409,#17410);
#15671=AXIS2_PLACEMENT_3D('',#21392,#17414,#17415);
#15672=AXIS2_PLACEMENT_3D('',#21395,#17418,#17419);
#15673=AXIS2_PLACEMENT_3D('',#21396,#17420,#17421);
#15674=AXIS2_PLACEMENT_3D('',#21397,#17422,#17423);
#15675=AXIS2_PLACEMENT_3D('',#21406,#17428,#17429);
#15676=AXIS2_PLACEMENT_3D('',#21412,#17433,#17434);
#15677=AXIS2_PLACEMENT_3D('',#21418,#17438,#17439);
#15678=AXIS2_PLACEMENT_3D('',#21421,#17442,#17443);
#15679=AXIS2_PLACEMENT_3D('',#21422,#17444,#17445);
#15680=AXIS2_PLACEMENT_3D('',#21423,#17446,#17447);
#15681=AXIS2_PLACEMENT_3D('',#21432,#17452,#17453);
#15682=AXIS2_PLACEMENT_3D('',#21438,#17457,#17458);
#15683=AXIS2_PLACEMENT_3D('',#21444,#17462,#17463);
#15684=AXIS2_PLACEMENT_3D('',#21447,#17466,#17467);
#15685=AXIS2_PLACEMENT_3D('',#21448,#17468,#17469);
#15686=AXIS2_PLACEMENT_3D('',#21449,#17470,#17471);
#15687=AXIS2_PLACEMENT_3D('',#21458,#17476,#17477);
#15688=AXIS2_PLACEMENT_3D('',#21464,#17481,#17482);
#15689=AXIS2_PLACEMENT_3D('',#21470,#17486,#17487);
#15690=AXIS2_PLACEMENT_3D('',#21473,#17490,#17491);
#15691=AXIS2_PLACEMENT_3D('',#21474,#17492,#17493);
#15692=AXIS2_PLACEMENT_3D('',#21475,#17494,#17495);
#15693=AXIS2_PLACEMENT_3D('',#21484,#17500,#17501);
#15694=AXIS2_PLACEMENT_3D('',#21490,#17505,#17506);
#15695=AXIS2_PLACEMENT_3D('',#21496,#17510,#17511);
#15696=AXIS2_PLACEMENT_3D('',#21499,#17514,#17515);
#15697=AXIS2_PLACEMENT_3D('',#21500,#17516,#17517);
#15698=AXIS2_PLACEMENT_3D('',#21501,#17518,#17519);
#15699=AXIS2_PLACEMENT_3D('',#21510,#17524,#17525);
#15700=AXIS2_PLACEMENT_3D('',#21516,#17529,#17530);
#15701=AXIS2_PLACEMENT_3D('',#21522,#17534,#17535);
#15702=AXIS2_PLACEMENT_3D('',#21525,#17538,#17539);
#15703=AXIS2_PLACEMENT_3D('',#21526,#17540,#17541);
#15704=AXIS2_PLACEMENT_3D('',#21527,#17542,#17543);
#15705=AXIS2_PLACEMENT_3D('',#21536,#17548,#17549);
#15706=AXIS2_PLACEMENT_3D('',#21542,#17553,#17554);
#15707=AXIS2_PLACEMENT_3D('',#21548,#17558,#17559);
#15708=AXIS2_PLACEMENT_3D('',#21551,#17562,#17563);
#15709=AXIS2_PLACEMENT_3D('',#21552,#17564,#17565);
#15710=AXIS2_PLACEMENT_3D('',#21553,#17566,#17567);
#15711=AXIS2_PLACEMENT_3D('',#21562,#17572,#17573);
#15712=AXIS2_PLACEMENT_3D('',#21568,#17577,#17578);
#15713=AXIS2_PLACEMENT_3D('',#21574,#17582,#17583);
#15714=AXIS2_PLACEMENT_3D('',#21577,#17586,#17587);
#15715=AXIS2_PLACEMENT_3D('',#21578,#17588,#17589);
#15716=AXIS2_PLACEMENT_3D('',#21579,#17590,#17591);
#15717=AXIS2_PLACEMENT_3D('',#21588,#17596,#17597);
#15718=AXIS2_PLACEMENT_3D('',#21594,#17601,#17602);
#15719=AXIS2_PLACEMENT_3D('',#21600,#17606,#17607);
#15720=AXIS2_PLACEMENT_3D('',#21603,#17610,#17611);
#15721=AXIS2_PLACEMENT_3D('',#21604,#17612,#17613);
#15722=AXIS2_PLACEMENT_3D('',#21605,#17614,#17615);
#15723=AXIS2_PLACEMENT_3D('',#21614,#17620,#17621);
#15724=AXIS2_PLACEMENT_3D('',#21620,#17625,#17626);
#15725=AXIS2_PLACEMENT_3D('',#21626,#17630,#17631);
#15726=AXIS2_PLACEMENT_3D('',#21629,#17634,#17635);
#15727=AXIS2_PLACEMENT_3D('',#21630,#17636,#17637);
#15728=AXIS2_PLACEMENT_3D('',#21631,#17638,#17639);
#15729=AXIS2_PLACEMENT_3D('',#21640,#17644,#17645);
#15730=AXIS2_PLACEMENT_3D('',#21646,#17649,#17650);
#15731=AXIS2_PLACEMENT_3D('',#21652,#17654,#17655);
#15732=AXIS2_PLACEMENT_3D('',#21655,#17658,#17659);
#15733=AXIS2_PLACEMENT_3D('',#21656,#17660,#17661);
#15734=AXIS2_PLACEMENT_3D('',#21657,#17662,#17663);
#15735=AXIS2_PLACEMENT_3D('',#21666,#17668,#17669);
#15736=AXIS2_PLACEMENT_3D('',#21672,#17673,#17674);
#15737=AXIS2_PLACEMENT_3D('',#21678,#17678,#17679);
#15738=AXIS2_PLACEMENT_3D('',#21681,#17682,#17683);
#15739=AXIS2_PLACEMENT_3D('',#21682,#17684,#17685);
#15740=AXIS2_PLACEMENT_3D('',#21683,#17686,#17687);
#15741=AXIS2_PLACEMENT_3D('',#21692,#17692,#17693);
#15742=AXIS2_PLACEMENT_3D('',#21698,#17697,#17698);
#15743=AXIS2_PLACEMENT_3D('',#21704,#17702,#17703);
#15744=AXIS2_PLACEMENT_3D('',#21707,#17706,#17707);
#15745=AXIS2_PLACEMENT_3D('',#21708,#17708,#17709);
#15746=AXIS2_PLACEMENT_3D('',#21709,#17710,#17711);
#15747=AXIS2_PLACEMENT_3D('',#21718,#17716,#17717);
#15748=AXIS2_PLACEMENT_3D('',#21724,#17721,#17722);
#15749=AXIS2_PLACEMENT_3D('',#21730,#17726,#17727);
#15750=AXIS2_PLACEMENT_3D('',#21733,#17730,#17731);
#15751=AXIS2_PLACEMENT_3D('',#21734,#17732,#17733);
#15752=AXIS2_PLACEMENT_3D('',#21735,#17734,#17735);
#15753=AXIS2_PLACEMENT_3D('',#21744,#17740,#17741);
#15754=AXIS2_PLACEMENT_3D('',#21750,#17745,#17746);
#15755=AXIS2_PLACEMENT_3D('',#21756,#17750,#17751);
#15756=AXIS2_PLACEMENT_3D('',#21759,#17754,#17755);
#15757=AXIS2_PLACEMENT_3D('',#21760,#17756,#17757);
#15758=AXIS2_PLACEMENT_3D('',#21761,#17758,#17759);
#15759=AXIS2_PLACEMENT_3D('',#21770,#17764,#17765);
#15760=AXIS2_PLACEMENT_3D('',#21776,#17769,#17770);
#15761=AXIS2_PLACEMENT_3D('',#21782,#17774,#17775);
#15762=AXIS2_PLACEMENT_3D('',#21785,#17778,#17779);
#15763=AXIS2_PLACEMENT_3D('',#21786,#17780,#17781);
#15764=AXIS2_PLACEMENT_3D('',#21787,#17782,#17783);
#15765=AXIS2_PLACEMENT_3D('',#21796,#17788,#17789);
#15766=AXIS2_PLACEMENT_3D('',#21802,#17793,#17794);
#15767=AXIS2_PLACEMENT_3D('',#21808,#17798,#17799);
#15768=AXIS2_PLACEMENT_3D('',#21811,#17802,#17803);
#15769=AXIS2_PLACEMENT_3D('',#21812,#17804,#17805);
#15770=AXIS2_PLACEMENT_3D('',#21813,#17806,#17807);
#15771=AXIS2_PLACEMENT_3D('',#21822,#17812,#17813);
#15772=AXIS2_PLACEMENT_3D('',#21828,#17817,#17818);
#15773=AXIS2_PLACEMENT_3D('',#21834,#17822,#17823);
#15774=AXIS2_PLACEMENT_3D('',#21837,#17826,#17827);
#15775=AXIS2_PLACEMENT_3D('',#21838,#17828,#17829);
#15776=AXIS2_PLACEMENT_3D('',#21839,#17830,#17831);
#15777=AXIS2_PLACEMENT_3D('',#21848,#17836,#17837);
#15778=AXIS2_PLACEMENT_3D('',#21854,#17841,#17842);
#15779=AXIS2_PLACEMENT_3D('',#21860,#17846,#17847);
#15780=AXIS2_PLACEMENT_3D('',#21863,#17850,#17851);
#15781=AXIS2_PLACEMENT_3D('',#21864,#17852,#17853);
#15782=AXIS2_PLACEMENT_3D('',#21865,#17854,#17855);
#15783=AXIS2_PLACEMENT_3D('',#21874,#17860,#17861);
#15784=AXIS2_PLACEMENT_3D('',#21880,#17865,#17866);
#15785=AXIS2_PLACEMENT_3D('',#21886,#17870,#17871);
#15786=AXIS2_PLACEMENT_3D('',#21889,#17874,#17875);
#15787=AXIS2_PLACEMENT_3D('',#21890,#17876,#17877);
#15788=AXIS2_PLACEMENT_3D('',#21891,#17878,#17879);
#15789=AXIS2_PLACEMENT_3D('',#21900,#17884,#17885);
#15790=AXIS2_PLACEMENT_3D('',#21906,#17889,#17890);
#15791=AXIS2_PLACEMENT_3D('',#21912,#17894,#17895);
#15792=AXIS2_PLACEMENT_3D('',#21915,#17898,#17899);
#15793=AXIS2_PLACEMENT_3D('',#21916,#17900,#17901);
#15794=AXIS2_PLACEMENT_3D('',#21917,#17902,#17903);
#15795=AXIS2_PLACEMENT_3D('',#21926,#17908,#17909);
#15796=AXIS2_PLACEMENT_3D('',#21932,#17913,#17914);
#15797=AXIS2_PLACEMENT_3D('',#21938,#17918,#17919);
#15798=AXIS2_PLACEMENT_3D('',#21941,#17922,#17923);
#15799=AXIS2_PLACEMENT_3D('',#21942,#17924,#17925);
#15800=AXIS2_PLACEMENT_3D('',#21943,#17926,#17927);
#15801=AXIS2_PLACEMENT_3D('',#21952,#17932,#17933);
#15802=AXIS2_PLACEMENT_3D('',#21958,#17937,#17938);
#15803=AXIS2_PLACEMENT_3D('',#21964,#17942,#17943);
#15804=AXIS2_PLACEMENT_3D('',#21967,#17946,#17947);
#15805=AXIS2_PLACEMENT_3D('',#21968,#17948,#17949);
#15806=AXIS2_PLACEMENT_3D('',#21969,#17950,#17951);
#15807=AXIS2_PLACEMENT_3D('',#21978,#17956,#17957);
#15808=AXIS2_PLACEMENT_3D('',#21984,#17961,#17962);
#15809=AXIS2_PLACEMENT_3D('',#21990,#17966,#17967);
#15810=AXIS2_PLACEMENT_3D('',#21993,#17970,#17971);
#15811=AXIS2_PLACEMENT_3D('',#21994,#17972,#17973);
#15812=AXIS2_PLACEMENT_3D('',#21995,#17974,#17975);
#15813=AXIS2_PLACEMENT_3D('',#22004,#17980,#17981);
#15814=AXIS2_PLACEMENT_3D('',#22010,#17985,#17986);
#15815=AXIS2_PLACEMENT_3D('',#22016,#17990,#17991);
#15816=AXIS2_PLACEMENT_3D('',#22019,#17994,#17995);
#15817=AXIS2_PLACEMENT_3D('',#22020,#17996,#17997);
#15818=AXIS2_PLACEMENT_3D('',#22021,#17998,#17999);
#15819=AXIS2_PLACEMENT_3D('',#22030,#18004,#18005);
#15820=AXIS2_PLACEMENT_3D('',#22036,#18009,#18010);
#15821=AXIS2_PLACEMENT_3D('',#22042,#18014,#18015);
#15822=AXIS2_PLACEMENT_3D('',#22045,#18018,#18019);
#15823=AXIS2_PLACEMENT_3D('',#22046,#18020,#18021);
#15824=AXIS2_PLACEMENT_3D('',#22047,#18022,#18023);
#15825=AXIS2_PLACEMENT_3D('',#22056,#18028,#18029);
#15826=AXIS2_PLACEMENT_3D('',#22062,#18033,#18034);
#15827=AXIS2_PLACEMENT_3D('',#22068,#18038,#18039);
#15828=AXIS2_PLACEMENT_3D('',#22071,#18042,#18043);
#15829=AXIS2_PLACEMENT_3D('',#22072,#18044,#18045);
#15830=AXIS2_PLACEMENT_3D('',#22073,#18046,#18047);
#15831=AXIS2_PLACEMENT_3D('',#22082,#18052,#18053);
#15832=AXIS2_PLACEMENT_3D('',#22088,#18057,#18058);
#15833=AXIS2_PLACEMENT_3D('',#22094,#18062,#18063);
#15834=AXIS2_PLACEMENT_3D('',#22097,#18066,#18067);
#15835=AXIS2_PLACEMENT_3D('',#22098,#18068,#18069);
#15836=AXIS2_PLACEMENT_3D('',#22099,#18070,#18071);
#15837=AXIS2_PLACEMENT_3D('',#22108,#18076,#18077);
#15838=AXIS2_PLACEMENT_3D('',#22114,#18081,#18082);
#15839=AXIS2_PLACEMENT_3D('',#22120,#18086,#18087);
#15840=AXIS2_PLACEMENT_3D('',#22123,#18090,#18091);
#15841=AXIS2_PLACEMENT_3D('',#22124,#18092,#18093);
#15842=AXIS2_PLACEMENT_3D('',#22125,#18094,#18095);
#15843=AXIS2_PLACEMENT_3D('',#22134,#18100,#18101);
#15844=AXIS2_PLACEMENT_3D('',#22140,#18105,#18106);
#15845=AXIS2_PLACEMENT_3D('',#22146,#18110,#18111);
#15846=AXIS2_PLACEMENT_3D('',#22149,#18114,#18115);
#15847=AXIS2_PLACEMENT_3D('',#22150,#18116,#18117);
#15848=AXIS2_PLACEMENT_3D('',#22151,#18118,#18119);
#15849=AXIS2_PLACEMENT_3D('',#22160,#18124,#18125);
#15850=AXIS2_PLACEMENT_3D('',#22166,#18129,#18130);
#15851=AXIS2_PLACEMENT_3D('',#22172,#18134,#18135);
#15852=AXIS2_PLACEMENT_3D('',#22175,#18138,#18139);
#15853=AXIS2_PLACEMENT_3D('',#22176,#18140,#18141);
#15854=AXIS2_PLACEMENT_3D('',#22177,#18142,#18143);
#15855=AXIS2_PLACEMENT_3D('',#22186,#18148,#18149);
#15856=AXIS2_PLACEMENT_3D('',#22192,#18153,#18154);
#15857=AXIS2_PLACEMENT_3D('',#22198,#18158,#18159);
#15858=AXIS2_PLACEMENT_3D('',#22201,#18162,#18163);
#15859=AXIS2_PLACEMENT_3D('',#22202,#18164,#18165);
#15860=AXIS2_PLACEMENT_3D('',#22203,#18166,#18167);
#15861=AXIS2_PLACEMENT_3D('',#22212,#18172,#18173);
#15862=AXIS2_PLACEMENT_3D('',#22218,#18177,#18178);
#15863=AXIS2_PLACEMENT_3D('',#22224,#18182,#18183);
#15864=AXIS2_PLACEMENT_3D('',#22227,#18186,#18187);
#15865=AXIS2_PLACEMENT_3D('',#22228,#18188,#18189);
#15866=AXIS2_PLACEMENT_3D('',#22229,#18190,#18191);
#15867=AXIS2_PLACEMENT_3D('',#22238,#18196,#18197);
#15868=AXIS2_PLACEMENT_3D('',#22244,#18201,#18202);
#15869=AXIS2_PLACEMENT_3D('',#22250,#18206,#18207);
#15870=AXIS2_PLACEMENT_3D('',#22253,#18210,#18211);
#15871=AXIS2_PLACEMENT_3D('',#22254,#18212,#18213);
#15872=AXIS2_PLACEMENT_3D('',#22255,#18214,#18215);
#15873=AXIS2_PLACEMENT_3D('',#22264,#18220,#18221);
#15874=AXIS2_PLACEMENT_3D('',#22270,#18225,#18226);
#15875=AXIS2_PLACEMENT_3D('',#22276,#18230,#18231);
#15876=AXIS2_PLACEMENT_3D('',#22279,#18234,#18235);
#15877=AXIS2_PLACEMENT_3D('',#22280,#18236,#18237);
#15878=AXIS2_PLACEMENT_3D('',#22281,#18238,#18239);
#15879=AXIS2_PLACEMENT_3D('',#22290,#18244,#18245);
#15880=AXIS2_PLACEMENT_3D('',#22296,#18249,#18250);
#15881=AXIS2_PLACEMENT_3D('',#22302,#18254,#18255);
#15882=AXIS2_PLACEMENT_3D('',#22305,#18258,#18259);
#15883=AXIS2_PLACEMENT_3D('',#22306,#18260,#18261);
#15884=AXIS2_PLACEMENT_3D('',#22307,#18262,#18263);
#15885=AXIS2_PLACEMENT_3D('',#22316,#18268,#18269);
#15886=AXIS2_PLACEMENT_3D('',#22322,#18273,#18274);
#15887=AXIS2_PLACEMENT_3D('',#22328,#18278,#18279);
#15888=AXIS2_PLACEMENT_3D('',#22331,#18282,#18283);
#15889=AXIS2_PLACEMENT_3D('',#22332,#18284,#18285);
#15890=AXIS2_PLACEMENT_3D('',#22333,#18286,#18287);
#15891=AXIS2_PLACEMENT_3D('',#22342,#18292,#18293);
#15892=AXIS2_PLACEMENT_3D('',#22348,#18297,#18298);
#15893=AXIS2_PLACEMENT_3D('',#22354,#18302,#18303);
#15894=AXIS2_PLACEMENT_3D('',#22357,#18306,#18307);
#15895=AXIS2_PLACEMENT_3D('',#22358,#18308,#18309);
#15896=AXIS2_PLACEMENT_3D('',#22359,#18310,#18311);
#15897=AXIS2_PLACEMENT_3D('',#22368,#18316,#18317);
#15898=AXIS2_PLACEMENT_3D('',#22374,#18321,#18322);
#15899=AXIS2_PLACEMENT_3D('',#22380,#18326,#18327);
#15900=AXIS2_PLACEMENT_3D('',#22383,#18330,#18331);
#15901=AXIS2_PLACEMENT_3D('',#22384,#18332,#18333);
#15902=AXIS2_PLACEMENT_3D('',#22385,#18334,#18335);
#15903=AXIS2_PLACEMENT_3D('',#22394,#18340,#18341);
#15904=AXIS2_PLACEMENT_3D('',#22400,#18345,#18346);
#15905=AXIS2_PLACEMENT_3D('',#22406,#18350,#18351);
#15906=AXIS2_PLACEMENT_3D('',#22409,#18354,#18355);
#15907=AXIS2_PLACEMENT_3D('',#22410,#18356,#18357);
#15908=AXIS2_PLACEMENT_3D('',#22411,#18358,#18359);
#15909=AXIS2_PLACEMENT_3D('',#22420,#18364,#18365);
#15910=AXIS2_PLACEMENT_3D('',#22426,#18369,#18370);
#15911=AXIS2_PLACEMENT_3D('',#22432,#18374,#18375);
#15912=AXIS2_PLACEMENT_3D('',#22435,#18378,#18379);
#15913=AXIS2_PLACEMENT_3D('',#22436,#18380,#18381);
#15914=AXIS2_PLACEMENT_3D('',#22437,#18382,#18383);
#15915=AXIS2_PLACEMENT_3D('',#22446,#18388,#18389);
#15916=AXIS2_PLACEMENT_3D('',#22452,#18393,#18394);
#15917=AXIS2_PLACEMENT_3D('',#22458,#18398,#18399);
#15918=AXIS2_PLACEMENT_3D('',#22461,#18402,#18403);
#15919=AXIS2_PLACEMENT_3D('',#22462,#18404,#18405);
#15920=AXIS2_PLACEMENT_3D('',#22463,#18406,#18407);
#15921=AXIS2_PLACEMENT_3D('',#22472,#18412,#18413);
#15922=AXIS2_PLACEMENT_3D('',#22478,#18417,#18418);
#15923=AXIS2_PLACEMENT_3D('',#22484,#18422,#18423);
#15924=AXIS2_PLACEMENT_3D('',#22487,#18426,#18427);
#15925=AXIS2_PLACEMENT_3D('',#22488,#18428,#18429);
#15926=AXIS2_PLACEMENT_3D('',#22489,#18430,#18431);
#15927=AXIS2_PLACEMENT_3D('',#22498,#18436,#18437);
#15928=AXIS2_PLACEMENT_3D('',#22504,#18441,#18442);
#15929=AXIS2_PLACEMENT_3D('',#22510,#18446,#18447);
#15930=AXIS2_PLACEMENT_3D('',#22513,#18450,#18451);
#15931=AXIS2_PLACEMENT_3D('',#22514,#18452,#18453);
#15932=AXIS2_PLACEMENT_3D('',#22515,#18454,#18455);
#15933=AXIS2_PLACEMENT_3D('',#22524,#18460,#18461);
#15934=AXIS2_PLACEMENT_3D('',#22530,#18465,#18466);
#15935=AXIS2_PLACEMENT_3D('',#22536,#18470,#18471);
#15936=AXIS2_PLACEMENT_3D('',#22539,#18474,#18475);
#15937=AXIS2_PLACEMENT_3D('',#22540,#18476,#18477);
#15938=AXIS2_PLACEMENT_3D('',#22541,#18478,#18479);
#15939=AXIS2_PLACEMENT_3D('',#22550,#18484,#18485);
#15940=AXIS2_PLACEMENT_3D('',#22556,#18489,#18490);
#15941=AXIS2_PLACEMENT_3D('',#22562,#18494,#18495);
#15942=AXIS2_PLACEMENT_3D('',#22565,#18498,#18499);
#15943=AXIS2_PLACEMENT_3D('',#22566,#18500,#18501);
#15944=AXIS2_PLACEMENT_3D('',#22567,#18502,#18503);
#15945=AXIS2_PLACEMENT_3D('',#22576,#18508,#18509);
#15946=AXIS2_PLACEMENT_3D('',#22582,#18513,#18514);
#15947=AXIS2_PLACEMENT_3D('',#22588,#18518,#18519);
#15948=AXIS2_PLACEMENT_3D('',#22591,#18522,#18523);
#15949=AXIS2_PLACEMENT_3D('',#22592,#18524,#18525);
#15950=AXIS2_PLACEMENT_3D('',#22593,#18526,#18527);
#15951=AXIS2_PLACEMENT_3D('',#22602,#18532,#18533);
#15952=AXIS2_PLACEMENT_3D('',#22608,#18537,#18538);
#15953=AXIS2_PLACEMENT_3D('',#22614,#18542,#18543);
#15954=AXIS2_PLACEMENT_3D('',#22617,#18546,#18547);
#15955=AXIS2_PLACEMENT_3D('',#22618,#18548,#18549);
#15956=AXIS2_PLACEMENT_3D('',#22619,#18550,#18551);
#15957=AXIS2_PLACEMENT_3D('',#22628,#18556,#18557);
#15958=AXIS2_PLACEMENT_3D('',#22634,#18561,#18562);
#15959=AXIS2_PLACEMENT_3D('',#22640,#18566,#18567);
#15960=AXIS2_PLACEMENT_3D('',#22643,#18570,#18571);
#15961=AXIS2_PLACEMENT_3D('',#22644,#18572,#18573);
#15962=AXIS2_PLACEMENT_3D('',#22645,#18574,#18575);
#15963=AXIS2_PLACEMENT_3D('',#22654,#18580,#18581);
#15964=AXIS2_PLACEMENT_3D('',#22660,#18585,#18586);
#15965=AXIS2_PLACEMENT_3D('',#22666,#18590,#18591);
#15966=AXIS2_PLACEMENT_3D('',#22669,#18594,#18595);
#15967=AXIS2_PLACEMENT_3D('',#22670,#18596,#18597);
#15968=AXIS2_PLACEMENT_3D('',#22671,#18598,#18599);
#15969=AXIS2_PLACEMENT_3D('',#22680,#18604,#18605);
#15970=AXIS2_PLACEMENT_3D('',#22686,#18609,#18610);
#15971=AXIS2_PLACEMENT_3D('',#22692,#18614,#18615);
#15972=AXIS2_PLACEMENT_3D('',#22695,#18618,#18619);
#15973=AXIS2_PLACEMENT_3D('',#22696,#18620,#18621);
#15974=AXIS2_PLACEMENT_3D('',#22697,#18622,#18623);
#15975=AXIS2_PLACEMENT_3D('',#22706,#18628,#18629);
#15976=AXIS2_PLACEMENT_3D('',#22712,#18633,#18634);
#15977=AXIS2_PLACEMENT_3D('',#22718,#18638,#18639);
#15978=AXIS2_PLACEMENT_3D('',#22721,#18642,#18643);
#15979=AXIS2_PLACEMENT_3D('',#22722,#18644,#18645);
#15980=AXIS2_PLACEMENT_3D('',#22723,#18646,#18647);
#15981=AXIS2_PLACEMENT_3D('',#22732,#18652,#18653);
#15982=AXIS2_PLACEMENT_3D('',#22738,#18657,#18658);
#15983=AXIS2_PLACEMENT_3D('',#22744,#18662,#18663);
#15984=AXIS2_PLACEMENT_3D('',#22747,#18666,#18667);
#15985=AXIS2_PLACEMENT_3D('',#22748,#18668,#18669);
#15986=AXIS2_PLACEMENT_3D('',#22749,#18670,#18671);
#15987=AXIS2_PLACEMENT_3D('',#22758,#18676,#18677);
#15988=AXIS2_PLACEMENT_3D('',#22764,#18681,#18682);
#15989=AXIS2_PLACEMENT_3D('',#22770,#18686,#18687);
#15990=AXIS2_PLACEMENT_3D('',#22773,#18690,#18691);
#15991=AXIS2_PLACEMENT_3D('',#22774,#18692,#18693);
#15992=AXIS2_PLACEMENT_3D('',#22775,#18694,#18695);
#15993=AXIS2_PLACEMENT_3D('',#22784,#18700,#18701);
#15994=AXIS2_PLACEMENT_3D('',#22790,#18705,#18706);
#15995=AXIS2_PLACEMENT_3D('',#22796,#18710,#18711);
#15996=AXIS2_PLACEMENT_3D('',#22799,#18714,#18715);
#15997=AXIS2_PLACEMENT_3D('',#22800,#18716,#18717);
#15998=AXIS2_PLACEMENT_3D('',#22801,#18718,#18719);
#15999=AXIS2_PLACEMENT_3D('',#22810,#18724,#18725);
#16000=AXIS2_PLACEMENT_3D('',#22816,#18729,#18730);
#16001=AXIS2_PLACEMENT_3D('',#22822,#18734,#18735);
#16002=AXIS2_PLACEMENT_3D('',#22825,#18738,#18739);
#16003=AXIS2_PLACEMENT_3D('',#22826,#18740,#18741);
#16004=AXIS2_PLACEMENT_3D('',#22827,#18742,#18743);
#16005=AXIS2_PLACEMENT_3D('',#22836,#18748,#18749);
#16006=AXIS2_PLACEMENT_3D('',#22842,#18753,#18754);
#16007=AXIS2_PLACEMENT_3D('',#22848,#18758,#18759);
#16008=AXIS2_PLACEMENT_3D('',#22851,#18762,#18763);
#16009=AXIS2_PLACEMENT_3D('',#22852,#18764,#18765);
#16010=AXIS2_PLACEMENT_3D('',#22853,#18766,#18767);
#16011=AXIS2_PLACEMENT_3D('',#22862,#18772,#18773);
#16012=AXIS2_PLACEMENT_3D('',#22868,#18777,#18778);
#16013=AXIS2_PLACEMENT_3D('',#22874,#18782,#18783);
#16014=AXIS2_PLACEMENT_3D('',#22877,#18786,#18787);
#16015=AXIS2_PLACEMENT_3D('',#22878,#18788,#18789);
#16016=AXIS2_PLACEMENT_3D('',#22879,#18790,#18791);
#16017=AXIS2_PLACEMENT_3D('',#22888,#18796,#18797);
#16018=AXIS2_PLACEMENT_3D('',#22894,#18801,#18802);
#16019=AXIS2_PLACEMENT_3D('',#22900,#18806,#18807);
#16020=AXIS2_PLACEMENT_3D('',#22903,#18810,#18811);
#16021=AXIS2_PLACEMENT_3D('',#22904,#18812,#18813);
#16022=AXIS2_PLACEMENT_3D('',#22905,#18814,#18815);
#16023=AXIS2_PLACEMENT_3D('',#22914,#18820,#18821);
#16024=AXIS2_PLACEMENT_3D('',#22920,#18825,#18826);
#16025=AXIS2_PLACEMENT_3D('',#22926,#18830,#18831);
#16026=AXIS2_PLACEMENT_3D('',#22929,#18834,#18835);
#16027=AXIS2_PLACEMENT_3D('',#22930,#18836,#18837);
#16028=AXIS2_PLACEMENT_3D('',#22931,#18838,#18839);
#16029=AXIS2_PLACEMENT_3D('',#22940,#18844,#18845);
#16030=AXIS2_PLACEMENT_3D('',#22946,#18849,#18850);
#16031=AXIS2_PLACEMENT_3D('',#22952,#18854,#18855);
#16032=AXIS2_PLACEMENT_3D('',#22955,#18858,#18859);
#16033=AXIS2_PLACEMENT_3D('',#22956,#18860,#18861);
#16034=AXIS2_PLACEMENT_3D('',#22957,#18862,#18863);
#16035=AXIS2_PLACEMENT_3D('',#22966,#18868,#18869);
#16036=AXIS2_PLACEMENT_3D('',#22972,#18873,#18874);
#16037=AXIS2_PLACEMENT_3D('',#22978,#18878,#18879);
#16038=AXIS2_PLACEMENT_3D('',#22981,#18882,#18883);
#16039=AXIS2_PLACEMENT_3D('',#22982,#18884,#18885);
#16040=AXIS2_PLACEMENT_3D('',#22983,#18886,#18887);
#16041=AXIS2_PLACEMENT_3D('',#22992,#18892,#18893);
#16042=AXIS2_PLACEMENT_3D('',#22998,#18897,#18898);
#16043=AXIS2_PLACEMENT_3D('',#23004,#18902,#18903);
#16044=AXIS2_PLACEMENT_3D('',#23007,#18906,#18907);
#16045=AXIS2_PLACEMENT_3D('',#23008,#18908,#18909);
#16046=AXIS2_PLACEMENT_3D('',#23009,#18910,#18911);
#16047=AXIS2_PLACEMENT_3D('',#23018,#18916,#18917);
#16048=AXIS2_PLACEMENT_3D('',#23024,#18921,#18922);
#16049=AXIS2_PLACEMENT_3D('',#23030,#18926,#18927);
#16050=AXIS2_PLACEMENT_3D('',#23033,#18930,#18931);
#16051=AXIS2_PLACEMENT_3D('',#23034,#18932,#18933);
#16052=AXIS2_PLACEMENT_3D('',#23035,#18934,#18935);
#16053=AXIS2_PLACEMENT_3D('',#23044,#18940,#18941);
#16054=AXIS2_PLACEMENT_3D('',#23050,#18945,#18946);
#16055=AXIS2_PLACEMENT_3D('',#23056,#18950,#18951);
#16056=AXIS2_PLACEMENT_3D('',#23059,#18954,#18955);
#16057=AXIS2_PLACEMENT_3D('',#23060,#18956,#18957);
#16058=AXIS2_PLACEMENT_3D('',#23061,#18958,#18959);
#16059=AXIS2_PLACEMENT_3D('',#23070,#18964,#18965);
#16060=AXIS2_PLACEMENT_3D('',#23076,#18969,#18970);
#16061=AXIS2_PLACEMENT_3D('',#23082,#18974,#18975);
#16062=AXIS2_PLACEMENT_3D('',#23085,#18978,#18979);
#16063=AXIS2_PLACEMENT_3D('',#23086,#18980,#18981);
#16064=AXIS2_PLACEMENT_3D('',#23087,#18982,#18983);
#16065=AXIS2_PLACEMENT_3D('',#23096,#18988,#18989);
#16066=AXIS2_PLACEMENT_3D('',#23102,#18993,#18994);
#16067=AXIS2_PLACEMENT_3D('',#23108,#18998,#18999);
#16068=AXIS2_PLACEMENT_3D('',#23111,#19002,#19003);
#16069=AXIS2_PLACEMENT_3D('',#23112,#19004,#19005);
#16070=AXIS2_PLACEMENT_3D('',#23113,#19006,#19007);
#16071=AXIS2_PLACEMENT_3D('',#23122,#19012,#19013);
#16072=AXIS2_PLACEMENT_3D('',#23128,#19017,#19018);
#16073=AXIS2_PLACEMENT_3D('',#23134,#19022,#19023);
#16074=AXIS2_PLACEMENT_3D('',#23137,#19026,#19027);
#16075=AXIS2_PLACEMENT_3D('',#23138,#19028,#19029);
#16076=AXIS2_PLACEMENT_3D('',#23139,#19030,#19031);
#16077=AXIS2_PLACEMENT_3D('',#23148,#19036,#19037);
#16078=AXIS2_PLACEMENT_3D('',#23154,#19041,#19042);
#16079=AXIS2_PLACEMENT_3D('',#23160,#19046,#19047);
#16080=AXIS2_PLACEMENT_3D('',#23163,#19050,#19051);
#16081=AXIS2_PLACEMENT_3D('',#23164,#19052,#19053);
#16082=AXIS2_PLACEMENT_3D('',#23165,#19054,#19055);
#16083=AXIS2_PLACEMENT_3D('',#23174,#19060,#19061);
#16084=AXIS2_PLACEMENT_3D('',#23180,#19065,#19066);
#16085=AXIS2_PLACEMENT_3D('',#23186,#19070,#19071);
#16086=AXIS2_PLACEMENT_3D('',#23189,#19074,#19075);
#16087=AXIS2_PLACEMENT_3D('',#23190,#19076,#19077);
#16088=AXIS2_PLACEMENT_3D('',#23191,#19078,#19079);
#16089=AXIS2_PLACEMENT_3D('',#23200,#19084,#19085);
#16090=AXIS2_PLACEMENT_3D('',#23206,#19089,#19090);
#16091=AXIS2_PLACEMENT_3D('',#23212,#19094,#19095);
#16092=AXIS2_PLACEMENT_3D('',#23215,#19098,#19099);
#16093=AXIS2_PLACEMENT_3D('',#23216,#19100,#19101);
#16094=AXIS2_PLACEMENT_3D('',#23217,#19102,#19103);
#16095=AXIS2_PLACEMENT_3D('',#23226,#19108,#19109);
#16096=AXIS2_PLACEMENT_3D('',#23232,#19113,#19114);
#16097=AXIS2_PLACEMENT_3D('',#23238,#19118,#19119);
#16098=AXIS2_PLACEMENT_3D('',#23241,#19122,#19123);
#16099=AXIS2_PLACEMENT_3D('',#23242,#19124,#19125);
#16100=AXIS2_PLACEMENT_3D('',#23243,#19126,#19127);
#16101=AXIS2_PLACEMENT_3D('',#23252,#19132,#19133);
#16102=AXIS2_PLACEMENT_3D('',#23258,#19137,#19138);
#16103=AXIS2_PLACEMENT_3D('',#23264,#19142,#19143);
#16104=AXIS2_PLACEMENT_3D('',#23267,#19146,#19147);
#16105=AXIS2_PLACEMENT_3D('',#23268,#19148,#19149);
#16106=AXIS2_PLACEMENT_3D('',#23269,#19150,#19151);
#16107=AXIS2_PLACEMENT_3D('',#23278,#19156,#19157);
#16108=AXIS2_PLACEMENT_3D('',#23284,#19161,#19162);
#16109=AXIS2_PLACEMENT_3D('',#23290,#19166,#19167);
#16110=AXIS2_PLACEMENT_3D('',#23293,#19170,#19171);
#16111=AXIS2_PLACEMENT_3D('',#23294,#19172,#19173);
#16112=AXIS2_PLACEMENT_3D('',#23295,#19174,#19175);
#16113=AXIS2_PLACEMENT_3D('',#23304,#19180,#19181);
#16114=AXIS2_PLACEMENT_3D('',#23310,#19185,#19186);
#16115=AXIS2_PLACEMENT_3D('',#23316,#19190,#19191);
#16116=AXIS2_PLACEMENT_3D('',#23319,#19194,#19195);
#16117=AXIS2_PLACEMENT_3D('',#23320,#19196,#19197);
#16118=AXIS2_PLACEMENT_3D('',#23321,#19198,#19199);
#16119=AXIS2_PLACEMENT_3D('',#23330,#19204,#19205);
#16120=AXIS2_PLACEMENT_3D('',#23336,#19209,#19210);
#16121=AXIS2_PLACEMENT_3D('',#23342,#19214,#19215);
#16122=AXIS2_PLACEMENT_3D('',#23345,#19218,#19219);
#16123=AXIS2_PLACEMENT_3D('',#23346,#19220,#19221);
#16124=AXIS2_PLACEMENT_3D('',#23347,#19222,#19223);
#16125=AXIS2_PLACEMENT_3D('',#23356,#19228,#19229);
#16126=AXIS2_PLACEMENT_3D('',#23362,#19233,#19234);
#16127=AXIS2_PLACEMENT_3D('',#23368,#19238,#19239);
#16128=AXIS2_PLACEMENT_3D('',#23371,#19242,#19243);
#16129=AXIS2_PLACEMENT_3D('',#23372,#19244,#19245);
#16130=AXIS2_PLACEMENT_3D('',#23373,#19246,#19247);
#16131=AXIS2_PLACEMENT_3D('',#23382,#19252,#19253);
#16132=AXIS2_PLACEMENT_3D('',#23388,#19257,#19258);
#16133=AXIS2_PLACEMENT_3D('',#23394,#19262,#19263);
#16134=AXIS2_PLACEMENT_3D('',#23397,#19266,#19267);
#16135=AXIS2_PLACEMENT_3D('',#23398,#19268,#19269);
#16136=AXIS2_PLACEMENT_3D('',#23399,#19270,#19271);
#16137=AXIS2_PLACEMENT_3D('',#23408,#19276,#19277);
#16138=AXIS2_PLACEMENT_3D('',#23414,#19281,#19282);
#16139=AXIS2_PLACEMENT_3D('',#23420,#19286,#19287);
#16140=AXIS2_PLACEMENT_3D('',#23423,#19290,#19291);
#16141=AXIS2_PLACEMENT_3D('',#23424,#19292,#19293);
#16142=AXIS2_PLACEMENT_3D('',#23425,#19294,#19295);
#16143=AXIS2_PLACEMENT_3D('',#23434,#19300,#19301);
#16144=AXIS2_PLACEMENT_3D('',#23440,#19305,#19306);
#16145=AXIS2_PLACEMENT_3D('',#23446,#19310,#19311);
#16146=AXIS2_PLACEMENT_3D('',#23449,#19314,#19315);
#16147=AXIS2_PLACEMENT_3D('',#23450,#19316,#19317);
#16148=AXIS2_PLACEMENT_3D('',#23451,#19318,#19319);
#16149=AXIS2_PLACEMENT_3D('',#23460,#19324,#19325);
#16150=AXIS2_PLACEMENT_3D('',#23466,#19329,#19330);
#16151=AXIS2_PLACEMENT_3D('',#23472,#19334,#19335);
#16152=AXIS2_PLACEMENT_3D('',#23475,#19338,#19339);
#16153=AXIS2_PLACEMENT_3D('',#23476,#19340,#19341);
#16154=AXIS2_PLACEMENT_3D('',#23477,#19342,#19343);
#16155=AXIS2_PLACEMENT_3D('',#23486,#19348,#19349);
#16156=AXIS2_PLACEMENT_3D('',#23492,#19353,#19354);
#16157=AXIS2_PLACEMENT_3D('',#23498,#19358,#19359);
#16158=AXIS2_PLACEMENT_3D('',#23501,#19362,#19363);
#16159=AXIS2_PLACEMENT_3D('',#23502,#19364,#19365);
#16160=AXIS2_PLACEMENT_3D('',#23503,#19366,#19367);
#16161=AXIS2_PLACEMENT_3D('',#23512,#19372,#19373);
#16162=AXIS2_PLACEMENT_3D('',#23518,#19377,#19378);
#16163=AXIS2_PLACEMENT_3D('',#23524,#19382,#19383);
#16164=AXIS2_PLACEMENT_3D('',#23527,#19386,#19387);
#16165=AXIS2_PLACEMENT_3D('',#23528,#19388,#19389);
#16166=AXIS2_PLACEMENT_3D('',#23529,#19390,#19391);
#16167=AXIS2_PLACEMENT_3D('',#23538,#19396,#19397);
#16168=AXIS2_PLACEMENT_3D('',#23544,#19401,#19402);
#16169=AXIS2_PLACEMENT_3D('',#23550,#19406,#19407);
#16170=AXIS2_PLACEMENT_3D('',#23553,#19410,#19411);
#16171=AXIS2_PLACEMENT_3D('',#23554,#19412,#19413);
#16172=AXIS2_PLACEMENT_3D('',#23555,#19414,#19415);
#16173=AXIS2_PLACEMENT_3D('',#23564,#19420,#19421);
#16174=AXIS2_PLACEMENT_3D('',#23570,#19425,#19426);
#16175=AXIS2_PLACEMENT_3D('',#23576,#19430,#19431);
#16176=AXIS2_PLACEMENT_3D('',#23579,#19434,#19435);
#16177=AXIS2_PLACEMENT_3D('',#23580,#19436,#19437);
#16178=AXIS2_PLACEMENT_3D('',#23581,#19438,#19439);
#16179=AXIS2_PLACEMENT_3D('',#23590,#19444,#19445);
#16180=AXIS2_PLACEMENT_3D('',#23596,#19449,#19450);
#16181=AXIS2_PLACEMENT_3D('',#23602,#19454,#19455);
#16182=AXIS2_PLACEMENT_3D('',#23605,#19458,#19459);
#16183=AXIS2_PLACEMENT_3D('',#23606,#19460,#19461);
#16184=AXIS2_PLACEMENT_3D('',#23607,#19462,#19463);
#16185=AXIS2_PLACEMENT_3D('',#23616,#19468,#19469);
#16186=AXIS2_PLACEMENT_3D('',#23622,#19473,#19474);
#16187=AXIS2_PLACEMENT_3D('',#23628,#19478,#19479);
#16188=AXIS2_PLACEMENT_3D('',#23631,#19482,#19483);
#16189=AXIS2_PLACEMENT_3D('',#23632,#19484,#19485);
#16190=AXIS2_PLACEMENT_3D('',#23633,#19486,#19487);
#16191=AXIS2_PLACEMENT_3D('',#23642,#19492,#19493);
#16192=AXIS2_PLACEMENT_3D('',#23648,#19497,#19498);
#16193=AXIS2_PLACEMENT_3D('',#23654,#19502,#19503);
#16194=AXIS2_PLACEMENT_3D('',#23657,#19506,#19507);
#16195=AXIS2_PLACEMENT_3D('',#23658,#19508,#19509);
#16196=AXIS2_PLACEMENT_3D('',#23659,#19510,#19511);
#16197=AXIS2_PLACEMENT_3D('',#23668,#19516,#19517);
#16198=AXIS2_PLACEMENT_3D('',#23674,#19521,#19522);
#16199=AXIS2_PLACEMENT_3D('',#23680,#19526,#19527);
#16200=AXIS2_PLACEMENT_3D('',#23683,#19530,#19531);
#16201=AXIS2_PLACEMENT_3D('',#23684,#19532,#19533);
#16202=AXIS2_PLACEMENT_3D('',#23685,#19534,#19535);
#16203=AXIS2_PLACEMENT_3D('',#23694,#19540,#19541);
#16204=AXIS2_PLACEMENT_3D('',#23700,#19545,#19546);
#16205=AXIS2_PLACEMENT_3D('',#23706,#19550,#19551);
#16206=AXIS2_PLACEMENT_3D('',#23709,#19554,#19555);
#16207=AXIS2_PLACEMENT_3D('',#23710,#19556,#19557);
#16208=AXIS2_PLACEMENT_3D('',#23711,#19558,#19559);
#16209=AXIS2_PLACEMENT_3D('',#23720,#19564,#19565);
#16210=AXIS2_PLACEMENT_3D('',#23726,#19569,#19570);
#16211=AXIS2_PLACEMENT_3D('',#23732,#19574,#19575);
#16212=AXIS2_PLACEMENT_3D('',#23735,#19578,#19579);
#16213=AXIS2_PLACEMENT_3D('',#23736,#19580,#19581);
#16214=AXIS2_PLACEMENT_3D('',#23737,#19582,#19583);
#16215=AXIS2_PLACEMENT_3D('',#23746,#19588,#19589);
#16216=AXIS2_PLACEMENT_3D('',#23752,#19593,#19594);
#16217=AXIS2_PLACEMENT_3D('',#23758,#19598,#19599);
#16218=AXIS2_PLACEMENT_3D('',#23761,#19602,#19603);
#16219=AXIS2_PLACEMENT_3D('',#23762,#19604,#19605);
#16220=AXIS2_PLACEMENT_3D('',#23763,#19606,#19607);
#16221=AXIS2_PLACEMENT_3D('',#23772,#19612,#19613);
#16222=AXIS2_PLACEMENT_3D('',#23778,#19617,#19618);
#16223=AXIS2_PLACEMENT_3D('',#23784,#19622,#19623);
#16224=AXIS2_PLACEMENT_3D('',#23787,#19626,#19627);
#16225=AXIS2_PLACEMENT_3D('',#23788,#19628,#19629);
#16226=AXIS2_PLACEMENT_3D('',#23789,#19630,#19631);
#16227=AXIS2_PLACEMENT_3D('',#23798,#19636,#19637);
#16228=AXIS2_PLACEMENT_3D('',#23804,#19641,#19642);
#16229=AXIS2_PLACEMENT_3D('',#23810,#19646,#19647);
#16230=AXIS2_PLACEMENT_3D('',#23813,#19650,#19651);
#16231=AXIS2_PLACEMENT_3D('',#23814,#19652,#19653);
#16232=AXIS2_PLACEMENT_3D('',#23815,#19654,#19655);
#16233=AXIS2_PLACEMENT_3D('',#23824,#19660,#19661);
#16234=AXIS2_PLACEMENT_3D('',#23830,#19665,#19666);
#16235=AXIS2_PLACEMENT_3D('',#23836,#19670,#19671);
#16236=AXIS2_PLACEMENT_3D('',#23839,#19674,#19675);
#16237=AXIS2_PLACEMENT_3D('',#23840,#19676,#19677);
#16238=AXIS2_PLACEMENT_3D('',#23841,#19678,#19679);
#16239=AXIS2_PLACEMENT_3D('',#23850,#19684,#19685);
#16240=AXIS2_PLACEMENT_3D('',#23856,#19689,#19690);
#16241=AXIS2_PLACEMENT_3D('',#23862,#19694,#19695);
#16242=AXIS2_PLACEMENT_3D('',#23865,#19698,#19699);
#16243=AXIS2_PLACEMENT_3D('',#23866,#19700,#19701);
#16244=AXIS2_PLACEMENT_3D('',#23867,#19702,#19703);
#16245=AXIS2_PLACEMENT_3D('',#23876,#19708,#19709);
#16246=AXIS2_PLACEMENT_3D('',#23882,#19713,#19714);
#16247=AXIS2_PLACEMENT_3D('',#23888,#19718,#19719);
#16248=AXIS2_PLACEMENT_3D('',#23891,#19722,#19723);
#16249=AXIS2_PLACEMENT_3D('',#23892,#19724,#19725);
#16250=AXIS2_PLACEMENT_3D('',#23893,#19726,#19727);
#16251=AXIS2_PLACEMENT_3D('',#23902,#19732,#19733);
#16252=AXIS2_PLACEMENT_3D('',#23908,#19737,#19738);
#16253=AXIS2_PLACEMENT_3D('',#23914,#19742,#19743);
#16254=AXIS2_PLACEMENT_3D('',#23917,#19746,#19747);
#16255=AXIS2_PLACEMENT_3D('',#23918,#19748,#19749);
#16256=AXIS2_PLACEMENT_3D('',#23919,#19750,#19751);
#16257=AXIS2_PLACEMENT_3D('',#23928,#19756,#19757);
#16258=AXIS2_PLACEMENT_3D('',#23934,#19761,#19762);
#16259=AXIS2_PLACEMENT_3D('',#23940,#19766,#19767);
#16260=AXIS2_PLACEMENT_3D('',#23943,#19770,#19771);
#16261=AXIS2_PLACEMENT_3D('',#23944,#19772,#19773);
#16262=AXIS2_PLACEMENT_3D('',#23945,#19774,#19775);
#16263=AXIS2_PLACEMENT_3D('',#23954,#19780,#19781);
#16264=AXIS2_PLACEMENT_3D('',#23960,#19785,#19786);
#16265=AXIS2_PLACEMENT_3D('',#23966,#19790,#19791);
#16266=AXIS2_PLACEMENT_3D('',#23969,#19794,#19795);
#16267=AXIS2_PLACEMENT_3D('',#23970,#19796,#19797);
#16268=AXIS2_PLACEMENT_3D('',#23971,#19798,#19799);
#16269=AXIS2_PLACEMENT_3D('',#23980,#19804,#19805);
#16270=AXIS2_PLACEMENT_3D('',#23986,#19809,#19810);
#16271=AXIS2_PLACEMENT_3D('',#23992,#19814,#19815);
#16272=AXIS2_PLACEMENT_3D('',#23995,#19818,#19819);
#16273=AXIS2_PLACEMENT_3D('',#23996,#19820,#19821);
#16274=AXIS2_PLACEMENT_3D('',#23997,#19822,#19823);
#16275=AXIS2_PLACEMENT_3D('',#24006,#19828,#19829);
#16276=AXIS2_PLACEMENT_3D('',#24012,#19833,#19834);
#16277=AXIS2_PLACEMENT_3D('',#24018,#19838,#19839);
#16278=AXIS2_PLACEMENT_3D('',#24021,#19842,#19843);
#16279=AXIS2_PLACEMENT_3D('',#24022,#19844,#19845);
#16280=AXIS2_PLACEMENT_3D('',#24023,#19846,#19847);
#16281=AXIS2_PLACEMENT_3D('',#24032,#19852,#19853);
#16282=AXIS2_PLACEMENT_3D('',#24038,#19857,#19858);
#16283=AXIS2_PLACEMENT_3D('',#24044,#19862,#19863);
#16284=AXIS2_PLACEMENT_3D('',#24047,#19866,#19867);
#16285=AXIS2_PLACEMENT_3D('',#24048,#19868,#19869);
#16286=AXIS2_PLACEMENT_3D('',#24049,#19870,#19871);
#16287=AXIS2_PLACEMENT_3D('',#24058,#19876,#19877);
#16288=AXIS2_PLACEMENT_3D('',#24064,#19881,#19882);
#16289=AXIS2_PLACEMENT_3D('',#24070,#19886,#19887);
#16290=AXIS2_PLACEMENT_3D('',#24073,#19890,#19891);
#16291=AXIS2_PLACEMENT_3D('',#24074,#19892,#19893);
#16292=AXIS2_PLACEMENT_3D('',#24075,#19894,#19895);
#16293=AXIS2_PLACEMENT_3D('',#24084,#19900,#19901);
#16294=AXIS2_PLACEMENT_3D('',#24090,#19905,#19906);
#16295=AXIS2_PLACEMENT_3D('',#24096,#19910,#19911);
#16296=AXIS2_PLACEMENT_3D('',#24099,#19914,#19915);
#16297=AXIS2_PLACEMENT_3D('',#24100,#19916,#19917);
#16298=AXIS2_PLACEMENT_3D('',#24101,#19918,#19919);
#16299=AXIS2_PLACEMENT_3D('',#24110,#19924,#19925);
#16300=AXIS2_PLACEMENT_3D('',#24116,#19929,#19930);
#16301=AXIS2_PLACEMENT_3D('',#24122,#19934,#19935);
#16302=AXIS2_PLACEMENT_3D('',#24125,#19938,#19939);
#16303=AXIS2_PLACEMENT_3D('',#24126,#19940,#19941);
#16304=AXIS2_PLACEMENT_3D('',#24127,#19942,#19943);
#16305=AXIS2_PLACEMENT_3D('',#24136,#19948,#19949);
#16306=AXIS2_PLACEMENT_3D('',#24142,#19953,#19954);
#16307=AXIS2_PLACEMENT_3D('',#24148,#19958,#19959);
#16308=AXIS2_PLACEMENT_3D('',#24151,#19962,#19963);
#16309=AXIS2_PLACEMENT_3D('',#24152,#19964,#19965);
#16310=AXIS2_PLACEMENT_3D('',#24153,#19966,#19967);
#16311=AXIS2_PLACEMENT_3D('',#24162,#19972,#19973);
#16312=AXIS2_PLACEMENT_3D('',#24168,#19977,#19978);
#16313=AXIS2_PLACEMENT_3D('',#24174,#19982,#19983);
#16314=AXIS2_PLACEMENT_3D('',#24177,#19986,#19987);
#16315=AXIS2_PLACEMENT_3D('',#24178,#19988,#19989);
#16316=AXIS2_PLACEMENT_3D('',#24179,#19990,#19991);
#16317=AXIS2_PLACEMENT_3D('',#24188,#19996,#19997);
#16318=AXIS2_PLACEMENT_3D('',#24194,#20001,#20002);
#16319=AXIS2_PLACEMENT_3D('',#24200,#20006,#20007);
#16320=AXIS2_PLACEMENT_3D('',#24203,#20010,#20011);
#16321=AXIS2_PLACEMENT_3D('',#24204,#20012,#20013);
#16322=AXIS2_PLACEMENT_3D('',#24205,#20014,#20015);
#16323=AXIS2_PLACEMENT_3D('',#24214,#20020,#20021);
#16324=AXIS2_PLACEMENT_3D('',#24220,#20025,#20026);
#16325=AXIS2_PLACEMENT_3D('',#24226,#20030,#20031);
#16326=AXIS2_PLACEMENT_3D('',#24229,#20034,#20035);
#16327=AXIS2_PLACEMENT_3D('',#24230,#20036,#20037);
#16328=AXIS2_PLACEMENT_3D('',#24231,#20038,#20039);
#16329=AXIS2_PLACEMENT_3D('',#24240,#20044,#20045);
#16330=AXIS2_PLACEMENT_3D('',#24246,#20049,#20050);
#16331=AXIS2_PLACEMENT_3D('',#24252,#20054,#20055);
#16332=AXIS2_PLACEMENT_3D('',#24255,#20058,#20059);
#16333=AXIS2_PLACEMENT_3D('',#24256,#20060,#20061);
#16334=AXIS2_PLACEMENT_3D('',#24257,#20062,#20063);
#16335=AXIS2_PLACEMENT_3D('',#24266,#20068,#20069);
#16336=AXIS2_PLACEMENT_3D('',#24272,#20073,#20074);
#16337=AXIS2_PLACEMENT_3D('',#24278,#20078,#20079);
#16338=AXIS2_PLACEMENT_3D('',#24281,#20082,#20083);
#16339=AXIS2_PLACEMENT_3D('',#24282,#20084,#20085);
#16340=AXIS2_PLACEMENT_3D('',#24283,#20086,#20087);
#16341=AXIS2_PLACEMENT_3D('',#24292,#20092,#20093);
#16342=AXIS2_PLACEMENT_3D('',#24298,#20097,#20098);
#16343=AXIS2_PLACEMENT_3D('',#24304,#20102,#20103);
#16344=AXIS2_PLACEMENT_3D('',#24307,#20106,#20107);
#16345=AXIS2_PLACEMENT_3D('',#24308,#20108,#20109);
#16346=AXIS2_PLACEMENT_3D('',#24309,#20110,#20111);
#16347=AXIS2_PLACEMENT_3D('',#24318,#20116,#20117);
#16348=AXIS2_PLACEMENT_3D('',#24324,#20121,#20122);
#16349=AXIS2_PLACEMENT_3D('',#24330,#20126,#20127);
#16350=AXIS2_PLACEMENT_3D('',#24333,#20130,#20131);
#16351=AXIS2_PLACEMENT_3D('',#24334,#20132,#20133);
#16352=AXIS2_PLACEMENT_3D('',#24335,#20134,#20135);
#16353=AXIS2_PLACEMENT_3D('',#24344,#20140,#20141);
#16354=AXIS2_PLACEMENT_3D('',#24350,#20145,#20146);
#16355=AXIS2_PLACEMENT_3D('',#24356,#20150,#20151);
#16356=AXIS2_PLACEMENT_3D('',#24359,#20154,#20155);
#16357=AXIS2_PLACEMENT_3D('',#24360,#20156,#20157);
#16358=AXIS2_PLACEMENT_3D('',#24361,#20158,#20159);
#16359=AXIS2_PLACEMENT_3D('',#24370,#20164,#20165);
#16360=AXIS2_PLACEMENT_3D('',#24376,#20169,#20170);
#16361=AXIS2_PLACEMENT_3D('',#24382,#20174,#20175);
#16362=AXIS2_PLACEMENT_3D('',#24385,#20178,#20179);
#16363=AXIS2_PLACEMENT_3D('',#24386,#20180,#20181);
#16364=AXIS2_PLACEMENT_3D('',#24387,#20182,#20183);
#16365=AXIS2_PLACEMENT_3D('',#24396,#20188,#20189);
#16366=AXIS2_PLACEMENT_3D('',#24402,#20193,#20194);
#16367=AXIS2_PLACEMENT_3D('',#24408,#20198,#20199);
#16368=AXIS2_PLACEMENT_3D('',#24411,#20202,#20203);
#16369=AXIS2_PLACEMENT_3D('',#24412,#20204,#20205);
#16370=AXIS2_PLACEMENT_3D('',#24413,#20206,#20207);
#16371=AXIS2_PLACEMENT_3D('',#24422,#20212,#20213);
#16372=AXIS2_PLACEMENT_3D('',#24428,#20217,#20218);
#16373=AXIS2_PLACEMENT_3D('',#24434,#20222,#20223);
#16374=AXIS2_PLACEMENT_3D('',#24437,#20226,#20227);
#16375=AXIS2_PLACEMENT_3D('',#24438,#20228,#20229);
#16376=AXIS2_PLACEMENT_3D('',#24439,#20230,#20231);
#16377=AXIS2_PLACEMENT_3D('',#24448,#20236,#20237);
#16378=AXIS2_PLACEMENT_3D('',#24454,#20241,#20242);
#16379=AXIS2_PLACEMENT_3D('',#24460,#20246,#20247);
#16380=AXIS2_PLACEMENT_3D('',#24463,#20250,#20251);
#16381=AXIS2_PLACEMENT_3D('',#24464,#20252,#20253);
#16382=AXIS2_PLACEMENT_3D('',#24465,#20254,#20255);
#16383=AXIS2_PLACEMENT_3D('',#24474,#20260,#20261);
#16384=AXIS2_PLACEMENT_3D('',#24480,#20265,#20266);
#16385=AXIS2_PLACEMENT_3D('',#24486,#20270,#20271);
#16386=AXIS2_PLACEMENT_3D('',#24489,#20274,#20275);
#16387=AXIS2_PLACEMENT_3D('',#24490,#20276,#20277);
#16388=DIRECTION('axis',(0.,0.,1.));
#16389=DIRECTION('refdir',(1.,0.,0.));
#16390=DIRECTION('center_axis',(0.,1.,0.));
#16391=DIRECTION('ref_axis',(-1.,0.,0.));
#16392=DIRECTION('',(-1.,0.,0.));
#16393=DIRECTION('',(0.,0.,1.));
#16394=DIRECTION('',(-1.,0.,0.));
#16395=DIRECTION('',(0.,0.,1.));
#16396=DIRECTION('center_axis',(1.,0.,0.));
#16397=DIRECTION('ref_axis',(0.,1.,0.));
#16398=DIRECTION('',(0.,1.,0.));
#16399=DIRECTION('',(0.,1.,0.));
#16400=DIRECTION('',(0.,0.,1.));
#16401=DIRECTION('center_axis',(0.,-1.,0.));
#16402=DIRECTION('ref_axis',(1.,0.,0.));
#16403=DIRECTION('',(1.,0.,0.));
#16404=DIRECTION('',(1.,0.,0.));
#16405=DIRECTION('',(0.,0.,1.));
#16406=DIRECTION('center_axis',(-1.,0.,0.));
#16407=DIRECTION('ref_axis',(0.,-1.,0.));
#16408=DIRECTION('',(0.,-1.,0.));
#16409=DIRECTION('',(0.,-1.,0.));
#16410=DIRECTION('center_axis',(0.,0.,1.));
#16411=DIRECTION('ref_axis',(1.,0.,0.));
#16412=DIRECTION('center_axis',(0.,0.,1.));
#16413=DIRECTION('ref_axis',(1.,0.,0.));
#16414=DIRECTION('center_axis',(0.,1.,0.));
#16415=DIRECTION('ref_axis',(-1.,0.,0.));
#16416=DIRECTION('',(-1.,0.,0.));
#16417=DIRECTION('',(0.,0.,1.));
#16418=DIRECTION('',(-1.,0.,0.));
#16419=DIRECTION('',(0.,0.,1.));
#16420=DIRECTION('center_axis',(1.,0.,0.));
#16421=DIRECTION('ref_axis',(0.,1.,0.));
#16422=DIRECTION('',(0.,1.,0.));
#16423=DIRECTION('',(0.,1.,0.));
#16424=DIRECTION('',(0.,0.,1.));
#16425=DIRECTION('center_axis',(0.,-1.,0.));
#16426=DIRECTION('ref_axis',(1.,0.,0.));
#16427=DIRECTION('',(1.,0.,0.));
#16428=DIRECTION('',(1.,0.,0.));
#16429=DIRECTION('',(0.,0.,1.));
#16430=DIRECTION('center_axis',(-1.,0.,0.));
#16431=DIRECTION('ref_axis',(0.,-1.,0.));
#16432=DIRECTION('',(0.,-1.,0.));
#16433=DIRECTION('',(0.,-1.,0.));
#16434=DIRECTION('center_axis',(0.,0.,1.));
#16435=DIRECTION('ref_axis',(1.,0.,0.));
#16436=DIRECTION('center_axis',(0.,0.,1.));
#16437=DIRECTION('ref_axis',(1.,0.,0.));
#16438=DIRECTION('center_axis',(0.,1.,0.));
#16439=DIRECTION('ref_axis',(-1.,0.,0.));
#16440=DIRECTION('',(-1.,0.,0.));
#16441=DIRECTION('',(0.,0.,1.));
#16442=DIRECTION('',(-1.,0.,0.));
#16443=DIRECTION('',(0.,0.,1.));
#16444=DIRECTION('center_axis',(1.,0.,0.));
#16445=DIRECTION('ref_axis',(0.,1.,0.));
#16446=DIRECTION('',(0.,1.,0.));
#16447=DIRECTION('',(0.,1.,0.));
#16448=DIRECTION('',(0.,0.,1.));
#16449=DIRECTION('center_axis',(0.,-1.,0.));
#16450=DIRECTION('ref_axis',(1.,0.,0.));
#16451=DIRECTION('',(1.,0.,0.));
#16452=DIRECTION('',(1.,0.,0.));
#16453=DIRECTION('',(0.,0.,1.));
#16454=DIRECTION('center_axis',(-1.,0.,0.));
#16455=DIRECTION('ref_axis',(0.,-1.,0.));
#16456=DIRECTION('',(0.,-1.,0.));
#16457=DIRECTION('',(0.,-1.,0.));
#16458=DIRECTION('center_axis',(0.,0.,1.));
#16459=DIRECTION('ref_axis',(1.,0.,0.));
#16460=DIRECTION('center_axis',(0.,0.,1.));
#16461=DIRECTION('ref_axis',(1.,0.,0.));
#16462=DIRECTION('center_axis',(0.,1.,0.));
#16463=DIRECTION('ref_axis',(-1.,0.,0.));
#16464=DIRECTION('',(-1.,0.,0.));
#16465=DIRECTION('',(0.,0.,1.));
#16466=DIRECTION('',(-1.,0.,0.));
#16467=DIRECTION('',(0.,0.,1.));
#16468=DIRECTION('center_axis',(1.,0.,0.));
#16469=DIRECTION('ref_axis',(0.,1.,0.));
#16470=DIRECTION('',(0.,1.,0.));
#16471=DIRECTION('',(0.,1.,0.));
#16472=DIRECTION('',(0.,0.,1.));
#16473=DIRECTION('center_axis',(0.,-1.,0.));
#16474=DIRECTION('ref_axis',(1.,0.,0.));
#16475=DIRECTION('',(1.,0.,0.));
#16476=DIRECTION('',(1.,0.,0.));
#16477=DIRECTION('',(0.,0.,1.));
#16478=DIRECTION('center_axis',(-1.,0.,0.));
#16479=DIRECTION('ref_axis',(0.,-1.,0.));
#16480=DIRECTION('',(0.,-1.,0.));
#16481=DIRECTION('',(0.,-1.,0.));
#16482=DIRECTION('center_axis',(0.,0.,1.));
#16483=DIRECTION('ref_axis',(1.,0.,0.));
#16484=DIRECTION('center_axis',(0.,0.,1.));
#16485=DIRECTION('ref_axis',(1.,0.,0.));
#16486=DIRECTION('center_axis',(0.,1.,0.));
#16487=DIRECTION('ref_axis',(-1.,0.,0.));
#16488=DIRECTION('',(-1.,0.,0.));
#16489=DIRECTION('',(0.,0.,1.));
#16490=DIRECTION('',(-1.,0.,0.));
#16491=DIRECTION('',(0.,0.,1.));
#16492=DIRECTION('center_axis',(1.,0.,0.));
#16493=DIRECTION('ref_axis',(0.,1.,0.));
#16494=DIRECTION('',(0.,1.,0.));
#16495=DIRECTION('',(0.,1.,0.));
#16496=DIRECTION('',(0.,0.,1.));
#16497=DIRECTION('center_axis',(0.,-1.,0.));
#16498=DIRECTION('ref_axis',(1.,0.,0.));
#16499=DIRECTION('',(1.,0.,0.));
#16500=DIRECTION('',(1.,0.,0.));
#16501=DIRECTION('',(0.,0.,1.));
#16502=DIRECTION('center_axis',(-1.,0.,0.));
#16503=DIRECTION('ref_axis',(0.,-1.,0.));
#16504=DIRECTION('',(0.,-1.,0.));
#16505=DIRECTION('',(0.,-1.,0.));
#16506=DIRECTION('center_axis',(0.,0.,1.));
#16507=DIRECTION('ref_axis',(1.,0.,0.));
#16508=DIRECTION('center_axis',(0.,0.,1.));
#16509=DIRECTION('ref_axis',(1.,0.,0.));
#16510=DIRECTION('center_axis',(0.,1.,0.));
#16511=DIRECTION('ref_axis',(-1.,0.,0.));
#16512=DIRECTION('',(-1.,0.,0.));
#16513=DIRECTION('',(0.,0.,1.));
#16514=DIRECTION('',(-1.,0.,0.));
#16515=DIRECTION('',(0.,0.,1.));
#16516=DIRECTION('center_axis',(1.,0.,0.));
#16517=DIRECTION('ref_axis',(0.,1.,0.));
#16518=DIRECTION('',(0.,1.,0.));
#16519=DIRECTION('',(0.,1.,0.));
#16520=DIRECTION('',(0.,0.,1.));
#16521=DIRECTION('center_axis',(0.,-1.,0.));
#16522=DIRECTION('ref_axis',(1.,0.,0.));
#16523=DIRECTION('',(1.,0.,0.));
#16524=DIRECTION('',(1.,0.,0.));
#16525=DIRECTION('',(0.,0.,1.));
#16526=DIRECTION('center_axis',(-1.,0.,0.));
#16527=DIRECTION('ref_axis',(0.,-1.,0.));
#16528=DIRECTION('',(0.,-1.,0.));
#16529=DIRECTION('',(0.,-1.,0.));
#16530=DIRECTION('center_axis',(0.,0.,1.));
#16531=DIRECTION('ref_axis',(1.,0.,0.));
#16532=DIRECTION('center_axis',(0.,0.,1.));
#16533=DIRECTION('ref_axis',(1.,0.,0.));
#16534=DIRECTION('center_axis',(0.,1.,0.));
#16535=DIRECTION('ref_axis',(-1.,0.,0.));
#16536=DIRECTION('',(-1.,0.,0.));
#16537=DIRECTION('',(0.,0.,1.));
#16538=DIRECTION('',(-1.,0.,0.));
#16539=DIRECTION('',(0.,0.,1.));
#16540=DIRECTION('center_axis',(1.,0.,0.));
#16541=DIRECTION('ref_axis',(0.,1.,0.));
#16542=DIRECTION('',(0.,1.,0.));
#16543=DIRECTION('',(0.,1.,0.));
#16544=DIRECTION('',(0.,0.,1.));
#16545=DIRECTION('center_axis',(0.,-1.,0.));
#16546=DIRECTION('ref_axis',(1.,0.,0.));
#16547=DIRECTION('',(1.,0.,0.));
#16548=DIRECTION('',(1.,0.,0.));
#16549=DIRECTION('',(0.,0.,1.));
#16550=DIRECTION('center_axis',(-1.,0.,0.));
#16551=DIRECTION('ref_axis',(0.,-1.,0.));
#16552=DIRECTION('',(0.,-1.,0.));
#16553=DIRECTION('',(0.,-1.,0.));
#16554=DIRECTION('center_axis',(0.,0.,1.));
#16555=DIRECTION('ref_axis',(1.,0.,0.));
#16556=DIRECTION('center_axis',(0.,0.,1.));
#16557=DIRECTION('ref_axis',(1.,0.,0.));
#16558=DIRECTION('center_axis',(0.,1.,0.));
#16559=DIRECTION('ref_axis',(-1.,0.,0.));
#16560=DIRECTION('',(-1.,0.,0.));
#16561=DIRECTION('',(0.,0.,1.));
#16562=DIRECTION('',(-1.,0.,0.));
#16563=DIRECTION('',(0.,0.,1.));
#16564=DIRECTION('center_axis',(1.,0.,0.));
#16565=DIRECTION('ref_axis',(0.,1.,0.));
#16566=DIRECTION('',(0.,1.,0.));
#16567=DIRECTION('',(0.,1.,0.));
#16568=DIRECTION('',(0.,0.,1.));
#16569=DIRECTION('center_axis',(0.,-1.,0.));
#16570=DIRECTION('ref_axis',(1.,0.,0.));
#16571=DIRECTION('',(1.,0.,0.));
#16572=DIRECTION('',(1.,0.,0.));
#16573=DIRECTION('',(0.,0.,1.));
#16574=DIRECTION('center_axis',(-1.,0.,0.));
#16575=DIRECTION('ref_axis',(0.,-1.,0.));
#16576=DIRECTION('',(0.,-1.,0.));
#16577=DIRECTION('',(0.,-1.,0.));
#16578=DIRECTION('center_axis',(0.,0.,1.));
#16579=DIRECTION('ref_axis',(1.,0.,0.));
#16580=DIRECTION('center_axis',(0.,0.,1.));
#16581=DIRECTION('ref_axis',(1.,0.,0.));
#16582=DIRECTION('center_axis',(0.,1.,0.));
#16583=DIRECTION('ref_axis',(-1.,0.,0.));
#16584=DIRECTION('',(-1.,0.,0.));
#16585=DIRECTION('',(0.,0.,1.));
#16586=DIRECTION('',(-1.,0.,0.));
#16587=DIRECTION('',(0.,0.,1.));
#16588=DIRECTION('center_axis',(1.,0.,0.));
#16589=DIRECTION('ref_axis',(0.,1.,0.));
#16590=DIRECTION('',(0.,1.,0.));
#16591=DIRECTION('',(0.,1.,0.));
#16592=DIRECTION('',(0.,0.,1.));
#16593=DIRECTION('center_axis',(0.,-1.,0.));
#16594=DIRECTION('ref_axis',(1.,0.,0.));
#16595=DIRECTION('',(1.,0.,0.));
#16596=DIRECTION('',(1.,0.,0.));
#16597=DIRECTION('',(0.,0.,1.));
#16598=DIRECTION('center_axis',(-1.,0.,0.));
#16599=DIRECTION('ref_axis',(0.,-1.,0.));
#16600=DIRECTION('',(0.,-1.,0.));
#16601=DIRECTION('',(0.,-1.,0.));
#16602=DIRECTION('center_axis',(0.,0.,1.));
#16603=DIRECTION('ref_axis',(1.,0.,0.));
#16604=DIRECTION('center_axis',(0.,0.,1.));
#16605=DIRECTION('ref_axis',(1.,0.,0.));
#16606=DIRECTION('center_axis',(0.,1.,0.));
#16607=DIRECTION('ref_axis',(-1.,0.,0.));
#16608=DIRECTION('',(-1.,0.,0.));
#16609=DIRECTION('',(0.,0.,1.));
#16610=DIRECTION('',(-1.,0.,0.));
#16611=DIRECTION('',(0.,0.,1.));
#16612=DIRECTION('center_axis',(1.,0.,0.));
#16613=DIRECTION('ref_axis',(0.,1.,0.));
#16614=DIRECTION('',(0.,1.,0.));
#16615=DIRECTION('',(0.,1.,0.));
#16616=DIRECTION('',(0.,0.,1.));
#16617=DIRECTION('center_axis',(0.,-1.,0.));
#16618=DIRECTION('ref_axis',(1.,0.,0.));
#16619=DIRECTION('',(1.,0.,0.));
#16620=DIRECTION('',(1.,0.,0.));
#16621=DIRECTION('',(0.,0.,1.));
#16622=DIRECTION('center_axis',(-1.,0.,0.));
#16623=DIRECTION('ref_axis',(0.,-1.,0.));
#16624=DIRECTION('',(0.,-1.,0.));
#16625=DIRECTION('',(0.,-1.,0.));
#16626=DIRECTION('center_axis',(0.,0.,1.));
#16627=DIRECTION('ref_axis',(1.,0.,0.));
#16628=DIRECTION('center_axis',(0.,0.,1.));
#16629=DIRECTION('ref_axis',(1.,0.,0.));
#16630=DIRECTION('center_axis',(0.,1.,0.));
#16631=DIRECTION('ref_axis',(-1.,0.,0.));
#16632=DIRECTION('',(-1.,0.,0.));
#16633=DIRECTION('',(0.,0.,1.));
#16634=DIRECTION('',(-1.,0.,0.));
#16635=DIRECTION('',(0.,0.,1.));
#16636=DIRECTION('center_axis',(1.,0.,0.));
#16637=DIRECTION('ref_axis',(0.,1.,0.));
#16638=DIRECTION('',(0.,1.,0.));
#16639=DIRECTION('',(0.,1.,0.));
#16640=DIRECTION('',(0.,0.,1.));
#16641=DIRECTION('center_axis',(0.,-1.,0.));
#16642=DIRECTION('ref_axis',(1.,0.,0.));
#16643=DIRECTION('',(1.,0.,0.));
#16644=DIRECTION('',(1.,0.,0.));
#16645=DIRECTION('',(0.,0.,1.));
#16646=DIRECTION('center_axis',(-1.,0.,0.));
#16647=DIRECTION('ref_axis',(0.,-1.,0.));
#16648=DIRECTION('',(0.,-1.,0.));
#16649=DIRECTION('',(0.,-1.,0.));
#16650=DIRECTION('center_axis',(0.,0.,1.));
#16651=DIRECTION('ref_axis',(1.,0.,0.));
#16652=DIRECTION('center_axis',(0.,0.,1.));
#16653=DIRECTION('ref_axis',(1.,0.,0.));
#16654=DIRECTION('center_axis',(0.,1.,0.));
#16655=DIRECTION('ref_axis',(-1.,0.,0.));
#16656=DIRECTION('',(-1.,0.,0.));
#16657=DIRECTION('',(0.,0.,1.));
#16658=DIRECTION('',(-1.,0.,0.));
#16659=DIRECTION('',(0.,0.,1.));
#16660=DIRECTION('center_axis',(1.,0.,0.));
#16661=DIRECTION('ref_axis',(0.,1.,0.));
#16662=DIRECTION('',(0.,1.,0.));
#16663=DIRECTION('',(0.,1.,0.));
#16664=DIRECTION('',(0.,0.,1.));
#16665=DIRECTION('center_axis',(0.,-1.,0.));
#16666=DIRECTION('ref_axis',(1.,0.,0.));
#16667=DIRECTION('',(1.,0.,0.));
#16668=DIRECTION('',(1.,0.,0.));
#16669=DIRECTION('',(0.,0.,1.));
#16670=DIRECTION('center_axis',(-1.,0.,0.));
#16671=DIRECTION('ref_axis',(0.,-1.,0.));
#16672=DIRECTION('',(0.,-1.,0.));
#16673=DIRECTION('',(0.,-1.,0.));
#16674=DIRECTION('center_axis',(0.,0.,1.));
#16675=DIRECTION('ref_axis',(1.,0.,0.));
#16676=DIRECTION('center_axis',(0.,0.,1.));
#16677=DIRECTION('ref_axis',(1.,0.,0.));
#16678=DIRECTION('center_axis',(0.,1.,0.));
#16679=DIRECTION('ref_axis',(-1.,0.,0.));
#16680=DIRECTION('',(-1.,0.,0.));
#16681=DIRECTION('',(0.,0.,1.));
#16682=DIRECTION('',(-1.,0.,0.));
#16683=DIRECTION('',(0.,0.,1.));
#16684=DIRECTION('center_axis',(1.,0.,0.));
#16685=DIRECTION('ref_axis',(0.,1.,0.));
#16686=DIRECTION('',(0.,1.,0.));
#16687=DIRECTION('',(0.,1.,0.));
#16688=DIRECTION('',(0.,0.,1.));
#16689=DIRECTION('center_axis',(0.,-1.,0.));
#16690=DIRECTION('ref_axis',(1.,0.,0.));
#16691=DIRECTION('',(1.,0.,0.));
#16692=DIRECTION('',(1.,0.,0.));
#16693=DIRECTION('',(0.,0.,1.));
#16694=DIRECTION('center_axis',(-1.,0.,0.));
#16695=DIRECTION('ref_axis',(0.,-1.,0.));
#16696=DIRECTION('',(0.,-1.,0.));
#16697=DIRECTION('',(0.,-1.,0.));
#16698=DIRECTION('center_axis',(0.,0.,1.));
#16699=DIRECTION('ref_axis',(1.,0.,0.));
#16700=DIRECTION('center_axis',(0.,0.,1.));
#16701=DIRECTION('ref_axis',(1.,0.,0.));
#16702=DIRECTION('center_axis',(0.,1.,0.));
#16703=DIRECTION('ref_axis',(-1.,0.,0.));
#16704=DIRECTION('',(-1.,0.,0.));
#16705=DIRECTION('',(0.,0.,1.));
#16706=DIRECTION('',(-1.,0.,0.));
#16707=DIRECTION('',(0.,0.,1.));
#16708=DIRECTION('center_axis',(1.,0.,0.));
#16709=DIRECTION('ref_axis',(0.,1.,0.));
#16710=DIRECTION('',(0.,1.,0.));
#16711=DIRECTION('',(0.,1.,0.));
#16712=DIRECTION('',(0.,0.,1.));
#16713=DIRECTION('center_axis',(0.,-1.,0.));
#16714=DIRECTION('ref_axis',(1.,0.,0.));
#16715=DIRECTION('',(1.,0.,0.));
#16716=DIRECTION('',(1.,0.,0.));
#16717=DIRECTION('',(0.,0.,1.));
#16718=DIRECTION('center_axis',(-1.,0.,0.));
#16719=DIRECTION('ref_axis',(0.,-1.,0.));
#16720=DIRECTION('',(0.,-1.,0.));
#16721=DIRECTION('',(0.,-1.,0.));
#16722=DIRECTION('center_axis',(0.,0.,1.));
#16723=DIRECTION('ref_axis',(1.,0.,0.));
#16724=DIRECTION('center_axis',(0.,0.,1.));
#16725=DIRECTION('ref_axis',(1.,0.,0.));
#16726=DIRECTION('center_axis',(0.,1.,0.));
#16727=DIRECTION('ref_axis',(-1.,0.,0.));
#16728=DIRECTION('',(-1.,0.,0.));
#16729=DIRECTION('',(0.,0.,1.));
#16730=DIRECTION('',(-1.,0.,0.));
#16731=DIRECTION('',(0.,0.,1.));
#16732=DIRECTION('center_axis',(1.,0.,0.));
#16733=DIRECTION('ref_axis',(0.,1.,0.));
#16734=DIRECTION('',(0.,1.,0.));
#16735=DIRECTION('',(0.,1.,0.));
#16736=DIRECTION('',(0.,0.,1.));
#16737=DIRECTION('center_axis',(0.,-1.,0.));
#16738=DIRECTION('ref_axis',(1.,0.,0.));
#16739=DIRECTION('',(1.,0.,0.));
#16740=DIRECTION('',(1.,0.,0.));
#16741=DIRECTION('',(0.,0.,1.));
#16742=DIRECTION('center_axis',(-1.,0.,0.));
#16743=DIRECTION('ref_axis',(0.,-1.,0.));
#16744=DIRECTION('',(0.,-1.,0.));
#16745=DIRECTION('',(0.,-1.,0.));
#16746=DIRECTION('center_axis',(0.,0.,1.));
#16747=DIRECTION('ref_axis',(1.,0.,0.));
#16748=DIRECTION('center_axis',(0.,0.,1.));
#16749=DIRECTION('ref_axis',(1.,0.,0.));
#16750=DIRECTION('center_axis',(0.,1.,0.));
#16751=DIRECTION('ref_axis',(-1.,0.,0.));
#16752=DIRECTION('',(-1.,0.,0.));
#16753=DIRECTION('',(0.,0.,1.));
#16754=DIRECTION('',(-1.,0.,0.));
#16755=DIRECTION('',(0.,0.,1.));
#16756=DIRECTION('center_axis',(1.,0.,0.));
#16757=DIRECTION('ref_axis',(0.,1.,0.));
#16758=DIRECTION('',(0.,1.,0.));
#16759=DIRECTION('',(0.,1.,0.));
#16760=DIRECTION('',(0.,0.,1.));
#16761=DIRECTION('center_axis',(0.,-1.,0.));
#16762=DIRECTION('ref_axis',(1.,0.,0.));
#16763=DIRECTION('',(1.,0.,0.));
#16764=DIRECTION('',(1.,0.,0.));
#16765=DIRECTION('',(0.,0.,1.));
#16766=DIRECTION('center_axis',(-1.,0.,0.));
#16767=DIRECTION('ref_axis',(0.,-1.,0.));
#16768=DIRECTION('',(0.,-1.,0.));
#16769=DIRECTION('',(0.,-1.,0.));
#16770=DIRECTION('center_axis',(0.,0.,1.));
#16771=DIRECTION('ref_axis',(1.,0.,0.));
#16772=DIRECTION('center_axis',(0.,0.,1.));
#16773=DIRECTION('ref_axis',(1.,0.,0.));
#16774=DIRECTION('center_axis',(0.,1.,0.));
#16775=DIRECTION('ref_axis',(-1.,0.,0.));
#16776=DIRECTION('',(-1.,0.,0.));
#16777=DIRECTION('',(0.,0.,1.));
#16778=DIRECTION('',(-1.,0.,0.));
#16779=DIRECTION('',(0.,0.,1.));
#16780=DIRECTION('center_axis',(1.,0.,0.));
#16781=DIRECTION('ref_axis',(0.,1.,0.));
#16782=DIRECTION('',(0.,1.,0.));
#16783=DIRECTION('',(0.,1.,0.));
#16784=DIRECTION('',(0.,0.,1.));
#16785=DIRECTION('center_axis',(0.,-1.,0.));
#16786=DIRECTION('ref_axis',(1.,0.,0.));
#16787=DIRECTION('',(1.,0.,0.));
#16788=DIRECTION('',(1.,0.,0.));
#16789=DIRECTION('',(0.,0.,1.));
#16790=DIRECTION('center_axis',(-1.,0.,0.));
#16791=DIRECTION('ref_axis',(0.,-1.,0.));
#16792=DIRECTION('',(0.,-1.,0.));
#16793=DIRECTION('',(0.,-1.,0.));
#16794=DIRECTION('center_axis',(0.,0.,1.));
#16795=DIRECTION('ref_axis',(1.,0.,0.));
#16796=DIRECTION('center_axis',(0.,0.,1.));
#16797=DIRECTION('ref_axis',(1.,0.,0.));
#16798=DIRECTION('center_axis',(0.,1.,0.));
#16799=DIRECTION('ref_axis',(-1.,0.,0.));
#16800=DIRECTION('',(-1.,0.,0.));
#16801=DIRECTION('',(0.,0.,1.));
#16802=DIRECTION('',(-1.,0.,0.));
#16803=DIRECTION('',(0.,0.,1.));
#16804=DIRECTION('center_axis',(1.,0.,0.));
#16805=DIRECTION('ref_axis',(0.,1.,0.));
#16806=DIRECTION('',(0.,1.,0.));
#16807=DIRECTION('',(0.,1.,0.));
#16808=DIRECTION('',(0.,0.,1.));
#16809=DIRECTION('center_axis',(0.,-1.,0.));
#16810=DIRECTION('ref_axis',(1.,0.,0.));
#16811=DIRECTION('',(1.,0.,0.));
#16812=DIRECTION('',(1.,0.,0.));
#16813=DIRECTION('',(0.,0.,1.));
#16814=DIRECTION('center_axis',(-1.,0.,0.));
#16815=DIRECTION('ref_axis',(0.,-1.,0.));
#16816=DIRECTION('',(0.,-1.,0.));
#16817=DIRECTION('',(0.,-1.,0.));
#16818=DIRECTION('center_axis',(0.,0.,1.));
#16819=DIRECTION('ref_axis',(1.,0.,0.));
#16820=DIRECTION('center_axis',(0.,0.,1.));
#16821=DIRECTION('ref_axis',(1.,0.,0.));
#16822=DIRECTION('center_axis',(0.,1.,0.));
#16823=DIRECTION('ref_axis',(-1.,0.,0.));
#16824=DIRECTION('',(-1.,0.,0.));
#16825=DIRECTION('',(0.,0.,1.));
#16826=DIRECTION('',(-1.,0.,0.));
#16827=DIRECTION('',(0.,0.,1.));
#16828=DIRECTION('center_axis',(1.,0.,0.));
#16829=DIRECTION('ref_axis',(0.,1.,0.));
#16830=DIRECTION('',(0.,1.,0.));
#16831=DIRECTION('',(0.,1.,0.));
#16832=DIRECTION('',(0.,0.,1.));
#16833=DIRECTION('center_axis',(0.,-1.,0.));
#16834=DIRECTION('ref_axis',(1.,0.,0.));
#16835=DIRECTION('',(1.,0.,0.));
#16836=DIRECTION('',(1.,0.,0.));
#16837=DIRECTION('',(0.,0.,1.));
#16838=DIRECTION('center_axis',(-1.,0.,0.));
#16839=DIRECTION('ref_axis',(0.,-1.,0.));
#16840=DIRECTION('',(0.,-1.,0.));
#16841=DIRECTION('',(0.,-1.,0.));
#16842=DIRECTION('center_axis',(0.,0.,1.));
#16843=DIRECTION('ref_axis',(1.,0.,0.));
#16844=DIRECTION('center_axis',(0.,0.,1.));
#16845=DIRECTION('ref_axis',(1.,0.,0.));
#16846=DIRECTION('center_axis',(0.,1.,0.));
#16847=DIRECTION('ref_axis',(-1.,0.,0.));
#16848=DIRECTION('',(-1.,0.,0.));
#16849=DIRECTION('',(0.,0.,1.));
#16850=DIRECTION('',(-1.,0.,0.));
#16851=DIRECTION('',(0.,0.,1.));
#16852=DIRECTION('center_axis',(1.,0.,0.));
#16853=DIRECTION('ref_axis',(0.,1.,0.));
#16854=DIRECTION('',(0.,1.,0.));
#16855=DIRECTION('',(0.,1.,0.));
#16856=DIRECTION('',(0.,0.,1.));
#16857=DIRECTION('center_axis',(0.,-1.,0.));
#16858=DIRECTION('ref_axis',(1.,0.,0.));
#16859=DIRECTION('',(1.,0.,0.));
#16860=DIRECTION('',(1.,0.,0.));
#16861=DIRECTION('',(0.,0.,1.));
#16862=DIRECTION('center_axis',(-1.,0.,0.));
#16863=DIRECTION('ref_axis',(0.,-1.,0.));
#16864=DIRECTION('',(0.,-1.,0.));
#16865=DIRECTION('',(0.,-1.,0.));
#16866=DIRECTION('center_axis',(0.,0.,1.));
#16867=DIRECTION('ref_axis',(1.,0.,0.));
#16868=DIRECTION('center_axis',(0.,0.,1.));
#16869=DIRECTION('ref_axis',(1.,0.,0.));
#16870=DIRECTION('center_axis',(0.,1.,0.));
#16871=DIRECTION('ref_axis',(-1.,0.,0.));
#16872=DIRECTION('',(-1.,0.,0.));
#16873=DIRECTION('',(0.,0.,1.));
#16874=DIRECTION('',(-1.,0.,0.));
#16875=DIRECTION('',(0.,0.,1.));
#16876=DIRECTION('center_axis',(1.,0.,0.));
#16877=DIRECTION('ref_axis',(0.,1.,0.));
#16878=DIRECTION('',(0.,1.,0.));
#16879=DIRECTION('',(0.,1.,0.));
#16880=DIRECTION('',(0.,0.,1.));
#16881=DIRECTION('center_axis',(0.,-1.,0.));
#16882=DIRECTION('ref_axis',(1.,0.,0.));
#16883=DIRECTION('',(1.,0.,0.));
#16884=DIRECTION('',(1.,0.,0.));
#16885=DIRECTION('',(0.,0.,1.));
#16886=DIRECTION('center_axis',(-1.,0.,0.));
#16887=DIRECTION('ref_axis',(0.,-1.,0.));
#16888=DIRECTION('',(0.,-1.,0.));
#16889=DIRECTION('',(0.,-1.,0.));
#16890=DIRECTION('center_axis',(0.,0.,1.));
#16891=DIRECTION('ref_axis',(1.,0.,0.));
#16892=DIRECTION('center_axis',(0.,0.,1.));
#16893=DIRECTION('ref_axis',(1.,0.,0.));
#16894=DIRECTION('center_axis',(0.,1.,0.));
#16895=DIRECTION('ref_axis',(-1.,0.,0.));
#16896=DIRECTION('',(-1.,0.,0.));
#16897=DIRECTION('',(0.,0.,1.));
#16898=DIRECTION('',(-1.,0.,0.));
#16899=DIRECTION('',(0.,0.,1.));
#16900=DIRECTION('center_axis',(1.,0.,0.));
#16901=DIRECTION('ref_axis',(0.,1.,0.));
#16902=DIRECTION('',(0.,1.,0.));
#16903=DIRECTION('',(0.,1.,0.));
#16904=DIRECTION('',(0.,0.,1.));
#16905=DIRECTION('center_axis',(0.,-1.,0.));
#16906=DIRECTION('ref_axis',(1.,0.,0.));
#16907=DIRECTION('',(1.,0.,0.));
#16908=DIRECTION('',(1.,0.,0.));
#16909=DIRECTION('',(0.,0.,1.));
#16910=DIRECTION('center_axis',(-1.,0.,0.));
#16911=DIRECTION('ref_axis',(0.,-1.,0.));
#16912=DIRECTION('',(0.,-1.,0.));
#16913=DIRECTION('',(0.,-1.,0.));
#16914=DIRECTION('center_axis',(0.,0.,1.));
#16915=DIRECTION('ref_axis',(1.,0.,0.));
#16916=DIRECTION('center_axis',(0.,0.,1.));
#16917=DIRECTION('ref_axis',(1.,0.,0.));
#16918=DIRECTION('center_axis',(0.,1.,0.));
#16919=DIRECTION('ref_axis',(-1.,0.,0.));
#16920=DIRECTION('',(-1.,0.,0.));
#16921=DIRECTION('',(0.,0.,1.));
#16922=DIRECTION('',(-1.,0.,0.));
#16923=DIRECTION('',(0.,0.,1.));
#16924=DIRECTION('center_axis',(1.,0.,0.));
#16925=DIRECTION('ref_axis',(0.,1.,0.));
#16926=DIRECTION('',(0.,1.,0.));
#16927=DIRECTION('',(0.,1.,0.));
#16928=DIRECTION('',(0.,0.,1.));
#16929=DIRECTION('center_axis',(0.,-1.,0.));
#16930=DIRECTION('ref_axis',(1.,0.,0.));
#16931=DIRECTION('',(1.,0.,0.));
#16932=DIRECTION('',(1.,0.,0.));
#16933=DIRECTION('',(0.,0.,1.));
#16934=DIRECTION('center_axis',(-1.,0.,0.));
#16935=DIRECTION('ref_axis',(0.,-1.,0.));
#16936=DIRECTION('',(0.,-1.,0.));
#16937=DIRECTION('',(0.,-1.,0.));
#16938=DIRECTION('center_axis',(0.,0.,1.));
#16939=DIRECTION('ref_axis',(1.,0.,0.));
#16940=DIRECTION('center_axis',(0.,0.,1.));
#16941=DIRECTION('ref_axis',(1.,0.,0.));
#16942=DIRECTION('center_axis',(0.,1.,0.));
#16943=DIRECTION('ref_axis',(-1.,0.,0.));
#16944=DIRECTION('',(-1.,0.,0.));
#16945=DIRECTION('',(0.,0.,1.));
#16946=DIRECTION('',(-1.,0.,0.));
#16947=DIRECTION('',(0.,0.,1.));
#16948=DIRECTION('center_axis',(1.,0.,0.));
#16949=DIRECTION('ref_axis',(0.,1.,0.));
#16950=DIRECTION('',(0.,1.,0.));
#16951=DIRECTION('',(0.,1.,0.));
#16952=DIRECTION('',(0.,0.,1.));
#16953=DIRECTION('center_axis',(0.,-1.,0.));
#16954=DIRECTION('ref_axis',(1.,0.,0.));
#16955=DIRECTION('',(1.,0.,0.));
#16956=DIRECTION('',(1.,0.,0.));
#16957=DIRECTION('',(0.,0.,1.));
#16958=DIRECTION('center_axis',(-1.,0.,0.));
#16959=DIRECTION('ref_axis',(0.,-1.,0.));
#16960=DIRECTION('',(0.,-1.,0.));
#16961=DIRECTION('',(0.,-1.,0.));
#16962=DIRECTION('center_axis',(0.,0.,1.));
#16963=DIRECTION('ref_axis',(1.,0.,0.));
#16964=DIRECTION('center_axis',(0.,0.,1.));
#16965=DIRECTION('ref_axis',(1.,0.,0.));
#16966=DIRECTION('center_axis',(0.,1.,0.));
#16967=DIRECTION('ref_axis',(-1.,0.,0.));
#16968=DIRECTION('',(-1.,0.,0.));
#16969=DIRECTION('',(0.,0.,1.));
#16970=DIRECTION('',(-1.,0.,0.));
#16971=DIRECTION('',(0.,0.,1.));
#16972=DIRECTION('center_axis',(1.,0.,0.));
#16973=DIRECTION('ref_axis',(0.,1.,0.));
#16974=DIRECTION('',(0.,1.,0.));
#16975=DIRECTION('',(0.,1.,0.));
#16976=DIRECTION('',(0.,0.,1.));
#16977=DIRECTION('center_axis',(0.,-1.,0.));
#16978=DIRECTION('ref_axis',(1.,0.,0.));
#16979=DIRECTION('',(1.,0.,0.));
#16980=DIRECTION('',(1.,0.,0.));
#16981=DIRECTION('',(0.,0.,1.));
#16982=DIRECTION('center_axis',(-1.,0.,0.));
#16983=DIRECTION('ref_axis',(0.,-1.,0.));
#16984=DIRECTION('',(0.,-1.,0.));
#16985=DIRECTION('',(0.,-1.,0.));
#16986=DIRECTION('center_axis',(0.,0.,1.));
#16987=DIRECTION('ref_axis',(1.,0.,0.));
#16988=DIRECTION('center_axis',(0.,0.,1.));
#16989=DIRECTION('ref_axis',(1.,0.,0.));
#16990=DIRECTION('center_axis',(0.,1.,0.));
#16991=DIRECTION('ref_axis',(-1.,0.,0.));
#16992=DIRECTION('',(-1.,0.,0.));
#16993=DIRECTION('',(0.,0.,1.));
#16994=DIRECTION('',(-1.,0.,0.));
#16995=DIRECTION('',(0.,0.,1.));
#16996=DIRECTION('center_axis',(1.,0.,0.));
#16997=DIRECTION('ref_axis',(0.,1.,0.));
#16998=DIRECTION('',(0.,1.,0.));
#16999=DIRECTION('',(0.,1.,0.));
#17000=DIRECTION('',(0.,0.,1.));
#17001=DIRECTION('center_axis',(0.,-1.,0.));
#17002=DIRECTION('ref_axis',(1.,0.,0.));
#17003=DIRECTION('',(1.,0.,0.));
#17004=DIRECTION('',(1.,0.,0.));
#17005=DIRECTION('',(0.,0.,1.));
#17006=DIRECTION('center_axis',(-1.,0.,0.));
#17007=DIRECTION('ref_axis',(0.,-1.,0.));
#17008=DIRECTION('',(0.,-1.,0.));
#17009=DIRECTION('',(0.,-1.,0.));
#17010=DIRECTION('center_axis',(0.,0.,1.));
#17011=DIRECTION('ref_axis',(1.,0.,0.));
#17012=DIRECTION('center_axis',(0.,0.,1.));
#17013=DIRECTION('ref_axis',(1.,0.,0.));
#17014=DIRECTION('center_axis',(0.,1.,0.));
#17015=DIRECTION('ref_axis',(-1.,0.,0.));
#17016=DIRECTION('',(-1.,0.,0.));
#17017=DIRECTION('',(0.,0.,1.));
#17018=DIRECTION('',(-1.,0.,0.));
#17019=DIRECTION('',(0.,0.,1.));
#17020=DIRECTION('center_axis',(1.,0.,0.));
#17021=DIRECTION('ref_axis',(0.,1.,0.));
#17022=DIRECTION('',(0.,1.,0.));
#17023=DIRECTION('',(0.,1.,0.));
#17024=DIRECTION('',(0.,0.,1.));
#17025=DIRECTION('center_axis',(0.,-1.,0.));
#17026=DIRECTION('ref_axis',(1.,0.,0.));
#17027=DIRECTION('',(1.,0.,0.));
#17028=DIRECTION('',(1.,0.,0.));
#17029=DIRECTION('',(0.,0.,1.));
#17030=DIRECTION('center_axis',(-1.,0.,0.));
#17031=DIRECTION('ref_axis',(0.,-1.,0.));
#17032=DIRECTION('',(0.,-1.,0.));
#17033=DIRECTION('',(0.,-1.,0.));
#17034=DIRECTION('center_axis',(0.,0.,1.));
#17035=DIRECTION('ref_axis',(1.,0.,0.));
#17036=DIRECTION('center_axis',(0.,0.,1.));
#17037=DIRECTION('ref_axis',(1.,0.,0.));
#17038=DIRECTION('center_axis',(0.,1.,0.));
#17039=DIRECTION('ref_axis',(-1.,0.,0.));
#17040=DIRECTION('',(-1.,0.,0.));
#17041=DIRECTION('',(0.,0.,1.));
#17042=DIRECTION('',(-1.,0.,0.));
#17043=DIRECTION('',(0.,0.,1.));
#17044=DIRECTION('center_axis',(1.,0.,0.));
#17045=DIRECTION('ref_axis',(0.,1.,0.));
#17046=DIRECTION('',(0.,1.,0.));
#17047=DIRECTION('',(0.,1.,0.));
#17048=DIRECTION('',(0.,0.,1.));
#17049=DIRECTION('center_axis',(0.,-1.,0.));
#17050=DIRECTION('ref_axis',(1.,0.,0.));
#17051=DIRECTION('',(1.,0.,0.));
#17052=DIRECTION('',(1.,0.,0.));
#17053=DIRECTION('',(0.,0.,1.));
#17054=DIRECTION('center_axis',(-1.,0.,0.));
#17055=DIRECTION('ref_axis',(0.,-1.,0.));
#17056=DIRECTION('',(0.,-1.,0.));
#17057=DIRECTION('',(0.,-1.,0.));
#17058=DIRECTION('center_axis',(0.,0.,1.));
#17059=DIRECTION('ref_axis',(1.,0.,0.));
#17060=DIRECTION('center_axis',(0.,0.,1.));
#17061=DIRECTION('ref_axis',(1.,0.,0.));
#17062=DIRECTION('center_axis',(0.,1.,0.));
#17063=DIRECTION('ref_axis',(-1.,0.,0.));
#17064=DIRECTION('',(-1.,0.,0.));
#17065=DIRECTION('',(0.,0.,1.));
#17066=DIRECTION('',(-1.,0.,0.));
#17067=DIRECTION('',(0.,0.,1.));
#17068=DIRECTION('center_axis',(1.,0.,0.));
#17069=DIRECTION('ref_axis',(0.,1.,0.));
#17070=DIRECTION('',(0.,1.,0.));
#17071=DIRECTION('',(0.,1.,0.));
#17072=DIRECTION('',(0.,0.,1.));
#17073=DIRECTION('center_axis',(0.,-1.,0.));
#17074=DIRECTION('ref_axis',(1.,0.,0.));
#17075=DIRECTION('',(1.,0.,0.));
#17076=DIRECTION('',(1.,0.,0.));
#17077=DIRECTION('',(0.,0.,1.));
#17078=DIRECTION('center_axis',(-1.,0.,0.));
#17079=DIRECTION('ref_axis',(0.,-1.,0.));
#17080=DIRECTION('',(0.,-1.,0.));
#17081=DIRECTION('',(0.,-1.,0.));
#17082=DIRECTION('center_axis',(0.,0.,1.));
#17083=DIRECTION('ref_axis',(1.,0.,0.));
#17084=DIRECTION('center_axis',(0.,0.,1.));
#17085=DIRECTION('ref_axis',(1.,0.,0.));
#17086=DIRECTION('center_axis',(0.,1.,0.));
#17087=DIRECTION('ref_axis',(-1.,0.,0.));
#17088=DIRECTION('',(-1.,0.,0.));
#17089=DIRECTION('',(0.,0.,1.));
#17090=DIRECTION('',(-1.,0.,0.));
#17091=DIRECTION('',(0.,0.,1.));
#17092=DIRECTION('center_axis',(1.,0.,0.));
#17093=DIRECTION('ref_axis',(0.,1.,0.));
#17094=DIRECTION('',(0.,1.,0.));
#17095=DIRECTION('',(0.,1.,0.));
#17096=DIRECTION('',(0.,0.,1.));
#17097=DIRECTION('center_axis',(0.,-1.,0.));
#17098=DIRECTION('ref_axis',(1.,0.,0.));
#17099=DIRECTION('',(1.,0.,0.));
#17100=DIRECTION('',(1.,0.,0.));
#17101=DIRECTION('',(0.,0.,1.));
#17102=DIRECTION('center_axis',(-1.,0.,0.));
#17103=DIRECTION('ref_axis',(0.,-1.,0.));
#17104=DIRECTION('',(0.,-1.,0.));
#17105=DIRECTION('',(0.,-1.,0.));
#17106=DIRECTION('center_axis',(0.,0.,1.));
#17107=DIRECTION('ref_axis',(1.,0.,0.));
#17108=DIRECTION('center_axis',(0.,0.,1.));
#17109=DIRECTION('ref_axis',(1.,0.,0.));
#17110=DIRECTION('center_axis',(0.,1.,0.));
#17111=DIRECTION('ref_axis',(-1.,0.,0.));
#17112=DIRECTION('',(-1.,0.,0.));
#17113=DIRECTION('',(0.,0.,1.));
#17114=DIRECTION('',(-1.,0.,0.));
#17115=DIRECTION('',(0.,0.,1.));
#17116=DIRECTION('center_axis',(1.,0.,0.));
#17117=DIRECTION('ref_axis',(0.,1.,0.));
#17118=DIRECTION('',(0.,1.,0.));
#17119=DIRECTION('',(0.,1.,0.));
#17120=DIRECTION('',(0.,0.,1.));
#17121=DIRECTION('center_axis',(0.,-1.,0.));
#17122=DIRECTION('ref_axis',(1.,0.,0.));
#17123=DIRECTION('',(1.,0.,0.));
#17124=DIRECTION('',(1.,0.,0.));
#17125=DIRECTION('',(0.,0.,1.));
#17126=DIRECTION('center_axis',(-1.,0.,0.));
#17127=DIRECTION('ref_axis',(0.,-1.,0.));
#17128=DIRECTION('',(0.,-1.,0.));
#17129=DIRECTION('',(0.,-1.,0.));
#17130=DIRECTION('center_axis',(0.,0.,1.));
#17131=DIRECTION('ref_axis',(1.,0.,0.));
#17132=DIRECTION('center_axis',(0.,0.,1.));
#17133=DIRECTION('ref_axis',(1.,0.,0.));
#17134=DIRECTION('center_axis',(0.,1.,0.));
#17135=DIRECTION('ref_axis',(-1.,0.,0.));
#17136=DIRECTION('',(-1.,0.,0.));
#17137=DIRECTION('',(0.,0.,1.));
#17138=DIRECTION('',(-1.,0.,0.));
#17139=DIRECTION('',(0.,0.,1.));
#17140=DIRECTION('center_axis',(1.,0.,0.));
#17141=DIRECTION('ref_axis',(0.,1.,0.));
#17142=DIRECTION('',(0.,1.,0.));
#17143=DIRECTION('',(0.,1.,0.));
#17144=DIRECTION('',(0.,0.,1.));
#17145=DIRECTION('center_axis',(0.,-1.,0.));
#17146=DIRECTION('ref_axis',(1.,0.,0.));
#17147=DIRECTION('',(1.,0.,0.));
#17148=DIRECTION('',(1.,0.,0.));
#17149=DIRECTION('',(0.,0.,1.));
#17150=DIRECTION('center_axis',(-1.,0.,0.));
#17151=DIRECTION('ref_axis',(0.,-1.,0.));
#17152=DIRECTION('',(0.,-1.,0.));
#17153=DIRECTION('',(0.,-1.,0.));
#17154=DIRECTION('center_axis',(0.,0.,1.));
#17155=DIRECTION('ref_axis',(1.,0.,0.));
#17156=DIRECTION('center_axis',(0.,0.,1.));
#17157=DIRECTION('ref_axis',(1.,0.,0.));
#17158=DIRECTION('center_axis',(0.,1.,0.));
#17159=DIRECTION('ref_axis',(-1.,0.,0.));
#17160=DIRECTION('',(-1.,0.,0.));
#17161=DIRECTION('',(0.,0.,1.));
#17162=DIRECTION('',(-1.,0.,0.));
#17163=DIRECTION('',(0.,0.,1.));
#17164=DIRECTION('center_axis',(1.,0.,0.));
#17165=DIRECTION('ref_axis',(0.,1.,0.));
#17166=DIRECTION('',(0.,1.,0.));
#17167=DIRECTION('',(0.,1.,0.));
#17168=DIRECTION('',(0.,0.,1.));
#17169=DIRECTION('center_axis',(0.,-1.,0.));
#17170=DIRECTION('ref_axis',(1.,0.,0.));
#17171=DIRECTION('',(1.,0.,0.));
#17172=DIRECTION('',(1.,0.,0.));
#17173=DIRECTION('',(0.,0.,1.));
#17174=DIRECTION('center_axis',(-1.,0.,0.));
#17175=DIRECTION('ref_axis',(0.,-1.,0.));
#17176=DIRECTION('',(0.,-1.,0.));
#17177=DIRECTION('',(0.,-1.,0.));
#17178=DIRECTION('center_axis',(0.,0.,1.));
#17179=DIRECTION('ref_axis',(1.,0.,0.));
#17180=DIRECTION('center_axis',(0.,0.,1.));
#17181=DIRECTION('ref_axis',(1.,0.,0.));
#17182=DIRECTION('center_axis',(0.,1.,0.));
#17183=DIRECTION('ref_axis',(-1.,0.,0.));
#17184=DIRECTION('',(-1.,0.,0.));
#17185=DIRECTION('',(0.,0.,1.));
#17186=DIRECTION('',(-1.,0.,0.));
#17187=DIRECTION('',(0.,0.,1.));
#17188=DIRECTION('center_axis',(1.,0.,0.));
#17189=DIRECTION('ref_axis',(0.,1.,0.));
#17190=DIRECTION('',(0.,1.,0.));
#17191=DIRECTION('',(0.,1.,0.));
#17192=DIRECTION('',(0.,0.,1.));
#17193=DIRECTION('center_axis',(0.,-1.,0.));
#17194=DIRECTION('ref_axis',(1.,0.,0.));
#17195=DIRECTION('',(1.,0.,0.));
#17196=DIRECTION('',(1.,0.,0.));
#17197=DIRECTION('',(0.,0.,1.));
#17198=DIRECTION('center_axis',(-1.,0.,0.));
#17199=DIRECTION('ref_axis',(0.,-1.,0.));
#17200=DIRECTION('',(0.,-1.,0.));
#17201=DIRECTION('',(0.,-1.,0.));
#17202=DIRECTION('center_axis',(0.,0.,1.));
#17203=DIRECTION('ref_axis',(1.,0.,0.));
#17204=DIRECTION('center_axis',(0.,0.,1.));
#17205=DIRECTION('ref_axis',(1.,0.,0.));
#17206=DIRECTION('center_axis',(0.,1.,0.));
#17207=DIRECTION('ref_axis',(-1.,0.,0.));
#17208=DIRECTION('',(-1.,0.,0.));
#17209=DIRECTION('',(0.,0.,1.));
#17210=DIRECTION('',(-1.,0.,0.));
#17211=DIRECTION('',(0.,0.,1.));
#17212=DIRECTION('center_axis',(1.,0.,0.));
#17213=DIRECTION('ref_axis',(0.,1.,0.));
#17214=DIRECTION('',(0.,1.,0.));
#17215=DIRECTION('',(0.,1.,0.));
#17216=DIRECTION('',(0.,0.,1.));
#17217=DIRECTION('center_axis',(0.,-1.,0.));
#17218=DIRECTION('ref_axis',(1.,0.,0.));
#17219=DIRECTION('',(1.,0.,0.));
#17220=DIRECTION('',(1.,0.,0.));
#17221=DIRECTION('',(0.,0.,1.));
#17222=DIRECTION('center_axis',(-1.,0.,0.));
#17223=DIRECTION('ref_axis',(0.,-1.,0.));
#17224=DIRECTION('',(0.,-1.,0.));
#17225=DIRECTION('',(0.,-1.,0.));
#17226=DIRECTION('center_axis',(0.,0.,1.));
#17227=DIRECTION('ref_axis',(1.,0.,0.));
#17228=DIRECTION('center_axis',(0.,0.,1.));
#17229=DIRECTION('ref_axis',(1.,0.,0.));
#17230=DIRECTION('center_axis',(0.,1.,0.));
#17231=DIRECTION('ref_axis',(-1.,0.,0.));
#17232=DIRECTION('',(-1.,0.,0.));
#17233=DIRECTION('',(0.,0.,1.));
#17234=DIRECTION('',(-1.,0.,0.));
#17235=DIRECTION('',(0.,0.,1.));
#17236=DIRECTION('center_axis',(1.,0.,0.));
#17237=DIRECTION('ref_axis',(0.,1.,0.));
#17238=DIRECTION('',(0.,1.,0.));
#17239=DIRECTION('',(0.,1.,0.));
#17240=DIRECTION('',(0.,0.,1.));
#17241=DIRECTION('center_axis',(0.,-1.,0.));
#17242=DIRECTION('ref_axis',(1.,0.,0.));
#17243=DIRECTION('',(1.,0.,0.));
#17244=DIRECTION('',(1.,0.,0.));
#17245=DIRECTION('',(0.,0.,1.));
#17246=DIRECTION('center_axis',(-1.,0.,0.));
#17247=DIRECTION('ref_axis',(0.,-1.,0.));
#17248=DIRECTION('',(0.,-1.,0.));
#17249=DIRECTION('',(0.,-1.,0.));
#17250=DIRECTION('center_axis',(0.,0.,1.));
#17251=DIRECTION('ref_axis',(1.,0.,0.));
#17252=DIRECTION('center_axis',(0.,0.,1.));
#17253=DIRECTION('ref_axis',(1.,0.,0.));
#17254=DIRECTION('center_axis',(0.,1.,0.));
#17255=DIRECTION('ref_axis',(-1.,0.,0.));
#17256=DIRECTION('',(-1.,0.,0.));
#17257=DIRECTION('',(0.,0.,1.));
#17258=DIRECTION('',(-1.,0.,0.));
#17259=DIRECTION('',(0.,0.,1.));
#17260=DIRECTION('center_axis',(1.,0.,0.));
#17261=DIRECTION('ref_axis',(0.,1.,0.));
#17262=DIRECTION('',(0.,1.,0.));
#17263=DIRECTION('',(0.,1.,0.));
#17264=DIRECTION('',(0.,0.,1.));
#17265=DIRECTION('center_axis',(0.,-1.,0.));
#17266=DIRECTION('ref_axis',(1.,0.,0.));
#17267=DIRECTION('',(1.,0.,0.));
#17268=DIRECTION('',(1.,0.,0.));
#17269=DIRECTION('',(0.,0.,1.));
#17270=DIRECTION('center_axis',(-1.,0.,0.));
#17271=DIRECTION('ref_axis',(0.,-1.,0.));
#17272=DIRECTION('',(0.,-1.,0.));
#17273=DIRECTION('',(0.,-1.,0.));
#17274=DIRECTION('center_axis',(0.,0.,1.));
#17275=DIRECTION('ref_axis',(1.,0.,0.));
#17276=DIRECTION('center_axis',(0.,0.,1.));
#17277=DIRECTION('ref_axis',(1.,0.,0.));
#17278=DIRECTION('center_axis',(0.,1.,0.));
#17279=DIRECTION('ref_axis',(-1.,0.,0.));
#17280=DIRECTION('',(-1.,0.,0.));
#17281=DIRECTION('',(0.,0.,1.));
#17282=DIRECTION('',(-1.,0.,0.));
#17283=DIRECTION('',(0.,0.,1.));
#17284=DIRECTION('center_axis',(1.,0.,0.));
#17285=DIRECTION('ref_axis',(0.,1.,0.));
#17286=DIRECTION('',(0.,1.,0.));
#17287=DIRECTION('',(0.,1.,0.));
#17288=DIRECTION('',(0.,0.,1.));
#17289=DIRECTION('center_axis',(0.,-1.,0.));
#17290=DIRECTION('ref_axis',(1.,0.,0.));
#17291=DIRECTION('',(1.,0.,0.));
#17292=DIRECTION('',(1.,0.,0.));
#17293=DIRECTION('',(0.,0.,1.));
#17294=DIRECTION('center_axis',(-1.,0.,0.));
#17295=DIRECTION('ref_axis',(0.,-1.,0.));
#17296=DIRECTION('',(0.,-1.,0.));
#17297=DIRECTION('',(0.,-1.,0.));
#17298=DIRECTION('center_axis',(0.,0.,1.));
#17299=DIRECTION('ref_axis',(1.,0.,0.));
#17300=DIRECTION('center_axis',(0.,0.,1.));
#17301=DIRECTION('ref_axis',(1.,0.,0.));
#17302=DIRECTION('center_axis',(0.,1.,0.));
#17303=DIRECTION('ref_axis',(-1.,0.,0.));
#17304=DIRECTION('',(-1.,0.,0.));
#17305=DIRECTION('',(0.,0.,1.));
#17306=DIRECTION('',(-1.,0.,0.));
#17307=DIRECTION('',(0.,0.,1.));
#17308=DIRECTION('center_axis',(1.,0.,0.));
#17309=DIRECTION('ref_axis',(0.,1.,0.));
#17310=DIRECTION('',(0.,1.,0.));
#17311=DIRECTION('',(0.,1.,0.));
#17312=DIRECTION('',(0.,0.,1.));
#17313=DIRECTION('center_axis',(0.,-1.,0.));
#17314=DIRECTION('ref_axis',(1.,0.,0.));
#17315=DIRECTION('',(1.,0.,0.));
#17316=DIRECTION('',(1.,0.,0.));
#17317=DIRECTION('',(0.,0.,1.));
#17318=DIRECTION('center_axis',(-1.,0.,0.));
#17319=DIRECTION('ref_axis',(0.,-1.,0.));
#17320=DIRECTION('',(0.,-1.,0.));
#17321=DIRECTION('',(0.,-1.,0.));
#17322=DIRECTION('center_axis',(0.,0.,1.));
#17323=DIRECTION('ref_axis',(1.,0.,0.));
#17324=DIRECTION('center_axis',(0.,0.,1.));
#17325=DIRECTION('ref_axis',(1.,0.,0.));
#17326=DIRECTION('center_axis',(0.,1.,0.));
#17327=DIRECTION('ref_axis',(-1.,0.,0.));
#17328=DIRECTION('',(-1.,0.,0.));
#17329=DIRECTION('',(0.,0.,1.));
#17330=DIRECTION('',(-1.,0.,0.));
#17331=DIRECTION('',(0.,0.,1.));
#17332=DIRECTION('center_axis',(1.,0.,0.));
#17333=DIRECTION('ref_axis',(0.,1.,0.));
#17334=DIRECTION('',(0.,1.,0.));
#17335=DIRECTION('',(0.,1.,0.));
#17336=DIRECTION('',(0.,0.,1.));
#17337=DIRECTION('center_axis',(0.,-1.,0.));
#17338=DIRECTION('ref_axis',(1.,0.,0.));
#17339=DIRECTION('',(1.,0.,0.));
#17340=DIRECTION('',(1.,0.,0.));
#17341=DIRECTION('',(0.,0.,1.));
#17342=DIRECTION('center_axis',(-1.,0.,0.));
#17343=DIRECTION('ref_axis',(0.,-1.,0.));
#17344=DIRECTION('',(0.,-1.,0.));
#17345=DIRECTION('',(0.,-1.,0.));
#17346=DIRECTION('center_axis',(0.,0.,1.));
#17347=DIRECTION('ref_axis',(1.,0.,0.));
#17348=DIRECTION('center_axis',(0.,0.,1.));
#17349=DIRECTION('ref_axis',(1.,0.,0.));
#17350=DIRECTION('center_axis',(0.,1.,0.));
#17351=DIRECTION('ref_axis',(-1.,0.,0.));
#17352=DIRECTION('',(-1.,0.,0.));
#17353=DIRECTION('',(0.,0.,1.));
#17354=DIRECTION('',(-1.,0.,0.));
#17355=DIRECTION('',(0.,0.,1.));
#17356=DIRECTION('center_axis',(1.,0.,0.));
#17357=DIRECTION('ref_axis',(0.,1.,0.));
#17358=DIRECTION('',(0.,1.,0.));
#17359=DIRECTION('',(0.,1.,0.));
#17360=DIRECTION('',(0.,0.,1.));
#17361=DIRECTION('center_axis',(0.,-1.,0.));
#17362=DIRECTION('ref_axis',(1.,0.,0.));
#17363=DIRECTION('',(1.,0.,0.));
#17364=DIRECTION('',(1.,0.,0.));
#17365=DIRECTION('',(0.,0.,1.));
#17366=DIRECTION('center_axis',(-1.,0.,0.));
#17367=DIRECTION('ref_axis',(0.,-1.,0.));
#17368=DIRECTION('',(0.,-1.,0.));
#17369=DIRECTION('',(0.,-1.,0.));
#17370=DIRECTION('center_axis',(0.,0.,1.));
#17371=DIRECTION('ref_axis',(1.,0.,0.));
#17372=DIRECTION('center_axis',(0.,0.,1.));
#17373=DIRECTION('ref_axis',(1.,0.,0.));
#17374=DIRECTION('center_axis',(0.,1.,0.));
#17375=DIRECTION('ref_axis',(-1.,0.,0.));
#17376=DIRECTION('',(-1.,0.,0.));
#17377=DIRECTION('',(0.,0.,1.));
#17378=DIRECTION('',(-1.,0.,0.));
#17379=DIRECTION('',(0.,0.,1.));
#17380=DIRECTION('center_axis',(1.,0.,0.));
#17381=DIRECTION('ref_axis',(0.,1.,0.));
#17382=DIRECTION('',(0.,1.,0.));
#17383=DIRECTION('',(0.,1.,0.));
#17384=DIRECTION('',(0.,0.,1.));
#17385=DIRECTION('center_axis',(0.,-1.,0.));
#17386=DIRECTION('ref_axis',(1.,0.,0.));
#17387=DIRECTION('',(1.,0.,0.));
#17388=DIRECTION('',(1.,0.,0.));
#17389=DIRECTION('',(0.,0.,1.));
#17390=DIRECTION('center_axis',(-1.,0.,0.));
#17391=DIRECTION('ref_axis',(0.,-1.,0.));
#17392=DIRECTION('',(0.,-1.,0.));
#17393=DIRECTION('',(0.,-1.,0.));
#17394=DIRECTION('center_axis',(0.,0.,1.));
#17395=DIRECTION('ref_axis',(1.,0.,0.));
#17396=DIRECTION('center_axis',(0.,0.,1.));
#17397=DIRECTION('ref_axis',(1.,0.,0.));
#17398=DIRECTION('center_axis',(0.,1.,0.));
#17399=DIRECTION('ref_axis',(-1.,0.,0.));
#17400=DIRECTION('',(-1.,0.,0.));
#17401=DIRECTION('',(0.,0.,1.));
#17402=DIRECTION('',(-1.,0.,0.));
#17403=DIRECTION('',(0.,0.,1.));
#17404=DIRECTION('center_axis',(1.,0.,0.));
#17405=DIRECTION('ref_axis',(0.,1.,0.));
#17406=DIRECTION('',(0.,1.,0.));
#17407=DIRECTION('',(0.,1.,0.));
#17408=DIRECTION('',(0.,0.,1.));
#17409=DIRECTION('center_axis',(0.,-1.,0.));
#17410=DIRECTION('ref_axis',(1.,0.,0.));
#17411=DIRECTION('',(1.,0.,0.));
#17412=DIRECTION('',(1.,0.,0.));
#17413=DIRECTION('',(0.,0.,1.));
#17414=DIRECTION('center_axis',(-1.,0.,0.));
#17415=DIRECTION('ref_axis',(0.,-1.,0.));
#17416=DIRECTION('',(0.,-1.,0.));
#17417=DIRECTION('',(0.,-1.,0.));
#17418=DIRECTION('center_axis',(0.,0.,1.));
#17419=DIRECTION('ref_axis',(1.,0.,0.));
#17420=DIRECTION('center_axis',(0.,0.,1.));
#17421=DIRECTION('ref_axis',(1.,0.,0.));
#17422=DIRECTION('center_axis',(0.,1.,0.));
#17423=DIRECTION('ref_axis',(-1.,0.,0.));
#17424=DIRECTION('',(-1.,0.,0.));
#17425=DIRECTION('',(0.,0.,1.));
#17426=DIRECTION('',(-1.,0.,0.));
#17427=DIRECTION('',(0.,0.,1.));
#17428=DIRECTION('center_axis',(1.,0.,0.));
#17429=DIRECTION('ref_axis',(0.,1.,0.));
#17430=DIRECTION('',(0.,1.,0.));
#17431=DIRECTION('',(0.,1.,0.));
#17432=DIRECTION('',(0.,0.,1.));
#17433=DIRECTION('center_axis',(0.,-1.,0.));
#17434=DIRECTION('ref_axis',(1.,0.,0.));
#17435=DIRECTION('',(1.,0.,0.));
#17436=DIRECTION('',(1.,0.,0.));
#17437=DIRECTION('',(0.,0.,1.));
#17438=DIRECTION('center_axis',(-1.,0.,0.));
#17439=DIRECTION('ref_axis',(0.,-1.,0.));
#17440=DIRECTION('',(0.,-1.,0.));
#17441=DIRECTION('',(0.,-1.,0.));
#17442=DIRECTION('center_axis',(0.,0.,1.));
#17443=DIRECTION('ref_axis',(1.,0.,0.));
#17444=DIRECTION('center_axis',(0.,0.,1.));
#17445=DIRECTION('ref_axis',(1.,0.,0.));
#17446=DIRECTION('center_axis',(0.,1.,0.));
#17447=DIRECTION('ref_axis',(-1.,0.,0.));
#17448=DIRECTION('',(-1.,0.,0.));
#17449=DIRECTION('',(0.,0.,1.));
#17450=DIRECTION('',(-1.,0.,0.));
#17451=DIRECTION('',(0.,0.,1.));
#17452=DIRECTION('center_axis',(1.,0.,0.));
#17453=DIRECTION('ref_axis',(0.,1.,0.));
#17454=DIRECTION('',(0.,1.,0.));
#17455=DIRECTION('',(0.,1.,0.));
#17456=DIRECTION('',(0.,0.,1.));
#17457=DIRECTION('center_axis',(0.,-1.,0.));
#17458=DIRECTION('ref_axis',(1.,0.,0.));
#17459=DIRECTION('',(1.,0.,0.));
#17460=DIRECTION('',(1.,0.,0.));
#17461=DIRECTION('',(0.,0.,1.));
#17462=DIRECTION('center_axis',(-1.,0.,0.));
#17463=DIRECTION('ref_axis',(0.,-1.,0.));
#17464=DIRECTION('',(0.,-1.,0.));
#17465=DIRECTION('',(0.,-1.,0.));
#17466=DIRECTION('center_axis',(0.,0.,1.));
#17467=DIRECTION('ref_axis',(1.,0.,0.));
#17468=DIRECTION('center_axis',(0.,0.,1.));
#17469=DIRECTION('ref_axis',(1.,0.,0.));
#17470=DIRECTION('center_axis',(0.,1.,0.));
#17471=DIRECTION('ref_axis',(-1.,0.,0.));
#17472=DIRECTION('',(-1.,0.,0.));
#17473=DIRECTION('',(0.,0.,1.));
#17474=DIRECTION('',(-1.,0.,0.));
#17475=DIRECTION('',(0.,0.,1.));
#17476=DIRECTION('center_axis',(1.,0.,0.));
#17477=DIRECTION('ref_axis',(0.,1.,0.));
#17478=DIRECTION('',(0.,1.,0.));
#17479=DIRECTION('',(0.,1.,0.));
#17480=DIRECTION('',(0.,0.,1.));
#17481=DIRECTION('center_axis',(0.,-1.,0.));
#17482=DIRECTION('ref_axis',(1.,0.,0.));
#17483=DIRECTION('',(1.,0.,0.));
#17484=DIRECTION('',(1.,0.,0.));
#17485=DIRECTION('',(0.,0.,1.));
#17486=DIRECTION('center_axis',(-1.,0.,0.));
#17487=DIRECTION('ref_axis',(0.,-1.,0.));
#17488=DIRECTION('',(0.,-1.,0.));
#17489=DIRECTION('',(0.,-1.,0.));
#17490=DIRECTION('center_axis',(0.,0.,1.));
#17491=DIRECTION('ref_axis',(1.,0.,0.));
#17492=DIRECTION('center_axis',(0.,0.,1.));
#17493=DIRECTION('ref_axis',(1.,0.,0.));
#17494=DIRECTION('center_axis',(0.,1.,0.));
#17495=DIRECTION('ref_axis',(-1.,0.,0.));
#17496=DIRECTION('',(-1.,0.,0.));
#17497=DIRECTION('',(0.,0.,1.));
#17498=DIRECTION('',(-1.,0.,0.));
#17499=DIRECTION('',(0.,0.,1.));
#17500=DIRECTION('center_axis',(1.,0.,0.));
#17501=DIRECTION('ref_axis',(0.,1.,0.));
#17502=DIRECTION('',(0.,1.,0.));
#17503=DIRECTION('',(0.,1.,0.));
#17504=DIRECTION('',(0.,0.,1.));
#17505=DIRECTION('center_axis',(0.,-1.,0.));
#17506=DIRECTION('ref_axis',(1.,0.,0.));
#17507=DIRECTION('',(1.,0.,0.));
#17508=DIRECTION('',(1.,0.,0.));
#17509=DIRECTION('',(0.,0.,1.));
#17510=DIRECTION('center_axis',(-1.,0.,0.));
#17511=DIRECTION('ref_axis',(0.,-1.,0.));
#17512=DIRECTION('',(0.,-1.,0.));
#17513=DIRECTION('',(0.,-1.,0.));
#17514=DIRECTION('center_axis',(0.,0.,1.));
#17515=DIRECTION('ref_axis',(1.,0.,0.));
#17516=DIRECTION('center_axis',(0.,0.,1.));
#17517=DIRECTION('ref_axis',(1.,0.,0.));
#17518=DIRECTION('center_axis',(0.,1.,0.));
#17519=DIRECTION('ref_axis',(-1.,0.,0.));
#17520=DIRECTION('',(-1.,0.,0.));
#17521=DIRECTION('',(0.,0.,1.));
#17522=DIRECTION('',(-1.,0.,0.));
#17523=DIRECTION('',(0.,0.,1.));
#17524=DIRECTION('center_axis',(1.,0.,0.));
#17525=DIRECTION('ref_axis',(0.,1.,0.));
#17526=DIRECTION('',(0.,1.,0.));
#17527=DIRECTION('',(0.,1.,0.));
#17528=DIRECTION('',(0.,0.,1.));
#17529=DIRECTION('center_axis',(0.,-1.,0.));
#17530=DIRECTION('ref_axis',(1.,0.,0.));
#17531=DIRECTION('',(1.,0.,0.));
#17532=DIRECTION('',(1.,0.,0.));
#17533=DIRECTION('',(0.,0.,1.));
#17534=DIRECTION('center_axis',(-1.,0.,0.));
#17535=DIRECTION('ref_axis',(0.,-1.,0.));
#17536=DIRECTION('',(0.,-1.,0.));
#17537=DIRECTION('',(0.,-1.,0.));
#17538=DIRECTION('center_axis',(0.,0.,1.));
#17539=DIRECTION('ref_axis',(1.,0.,0.));
#17540=DIRECTION('center_axis',(0.,0.,1.));
#17541=DIRECTION('ref_axis',(1.,0.,0.));
#17542=DIRECTION('center_axis',(0.,1.,0.));
#17543=DIRECTION('ref_axis',(-1.,0.,0.));
#17544=DIRECTION('',(-1.,0.,0.));
#17545=DIRECTION('',(0.,0.,1.));
#17546=DIRECTION('',(-1.,0.,0.));
#17547=DIRECTION('',(0.,0.,1.));
#17548=DIRECTION('center_axis',(1.,0.,0.));
#17549=DIRECTION('ref_axis',(0.,1.,0.));
#17550=DIRECTION('',(0.,1.,0.));
#17551=DIRECTION('',(0.,1.,0.));
#17552=DIRECTION('',(0.,0.,1.));
#17553=DIRECTION('center_axis',(0.,-1.,0.));
#17554=DIRECTION('ref_axis',(1.,0.,0.));
#17555=DIRECTION('',(1.,0.,0.));
#17556=DIRECTION('',(1.,0.,0.));
#17557=DIRECTION('',(0.,0.,1.));
#17558=DIRECTION('center_axis',(-1.,0.,0.));
#17559=DIRECTION('ref_axis',(0.,-1.,0.));
#17560=DIRECTION('',(0.,-1.,0.));
#17561=DIRECTION('',(0.,-1.,0.));
#17562=DIRECTION('center_axis',(0.,0.,1.));
#17563=DIRECTION('ref_axis',(1.,0.,0.));
#17564=DIRECTION('center_axis',(0.,0.,1.));
#17565=DIRECTION('ref_axis',(1.,0.,0.));
#17566=DIRECTION('center_axis',(0.,1.,0.));
#17567=DIRECTION('ref_axis',(-1.,0.,0.));
#17568=DIRECTION('',(-1.,0.,0.));
#17569=DIRECTION('',(0.,0.,1.));
#17570=DIRECTION('',(-1.,0.,0.));
#17571=DIRECTION('',(0.,0.,1.));
#17572=DIRECTION('center_axis',(1.,0.,0.));
#17573=DIRECTION('ref_axis',(0.,1.,0.));
#17574=DIRECTION('',(0.,1.,0.));
#17575=DIRECTION('',(0.,1.,0.));
#17576=DIRECTION('',(0.,0.,1.));
#17577=DIRECTION('center_axis',(0.,-1.,0.));
#17578=DIRECTION('ref_axis',(1.,0.,0.));
#17579=DIRECTION('',(1.,0.,0.));
#17580=DIRECTION('',(1.,0.,0.));
#17581=DIRECTION('',(0.,0.,1.));
#17582=DIRECTION('center_axis',(-1.,0.,0.));
#17583=DIRECTION('ref_axis',(0.,-1.,0.));
#17584=DIRECTION('',(0.,-1.,0.));
#17585=DIRECTION('',(0.,-1.,0.));
#17586=DIRECTION('center_axis',(0.,0.,1.));
#17587=DIRECTION('ref_axis',(1.,0.,0.));
#17588=DIRECTION('center_axis',(0.,0.,1.));
#17589=DIRECTION('ref_axis',(1.,0.,0.));
#17590=DIRECTION('center_axis',(0.,1.,0.));
#17591=DIRECTION('ref_axis',(-1.,0.,0.));
#17592=DIRECTION('',(-1.,0.,0.));
#17593=DIRECTION('',(0.,0.,1.));
#17594=DIRECTION('',(-1.,0.,0.));
#17595=DIRECTION('',(0.,0.,1.));
#17596=DIRECTION('center_axis',(1.,0.,0.));
#17597=DIRECTION('ref_axis',(0.,1.,0.));
#17598=DIRECTION('',(0.,1.,0.));
#17599=DIRECTION('',(0.,1.,0.));
#17600=DIRECTION('',(0.,0.,1.));
#17601=DIRECTION('center_axis',(0.,-1.,0.));
#17602=DIRECTION('ref_axis',(1.,0.,0.));
#17603=DIRECTION('',(1.,0.,0.));
#17604=DIRECTION('',(1.,0.,0.));
#17605=DIRECTION('',(0.,0.,1.));
#17606=DIRECTION('center_axis',(-1.,0.,0.));
#17607=DIRECTION('ref_axis',(0.,-1.,0.));
#17608=DIRECTION('',(0.,-1.,0.));
#17609=DIRECTION('',(0.,-1.,0.));
#17610=DIRECTION('center_axis',(0.,0.,1.));
#17611=DIRECTION('ref_axis',(1.,0.,0.));
#17612=DIRECTION('center_axis',(0.,0.,1.));
#17613=DIRECTION('ref_axis',(1.,0.,0.));
#17614=DIRECTION('center_axis',(0.,1.,0.));
#17615=DIRECTION('ref_axis',(-1.,0.,0.));
#17616=DIRECTION('',(-1.,0.,0.));
#17617=DIRECTION('',(0.,0.,1.));
#17618=DIRECTION('',(-1.,0.,0.));
#17619=DIRECTION('',(0.,0.,1.));
#17620=DIRECTION('center_axis',(1.,0.,0.));
#17621=DIRECTION('ref_axis',(0.,1.,0.));
#17622=DIRECTION('',(0.,1.,0.));
#17623=DIRECTION('',(0.,1.,0.));
#17624=DIRECTION('',(0.,0.,1.));
#17625=DIRECTION('center_axis',(0.,-1.,0.));
#17626=DIRECTION('ref_axis',(1.,0.,0.));
#17627=DIRECTION('',(1.,0.,0.));
#17628=DIRECTION('',(1.,0.,0.));
#17629=DIRECTION('',(0.,0.,1.));
#17630=DIRECTION('center_axis',(-1.,0.,0.));
#17631=DIRECTION('ref_axis',(0.,-1.,0.));
#17632=DIRECTION('',(0.,-1.,0.));
#17633=DIRECTION('',(0.,-1.,0.));
#17634=DIRECTION('center_axis',(0.,0.,1.));
#17635=DIRECTION('ref_axis',(1.,0.,0.));
#17636=DIRECTION('center_axis',(0.,0.,1.));
#17637=DIRECTION('ref_axis',(1.,0.,0.));
#17638=DIRECTION('center_axis',(0.,1.,0.));
#17639=DIRECTION('ref_axis',(-1.,0.,0.));
#17640=DIRECTION('',(-1.,0.,0.));
#17641=DIRECTION('',(0.,0.,1.));
#17642=DIRECTION('',(-1.,0.,0.));
#17643=DIRECTION('',(0.,0.,1.));
#17644=DIRECTION('center_axis',(1.,0.,0.));
#17645=DIRECTION('ref_axis',(0.,1.,0.));
#17646=DIRECTION('',(0.,1.,0.));
#17647=DIRECTION('',(0.,1.,0.));
#17648=DIRECTION('',(0.,0.,1.));
#17649=DIRECTION('center_axis',(0.,-1.,0.));
#17650=DIRECTION('ref_axis',(1.,0.,0.));
#17651=DIRECTION('',(1.,0.,0.));
#17652=DIRECTION('',(1.,0.,0.));
#17653=DIRECTION('',(0.,0.,1.));
#17654=DIRECTION('center_axis',(-1.,0.,0.));
#17655=DIRECTION('ref_axis',(0.,-1.,0.));
#17656=DIRECTION('',(0.,-1.,0.));
#17657=DIRECTION('',(0.,-1.,0.));
#17658=DIRECTION('center_axis',(0.,0.,1.));
#17659=DIRECTION('ref_axis',(1.,0.,0.));
#17660=DIRECTION('center_axis',(0.,0.,1.));
#17661=DIRECTION('ref_axis',(1.,0.,0.));
#17662=DIRECTION('center_axis',(0.,1.,0.));
#17663=DIRECTION('ref_axis',(-1.,0.,0.));
#17664=DIRECTION('',(-1.,0.,0.));
#17665=DIRECTION('',(0.,0.,1.));
#17666=DIRECTION('',(-1.,0.,0.));
#17667=DIRECTION('',(0.,0.,1.));
#17668=DIRECTION('center_axis',(1.,0.,0.));
#17669=DIRECTION('ref_axis',(0.,1.,0.));
#17670=DIRECTION('',(0.,1.,0.));
#17671=DIRECTION('',(0.,1.,0.));
#17672=DIRECTION('',(0.,0.,1.));
#17673=DIRECTION('center_axis',(0.,-1.,0.));
#17674=DIRECTION('ref_axis',(1.,0.,0.));
#17675=DIRECTION('',(1.,0.,0.));
#17676=DIRECTION('',(1.,0.,0.));
#17677=DIRECTION('',(0.,0.,1.));
#17678=DIRECTION('center_axis',(-1.,0.,0.));
#17679=DIRECTION('ref_axis',(0.,-1.,0.));
#17680=DIRECTION('',(0.,-1.,0.));
#17681=DIRECTION('',(0.,-1.,0.));
#17682=DIRECTION('center_axis',(0.,0.,1.));
#17683=DIRECTION('ref_axis',(1.,0.,0.));
#17684=DIRECTION('center_axis',(0.,0.,1.));
#17685=DIRECTION('ref_axis',(1.,0.,0.));
#17686=DIRECTION('center_axis',(0.,1.,0.));
#17687=DIRECTION('ref_axis',(-1.,0.,0.));
#17688=DIRECTION('',(-1.,0.,0.));
#17689=DIRECTION('',(0.,0.,1.));
#17690=DIRECTION('',(-1.,0.,0.));
#17691=DIRECTION('',(0.,0.,1.));
#17692=DIRECTION('center_axis',(1.,0.,0.));
#17693=DIRECTION('ref_axis',(0.,1.,0.));
#17694=DIRECTION('',(0.,1.,0.));
#17695=DIRECTION('',(0.,1.,0.));
#17696=DIRECTION('',(0.,0.,1.));
#17697=DIRECTION('center_axis',(0.,-1.,0.));
#17698=DIRECTION('ref_axis',(1.,0.,0.));
#17699=DIRECTION('',(1.,0.,0.));
#17700=DIRECTION('',(1.,0.,0.));
#17701=DIRECTION('',(0.,0.,1.));
#17702=DIRECTION('center_axis',(-1.,0.,0.));
#17703=DIRECTION('ref_axis',(0.,-1.,0.));
#17704=DIRECTION('',(0.,-1.,0.));
#17705=DIRECTION('',(0.,-1.,0.));
#17706=DIRECTION('center_axis',(0.,0.,1.));
#17707=DIRECTION('ref_axis',(1.,0.,0.));
#17708=DIRECTION('center_axis',(0.,0.,1.));
#17709=DIRECTION('ref_axis',(1.,0.,0.));
#17710=DIRECTION('center_axis',(0.,1.,0.));
#17711=DIRECTION('ref_axis',(-1.,0.,0.));
#17712=DIRECTION('',(-1.,0.,0.));
#17713=DIRECTION('',(0.,0.,1.));
#17714=DIRECTION('',(-1.,0.,0.));
#17715=DIRECTION('',(0.,0.,1.));
#17716=DIRECTION('center_axis',(1.,0.,0.));
#17717=DIRECTION('ref_axis',(0.,1.,0.));
#17718=DIRECTION('',(0.,1.,0.));
#17719=DIRECTION('',(0.,1.,0.));
#17720=DIRECTION('',(0.,0.,1.));
#17721=DIRECTION('center_axis',(0.,-1.,0.));
#17722=DIRECTION('ref_axis',(1.,0.,0.));
#17723=DIRECTION('',(1.,0.,0.));
#17724=DIRECTION('',(1.,0.,0.));
#17725=DIRECTION('',(0.,0.,1.));
#17726=DIRECTION('center_axis',(-1.,0.,0.));
#17727=DIRECTION('ref_axis',(0.,-1.,0.));
#17728=DIRECTION('',(0.,-1.,0.));
#17729=DIRECTION('',(0.,-1.,0.));
#17730=DIRECTION('center_axis',(0.,0.,1.));
#17731=DIRECTION('ref_axis',(1.,0.,0.));
#17732=DIRECTION('center_axis',(0.,0.,1.));
#17733=DIRECTION('ref_axis',(1.,0.,0.));
#17734=DIRECTION('center_axis',(0.,1.,0.));
#17735=DIRECTION('ref_axis',(-1.,0.,0.));
#17736=DIRECTION('',(-1.,0.,0.));
#17737=DIRECTION('',(0.,0.,1.));
#17738=DIRECTION('',(-1.,0.,0.));
#17739=DIRECTION('',(0.,0.,1.));
#17740=DIRECTION('center_axis',(1.,0.,0.));
#17741=DIRECTION('ref_axis',(0.,1.,0.));
#17742=DIRECTION('',(0.,1.,0.));
#17743=DIRECTION('',(0.,1.,0.));
#17744=DIRECTION('',(0.,0.,1.));
#17745=DIRECTION('center_axis',(0.,-1.,0.));
#17746=DIRECTION('ref_axis',(1.,0.,0.));
#17747=DIRECTION('',(1.,0.,0.));
#17748=DIRECTION('',(1.,0.,0.));
#17749=DIRECTION('',(0.,0.,1.));
#17750=DIRECTION('center_axis',(-1.,0.,0.));
#17751=DIRECTION('ref_axis',(0.,-1.,0.));
#17752=DIRECTION('',(0.,-1.,0.));
#17753=DIRECTION('',(0.,-1.,0.));
#17754=DIRECTION('center_axis',(0.,0.,1.));
#17755=DIRECTION('ref_axis',(1.,0.,0.));
#17756=DIRECTION('center_axis',(0.,0.,1.));
#17757=DIRECTION('ref_axis',(1.,0.,0.));
#17758=DIRECTION('center_axis',(0.,1.,0.));
#17759=DIRECTION('ref_axis',(-1.,0.,0.));
#17760=DIRECTION('',(-1.,0.,0.));
#17761=DIRECTION('',(0.,0.,1.));
#17762=DIRECTION('',(-1.,0.,0.));
#17763=DIRECTION('',(0.,0.,1.));
#17764=DIRECTION('center_axis',(1.,0.,0.));
#17765=DIRECTION('ref_axis',(0.,1.,0.));
#17766=DIRECTION('',(0.,1.,0.));
#17767=DIRECTION('',(0.,1.,0.));
#17768=DIRECTION('',(0.,0.,1.));
#17769=DIRECTION('center_axis',(0.,-1.,0.));
#17770=DIRECTION('ref_axis',(1.,0.,0.));
#17771=DIRECTION('',(1.,0.,0.));
#17772=DIRECTION('',(1.,0.,0.));
#17773=DIRECTION('',(0.,0.,1.));
#17774=DIRECTION('center_axis',(-1.,0.,0.));
#17775=DIRECTION('ref_axis',(0.,-1.,0.));
#17776=DIRECTION('',(0.,-1.,0.));
#17777=DIRECTION('',(0.,-1.,0.));
#17778=DIRECTION('center_axis',(0.,0.,1.));
#17779=DIRECTION('ref_axis',(1.,0.,0.));
#17780=DIRECTION('center_axis',(0.,0.,1.));
#17781=DIRECTION('ref_axis',(1.,0.,0.));
#17782=DIRECTION('center_axis',(0.,1.,0.));
#17783=DIRECTION('ref_axis',(-1.,0.,0.));
#17784=DIRECTION('',(-1.,0.,0.));
#17785=DIRECTION('',(0.,0.,1.));
#17786=DIRECTION('',(-1.,0.,0.));
#17787=DIRECTION('',(0.,0.,1.));
#17788=DIRECTION('center_axis',(1.,0.,0.));
#17789=DIRECTION('ref_axis',(0.,1.,0.));
#17790=DIRECTION('',(0.,1.,0.));
#17791=DIRECTION('',(0.,1.,0.));
#17792=DIRECTION('',(0.,0.,1.));
#17793=DIRECTION('center_axis',(0.,-1.,0.));
#17794=DIRECTION('ref_axis',(1.,0.,0.));
#17795=DIRECTION('',(1.,0.,0.));
#17796=DIRECTION('',(1.,0.,0.));
#17797=DIRECTION('',(0.,0.,1.));
#17798=DIRECTION('center_axis',(-1.,0.,0.));
#17799=DIRECTION('ref_axis',(0.,-1.,0.));
#17800=DIRECTION('',(0.,-1.,0.));
#17801=DIRECTION('',(0.,-1.,0.));
#17802=DIRECTION('center_axis',(0.,0.,1.));
#17803=DIRECTION('ref_axis',(1.,0.,0.));
#17804=DIRECTION('center_axis',(0.,0.,1.));
#17805=DIRECTION('ref_axis',(1.,0.,0.));
#17806=DIRECTION('center_axis',(0.,1.,0.));
#17807=DIRECTION('ref_axis',(-1.,0.,0.));
#17808=DIRECTION('',(-1.,0.,0.));
#17809=DIRECTION('',(0.,0.,1.));
#17810=DIRECTION('',(-1.,0.,0.));
#17811=DIRECTION('',(0.,0.,1.));
#17812=DIRECTION('center_axis',(1.,0.,0.));
#17813=DIRECTION('ref_axis',(0.,1.,0.));
#17814=DIRECTION('',(0.,1.,0.));
#17815=DIRECTION('',(0.,1.,0.));
#17816=DIRECTION('',(0.,0.,1.));
#17817=DIRECTION('center_axis',(0.,-1.,0.));
#17818=DIRECTION('ref_axis',(1.,0.,0.));
#17819=DIRECTION('',(1.,0.,0.));
#17820=DIRECTION('',(1.,0.,0.));
#17821=DIRECTION('',(0.,0.,1.));
#17822=DIRECTION('center_axis',(-1.,0.,0.));
#17823=DIRECTION('ref_axis',(0.,-1.,0.));
#17824=DIRECTION('',(0.,-1.,0.));
#17825=DIRECTION('',(0.,-1.,0.));
#17826=DIRECTION('center_axis',(0.,0.,1.));
#17827=DIRECTION('ref_axis',(1.,0.,0.));
#17828=DIRECTION('center_axis',(0.,0.,1.));
#17829=DIRECTION('ref_axis',(1.,0.,0.));
#17830=DIRECTION('center_axis',(0.,1.,0.));
#17831=DIRECTION('ref_axis',(-1.,0.,0.));
#17832=DIRECTION('',(-1.,0.,0.));
#17833=DIRECTION('',(0.,0.,1.));
#17834=DIRECTION('',(-1.,0.,0.));
#17835=DIRECTION('',(0.,0.,1.));
#17836=DIRECTION('center_axis',(1.,0.,0.));
#17837=DIRECTION('ref_axis',(0.,1.,0.));
#17838=DIRECTION('',(0.,1.,0.));
#17839=DIRECTION('',(0.,1.,0.));
#17840=DIRECTION('',(0.,0.,1.));
#17841=DIRECTION('center_axis',(0.,-1.,0.));
#17842=DIRECTION('ref_axis',(1.,0.,0.));
#17843=DIRECTION('',(1.,0.,0.));
#17844=DIRECTION('',(1.,0.,0.));
#17845=DIRECTION('',(0.,0.,1.));
#17846=DIRECTION('center_axis',(-1.,0.,0.));
#17847=DIRECTION('ref_axis',(0.,-1.,0.));
#17848=DIRECTION('',(0.,-1.,0.));
#17849=DIRECTION('',(0.,-1.,0.));
#17850=DIRECTION('center_axis',(0.,0.,1.));
#17851=DIRECTION('ref_axis',(1.,0.,0.));
#17852=DIRECTION('center_axis',(0.,0.,1.));
#17853=DIRECTION('ref_axis',(1.,0.,0.));
#17854=DIRECTION('center_axis',(0.,1.,0.));
#17855=DIRECTION('ref_axis',(-1.,0.,0.));
#17856=DIRECTION('',(-1.,0.,0.));
#17857=DIRECTION('',(0.,0.,1.));
#17858=DIRECTION('',(-1.,0.,0.));
#17859=DIRECTION('',(0.,0.,1.));
#17860=DIRECTION('center_axis',(1.,0.,0.));
#17861=DIRECTION('ref_axis',(0.,1.,0.));
#17862=DIRECTION('',(0.,1.,0.));
#17863=DIRECTION('',(0.,1.,0.));
#17864=DIRECTION('',(0.,0.,1.));
#17865=DIRECTION('center_axis',(0.,-1.,0.));
#17866=DIRECTION('ref_axis',(1.,0.,0.));
#17867=DIRECTION('',(1.,0.,0.));
#17868=DIRECTION('',(1.,0.,0.));
#17869=DIRECTION('',(0.,0.,1.));
#17870=DIRECTION('center_axis',(-1.,0.,0.));
#17871=DIRECTION('ref_axis',(0.,-1.,0.));
#17872=DIRECTION('',(0.,-1.,0.));
#17873=DIRECTION('',(0.,-1.,0.));
#17874=DIRECTION('center_axis',(0.,0.,1.));
#17875=DIRECTION('ref_axis',(1.,0.,0.));
#17876=DIRECTION('center_axis',(0.,0.,1.));
#17877=DIRECTION('ref_axis',(1.,0.,0.));
#17878=DIRECTION('center_axis',(0.,1.,0.));
#17879=DIRECTION('ref_axis',(-1.,0.,0.));
#17880=DIRECTION('',(-1.,0.,0.));
#17881=DIRECTION('',(0.,0.,1.));
#17882=DIRECTION('',(-1.,0.,0.));
#17883=DIRECTION('',(0.,0.,1.));
#17884=DIRECTION('center_axis',(1.,0.,0.));
#17885=DIRECTION('ref_axis',(0.,1.,0.));
#17886=DIRECTION('',(0.,1.,0.));
#17887=DIRECTION('',(0.,1.,0.));
#17888=DIRECTION('',(0.,0.,1.));
#17889=DIRECTION('center_axis',(0.,-1.,0.));
#17890=DIRECTION('ref_axis',(1.,0.,0.));
#17891=DIRECTION('',(1.,0.,0.));
#17892=DIRECTION('',(1.,0.,0.));
#17893=DIRECTION('',(0.,0.,1.));
#17894=DIRECTION('center_axis',(-1.,0.,0.));
#17895=DIRECTION('ref_axis',(0.,-1.,0.));
#17896=DIRECTION('',(0.,-1.,0.));
#17897=DIRECTION('',(0.,-1.,0.));
#17898=DIRECTION('center_axis',(0.,0.,1.));
#17899=DIRECTION('ref_axis',(1.,0.,0.));
#17900=DIRECTION('center_axis',(0.,0.,1.));
#17901=DIRECTION('ref_axis',(1.,0.,0.));
#17902=DIRECTION('center_axis',(0.,1.,0.));
#17903=DIRECTION('ref_axis',(-1.,0.,0.));
#17904=DIRECTION('',(-1.,0.,0.));
#17905=DIRECTION('',(0.,0.,1.));
#17906=DIRECTION('',(-1.,0.,0.));
#17907=DIRECTION('',(0.,0.,1.));
#17908=DIRECTION('center_axis',(1.,0.,0.));
#17909=DIRECTION('ref_axis',(0.,1.,0.));
#17910=DIRECTION('',(0.,1.,0.));
#17911=DIRECTION('',(0.,1.,0.));
#17912=DIRECTION('',(0.,0.,1.));
#17913=DIRECTION('center_axis',(0.,-1.,0.));
#17914=DIRECTION('ref_axis',(1.,0.,0.));
#17915=DIRECTION('',(1.,0.,0.));
#17916=DIRECTION('',(1.,0.,0.));
#17917=DIRECTION('',(0.,0.,1.));
#17918=DIRECTION('center_axis',(-1.,0.,0.));
#17919=DIRECTION('ref_axis',(0.,-1.,0.));
#17920=DIRECTION('',(0.,-1.,0.));
#17921=DIRECTION('',(0.,-1.,0.));
#17922=DIRECTION('center_axis',(0.,0.,1.));
#17923=DIRECTION('ref_axis',(1.,0.,0.));
#17924=DIRECTION('center_axis',(0.,0.,1.));
#17925=DIRECTION('ref_axis',(1.,0.,0.));
#17926=DIRECTION('center_axis',(0.,1.,0.));
#17927=DIRECTION('ref_axis',(-1.,0.,0.));
#17928=DIRECTION('',(-1.,0.,0.));
#17929=DIRECTION('',(0.,0.,1.));
#17930=DIRECTION('',(-1.,0.,0.));
#17931=DIRECTION('',(0.,0.,1.));
#17932=DIRECTION('center_axis',(1.,0.,0.));
#17933=DIRECTION('ref_axis',(0.,1.,0.));
#17934=DIRECTION('',(0.,1.,0.));
#17935=DIRECTION('',(0.,1.,0.));
#17936=DIRECTION('',(0.,0.,1.));
#17937=DIRECTION('center_axis',(0.,-1.,0.));
#17938=DIRECTION('ref_axis',(1.,0.,0.));
#17939=DIRECTION('',(1.,0.,0.));
#17940=DIRECTION('',(1.,0.,0.));
#17941=DIRECTION('',(0.,0.,1.));
#17942=DIRECTION('center_axis',(-1.,0.,0.));
#17943=DIRECTION('ref_axis',(0.,-1.,0.));
#17944=DIRECTION('',(0.,-1.,0.));
#17945=DIRECTION('',(0.,-1.,0.));
#17946=DIRECTION('center_axis',(0.,0.,1.));
#17947=DIRECTION('ref_axis',(1.,0.,0.));
#17948=DIRECTION('center_axis',(0.,0.,1.));
#17949=DIRECTION('ref_axis',(1.,0.,0.));
#17950=DIRECTION('center_axis',(0.,1.,0.));
#17951=DIRECTION('ref_axis',(-1.,0.,0.));
#17952=DIRECTION('',(-1.,0.,0.));
#17953=DIRECTION('',(0.,0.,1.));
#17954=DIRECTION('',(-1.,0.,0.));
#17955=DIRECTION('',(0.,0.,1.));
#17956=DIRECTION('center_axis',(1.,0.,0.));
#17957=DIRECTION('ref_axis',(0.,1.,0.));
#17958=DIRECTION('',(0.,1.,0.));
#17959=DIRECTION('',(0.,1.,0.));
#17960=DIRECTION('',(0.,0.,1.));
#17961=DIRECTION('center_axis',(0.,-1.,0.));
#17962=DIRECTION('ref_axis',(1.,0.,0.));
#17963=DIRECTION('',(1.,0.,0.));
#17964=DIRECTION('',(1.,0.,0.));
#17965=DIRECTION('',(0.,0.,1.));
#17966=DIRECTION('center_axis',(-1.,0.,0.));
#17967=DIRECTION('ref_axis',(0.,-1.,0.));
#17968=DIRECTION('',(0.,-1.,0.));
#17969=DIRECTION('',(0.,-1.,0.));
#17970=DIRECTION('center_axis',(0.,0.,1.));
#17971=DIRECTION('ref_axis',(1.,0.,0.));
#17972=DIRECTION('center_axis',(0.,0.,1.));
#17973=DIRECTION('ref_axis',(1.,0.,0.));
#17974=DIRECTION('center_axis',(0.,1.,0.));
#17975=DIRECTION('ref_axis',(-1.,0.,0.));
#17976=DIRECTION('',(-1.,0.,0.));
#17977=DIRECTION('',(0.,0.,1.));
#17978=DIRECTION('',(-1.,0.,0.));
#17979=DIRECTION('',(0.,0.,1.));
#17980=DIRECTION('center_axis',(1.,0.,0.));
#17981=DIRECTION('ref_axis',(0.,1.,0.));
#17982=DIRECTION('',(0.,1.,0.));
#17983=DIRECTION('',(0.,1.,0.));
#17984=DIRECTION('',(0.,0.,1.));
#17985=DIRECTION('center_axis',(0.,-1.,0.));
#17986=DIRECTION('ref_axis',(1.,0.,0.));
#17987=DIRECTION('',(1.,0.,0.));
#17988=DIRECTION('',(1.,0.,0.));
#17989=DIRECTION('',(0.,0.,1.));
#17990=DIRECTION('center_axis',(-1.,0.,0.));
#17991=DIRECTION('ref_axis',(0.,-1.,0.));
#17992=DIRECTION('',(0.,-1.,0.));
#17993=DIRECTION('',(0.,-1.,0.));
#17994=DIRECTION('center_axis',(0.,0.,1.));
#17995=DIRECTION('ref_axis',(1.,0.,0.));
#17996=DIRECTION('center_axis',(0.,0.,1.));
#17997=DIRECTION('ref_axis',(1.,0.,0.));
#17998=DIRECTION('center_axis',(0.,1.,0.));
#17999=DIRECTION('ref_axis',(-1.,0.,0.));
#18000=DIRECTION('',(-1.,0.,0.));
#18001=DIRECTION('',(0.,0.,1.));
#18002=DIRECTION('',(-1.,0.,0.));
#18003=DIRECTION('',(0.,0.,1.));
#18004=DIRECTION('center_axis',(1.,0.,0.));
#18005=DIRECTION('ref_axis',(0.,1.,0.));
#18006=DIRECTION('',(0.,1.,0.));
#18007=DIRECTION('',(0.,1.,0.));
#18008=DIRECTION('',(0.,0.,1.));
#18009=DIRECTION('center_axis',(0.,-1.,0.));
#18010=DIRECTION('ref_axis',(1.,0.,0.));
#18011=DIRECTION('',(1.,0.,0.));
#18012=DIRECTION('',(1.,0.,0.));
#18013=DIRECTION('',(0.,0.,1.));
#18014=DIRECTION('center_axis',(-1.,0.,0.));
#18015=DIRECTION('ref_axis',(0.,-1.,0.));
#18016=DIRECTION('',(0.,-1.,0.));
#18017=DIRECTION('',(0.,-1.,0.));
#18018=DIRECTION('center_axis',(0.,0.,1.));
#18019=DIRECTION('ref_axis',(1.,0.,0.));
#18020=DIRECTION('center_axis',(0.,0.,1.));
#18021=DIRECTION('ref_axis',(1.,0.,0.));
#18022=DIRECTION('center_axis',(0.,1.,0.));
#18023=DIRECTION('ref_axis',(-1.,0.,0.));
#18024=DIRECTION('',(-1.,0.,0.));
#18025=DIRECTION('',(0.,0.,1.));
#18026=DIRECTION('',(-1.,0.,0.));
#18027=DIRECTION('',(0.,0.,1.));
#18028=DIRECTION('center_axis',(1.,0.,0.));
#18029=DIRECTION('ref_axis',(0.,1.,0.));
#18030=DIRECTION('',(0.,1.,0.));
#18031=DIRECTION('',(0.,1.,0.));
#18032=DIRECTION('',(0.,0.,1.));
#18033=DIRECTION('center_axis',(0.,-1.,0.));
#18034=DIRECTION('ref_axis',(1.,0.,0.));
#18035=DIRECTION('',(1.,0.,0.));
#18036=DIRECTION('',(1.,0.,0.));
#18037=DIRECTION('',(0.,0.,1.));
#18038=DIRECTION('center_axis',(-1.,0.,0.));
#18039=DIRECTION('ref_axis',(0.,-1.,0.));
#18040=DIRECTION('',(0.,-1.,0.));
#18041=DIRECTION('',(0.,-1.,0.));
#18042=DIRECTION('center_axis',(0.,0.,1.));
#18043=DIRECTION('ref_axis',(1.,0.,0.));
#18044=DIRECTION('center_axis',(0.,0.,1.));
#18045=DIRECTION('ref_axis',(1.,0.,0.));
#18046=DIRECTION('center_axis',(0.,1.,0.));
#18047=DIRECTION('ref_axis',(-1.,0.,0.));
#18048=DIRECTION('',(-1.,0.,0.));
#18049=DIRECTION('',(0.,0.,1.));
#18050=DIRECTION('',(-1.,0.,0.));
#18051=DIRECTION('',(0.,0.,1.));
#18052=DIRECTION('center_axis',(1.,0.,0.));
#18053=DIRECTION('ref_axis',(0.,1.,0.));
#18054=DIRECTION('',(0.,1.,0.));
#18055=DIRECTION('',(0.,1.,0.));
#18056=DIRECTION('',(0.,0.,1.));
#18057=DIRECTION('center_axis',(0.,-1.,0.));
#18058=DIRECTION('ref_axis',(1.,0.,0.));
#18059=DIRECTION('',(1.,0.,0.));
#18060=DIRECTION('',(1.,0.,0.));
#18061=DIRECTION('',(0.,0.,1.));
#18062=DIRECTION('center_axis',(-1.,0.,0.));
#18063=DIRECTION('ref_axis',(0.,-1.,0.));
#18064=DIRECTION('',(0.,-1.,0.));
#18065=DIRECTION('',(0.,-1.,0.));
#18066=DIRECTION('center_axis',(0.,0.,1.));
#18067=DIRECTION('ref_axis',(1.,0.,0.));
#18068=DIRECTION('center_axis',(0.,0.,1.));
#18069=DIRECTION('ref_axis',(1.,0.,0.));
#18070=DIRECTION('center_axis',(0.,1.,0.));
#18071=DIRECTION('ref_axis',(-1.,0.,0.));
#18072=DIRECTION('',(-1.,0.,0.));
#18073=DIRECTION('',(0.,0.,1.));
#18074=DIRECTION('',(-1.,0.,0.));
#18075=DIRECTION('',(0.,0.,1.));
#18076=DIRECTION('center_axis',(1.,0.,0.));
#18077=DIRECTION('ref_axis',(0.,1.,0.));
#18078=DIRECTION('',(0.,1.,0.));
#18079=DIRECTION('',(0.,1.,0.));
#18080=DIRECTION('',(0.,0.,1.));
#18081=DIRECTION('center_axis',(0.,-1.,0.));
#18082=DIRECTION('ref_axis',(1.,0.,0.));
#18083=DIRECTION('',(1.,0.,0.));
#18084=DIRECTION('',(1.,0.,0.));
#18085=DIRECTION('',(0.,0.,1.));
#18086=DIRECTION('center_axis',(-1.,0.,0.));
#18087=DIRECTION('ref_axis',(0.,-1.,0.));
#18088=DIRECTION('',(0.,-1.,0.));
#18089=DIRECTION('',(0.,-1.,0.));
#18090=DIRECTION('center_axis',(0.,0.,1.));
#18091=DIRECTION('ref_axis',(1.,0.,0.));
#18092=DIRECTION('center_axis',(0.,0.,1.));
#18093=DIRECTION('ref_axis',(1.,0.,0.));
#18094=DIRECTION('center_axis',(0.,1.,0.));
#18095=DIRECTION('ref_axis',(-1.,0.,0.));
#18096=DIRECTION('',(-1.,0.,0.));
#18097=DIRECTION('',(0.,0.,1.));
#18098=DIRECTION('',(-1.,0.,0.));
#18099=DIRECTION('',(0.,0.,1.));
#18100=DIRECTION('center_axis',(1.,0.,0.));
#18101=DIRECTION('ref_axis',(0.,1.,0.));
#18102=DIRECTION('',(0.,1.,0.));
#18103=DIRECTION('',(0.,1.,0.));
#18104=DIRECTION('',(0.,0.,1.));
#18105=DIRECTION('center_axis',(0.,-1.,0.));
#18106=DIRECTION('ref_axis',(1.,0.,0.));
#18107=DIRECTION('',(1.,0.,0.));
#18108=DIRECTION('',(1.,0.,0.));
#18109=DIRECTION('',(0.,0.,1.));
#18110=DIRECTION('center_axis',(-1.,0.,0.));
#18111=DIRECTION('ref_axis',(0.,-1.,0.));
#18112=DIRECTION('',(0.,-1.,0.));
#18113=DIRECTION('',(0.,-1.,0.));
#18114=DIRECTION('center_axis',(0.,0.,1.));
#18115=DIRECTION('ref_axis',(1.,0.,0.));
#18116=DIRECTION('center_axis',(0.,0.,1.));
#18117=DIRECTION('ref_axis',(1.,0.,0.));
#18118=DIRECTION('center_axis',(0.,1.,0.));
#18119=DIRECTION('ref_axis',(-1.,0.,0.));
#18120=DIRECTION('',(-1.,0.,0.));
#18121=DIRECTION('',(0.,0.,1.));
#18122=DIRECTION('',(-1.,0.,0.));
#18123=DIRECTION('',(0.,0.,1.));
#18124=DIRECTION('center_axis',(1.,0.,0.));
#18125=DIRECTION('ref_axis',(0.,1.,0.));
#18126=DIRECTION('',(0.,1.,0.));
#18127=DIRECTION('',(0.,1.,0.));
#18128=DIRECTION('',(0.,0.,1.));
#18129=DIRECTION('center_axis',(0.,-1.,0.));
#18130=DIRECTION('ref_axis',(1.,0.,0.));
#18131=DIRECTION('',(1.,0.,0.));
#18132=DIRECTION('',(1.,0.,0.));
#18133=DIRECTION('',(0.,0.,1.));
#18134=DIRECTION('center_axis',(-1.,0.,0.));
#18135=DIRECTION('ref_axis',(0.,-1.,0.));
#18136=DIRECTION('',(0.,-1.,0.));
#18137=DIRECTION('',(0.,-1.,0.));
#18138=DIRECTION('center_axis',(0.,0.,1.));
#18139=DIRECTION('ref_axis',(1.,0.,0.));
#18140=DIRECTION('center_axis',(0.,0.,1.));
#18141=DIRECTION('ref_axis',(1.,0.,0.));
#18142=DIRECTION('center_axis',(0.,1.,0.));
#18143=DIRECTION('ref_axis',(-1.,0.,0.));
#18144=DIRECTION('',(-1.,0.,0.));
#18145=DIRECTION('',(0.,0.,1.));
#18146=DIRECTION('',(-1.,0.,0.));
#18147=DIRECTION('',(0.,0.,1.));
#18148=DIRECTION('center_axis',(1.,0.,0.));
#18149=DIRECTION('ref_axis',(0.,1.,0.));
#18150=DIRECTION('',(0.,1.,0.));
#18151=DIRECTION('',(0.,1.,0.));
#18152=DIRECTION('',(0.,0.,1.));
#18153=DIRECTION('center_axis',(0.,-1.,0.));
#18154=DIRECTION('ref_axis',(1.,0.,0.));
#18155=DIRECTION('',(1.,0.,0.));
#18156=DIRECTION('',(1.,0.,0.));
#18157=DIRECTION('',(0.,0.,1.));
#18158=DIRECTION('center_axis',(-1.,0.,0.));
#18159=DIRECTION('ref_axis',(0.,-1.,0.));
#18160=DIRECTION('',(0.,-1.,0.));
#18161=DIRECTION('',(0.,-1.,0.));
#18162=DIRECTION('center_axis',(0.,0.,1.));
#18163=DIRECTION('ref_axis',(1.,0.,0.));
#18164=DIRECTION('center_axis',(0.,0.,1.));
#18165=DIRECTION('ref_axis',(1.,0.,0.));
#18166=DIRECTION('center_axis',(0.,1.,0.));
#18167=DIRECTION('ref_axis',(-1.,0.,0.));
#18168=DIRECTION('',(-1.,0.,0.));
#18169=DIRECTION('',(0.,0.,1.));
#18170=DIRECTION('',(-1.,0.,0.));
#18171=DIRECTION('',(0.,0.,1.));
#18172=DIRECTION('center_axis',(1.,0.,0.));
#18173=DIRECTION('ref_axis',(0.,1.,0.));
#18174=DIRECTION('',(0.,1.,0.));
#18175=DIRECTION('',(0.,1.,0.));
#18176=DIRECTION('',(0.,0.,1.));
#18177=DIRECTION('center_axis',(0.,-1.,0.));
#18178=DIRECTION('ref_axis',(1.,0.,0.));
#18179=DIRECTION('',(1.,0.,0.));
#18180=DIRECTION('',(1.,0.,0.));
#18181=DIRECTION('',(0.,0.,1.));
#18182=DIRECTION('center_axis',(-1.,0.,0.));
#18183=DIRECTION('ref_axis',(0.,-1.,0.));
#18184=DIRECTION('',(0.,-1.,0.));
#18185=DIRECTION('',(0.,-1.,0.));
#18186=DIRECTION('center_axis',(0.,0.,1.));
#18187=DIRECTION('ref_axis',(1.,0.,0.));
#18188=DIRECTION('center_axis',(0.,0.,1.));
#18189=DIRECTION('ref_axis',(1.,0.,0.));
#18190=DIRECTION('center_axis',(0.,1.,0.));
#18191=DIRECTION('ref_axis',(-1.,0.,0.));
#18192=DIRECTION('',(-1.,0.,0.));
#18193=DIRECTION('',(0.,0.,1.));
#18194=DIRECTION('',(-1.,0.,0.));
#18195=DIRECTION('',(0.,0.,1.));
#18196=DIRECTION('center_axis',(1.,0.,0.));
#18197=DIRECTION('ref_axis',(0.,1.,0.));
#18198=DIRECTION('',(0.,1.,0.));
#18199=DIRECTION('',(0.,1.,0.));
#18200=DIRECTION('',(0.,0.,1.));
#18201=DIRECTION('center_axis',(0.,-1.,0.));
#18202=DIRECTION('ref_axis',(1.,0.,0.));
#18203=DIRECTION('',(1.,0.,0.));
#18204=DIRECTION('',(1.,0.,0.));
#18205=DIRECTION('',(0.,0.,1.));
#18206=DIRECTION('center_axis',(-1.,0.,0.));
#18207=DIRECTION('ref_axis',(0.,-1.,0.));
#18208=DIRECTION('',(0.,-1.,0.));
#18209=DIRECTION('',(0.,-1.,0.));
#18210=DIRECTION('center_axis',(0.,0.,1.));
#18211=DIRECTION('ref_axis',(1.,0.,0.));
#18212=DIRECTION('center_axis',(0.,0.,1.));
#18213=DIRECTION('ref_axis',(1.,0.,0.));
#18214=DIRECTION('center_axis',(0.,1.,0.));
#18215=DIRECTION('ref_axis',(-1.,0.,0.));
#18216=DIRECTION('',(-1.,0.,0.));
#18217=DIRECTION('',(0.,0.,1.));
#18218=DIRECTION('',(-1.,0.,0.));
#18219=DIRECTION('',(0.,0.,1.));
#18220=DIRECTION('center_axis',(1.,0.,0.));
#18221=DIRECTION('ref_axis',(0.,1.,0.));
#18222=DIRECTION('',(0.,1.,0.));
#18223=DIRECTION('',(0.,1.,0.));
#18224=DIRECTION('',(0.,0.,1.));
#18225=DIRECTION('center_axis',(0.,-1.,0.));
#18226=DIRECTION('ref_axis',(1.,0.,0.));
#18227=DIRECTION('',(1.,0.,0.));
#18228=DIRECTION('',(1.,0.,0.));
#18229=DIRECTION('',(0.,0.,1.));
#18230=DIRECTION('center_axis',(-1.,0.,0.));
#18231=DIRECTION('ref_axis',(0.,-1.,0.));
#18232=DIRECTION('',(0.,-1.,0.));
#18233=DIRECTION('',(0.,-1.,0.));
#18234=DIRECTION('center_axis',(0.,0.,1.));
#18235=DIRECTION('ref_axis',(1.,0.,0.));
#18236=DIRECTION('center_axis',(0.,0.,1.));
#18237=DIRECTION('ref_axis',(1.,0.,0.));
#18238=DIRECTION('center_axis',(0.,1.,0.));
#18239=DIRECTION('ref_axis',(-1.,0.,0.));
#18240=DIRECTION('',(-1.,0.,0.));
#18241=DIRECTION('',(0.,0.,1.));
#18242=DIRECTION('',(-1.,0.,0.));
#18243=DIRECTION('',(0.,0.,1.));
#18244=DIRECTION('center_axis',(1.,0.,0.));
#18245=DIRECTION('ref_axis',(0.,1.,0.));
#18246=DIRECTION('',(0.,1.,0.));
#18247=DIRECTION('',(0.,1.,0.));
#18248=DIRECTION('',(0.,0.,1.));
#18249=DIRECTION('center_axis',(0.,-1.,0.));
#18250=DIRECTION('ref_axis',(1.,0.,0.));
#18251=DIRECTION('',(1.,0.,0.));
#18252=DIRECTION('',(1.,0.,0.));
#18253=DIRECTION('',(0.,0.,1.));
#18254=DIRECTION('center_axis',(-1.,0.,0.));
#18255=DIRECTION('ref_axis',(0.,-1.,0.));
#18256=DIRECTION('',(0.,-1.,0.));
#18257=DIRECTION('',(0.,-1.,0.));
#18258=DIRECTION('center_axis',(0.,0.,1.));
#18259=DIRECTION('ref_axis',(1.,0.,0.));
#18260=DIRECTION('center_axis',(0.,0.,1.));
#18261=DIRECTION('ref_axis',(1.,0.,0.));
#18262=DIRECTION('center_axis',(0.,1.,0.));
#18263=DIRECTION('ref_axis',(-1.,0.,0.));
#18264=DIRECTION('',(-1.,0.,0.));
#18265=DIRECTION('',(0.,0.,1.));
#18266=DIRECTION('',(-1.,0.,0.));
#18267=DIRECTION('',(0.,0.,1.));
#18268=DIRECTION('center_axis',(1.,0.,0.));
#18269=DIRECTION('ref_axis',(0.,1.,0.));
#18270=DIRECTION('',(0.,1.,0.));
#18271=DIRECTION('',(0.,1.,0.));
#18272=DIRECTION('',(0.,0.,1.));
#18273=DIRECTION('center_axis',(0.,-1.,0.));
#18274=DIRECTION('ref_axis',(1.,0.,0.));
#18275=DIRECTION('',(1.,0.,0.));
#18276=DIRECTION('',(1.,0.,0.));
#18277=DIRECTION('',(0.,0.,1.));
#18278=DIRECTION('center_axis',(-1.,0.,0.));
#18279=DIRECTION('ref_axis',(0.,-1.,0.));
#18280=DIRECTION('',(0.,-1.,0.));
#18281=DIRECTION('',(0.,-1.,0.));
#18282=DIRECTION('center_axis',(0.,0.,1.));
#18283=DIRECTION('ref_axis',(1.,0.,0.));
#18284=DIRECTION('center_axis',(0.,0.,1.));
#18285=DIRECTION('ref_axis',(1.,0.,0.));
#18286=DIRECTION('center_axis',(0.,1.,0.));
#18287=DIRECTION('ref_axis',(-1.,0.,0.));
#18288=DIRECTION('',(-1.,0.,0.));
#18289=DIRECTION('',(0.,0.,1.));
#18290=DIRECTION('',(-1.,0.,0.));
#18291=DIRECTION('',(0.,0.,1.));
#18292=DIRECTION('center_axis',(1.,0.,0.));
#18293=DIRECTION('ref_axis',(0.,1.,0.));
#18294=DIRECTION('',(0.,1.,0.));
#18295=DIRECTION('',(0.,1.,0.));
#18296=DIRECTION('',(0.,0.,1.));
#18297=DIRECTION('center_axis',(0.,-1.,0.));
#18298=DIRECTION('ref_axis',(1.,0.,0.));
#18299=DIRECTION('',(1.,0.,0.));
#18300=DIRECTION('',(1.,0.,0.));
#18301=DIRECTION('',(0.,0.,1.));
#18302=DIRECTION('center_axis',(-1.,0.,0.));
#18303=DIRECTION('ref_axis',(0.,-1.,0.));
#18304=DIRECTION('',(0.,-1.,0.));
#18305=DIRECTION('',(0.,-1.,0.));
#18306=DIRECTION('center_axis',(0.,0.,1.));
#18307=DIRECTION('ref_axis',(1.,0.,0.));
#18308=DIRECTION('center_axis',(0.,0.,1.));
#18309=DIRECTION('ref_axis',(1.,0.,0.));
#18310=DIRECTION('center_axis',(0.,1.,0.));
#18311=DIRECTION('ref_axis',(-1.,0.,0.));
#18312=DIRECTION('',(-1.,0.,0.));
#18313=DIRECTION('',(0.,0.,1.));
#18314=DIRECTION('',(-1.,0.,0.));
#18315=DIRECTION('',(0.,0.,1.));
#18316=DIRECTION('center_axis',(1.,0.,0.));
#18317=DIRECTION('ref_axis',(0.,1.,0.));
#18318=DIRECTION('',(0.,1.,0.));
#18319=DIRECTION('',(0.,1.,0.));
#18320=DIRECTION('',(0.,0.,1.));
#18321=DIRECTION('center_axis',(0.,-1.,0.));
#18322=DIRECTION('ref_axis',(1.,0.,0.));
#18323=DIRECTION('',(1.,0.,0.));
#18324=DIRECTION('',(1.,0.,0.));
#18325=DIRECTION('',(0.,0.,1.));
#18326=DIRECTION('center_axis',(-1.,0.,0.));
#18327=DIRECTION('ref_axis',(0.,-1.,0.));
#18328=DIRECTION('',(0.,-1.,0.));
#18329=DIRECTION('',(0.,-1.,0.));
#18330=DIRECTION('center_axis',(0.,0.,1.));
#18331=DIRECTION('ref_axis',(1.,0.,0.));
#18332=DIRECTION('center_axis',(0.,0.,1.));
#18333=DIRECTION('ref_axis',(1.,0.,0.));
#18334=DIRECTION('center_axis',(0.,1.,0.));
#18335=DIRECTION('ref_axis',(-1.,0.,0.));
#18336=DIRECTION('',(-1.,0.,0.));
#18337=DIRECTION('',(0.,0.,1.));
#18338=DIRECTION('',(-1.,0.,0.));
#18339=DIRECTION('',(0.,0.,1.));
#18340=DIRECTION('center_axis',(1.,0.,0.));
#18341=DIRECTION('ref_axis',(0.,1.,0.));
#18342=DIRECTION('',(0.,1.,0.));
#18343=DIRECTION('',(0.,1.,0.));
#18344=DIRECTION('',(0.,0.,1.));
#18345=DIRECTION('center_axis',(0.,-1.,0.));
#18346=DIRECTION('ref_axis',(1.,0.,0.));
#18347=DIRECTION('',(1.,0.,0.));
#18348=DIRECTION('',(1.,0.,0.));
#18349=DIRECTION('',(0.,0.,1.));
#18350=DIRECTION('center_axis',(-1.,0.,0.));
#18351=DIRECTION('ref_axis',(0.,-1.,0.));
#18352=DIRECTION('',(0.,-1.,0.));
#18353=DIRECTION('',(0.,-1.,0.));
#18354=DIRECTION('center_axis',(0.,0.,1.));
#18355=DIRECTION('ref_axis',(1.,0.,0.));
#18356=DIRECTION('center_axis',(0.,0.,1.));
#18357=DIRECTION('ref_axis',(1.,0.,0.));
#18358=DIRECTION('center_axis',(0.,1.,0.));
#18359=DIRECTION('ref_axis',(-1.,0.,0.));
#18360=DIRECTION('',(-1.,0.,0.));
#18361=DIRECTION('',(0.,0.,1.));
#18362=DIRECTION('',(-1.,0.,0.));
#18363=DIRECTION('',(0.,0.,1.));
#18364=DIRECTION('center_axis',(1.,0.,0.));
#18365=DIRECTION('ref_axis',(0.,1.,0.));
#18366=DIRECTION('',(0.,1.,0.));
#18367=DIRECTION('',(0.,1.,0.));
#18368=DIRECTION('',(0.,0.,1.));
#18369=DIRECTION('center_axis',(0.,-1.,0.));
#18370=DIRECTION('ref_axis',(1.,0.,0.));
#18371=DIRECTION('',(1.,0.,0.));
#18372=DIRECTION('',(1.,0.,0.));
#18373=DIRECTION('',(0.,0.,1.));
#18374=DIRECTION('center_axis',(-1.,0.,0.));
#18375=DIRECTION('ref_axis',(0.,-1.,0.));
#18376=DIRECTION('',(0.,-1.,0.));
#18377=DIRECTION('',(0.,-1.,0.));
#18378=DIRECTION('center_axis',(0.,0.,1.));
#18379=DIRECTION('ref_axis',(1.,0.,0.));
#18380=DIRECTION('center_axis',(0.,0.,1.));
#18381=DIRECTION('ref_axis',(1.,0.,0.));
#18382=DIRECTION('center_axis',(0.,1.,0.));
#18383=DIRECTION('ref_axis',(-1.,0.,0.));
#18384=DIRECTION('',(-1.,0.,0.));
#18385=DIRECTION('',(0.,0.,1.));
#18386=DIRECTION('',(-1.,0.,0.));
#18387=DIRECTION('',(0.,0.,1.));
#18388=DIRECTION('center_axis',(1.,0.,0.));
#18389=DIRECTION('ref_axis',(0.,1.,0.));
#18390=DIRECTION('',(0.,1.,0.));
#18391=DIRECTION('',(0.,1.,0.));
#18392=DIRECTION('',(0.,0.,1.));
#18393=DIRECTION('center_axis',(0.,-1.,0.));
#18394=DIRECTION('ref_axis',(1.,0.,0.));
#18395=DIRECTION('',(1.,0.,0.));
#18396=DIRECTION('',(1.,0.,0.));
#18397=DIRECTION('',(0.,0.,1.));
#18398=DIRECTION('center_axis',(-1.,0.,0.));
#18399=DIRECTION('ref_axis',(0.,-1.,0.));
#18400=DIRECTION('',(0.,-1.,0.));
#18401=DIRECTION('',(0.,-1.,0.));
#18402=DIRECTION('center_axis',(0.,0.,1.));
#18403=DIRECTION('ref_axis',(1.,0.,0.));
#18404=DIRECTION('center_axis',(0.,0.,1.));
#18405=DIRECTION('ref_axis',(1.,0.,0.));
#18406=DIRECTION('center_axis',(0.,1.,0.));
#18407=DIRECTION('ref_axis',(-1.,0.,0.));
#18408=DIRECTION('',(-1.,0.,0.));
#18409=DIRECTION('',(0.,0.,1.));
#18410=DIRECTION('',(-1.,0.,0.));
#18411=DIRECTION('',(0.,0.,1.));
#18412=DIRECTION('center_axis',(1.,0.,0.));
#18413=DIRECTION('ref_axis',(0.,1.,0.));
#18414=DIRECTION('',(0.,1.,0.));
#18415=DIRECTION('',(0.,1.,0.));
#18416=DIRECTION('',(0.,0.,1.));
#18417=DIRECTION('center_axis',(0.,-1.,0.));
#18418=DIRECTION('ref_axis',(1.,0.,0.));
#18419=DIRECTION('',(1.,0.,0.));
#18420=DIRECTION('',(1.,0.,0.));
#18421=DIRECTION('',(0.,0.,1.));
#18422=DIRECTION('center_axis',(-1.,0.,0.));
#18423=DIRECTION('ref_axis',(0.,-1.,0.));
#18424=DIRECTION('',(0.,-1.,0.));
#18425=DIRECTION('',(0.,-1.,0.));
#18426=DIRECTION('center_axis',(0.,0.,1.));
#18427=DIRECTION('ref_axis',(1.,0.,0.));
#18428=DIRECTION('center_axis',(0.,0.,1.));
#18429=DIRECTION('ref_axis',(1.,0.,0.));
#18430=DIRECTION('center_axis',(0.,1.,0.));
#18431=DIRECTION('ref_axis',(-1.,0.,0.));
#18432=DIRECTION('',(-1.,0.,0.));
#18433=DIRECTION('',(0.,0.,1.));
#18434=DIRECTION('',(-1.,0.,0.));
#18435=DIRECTION('',(0.,0.,1.));
#18436=DIRECTION('center_axis',(1.,0.,0.));
#18437=DIRECTION('ref_axis',(0.,1.,0.));
#18438=DIRECTION('',(0.,1.,0.));
#18439=DIRECTION('',(0.,1.,0.));
#18440=DIRECTION('',(0.,0.,1.));
#18441=DIRECTION('center_axis',(0.,-1.,0.));
#18442=DIRECTION('ref_axis',(1.,0.,0.));
#18443=DIRECTION('',(1.,0.,0.));
#18444=DIRECTION('',(1.,0.,0.));
#18445=DIRECTION('',(0.,0.,1.));
#18446=DIRECTION('center_axis',(-1.,0.,0.));
#18447=DIRECTION('ref_axis',(0.,-1.,0.));
#18448=DIRECTION('',(0.,-1.,0.));
#18449=DIRECTION('',(0.,-1.,0.));
#18450=DIRECTION('center_axis',(0.,0.,1.));
#18451=DIRECTION('ref_axis',(1.,0.,0.));
#18452=DIRECTION('center_axis',(0.,0.,1.));
#18453=DIRECTION('ref_axis',(1.,0.,0.));
#18454=DIRECTION('center_axis',(0.,1.,0.));
#18455=DIRECTION('ref_axis',(-1.,0.,0.));
#18456=DIRECTION('',(-1.,0.,0.));
#18457=DIRECTION('',(0.,0.,1.));
#18458=DIRECTION('',(-1.,0.,0.));
#18459=DIRECTION('',(0.,0.,1.));
#18460=DIRECTION('center_axis',(1.,0.,0.));
#18461=DIRECTION('ref_axis',(0.,1.,0.));
#18462=DIRECTION('',(0.,1.,0.));
#18463=DIRECTION('',(0.,1.,0.));
#18464=DIRECTION('',(0.,0.,1.));
#18465=DIRECTION('center_axis',(0.,-1.,0.));
#18466=DIRECTION('ref_axis',(1.,0.,0.));
#18467=DIRECTION('',(1.,0.,0.));
#18468=DIRECTION('',(1.,0.,0.));
#18469=DIRECTION('',(0.,0.,1.));
#18470=DIRECTION('center_axis',(-1.,0.,0.));
#18471=DIRECTION('ref_axis',(0.,-1.,0.));
#18472=DIRECTION('',(0.,-1.,0.));
#18473=DIRECTION('',(0.,-1.,0.));
#18474=DIRECTION('center_axis',(0.,0.,1.));
#18475=DIRECTION('ref_axis',(1.,0.,0.));
#18476=DIRECTION('center_axis',(0.,0.,1.));
#18477=DIRECTION('ref_axis',(1.,0.,0.));
#18478=DIRECTION('center_axis',(0.,1.,0.));
#18479=DIRECTION('ref_axis',(-1.,0.,0.));
#18480=DIRECTION('',(-1.,0.,0.));
#18481=DIRECTION('',(0.,0.,1.));
#18482=DIRECTION('',(-1.,0.,0.));
#18483=DIRECTION('',(0.,0.,1.));
#18484=DIRECTION('center_axis',(1.,0.,0.));
#18485=DIRECTION('ref_axis',(0.,1.,0.));
#18486=DIRECTION('',(0.,1.,0.));
#18487=DIRECTION('',(0.,1.,0.));
#18488=DIRECTION('',(0.,0.,1.));
#18489=DIRECTION('center_axis',(0.,-1.,0.));
#18490=DIRECTION('ref_axis',(1.,0.,0.));
#18491=DIRECTION('',(1.,0.,0.));
#18492=DIRECTION('',(1.,0.,0.));
#18493=DIRECTION('',(0.,0.,1.));
#18494=DIRECTION('center_axis',(-1.,0.,0.));
#18495=DIRECTION('ref_axis',(0.,-1.,0.));
#18496=DIRECTION('',(0.,-1.,0.));
#18497=DIRECTION('',(0.,-1.,0.));
#18498=DIRECTION('center_axis',(0.,0.,1.));
#18499=DIRECTION('ref_axis',(1.,0.,0.));
#18500=DIRECTION('center_axis',(0.,0.,1.));
#18501=DIRECTION('ref_axis',(1.,0.,0.));
#18502=DIRECTION('center_axis',(0.,1.,0.));
#18503=DIRECTION('ref_axis',(-1.,0.,0.));
#18504=DIRECTION('',(-1.,0.,0.));
#18505=DIRECTION('',(0.,0.,1.));
#18506=DIRECTION('',(-1.,0.,0.));
#18507=DIRECTION('',(0.,0.,1.));
#18508=DIRECTION('center_axis',(1.,0.,0.));
#18509=DIRECTION('ref_axis',(0.,1.,0.));
#18510=DIRECTION('',(0.,1.,0.));
#18511=DIRECTION('',(0.,1.,0.));
#18512=DIRECTION('',(0.,0.,1.));
#18513=DIRECTION('center_axis',(0.,-1.,0.));
#18514=DIRECTION('ref_axis',(1.,0.,0.));
#18515=DIRECTION('',(1.,0.,0.));
#18516=DIRECTION('',(1.,0.,0.));
#18517=DIRECTION('',(0.,0.,1.));
#18518=DIRECTION('center_axis',(-1.,0.,0.));
#18519=DIRECTION('ref_axis',(0.,-1.,0.));
#18520=DIRECTION('',(0.,-1.,0.));
#18521=DIRECTION('',(0.,-1.,0.));
#18522=DIRECTION('center_axis',(0.,0.,1.));
#18523=DIRECTION('ref_axis',(1.,0.,0.));
#18524=DIRECTION('center_axis',(0.,0.,1.));
#18525=DIRECTION('ref_axis',(1.,0.,0.));
#18526=DIRECTION('center_axis',(0.,1.,0.));
#18527=DIRECTION('ref_axis',(-1.,0.,0.));
#18528=DIRECTION('',(-1.,0.,0.));
#18529=DIRECTION('',(0.,0.,1.));
#18530=DIRECTION('',(-1.,0.,0.));
#18531=DIRECTION('',(0.,0.,1.));
#18532=DIRECTION('center_axis',(1.,0.,0.));
#18533=DIRECTION('ref_axis',(0.,1.,0.));
#18534=DIRECTION('',(0.,1.,0.));
#18535=DIRECTION('',(0.,1.,0.));
#18536=DIRECTION('',(0.,0.,1.));
#18537=DIRECTION('center_axis',(0.,-1.,0.));
#18538=DIRECTION('ref_axis',(1.,0.,0.));
#18539=DIRECTION('',(1.,0.,0.));
#18540=DIRECTION('',(1.,0.,0.));
#18541=DIRECTION('',(0.,0.,1.));
#18542=DIRECTION('center_axis',(-1.,0.,0.));
#18543=DIRECTION('ref_axis',(0.,-1.,0.));
#18544=DIRECTION('',(0.,-1.,0.));
#18545=DIRECTION('',(0.,-1.,0.));
#18546=DIRECTION('center_axis',(0.,0.,1.));
#18547=DIRECTION('ref_axis',(1.,0.,0.));
#18548=DIRECTION('center_axis',(0.,0.,1.));
#18549=DIRECTION('ref_axis',(1.,0.,0.));
#18550=DIRECTION('center_axis',(0.,1.,0.));
#18551=DIRECTION('ref_axis',(-1.,0.,0.));
#18552=DIRECTION('',(-1.,0.,0.));
#18553=DIRECTION('',(0.,0.,1.));
#18554=DIRECTION('',(-1.,0.,0.));
#18555=DIRECTION('',(0.,0.,1.));
#18556=DIRECTION('center_axis',(1.,0.,0.));
#18557=DIRECTION('ref_axis',(0.,1.,0.));
#18558=DIRECTION('',(0.,1.,0.));
#18559=DIRECTION('',(0.,1.,0.));
#18560=DIRECTION('',(0.,0.,1.));
#18561=DIRECTION('center_axis',(0.,-1.,0.));
#18562=DIRECTION('ref_axis',(1.,0.,0.));
#18563=DIRECTION('',(1.,0.,0.));
#18564=DIRECTION('',(1.,0.,0.));
#18565=DIRECTION('',(0.,0.,1.));
#18566=DIRECTION('center_axis',(-1.,0.,0.));
#18567=DIRECTION('ref_axis',(0.,-1.,0.));
#18568=DIRECTION('',(0.,-1.,0.));
#18569=DIRECTION('',(0.,-1.,0.));
#18570=DIRECTION('center_axis',(0.,0.,1.));
#18571=DIRECTION('ref_axis',(1.,0.,0.));
#18572=DIRECTION('center_axis',(0.,0.,1.));
#18573=DIRECTION('ref_axis',(1.,0.,0.));
#18574=DIRECTION('center_axis',(0.,1.,0.));
#18575=DIRECTION('ref_axis',(-1.,0.,0.));
#18576=DIRECTION('',(-1.,0.,0.));
#18577=DIRECTION('',(0.,0.,1.));
#18578=DIRECTION('',(-1.,0.,0.));
#18579=DIRECTION('',(0.,0.,1.));
#18580=DIRECTION('center_axis',(1.,0.,0.));
#18581=DIRECTION('ref_axis',(0.,1.,0.));
#18582=DIRECTION('',(0.,1.,0.));
#18583=DIRECTION('',(0.,1.,0.));
#18584=DIRECTION('',(0.,0.,1.));
#18585=DIRECTION('center_axis',(0.,-1.,0.));
#18586=DIRECTION('ref_axis',(1.,0.,0.));
#18587=DIRECTION('',(1.,0.,0.));
#18588=DIRECTION('',(1.,0.,0.));
#18589=DIRECTION('',(0.,0.,1.));
#18590=DIRECTION('center_axis',(-1.,0.,0.));
#18591=DIRECTION('ref_axis',(0.,-1.,0.));
#18592=DIRECTION('',(0.,-1.,0.));
#18593=DIRECTION('',(0.,-1.,0.));
#18594=DIRECTION('center_axis',(0.,0.,1.));
#18595=DIRECTION('ref_axis',(1.,0.,0.));
#18596=DIRECTION('center_axis',(0.,0.,1.));
#18597=DIRECTION('ref_axis',(1.,0.,0.));
#18598=DIRECTION('center_axis',(0.,1.,0.));
#18599=DIRECTION('ref_axis',(-1.,0.,0.));
#18600=DIRECTION('',(-1.,0.,0.));
#18601=DIRECTION('',(0.,0.,1.));
#18602=DIRECTION('',(-1.,0.,0.));
#18603=DIRECTION('',(0.,0.,1.));
#18604=DIRECTION('center_axis',(1.,0.,0.));
#18605=DIRECTION('ref_axis',(0.,1.,0.));
#18606=DIRECTION('',(0.,1.,0.));
#18607=DIRECTION('',(0.,1.,0.));
#18608=DIRECTION('',(0.,0.,1.));
#18609=DIRECTION('center_axis',(0.,-1.,0.));
#18610=DIRECTION('ref_axis',(1.,0.,0.));
#18611=DIRECTION('',(1.,0.,0.));
#18612=DIRECTION('',(1.,0.,0.));
#18613=DIRECTION('',(0.,0.,1.));
#18614=DIRECTION('center_axis',(-1.,0.,0.));
#18615=DIRECTION('ref_axis',(0.,-1.,0.));
#18616=DIRECTION('',(0.,-1.,0.));
#18617=DIRECTION('',(0.,-1.,0.));
#18618=DIRECTION('center_axis',(0.,0.,1.));
#18619=DIRECTION('ref_axis',(1.,0.,0.));
#18620=DIRECTION('center_axis',(0.,0.,1.));
#18621=DIRECTION('ref_axis',(1.,0.,0.));
#18622=DIRECTION('center_axis',(0.,1.,0.));
#18623=DIRECTION('ref_axis',(-1.,0.,0.));
#18624=DIRECTION('',(-1.,0.,0.));
#18625=DIRECTION('',(0.,0.,1.));
#18626=DIRECTION('',(-1.,0.,0.));
#18627=DIRECTION('',(0.,0.,1.));
#18628=DIRECTION('center_axis',(1.,0.,0.));
#18629=DIRECTION('ref_axis',(0.,1.,0.));
#18630=DIRECTION('',(0.,1.,0.));
#18631=DIRECTION('',(0.,1.,0.));
#18632=DIRECTION('',(0.,0.,1.));
#18633=DIRECTION('center_axis',(0.,-1.,0.));
#18634=DIRECTION('ref_axis',(1.,0.,0.));
#18635=DIRECTION('',(1.,0.,0.));
#18636=DIRECTION('',(1.,0.,0.));
#18637=DIRECTION('',(0.,0.,1.));
#18638=DIRECTION('center_axis',(-1.,0.,0.));
#18639=DIRECTION('ref_axis',(0.,-1.,0.));
#18640=DIRECTION('',(0.,-1.,0.));
#18641=DIRECTION('',(0.,-1.,0.));
#18642=DIRECTION('center_axis',(0.,0.,1.));
#18643=DIRECTION('ref_axis',(1.,0.,0.));
#18644=DIRECTION('center_axis',(0.,0.,1.));
#18645=DIRECTION('ref_axis',(1.,0.,0.));
#18646=DIRECTION('center_axis',(0.,1.,0.));
#18647=DIRECTION('ref_axis',(-1.,0.,0.));
#18648=DIRECTION('',(-1.,0.,0.));
#18649=DIRECTION('',(0.,0.,1.));
#18650=DIRECTION('',(-1.,0.,0.));
#18651=DIRECTION('',(0.,0.,1.));
#18652=DIRECTION('center_axis',(1.,0.,0.));
#18653=DIRECTION('ref_axis',(0.,1.,0.));
#18654=DIRECTION('',(0.,1.,0.));
#18655=DIRECTION('',(0.,1.,0.));
#18656=DIRECTION('',(0.,0.,1.));
#18657=DIRECTION('center_axis',(0.,-1.,0.));
#18658=DIRECTION('ref_axis',(1.,0.,0.));
#18659=DIRECTION('',(1.,0.,0.));
#18660=DIRECTION('',(1.,0.,0.));
#18661=DIRECTION('',(0.,0.,1.));
#18662=DIRECTION('center_axis',(-1.,0.,0.));
#18663=DIRECTION('ref_axis',(0.,-1.,0.));
#18664=DIRECTION('',(0.,-1.,0.));
#18665=DIRECTION('',(0.,-1.,0.));
#18666=DIRECTION('center_axis',(0.,0.,1.));
#18667=DIRECTION('ref_axis',(1.,0.,0.));
#18668=DIRECTION('center_axis',(0.,0.,1.));
#18669=DIRECTION('ref_axis',(1.,0.,0.));
#18670=DIRECTION('center_axis',(0.,1.,0.));
#18671=DIRECTION('ref_axis',(-1.,0.,0.));
#18672=DIRECTION('',(-1.,0.,0.));
#18673=DIRECTION('',(0.,0.,1.));
#18674=DIRECTION('',(-1.,0.,0.));
#18675=DIRECTION('',(0.,0.,1.));
#18676=DIRECTION('center_axis',(1.,0.,0.));
#18677=DIRECTION('ref_axis',(0.,1.,0.));
#18678=DIRECTION('',(0.,1.,0.));
#18679=DIRECTION('',(0.,1.,0.));
#18680=DIRECTION('',(0.,0.,1.));
#18681=DIRECTION('center_axis',(0.,-1.,0.));
#18682=DIRECTION('ref_axis',(1.,0.,0.));
#18683=DIRECTION('',(1.,0.,0.));
#18684=DIRECTION('',(1.,0.,0.));
#18685=DIRECTION('',(0.,0.,1.));
#18686=DIRECTION('center_axis',(-1.,0.,0.));
#18687=DIRECTION('ref_axis',(0.,-1.,0.));
#18688=DIRECTION('',(0.,-1.,0.));
#18689=DIRECTION('',(0.,-1.,0.));
#18690=DIRECTION('center_axis',(0.,0.,1.));
#18691=DIRECTION('ref_axis',(1.,0.,0.));
#18692=DIRECTION('center_axis',(0.,0.,1.));
#18693=DIRECTION('ref_axis',(1.,0.,0.));
#18694=DIRECTION('center_axis',(0.,1.,0.));
#18695=DIRECTION('ref_axis',(-1.,0.,0.));
#18696=DIRECTION('',(-1.,0.,0.));
#18697=DIRECTION('',(0.,0.,1.));
#18698=DIRECTION('',(-1.,0.,0.));
#18699=DIRECTION('',(0.,0.,1.));
#18700=DIRECTION('center_axis',(1.,0.,0.));
#18701=DIRECTION('ref_axis',(0.,1.,0.));
#18702=DIRECTION('',(0.,1.,0.));
#18703=DIRECTION('',(0.,1.,0.));
#18704=DIRECTION('',(0.,0.,1.));
#18705=DIRECTION('center_axis',(0.,-1.,0.));
#18706=DIRECTION('ref_axis',(1.,0.,0.));
#18707=DIRECTION('',(1.,0.,0.));
#18708=DIRECTION('',(1.,0.,0.));
#18709=DIRECTION('',(0.,0.,1.));
#18710=DIRECTION('center_axis',(-1.,0.,0.));
#18711=DIRECTION('ref_axis',(0.,-1.,0.));
#18712=DIRECTION('',(0.,-1.,0.));
#18713=DIRECTION('',(0.,-1.,0.));
#18714=DIRECTION('center_axis',(0.,0.,1.));
#18715=DIRECTION('ref_axis',(1.,0.,0.));
#18716=DIRECTION('center_axis',(0.,0.,1.));
#18717=DIRECTION('ref_axis',(1.,0.,0.));
#18718=DIRECTION('center_axis',(0.,1.,0.));
#18719=DIRECTION('ref_axis',(-1.,0.,0.));
#18720=DIRECTION('',(-1.,0.,0.));
#18721=DIRECTION('',(0.,0.,1.));
#18722=DIRECTION('',(-1.,0.,0.));
#18723=DIRECTION('',(0.,0.,1.));
#18724=DIRECTION('center_axis',(1.,0.,0.));
#18725=DIRECTION('ref_axis',(0.,1.,0.));
#18726=DIRECTION('',(0.,1.,0.));
#18727=DIRECTION('',(0.,1.,0.));
#18728=DIRECTION('',(0.,0.,1.));
#18729=DIRECTION('center_axis',(0.,-1.,0.));
#18730=DIRECTION('ref_axis',(1.,0.,0.));
#18731=DIRECTION('',(1.,0.,0.));
#18732=DIRECTION('',(1.,0.,0.));
#18733=DIRECTION('',(0.,0.,1.));
#18734=DIRECTION('center_axis',(-1.,0.,0.));
#18735=DIRECTION('ref_axis',(0.,-1.,0.));
#18736=DIRECTION('',(0.,-1.,0.));
#18737=DIRECTION('',(0.,-1.,0.));
#18738=DIRECTION('center_axis',(0.,0.,1.));
#18739=DIRECTION('ref_axis',(1.,0.,0.));
#18740=DIRECTION('center_axis',(0.,0.,1.));
#18741=DIRECTION('ref_axis',(1.,0.,0.));
#18742=DIRECTION('center_axis',(0.,1.,0.));
#18743=DIRECTION('ref_axis',(-1.,0.,0.));
#18744=DIRECTION('',(-1.,0.,0.));
#18745=DIRECTION('',(0.,0.,1.));
#18746=DIRECTION('',(-1.,0.,0.));
#18747=DIRECTION('',(0.,0.,1.));
#18748=DIRECTION('center_axis',(1.,0.,0.));
#18749=DIRECTION('ref_axis',(0.,1.,0.));
#18750=DIRECTION('',(0.,1.,0.));
#18751=DIRECTION('',(0.,1.,0.));
#18752=DIRECTION('',(0.,0.,1.));
#18753=DIRECTION('center_axis',(0.,-1.,0.));
#18754=DIRECTION('ref_axis',(1.,0.,0.));
#18755=DIRECTION('',(1.,0.,0.));
#18756=DIRECTION('',(1.,0.,0.));
#18757=DIRECTION('',(0.,0.,1.));
#18758=DIRECTION('center_axis',(-1.,0.,0.));
#18759=DIRECTION('ref_axis',(0.,-1.,0.));
#18760=DIRECTION('',(0.,-1.,0.));
#18761=DIRECTION('',(0.,-1.,0.));
#18762=DIRECTION('center_axis',(0.,0.,1.));
#18763=DIRECTION('ref_axis',(1.,0.,0.));
#18764=DIRECTION('center_axis',(0.,0.,1.));
#18765=DIRECTION('ref_axis',(1.,0.,0.));
#18766=DIRECTION('center_axis',(0.,1.,0.));
#18767=DIRECTION('ref_axis',(-1.,0.,0.));
#18768=DIRECTION('',(-1.,0.,0.));
#18769=DIRECTION('',(0.,0.,1.));
#18770=DIRECTION('',(-1.,0.,0.));
#18771=DIRECTION('',(0.,0.,1.));
#18772=DIRECTION('center_axis',(1.,0.,0.));
#18773=DIRECTION('ref_axis',(0.,1.,0.));
#18774=DIRECTION('',(0.,1.,0.));
#18775=DIRECTION('',(0.,1.,0.));
#18776=DIRECTION('',(0.,0.,1.));
#18777=DIRECTION('center_axis',(0.,-1.,0.));
#18778=DIRECTION('ref_axis',(1.,0.,0.));
#18779=DIRECTION('',(1.,0.,0.));
#18780=DIRECTION('',(1.,0.,0.));
#18781=DIRECTION('',(0.,0.,1.));
#18782=DIRECTION('center_axis',(-1.,0.,0.));
#18783=DIRECTION('ref_axis',(0.,-1.,0.));
#18784=DIRECTION('',(0.,-1.,0.));
#18785=DIRECTION('',(0.,-1.,0.));
#18786=DIRECTION('center_axis',(0.,0.,1.));
#18787=DIRECTION('ref_axis',(1.,0.,0.));
#18788=DIRECTION('center_axis',(0.,0.,1.));
#18789=DIRECTION('ref_axis',(1.,0.,0.));
#18790=DIRECTION('center_axis',(0.,1.,0.));
#18791=DIRECTION('ref_axis',(-1.,0.,0.));
#18792=DIRECTION('',(-1.,0.,0.));
#18793=DIRECTION('',(0.,0.,1.));
#18794=DIRECTION('',(-1.,0.,0.));
#18795=DIRECTION('',(0.,0.,1.));
#18796=DIRECTION('center_axis',(1.,0.,0.));
#18797=DIRECTION('ref_axis',(0.,1.,0.));
#18798=DIRECTION('',(0.,1.,0.));
#18799=DIRECTION('',(0.,1.,0.));
#18800=DIRECTION('',(0.,0.,1.));
#18801=DIRECTION('center_axis',(0.,-1.,0.));
#18802=DIRECTION('ref_axis',(1.,0.,0.));
#18803=DIRECTION('',(1.,0.,0.));
#18804=DIRECTION('',(1.,0.,0.));
#18805=DIRECTION('',(0.,0.,1.));
#18806=DIRECTION('center_axis',(-1.,0.,0.));
#18807=DIRECTION('ref_axis',(0.,-1.,0.));
#18808=DIRECTION('',(0.,-1.,0.));
#18809=DIRECTION('',(0.,-1.,0.));
#18810=DIRECTION('center_axis',(0.,0.,1.));
#18811=DIRECTION('ref_axis',(1.,0.,0.));
#18812=DIRECTION('center_axis',(0.,0.,1.));
#18813=DIRECTION('ref_axis',(1.,0.,0.));
#18814=DIRECTION('center_axis',(0.,1.,0.));
#18815=DIRECTION('ref_axis',(-1.,0.,0.));
#18816=DIRECTION('',(-1.,0.,0.));
#18817=DIRECTION('',(0.,0.,1.));
#18818=DIRECTION('',(-1.,0.,0.));
#18819=DIRECTION('',(0.,0.,1.));
#18820=DIRECTION('center_axis',(1.,0.,0.));
#18821=DIRECTION('ref_axis',(0.,1.,0.));
#18822=DIRECTION('',(0.,1.,0.));
#18823=DIRECTION('',(0.,1.,0.));
#18824=DIRECTION('',(0.,0.,1.));
#18825=DIRECTION('center_axis',(0.,-1.,0.));
#18826=DIRECTION('ref_axis',(1.,0.,0.));
#18827=DIRECTION('',(1.,0.,0.));
#18828=DIRECTION('',(1.,0.,0.));
#18829=DIRECTION('',(0.,0.,1.));
#18830=DIRECTION('center_axis',(-1.,0.,0.));
#18831=DIRECTION('ref_axis',(0.,-1.,0.));
#18832=DIRECTION('',(0.,-1.,0.));
#18833=DIRECTION('',(0.,-1.,0.));
#18834=DIRECTION('center_axis',(0.,0.,1.));
#18835=DIRECTION('ref_axis',(1.,0.,0.));
#18836=DIRECTION('center_axis',(0.,0.,1.));
#18837=DIRECTION('ref_axis',(1.,0.,0.));
#18838=DIRECTION('center_axis',(0.,1.,0.));
#18839=DIRECTION('ref_axis',(-1.,0.,0.));
#18840=DIRECTION('',(-1.,0.,0.));
#18841=DIRECTION('',(0.,0.,1.));
#18842=DIRECTION('',(-1.,0.,0.));
#18843=DIRECTION('',(0.,0.,1.));
#18844=DIRECTION('center_axis',(1.,0.,0.));
#18845=DIRECTION('ref_axis',(0.,1.,0.));
#18846=DIRECTION('',(0.,1.,0.));
#18847=DIRECTION('',(0.,1.,0.));
#18848=DIRECTION('',(0.,0.,1.));
#18849=DIRECTION('center_axis',(0.,-1.,0.));
#18850=DIRECTION('ref_axis',(1.,0.,0.));
#18851=DIRECTION('',(1.,0.,0.));
#18852=DIRECTION('',(1.,0.,0.));
#18853=DIRECTION('',(0.,0.,1.));
#18854=DIRECTION('center_axis',(-1.,0.,0.));
#18855=DIRECTION('ref_axis',(0.,-1.,0.));
#18856=DIRECTION('',(0.,-1.,0.));
#18857=DIRECTION('',(0.,-1.,0.));
#18858=DIRECTION('center_axis',(0.,0.,1.));
#18859=DIRECTION('ref_axis',(1.,0.,0.));
#18860=DIRECTION('center_axis',(0.,0.,1.));
#18861=DIRECTION('ref_axis',(1.,0.,0.));
#18862=DIRECTION('center_axis',(0.,1.,0.));
#18863=DIRECTION('ref_axis',(-1.,0.,0.));
#18864=DIRECTION('',(-1.,0.,0.));
#18865=DIRECTION('',(0.,0.,1.));
#18866=DIRECTION('',(-1.,0.,0.));
#18867=DIRECTION('',(0.,0.,1.));
#18868=DIRECTION('center_axis',(1.,0.,0.));
#18869=DIRECTION('ref_axis',(0.,1.,0.));
#18870=DIRECTION('',(0.,1.,0.));
#18871=DIRECTION('',(0.,1.,0.));
#18872=DIRECTION('',(0.,0.,1.));
#18873=DIRECTION('center_axis',(0.,-1.,0.));
#18874=DIRECTION('ref_axis',(1.,0.,0.));
#18875=DIRECTION('',(1.,0.,0.));
#18876=DIRECTION('',(1.,0.,0.));
#18877=DIRECTION('',(0.,0.,1.));
#18878=DIRECTION('center_axis',(-1.,0.,0.));
#18879=DIRECTION('ref_axis',(0.,-1.,0.));
#18880=DIRECTION('',(0.,-1.,0.));
#18881=DIRECTION('',(0.,-1.,0.));
#18882=DIRECTION('center_axis',(0.,0.,1.));
#18883=DIRECTION('ref_axis',(1.,0.,0.));
#18884=DIRECTION('center_axis',(0.,0.,1.));
#18885=DIRECTION('ref_axis',(1.,0.,0.));
#18886=DIRECTION('center_axis',(0.,1.,0.));
#18887=DIRECTION('ref_axis',(-1.,0.,0.));
#18888=DIRECTION('',(-1.,0.,0.));
#18889=DIRECTION('',(0.,0.,1.));
#18890=DIRECTION('',(-1.,0.,0.));
#18891=DIRECTION('',(0.,0.,1.));
#18892=DIRECTION('center_axis',(1.,0.,0.));
#18893=DIRECTION('ref_axis',(0.,1.,0.));
#18894=DIRECTION('',(0.,1.,0.));
#18895=DIRECTION('',(0.,1.,0.));
#18896=DIRECTION('',(0.,0.,1.));
#18897=DIRECTION('center_axis',(0.,-1.,0.));
#18898=DIRECTION('ref_axis',(1.,0.,0.));
#18899=DIRECTION('',(1.,0.,0.));
#18900=DIRECTION('',(1.,0.,0.));
#18901=DIRECTION('',(0.,0.,1.));
#18902=DIRECTION('center_axis',(-1.,0.,0.));
#18903=DIRECTION('ref_axis',(0.,-1.,0.));
#18904=DIRECTION('',(0.,-1.,0.));
#18905=DIRECTION('',(0.,-1.,0.));
#18906=DIRECTION('center_axis',(0.,0.,1.));
#18907=DIRECTION('ref_axis',(1.,0.,0.));
#18908=DIRECTION('center_axis',(0.,0.,1.));
#18909=DIRECTION('ref_axis',(1.,0.,0.));
#18910=DIRECTION('center_axis',(0.,1.,0.));
#18911=DIRECTION('ref_axis',(-1.,0.,0.));
#18912=DIRECTION('',(-1.,0.,0.));
#18913=DIRECTION('',(0.,0.,1.));
#18914=DIRECTION('',(-1.,0.,0.));
#18915=DIRECTION('',(0.,0.,1.));
#18916=DIRECTION('center_axis',(1.,0.,0.));
#18917=DIRECTION('ref_axis',(0.,1.,0.));
#18918=DIRECTION('',(0.,1.,0.));
#18919=DIRECTION('',(0.,1.,0.));
#18920=DIRECTION('',(0.,0.,1.));
#18921=DIRECTION('center_axis',(0.,-1.,0.));
#18922=DIRECTION('ref_axis',(1.,0.,0.));
#18923=DIRECTION('',(1.,0.,0.));
#18924=DIRECTION('',(1.,0.,0.));
#18925=DIRECTION('',(0.,0.,1.));
#18926=DIRECTION('center_axis',(-1.,0.,0.));
#18927=DIRECTION('ref_axis',(0.,-1.,0.));
#18928=DIRECTION('',(0.,-1.,0.));
#18929=DIRECTION('',(0.,-1.,0.));
#18930=DIRECTION('center_axis',(0.,0.,1.));
#18931=DIRECTION('ref_axis',(1.,0.,0.));
#18932=DIRECTION('center_axis',(0.,0.,1.));
#18933=DIRECTION('ref_axis',(1.,0.,0.));
#18934=DIRECTION('center_axis',(0.,1.,0.));
#18935=DIRECTION('ref_axis',(-1.,0.,0.));
#18936=DIRECTION('',(-1.,0.,0.));
#18937=DIRECTION('',(0.,0.,1.));
#18938=DIRECTION('',(-1.,0.,0.));
#18939=DIRECTION('',(0.,0.,1.));
#18940=DIRECTION('center_axis',(1.,0.,0.));
#18941=DIRECTION('ref_axis',(0.,1.,0.));
#18942=DIRECTION('',(0.,1.,0.));
#18943=DIRECTION('',(0.,1.,0.));
#18944=DIRECTION('',(0.,0.,1.));
#18945=DIRECTION('center_axis',(0.,-1.,0.));
#18946=DIRECTION('ref_axis',(1.,0.,0.));
#18947=DIRECTION('',(1.,0.,0.));
#18948=DIRECTION('',(1.,0.,0.));
#18949=DIRECTION('',(0.,0.,1.));
#18950=DIRECTION('center_axis',(-1.,0.,0.));
#18951=DIRECTION('ref_axis',(0.,-1.,0.));
#18952=DIRECTION('',(0.,-1.,0.));
#18953=DIRECTION('',(0.,-1.,0.));
#18954=DIRECTION('center_axis',(0.,0.,1.));
#18955=DIRECTION('ref_axis',(1.,0.,0.));
#18956=DIRECTION('center_axis',(0.,0.,1.));
#18957=DIRECTION('ref_axis',(1.,0.,0.));
#18958=DIRECTION('center_axis',(0.,1.,0.));
#18959=DIRECTION('ref_axis',(-1.,0.,0.));
#18960=DIRECTION('',(-1.,0.,0.));
#18961=DIRECTION('',(0.,0.,1.));
#18962=DIRECTION('',(-1.,0.,0.));
#18963=DIRECTION('',(0.,0.,1.));
#18964=DIRECTION('center_axis',(1.,0.,0.));
#18965=DIRECTION('ref_axis',(0.,1.,0.));
#18966=DIRECTION('',(0.,1.,0.));
#18967=DIRECTION('',(0.,1.,0.));
#18968=DIRECTION('',(0.,0.,1.));
#18969=DIRECTION('center_axis',(0.,-1.,0.));
#18970=DIRECTION('ref_axis',(1.,0.,0.));
#18971=DIRECTION('',(1.,0.,0.));
#18972=DIRECTION('',(1.,0.,0.));
#18973=DIRECTION('',(0.,0.,1.));
#18974=DIRECTION('center_axis',(-1.,0.,0.));
#18975=DIRECTION('ref_axis',(0.,-1.,0.));
#18976=DIRECTION('',(0.,-1.,0.));
#18977=DIRECTION('',(0.,-1.,0.));
#18978=DIRECTION('center_axis',(0.,0.,1.));
#18979=DIRECTION('ref_axis',(1.,0.,0.));
#18980=DIRECTION('center_axis',(0.,0.,1.));
#18981=DIRECTION('ref_axis',(1.,0.,0.));
#18982=DIRECTION('center_axis',(0.,1.,0.));
#18983=DIRECTION('ref_axis',(-1.,0.,0.));
#18984=DIRECTION('',(-1.,0.,0.));
#18985=DIRECTION('',(0.,0.,1.));
#18986=DIRECTION('',(-1.,0.,0.));
#18987=DIRECTION('',(0.,0.,1.));
#18988=DIRECTION('center_axis',(1.,0.,0.));
#18989=DIRECTION('ref_axis',(0.,1.,0.));
#18990=DIRECTION('',(0.,1.,0.));
#18991=DIRECTION('',(0.,1.,0.));
#18992=DIRECTION('',(0.,0.,1.));
#18993=DIRECTION('center_axis',(0.,-1.,0.));
#18994=DIRECTION('ref_axis',(1.,0.,0.));
#18995=DIRECTION('',(1.,0.,0.));
#18996=DIRECTION('',(1.,0.,0.));
#18997=DIRECTION('',(0.,0.,1.));
#18998=DIRECTION('center_axis',(-1.,0.,0.));
#18999=DIRECTION('ref_axis',(0.,-1.,0.));
#19000=DIRECTION('',(0.,-1.,0.));
#19001=DIRECTION('',(0.,-1.,0.));
#19002=DIRECTION('center_axis',(0.,0.,1.));
#19003=DIRECTION('ref_axis',(1.,0.,0.));
#19004=DIRECTION('center_axis',(0.,0.,1.));
#19005=DIRECTION('ref_axis',(1.,0.,0.));
#19006=DIRECTION('center_axis',(0.,1.,0.));
#19007=DIRECTION('ref_axis',(-1.,0.,0.));
#19008=DIRECTION('',(-1.,0.,0.));
#19009=DIRECTION('',(0.,0.,1.));
#19010=DIRECTION('',(-1.,0.,0.));
#19011=DIRECTION('',(0.,0.,1.));
#19012=DIRECTION('center_axis',(1.,0.,0.));
#19013=DIRECTION('ref_axis',(0.,1.,0.));
#19014=DIRECTION('',(0.,1.,0.));
#19015=DIRECTION('',(0.,1.,0.));
#19016=DIRECTION('',(0.,0.,1.));
#19017=DIRECTION('center_axis',(0.,-1.,0.));
#19018=DIRECTION('ref_axis',(1.,0.,0.));
#19019=DIRECTION('',(1.,0.,0.));
#19020=DIRECTION('',(1.,0.,0.));
#19021=DIRECTION('',(0.,0.,1.));
#19022=DIRECTION('center_axis',(-1.,0.,0.));
#19023=DIRECTION('ref_axis',(0.,-1.,0.));
#19024=DIRECTION('',(0.,-1.,0.));
#19025=DIRECTION('',(0.,-1.,0.));
#19026=DIRECTION('center_axis',(0.,0.,1.));
#19027=DIRECTION('ref_axis',(1.,0.,0.));
#19028=DIRECTION('center_axis',(0.,0.,1.));
#19029=DIRECTION('ref_axis',(1.,0.,0.));
#19030=DIRECTION('center_axis',(0.,1.,0.));
#19031=DIRECTION('ref_axis',(-1.,0.,0.));
#19032=DIRECTION('',(-1.,0.,0.));
#19033=DIRECTION('',(0.,0.,1.));
#19034=DIRECTION('',(-1.,0.,0.));
#19035=DIRECTION('',(0.,0.,1.));
#19036=DIRECTION('center_axis',(1.,0.,0.));
#19037=DIRECTION('ref_axis',(0.,1.,0.));
#19038=DIRECTION('',(0.,1.,0.));
#19039=DIRECTION('',(0.,1.,0.));
#19040=DIRECTION('',(0.,0.,1.));
#19041=DIRECTION('center_axis',(0.,-1.,0.));
#19042=DIRECTION('ref_axis',(1.,0.,0.));
#19043=DIRECTION('',(1.,0.,0.));
#19044=DIRECTION('',(1.,0.,0.));
#19045=DIRECTION('',(0.,0.,1.));
#19046=DIRECTION('center_axis',(-1.,0.,0.));
#19047=DIRECTION('ref_axis',(0.,-1.,0.));
#19048=DIRECTION('',(0.,-1.,0.));
#19049=DIRECTION('',(0.,-1.,0.));
#19050=DIRECTION('center_axis',(0.,0.,1.));
#19051=DIRECTION('ref_axis',(1.,0.,0.));
#19052=DIRECTION('center_axis',(0.,0.,1.));
#19053=DIRECTION('ref_axis',(1.,0.,0.));
#19054=DIRECTION('center_axis',(0.,1.,0.));
#19055=DIRECTION('ref_axis',(-1.,0.,0.));
#19056=DIRECTION('',(-1.,0.,0.));
#19057=DIRECTION('',(0.,0.,1.));
#19058=DIRECTION('',(-1.,0.,0.));
#19059=DIRECTION('',(0.,0.,1.));
#19060=DIRECTION('center_axis',(1.,0.,0.));
#19061=DIRECTION('ref_axis',(0.,1.,0.));
#19062=DIRECTION('',(0.,1.,0.));
#19063=DIRECTION('',(0.,1.,0.));
#19064=DIRECTION('',(0.,0.,1.));
#19065=DIRECTION('center_axis',(0.,-1.,0.));
#19066=DIRECTION('ref_axis',(1.,0.,0.));
#19067=DIRECTION('',(1.,0.,0.));
#19068=DIRECTION('',(1.,0.,0.));
#19069=DIRECTION('',(0.,0.,1.));
#19070=DIRECTION('center_axis',(-1.,0.,0.));
#19071=DIRECTION('ref_axis',(0.,-1.,0.));
#19072=DIRECTION('',(0.,-1.,0.));
#19073=DIRECTION('',(0.,-1.,0.));
#19074=DIRECTION('center_axis',(0.,0.,1.));
#19075=DIRECTION('ref_axis',(1.,0.,0.));
#19076=DIRECTION('center_axis',(0.,0.,1.));
#19077=DIRECTION('ref_axis',(1.,0.,0.));
#19078=DIRECTION('center_axis',(0.,1.,0.));
#19079=DIRECTION('ref_axis',(-1.,0.,0.));
#19080=DIRECTION('',(-1.,0.,0.));
#19081=DIRECTION('',(0.,0.,1.));
#19082=DIRECTION('',(-1.,0.,0.));
#19083=DIRECTION('',(0.,0.,1.));
#19084=DIRECTION('center_axis',(1.,0.,0.));
#19085=DIRECTION('ref_axis',(0.,1.,0.));
#19086=DIRECTION('',(0.,1.,0.));
#19087=DIRECTION('',(0.,1.,0.));
#19088=DIRECTION('',(0.,0.,1.));
#19089=DIRECTION('center_axis',(0.,-1.,0.));
#19090=DIRECTION('ref_axis',(1.,0.,0.));
#19091=DIRECTION('',(1.,0.,0.));
#19092=DIRECTION('',(1.,0.,0.));
#19093=DIRECTION('',(0.,0.,1.));
#19094=DIRECTION('center_axis',(-1.,0.,0.));
#19095=DIRECTION('ref_axis',(0.,-1.,0.));
#19096=DIRECTION('',(0.,-1.,0.));
#19097=DIRECTION('',(0.,-1.,0.));
#19098=DIRECTION('center_axis',(0.,0.,1.));
#19099=DIRECTION('ref_axis',(1.,0.,0.));
#19100=DIRECTION('center_axis',(0.,0.,1.));
#19101=DIRECTION('ref_axis',(1.,0.,0.));
#19102=DIRECTION('center_axis',(0.,1.,0.));
#19103=DIRECTION('ref_axis',(-1.,0.,0.));
#19104=DIRECTION('',(-1.,0.,0.));
#19105=DIRECTION('',(0.,0.,1.));
#19106=DIRECTION('',(-1.,0.,0.));
#19107=DIRECTION('',(0.,0.,1.));
#19108=DIRECTION('center_axis',(1.,0.,0.));
#19109=DIRECTION('ref_axis',(0.,1.,0.));
#19110=DIRECTION('',(0.,1.,0.));
#19111=DIRECTION('',(0.,1.,0.));
#19112=DIRECTION('',(0.,0.,1.));
#19113=DIRECTION('center_axis',(0.,-1.,0.));
#19114=DIRECTION('ref_axis',(1.,0.,0.));
#19115=DIRECTION('',(1.,0.,0.));
#19116=DIRECTION('',(1.,0.,0.));
#19117=DIRECTION('',(0.,0.,1.));
#19118=DIRECTION('center_axis',(-1.,0.,0.));
#19119=DIRECTION('ref_axis',(0.,-1.,0.));
#19120=DIRECTION('',(0.,-1.,0.));
#19121=DIRECTION('',(0.,-1.,0.));
#19122=DIRECTION('center_axis',(0.,0.,1.));
#19123=DIRECTION('ref_axis',(1.,0.,0.));
#19124=DIRECTION('center_axis',(0.,0.,1.));
#19125=DIRECTION('ref_axis',(1.,0.,0.));
#19126=DIRECTION('center_axis',(0.,1.,0.));
#19127=DIRECTION('ref_axis',(-1.,0.,0.));
#19128=DIRECTION('',(-1.,0.,0.));
#19129=DIRECTION('',(0.,0.,1.));
#19130=DIRECTION('',(-1.,0.,0.));
#19131=DIRECTION('',(0.,0.,1.));
#19132=DIRECTION('center_axis',(1.,0.,0.));
#19133=DIRECTION('ref_axis',(0.,1.,0.));
#19134=DIRECTION('',(0.,1.,0.));
#19135=DIRECTION('',(0.,1.,0.));
#19136=DIRECTION('',(0.,0.,1.));
#19137=DIRECTION('center_axis',(0.,-1.,0.));
#19138=DIRECTION('ref_axis',(1.,0.,0.));
#19139=DIRECTION('',(1.,0.,0.));
#19140=DIRECTION('',(1.,0.,0.));
#19141=DIRECTION('',(0.,0.,1.));
#19142=DIRECTION('center_axis',(-1.,0.,0.));
#19143=DIRECTION('ref_axis',(0.,-1.,0.));
#19144=DIRECTION('',(0.,-1.,0.));
#19145=DIRECTION('',(0.,-1.,0.));
#19146=DIRECTION('center_axis',(0.,0.,1.));
#19147=DIRECTION('ref_axis',(1.,0.,0.));
#19148=DIRECTION('center_axis',(0.,0.,1.));
#19149=DIRECTION('ref_axis',(1.,0.,0.));
#19150=DIRECTION('center_axis',(0.,1.,0.));
#19151=DIRECTION('ref_axis',(-1.,0.,0.));
#19152=DIRECTION('',(-1.,0.,0.));
#19153=DIRECTION('',(0.,0.,1.));
#19154=DIRECTION('',(-1.,0.,0.));
#19155=DIRECTION('',(0.,0.,1.));
#19156=DIRECTION('center_axis',(1.,0.,0.));
#19157=DIRECTION('ref_axis',(0.,1.,0.));
#19158=DIRECTION('',(0.,1.,0.));
#19159=DIRECTION('',(0.,1.,0.));
#19160=DIRECTION('',(0.,0.,1.));
#19161=DIRECTION('center_axis',(0.,-1.,0.));
#19162=DIRECTION('ref_axis',(1.,0.,0.));
#19163=DIRECTION('',(1.,0.,0.));
#19164=DIRECTION('',(1.,0.,0.));
#19165=DIRECTION('',(0.,0.,1.));
#19166=DIRECTION('center_axis',(-1.,0.,0.));
#19167=DIRECTION('ref_axis',(0.,-1.,0.));
#19168=DIRECTION('',(0.,-1.,0.));
#19169=DIRECTION('',(0.,-1.,0.));
#19170=DIRECTION('center_axis',(0.,0.,1.));
#19171=DIRECTION('ref_axis',(1.,0.,0.));
#19172=DIRECTION('center_axis',(0.,0.,1.));
#19173=DIRECTION('ref_axis',(1.,0.,0.));
#19174=DIRECTION('center_axis',(0.,1.,0.));
#19175=DIRECTION('ref_axis',(-1.,0.,0.));
#19176=DIRECTION('',(-1.,0.,0.));
#19177=DIRECTION('',(0.,0.,1.));
#19178=DIRECTION('',(-1.,0.,0.));
#19179=DIRECTION('',(0.,0.,1.));
#19180=DIRECTION('center_axis',(1.,0.,0.));
#19181=DIRECTION('ref_axis',(0.,1.,0.));
#19182=DIRECTION('',(0.,1.,0.));
#19183=DIRECTION('',(0.,1.,0.));
#19184=DIRECTION('',(0.,0.,1.));
#19185=DIRECTION('center_axis',(0.,-1.,0.));
#19186=DIRECTION('ref_axis',(1.,0.,0.));
#19187=DIRECTION('',(1.,0.,0.));
#19188=DIRECTION('',(1.,0.,0.));
#19189=DIRECTION('',(0.,0.,1.));
#19190=DIRECTION('center_axis',(-1.,0.,0.));
#19191=DIRECTION('ref_axis',(0.,-1.,0.));
#19192=DIRECTION('',(0.,-1.,0.));
#19193=DIRECTION('',(0.,-1.,0.));
#19194=DIRECTION('center_axis',(0.,0.,1.));
#19195=DIRECTION('ref_axis',(1.,0.,0.));
#19196=DIRECTION('center_axis',(0.,0.,1.));
#19197=DIRECTION('ref_axis',(1.,0.,0.));
#19198=DIRECTION('center_axis',(0.,1.,0.));
#19199=DIRECTION('ref_axis',(-1.,0.,0.));
#19200=DIRECTION('',(-1.,0.,0.));
#19201=DIRECTION('',(0.,0.,1.));
#19202=DIRECTION('',(-1.,0.,0.));
#19203=DIRECTION('',(0.,0.,1.));
#19204=DIRECTION('center_axis',(1.,0.,0.));
#19205=DIRECTION('ref_axis',(0.,1.,0.));
#19206=DIRECTION('',(0.,1.,0.));
#19207=DIRECTION('',(0.,1.,0.));
#19208=DIRECTION('',(0.,0.,1.));
#19209=DIRECTION('center_axis',(0.,-1.,0.));
#19210=DIRECTION('ref_axis',(1.,0.,0.));
#19211=DIRECTION('',(1.,0.,0.));
#19212=DIRECTION('',(1.,0.,0.));
#19213=DIRECTION('',(0.,0.,1.));
#19214=DIRECTION('center_axis',(-1.,0.,0.));
#19215=DIRECTION('ref_axis',(0.,-1.,0.));
#19216=DIRECTION('',(0.,-1.,0.));
#19217=DIRECTION('',(0.,-1.,0.));
#19218=DIRECTION('center_axis',(0.,0.,1.));
#19219=DIRECTION('ref_axis',(1.,0.,0.));
#19220=DIRECTION('center_axis',(0.,0.,1.));
#19221=DIRECTION('ref_axis',(1.,0.,0.));
#19222=DIRECTION('center_axis',(0.,1.,0.));
#19223=DIRECTION('ref_axis',(-1.,0.,0.));
#19224=DIRECTION('',(-1.,0.,0.));
#19225=DIRECTION('',(0.,0.,1.));
#19226=DIRECTION('',(-1.,0.,0.));
#19227=DIRECTION('',(0.,0.,1.));
#19228=DIRECTION('center_axis',(1.,0.,0.));
#19229=DIRECTION('ref_axis',(0.,1.,0.));
#19230=DIRECTION('',(0.,1.,0.));
#19231=DIRECTION('',(0.,1.,0.));
#19232=DIRECTION('',(0.,0.,1.));
#19233=DIRECTION('center_axis',(0.,-1.,0.));
#19234=DIRECTION('ref_axis',(1.,0.,0.));
#19235=DIRECTION('',(1.,0.,0.));
#19236=DIRECTION('',(1.,0.,0.));
#19237=DIRECTION('',(0.,0.,1.));
#19238=DIRECTION('center_axis',(-1.,0.,0.));
#19239=DIRECTION('ref_axis',(0.,-1.,0.));
#19240=DIRECTION('',(0.,-1.,0.));
#19241=DIRECTION('',(0.,-1.,0.));
#19242=DIRECTION('center_axis',(0.,0.,1.));
#19243=DIRECTION('ref_axis',(1.,0.,0.));
#19244=DIRECTION('center_axis',(0.,0.,1.));
#19245=DIRECTION('ref_axis',(1.,0.,0.));
#19246=DIRECTION('center_axis',(0.,1.,0.));
#19247=DIRECTION('ref_axis',(-1.,0.,0.));
#19248=DIRECTION('',(-1.,0.,0.));
#19249=DIRECTION('',(0.,0.,1.));
#19250=DIRECTION('',(-1.,0.,0.));
#19251=DIRECTION('',(0.,0.,1.));
#19252=DIRECTION('center_axis',(1.,0.,0.));
#19253=DIRECTION('ref_axis',(0.,1.,0.));
#19254=DIRECTION('',(0.,1.,0.));
#19255=DIRECTION('',(0.,1.,0.));
#19256=DIRECTION('',(0.,0.,1.));
#19257=DIRECTION('center_axis',(0.,-1.,0.));
#19258=DIRECTION('ref_axis',(1.,0.,0.));
#19259=DIRECTION('',(1.,0.,0.));
#19260=DIRECTION('',(1.,0.,0.));
#19261=DIRECTION('',(0.,0.,1.));
#19262=DIRECTION('center_axis',(-1.,0.,0.));
#19263=DIRECTION('ref_axis',(0.,-1.,0.));
#19264=DIRECTION('',(0.,-1.,0.));
#19265=DIRECTION('',(0.,-1.,0.));
#19266=DIRECTION('center_axis',(0.,0.,1.));
#19267=DIRECTION('ref_axis',(1.,0.,0.));
#19268=DIRECTION('center_axis',(0.,0.,1.));
#19269=DIRECTION('ref_axis',(1.,0.,0.));
#19270=DIRECTION('center_axis',(0.,1.,0.));
#19271=DIRECTION('ref_axis',(-1.,0.,0.));
#19272=DIRECTION('',(-1.,0.,0.));
#19273=DIRECTION('',(0.,0.,1.));
#19274=DIRECTION('',(-1.,0.,0.));
#19275=DIRECTION('',(0.,0.,1.));
#19276=DIRECTION('center_axis',(1.,0.,0.));
#19277=DIRECTION('ref_axis',(0.,1.,0.));
#19278=DIRECTION('',(0.,1.,0.));
#19279=DIRECTION('',(0.,1.,0.));
#19280=DIRECTION('',(0.,0.,1.));
#19281=DIRECTION('center_axis',(0.,-1.,0.));
#19282=DIRECTION('ref_axis',(1.,0.,0.));
#19283=DIRECTION('',(1.,0.,0.));
#19284=DIRECTION('',(1.,0.,0.));
#19285=DIRECTION('',(0.,0.,1.));
#19286=DIRECTION('center_axis',(-1.,0.,0.));
#19287=DIRECTION('ref_axis',(0.,-1.,0.));
#19288=DIRECTION('',(0.,-1.,0.));
#19289=DIRECTION('',(0.,-1.,0.));
#19290=DIRECTION('center_axis',(0.,0.,1.));
#19291=DIRECTION('ref_axis',(1.,0.,0.));
#19292=DIRECTION('center_axis',(0.,0.,1.));
#19293=DIRECTION('ref_axis',(1.,0.,0.));
#19294=DIRECTION('center_axis',(0.,1.,0.));
#19295=DIRECTION('ref_axis',(-1.,0.,0.));
#19296=DIRECTION('',(-1.,0.,0.));
#19297=DIRECTION('',(0.,0.,1.));
#19298=DIRECTION('',(-1.,0.,0.));
#19299=DIRECTION('',(0.,0.,1.));
#19300=DIRECTION('center_axis',(1.,0.,0.));
#19301=DIRECTION('ref_axis',(0.,1.,0.));
#19302=DIRECTION('',(0.,1.,0.));
#19303=DIRECTION('',(0.,1.,0.));
#19304=DIRECTION('',(0.,0.,1.));
#19305=DIRECTION('center_axis',(0.,-1.,0.));
#19306=DIRECTION('ref_axis',(1.,0.,0.));
#19307=DIRECTION('',(1.,0.,0.));
#19308=DIRECTION('',(1.,0.,0.));
#19309=DIRECTION('',(0.,0.,1.));
#19310=DIRECTION('center_axis',(-1.,0.,0.));
#19311=DIRECTION('ref_axis',(0.,-1.,0.));
#19312=DIRECTION('',(0.,-1.,0.));
#19313=DIRECTION('',(0.,-1.,0.));
#19314=DIRECTION('center_axis',(0.,0.,1.));
#19315=DIRECTION('ref_axis',(1.,0.,0.));
#19316=DIRECTION('center_axis',(0.,0.,1.));
#19317=DIRECTION('ref_axis',(1.,0.,0.));
#19318=DIRECTION('center_axis',(0.,1.,0.));
#19319=DIRECTION('ref_axis',(-1.,0.,0.));
#19320=DIRECTION('',(-1.,0.,0.));
#19321=DIRECTION('',(0.,0.,1.));
#19322=DIRECTION('',(-1.,0.,0.));
#19323=DIRECTION('',(0.,0.,1.));
#19324=DIRECTION('center_axis',(1.,0.,0.));
#19325=DIRECTION('ref_axis',(0.,1.,0.));
#19326=DIRECTION('',(0.,1.,0.));
#19327=DIRECTION('',(0.,1.,0.));
#19328=DIRECTION('',(0.,0.,1.));
#19329=DIRECTION('center_axis',(0.,-1.,0.));
#19330=DIRECTION('ref_axis',(1.,0.,0.));
#19331=DIRECTION('',(1.,0.,0.));
#19332=DIRECTION('',(1.,0.,0.));
#19333=DIRECTION('',(0.,0.,1.));
#19334=DIRECTION('center_axis',(-1.,0.,0.));
#19335=DIRECTION('ref_axis',(0.,-1.,0.));
#19336=DIRECTION('',(0.,-1.,0.));
#19337=DIRECTION('',(0.,-1.,0.));
#19338=DIRECTION('center_axis',(0.,0.,1.));
#19339=DIRECTION('ref_axis',(1.,0.,0.));
#19340=DIRECTION('center_axis',(0.,0.,1.));
#19341=DIRECTION('ref_axis',(1.,0.,0.));
#19342=DIRECTION('center_axis',(0.,1.,0.));
#19343=DIRECTION('ref_axis',(-1.,0.,0.));
#19344=DIRECTION('',(-1.,0.,0.));
#19345=DIRECTION('',(0.,0.,1.));
#19346=DIRECTION('',(-1.,0.,0.));
#19347=DIRECTION('',(0.,0.,1.));
#19348=DIRECTION('center_axis',(1.,0.,0.));
#19349=DIRECTION('ref_axis',(0.,1.,0.));
#19350=DIRECTION('',(0.,1.,0.));
#19351=DIRECTION('',(0.,1.,0.));
#19352=DIRECTION('',(0.,0.,1.));
#19353=DIRECTION('center_axis',(0.,-1.,0.));
#19354=DIRECTION('ref_axis',(1.,0.,0.));
#19355=DIRECTION('',(1.,0.,0.));
#19356=DIRECTION('',(1.,0.,0.));
#19357=DIRECTION('',(0.,0.,1.));
#19358=DIRECTION('center_axis',(-1.,0.,0.));
#19359=DIRECTION('ref_axis',(0.,-1.,0.));
#19360=DIRECTION('',(0.,-1.,0.));
#19361=DIRECTION('',(0.,-1.,0.));
#19362=DIRECTION('center_axis',(0.,0.,1.));
#19363=DIRECTION('ref_axis',(1.,0.,0.));
#19364=DIRECTION('center_axis',(0.,0.,1.));
#19365=DIRECTION('ref_axis',(1.,0.,0.));
#19366=DIRECTION('center_axis',(0.,1.,0.));
#19367=DIRECTION('ref_axis',(-1.,0.,0.));
#19368=DIRECTION('',(-1.,0.,0.));
#19369=DIRECTION('',(0.,0.,1.));
#19370=DIRECTION('',(-1.,0.,0.));
#19371=DIRECTION('',(0.,0.,1.));
#19372=DIRECTION('center_axis',(1.,0.,0.));
#19373=DIRECTION('ref_axis',(0.,1.,0.));
#19374=DIRECTION('',(0.,1.,0.));
#19375=DIRECTION('',(0.,1.,0.));
#19376=DIRECTION('',(0.,0.,1.));
#19377=DIRECTION('center_axis',(0.,-1.,0.));
#19378=DIRECTION('ref_axis',(1.,0.,0.));
#19379=DIRECTION('',(1.,0.,0.));
#19380=DIRECTION('',(1.,0.,0.));
#19381=DIRECTION('',(0.,0.,1.));
#19382=DIRECTION('center_axis',(-1.,0.,0.));
#19383=DIRECTION('ref_axis',(0.,-1.,0.));
#19384=DIRECTION('',(0.,-1.,0.));
#19385=DIRECTION('',(0.,-1.,0.));
#19386=DIRECTION('center_axis',(0.,0.,1.));
#19387=DIRECTION('ref_axis',(1.,0.,0.));
#19388=DIRECTION('center_axis',(0.,0.,1.));
#19389=DIRECTION('ref_axis',(1.,0.,0.));
#19390=DIRECTION('center_axis',(0.,1.,0.));
#19391=DIRECTION('ref_axis',(-1.,0.,0.));
#19392=DIRECTION('',(-1.,0.,0.));
#19393=DIRECTION('',(0.,0.,1.));
#19394=DIRECTION('',(-1.,0.,0.));
#19395=DIRECTION('',(0.,0.,1.));
#19396=DIRECTION('center_axis',(1.,0.,0.));
#19397=DIRECTION('ref_axis',(0.,1.,0.));
#19398=DIRECTION('',(0.,1.,0.));
#19399=DIRECTION('',(0.,1.,0.));
#19400=DIRECTION('',(0.,0.,1.));
#19401=DIRECTION('center_axis',(0.,-1.,0.));
#19402=DIRECTION('ref_axis',(1.,0.,0.));
#19403=DIRECTION('',(1.,0.,0.));
#19404=DIRECTION('',(1.,0.,0.));
#19405=DIRECTION('',(0.,0.,1.));
#19406=DIRECTION('center_axis',(-1.,0.,0.));
#19407=DIRECTION('ref_axis',(0.,-1.,0.));
#19408=DIRECTION('',(0.,-1.,0.));
#19409=DIRECTION('',(0.,-1.,0.));
#19410=DIRECTION('center_axis',(0.,0.,1.));
#19411=DIRECTION('ref_axis',(1.,0.,0.));
#19412=DIRECTION('center_axis',(0.,0.,1.));
#19413=DIRECTION('ref_axis',(1.,0.,0.));
#19414=DIRECTION('center_axis',(0.,1.,0.));
#19415=DIRECTION('ref_axis',(-1.,0.,0.));
#19416=DIRECTION('',(-1.,0.,0.));
#19417=DIRECTION('',(0.,0.,1.));
#19418=DIRECTION('',(-1.,0.,0.));
#19419=DIRECTION('',(0.,0.,1.));
#19420=DIRECTION('center_axis',(1.,0.,0.));
#19421=DIRECTION('ref_axis',(0.,1.,0.));
#19422=DIRECTION('',(0.,1.,0.));
#19423=DIRECTION('',(0.,1.,0.));
#19424=DIRECTION('',(0.,0.,1.));
#19425=DIRECTION('center_axis',(0.,-1.,0.));
#19426=DIRECTION('ref_axis',(1.,0.,0.));
#19427=DIRECTION('',(1.,0.,0.));
#19428=DIRECTION('',(1.,0.,0.));
#19429=DIRECTION('',(0.,0.,1.));
#19430=DIRECTION('center_axis',(-1.,0.,0.));
#19431=DIRECTION('ref_axis',(0.,-1.,0.));
#19432=DIRECTION('',(0.,-1.,0.));
#19433=DIRECTION('',(0.,-1.,0.));
#19434=DIRECTION('center_axis',(0.,0.,1.));
#19435=DIRECTION('ref_axis',(1.,0.,0.));
#19436=DIRECTION('center_axis',(0.,0.,1.));
#19437=DIRECTION('ref_axis',(1.,0.,0.));
#19438=DIRECTION('center_axis',(0.,1.,0.));
#19439=DIRECTION('ref_axis',(-1.,0.,0.));
#19440=DIRECTION('',(-1.,0.,0.));
#19441=DIRECTION('',(0.,0.,1.));
#19442=DIRECTION('',(-1.,0.,0.));
#19443=DIRECTION('',(0.,0.,1.));
#19444=DIRECTION('center_axis',(1.,0.,0.));
#19445=DIRECTION('ref_axis',(0.,1.,0.));
#19446=DIRECTION('',(0.,1.,0.));
#19447=DIRECTION('',(0.,1.,0.));
#19448=DIRECTION('',(0.,0.,1.));
#19449=DIRECTION('center_axis',(0.,-1.,0.));
#19450=DIRECTION('ref_axis',(1.,0.,0.));
#19451=DIRECTION('',(1.,0.,0.));
#19452=DIRECTION('',(1.,0.,0.));
#19453=DIRECTION('',(0.,0.,1.));
#19454=DIRECTION('center_axis',(-1.,0.,0.));
#19455=DIRECTION('ref_axis',(0.,-1.,0.));
#19456=DIRECTION('',(0.,-1.,0.));
#19457=DIRECTION('',(0.,-1.,0.));
#19458=DIRECTION('center_axis',(0.,0.,1.));
#19459=DIRECTION('ref_axis',(1.,0.,0.));
#19460=DIRECTION('center_axis',(0.,0.,1.));
#19461=DIRECTION('ref_axis',(1.,0.,0.));
#19462=DIRECTION('center_axis',(0.,1.,0.));
#19463=DIRECTION('ref_axis',(-1.,0.,0.));
#19464=DIRECTION('',(-1.,0.,0.));
#19465=DIRECTION('',(0.,0.,1.));
#19466=DIRECTION('',(-1.,0.,0.));
#19467=DIRECTION('',(0.,0.,1.));
#19468=DIRECTION('center_axis',(1.,0.,0.));
#19469=DIRECTION('ref_axis',(0.,1.,0.));
#19470=DIRECTION('',(0.,1.,0.));
#19471=DIRECTION('',(0.,1.,0.));
#19472=DIRECTION('',(0.,0.,1.));
#19473=DIRECTION('center_axis',(0.,-1.,0.));
#19474=DIRECTION('ref_axis',(1.,0.,0.));
#19475=DIRECTION('',(1.,0.,0.));
#19476=DIRECTION('',(1.,0.,0.));
#19477=DIRECTION('',(0.,0.,1.));
#19478=DIRECTION('center_axis',(-1.,0.,0.));
#19479=DIRECTION('ref_axis',(0.,-1.,0.));
#19480=DIRECTION('',(0.,-1.,0.));
#19481=DIRECTION('',(0.,-1.,0.));
#19482=DIRECTION('center_axis',(0.,0.,1.));
#19483=DIRECTION('ref_axis',(1.,0.,0.));
#19484=DIRECTION('center_axis',(0.,0.,1.));
#19485=DIRECTION('ref_axis',(1.,0.,0.));
#19486=DIRECTION('center_axis',(0.,1.,0.));
#19487=DIRECTION('ref_axis',(-1.,0.,0.));
#19488=DIRECTION('',(-1.,0.,0.));
#19489=DIRECTION('',(0.,0.,1.));
#19490=DIRECTION('',(-1.,0.,0.));
#19491=DIRECTION('',(0.,0.,1.));
#19492=DIRECTION('center_axis',(1.,0.,0.));
#19493=DIRECTION('ref_axis',(0.,1.,0.));
#19494=DIRECTION('',(0.,1.,0.));
#19495=DIRECTION('',(0.,1.,0.));
#19496=DIRECTION('',(0.,0.,1.));
#19497=DIRECTION('center_axis',(0.,-1.,0.));
#19498=DIRECTION('ref_axis',(1.,0.,0.));
#19499=DIRECTION('',(1.,0.,0.));
#19500=DIRECTION('',(1.,0.,0.));
#19501=DIRECTION('',(0.,0.,1.));
#19502=DIRECTION('center_axis',(-1.,0.,0.));
#19503=DIRECTION('ref_axis',(0.,-1.,0.));
#19504=DIRECTION('',(0.,-1.,0.));
#19505=DIRECTION('',(0.,-1.,0.));
#19506=DIRECTION('center_axis',(0.,0.,1.));
#19507=DIRECTION('ref_axis',(1.,0.,0.));
#19508=DIRECTION('center_axis',(0.,0.,1.));
#19509=DIRECTION('ref_axis',(1.,0.,0.));
#19510=DIRECTION('center_axis',(0.,1.,0.));
#19511=DIRECTION('ref_axis',(-1.,0.,0.));
#19512=DIRECTION('',(-1.,0.,0.));
#19513=DIRECTION('',(0.,0.,1.));
#19514=DIRECTION('',(-1.,0.,0.));
#19515=DIRECTION('',(0.,0.,1.));
#19516=DIRECTION('center_axis',(1.,0.,0.));
#19517=DIRECTION('ref_axis',(0.,1.,0.));
#19518=DIRECTION('',(0.,1.,0.));
#19519=DIRECTION('',(0.,1.,0.));
#19520=DIRECTION('',(0.,0.,1.));
#19521=DIRECTION('center_axis',(0.,-1.,0.));
#19522=DIRECTION('ref_axis',(1.,0.,0.));
#19523=DIRECTION('',(1.,0.,0.));
#19524=DIRECTION('',(1.,0.,0.));
#19525=DIRECTION('',(0.,0.,1.));
#19526=DIRECTION('center_axis',(-1.,0.,0.));
#19527=DIRECTION('ref_axis',(0.,-1.,0.));
#19528=DIRECTION('',(0.,-1.,0.));
#19529=DIRECTION('',(0.,-1.,0.));
#19530=DIRECTION('center_axis',(0.,0.,1.));
#19531=DIRECTION('ref_axis',(1.,0.,0.));
#19532=DIRECTION('center_axis',(0.,0.,1.));
#19533=DIRECTION('ref_axis',(1.,0.,0.));
#19534=DIRECTION('center_axis',(0.,1.,0.));
#19535=DIRECTION('ref_axis',(-1.,0.,0.));
#19536=DIRECTION('',(-1.,0.,0.));
#19537=DIRECTION('',(0.,0.,1.));
#19538=DIRECTION('',(-1.,0.,0.));
#19539=DIRECTION('',(0.,0.,1.));
#19540=DIRECTION('center_axis',(1.,0.,0.));
#19541=DIRECTION('ref_axis',(0.,1.,0.));
#19542=DIRECTION('',(0.,1.,0.));
#19543=DIRECTION('',(0.,1.,0.));
#19544=DIRECTION('',(0.,0.,1.));
#19545=DIRECTION('center_axis',(0.,-1.,0.));
#19546=DIRECTION('ref_axis',(1.,0.,0.));
#19547=DIRECTION('',(1.,0.,0.));
#19548=DIRECTION('',(1.,0.,0.));
#19549=DIRECTION('',(0.,0.,1.));
#19550=DIRECTION('center_axis',(-1.,0.,0.));
#19551=DIRECTION('ref_axis',(0.,-1.,0.));
#19552=DIRECTION('',(0.,-1.,0.));
#19553=DIRECTION('',(0.,-1.,0.));
#19554=DIRECTION('center_axis',(0.,0.,1.));
#19555=DIRECTION('ref_axis',(1.,0.,0.));
#19556=DIRECTION('center_axis',(0.,0.,1.));
#19557=DIRECTION('ref_axis',(1.,0.,0.));
#19558=DIRECTION('center_axis',(0.,1.,0.));
#19559=DIRECTION('ref_axis',(-1.,0.,0.));
#19560=DIRECTION('',(-1.,0.,0.));
#19561=DIRECTION('',(0.,0.,1.));
#19562=DIRECTION('',(-1.,0.,0.));
#19563=DIRECTION('',(0.,0.,1.));
#19564=DIRECTION('center_axis',(1.,0.,0.));
#19565=DIRECTION('ref_axis',(0.,1.,0.));
#19566=DIRECTION('',(0.,1.,0.));
#19567=DIRECTION('',(0.,1.,0.));
#19568=DIRECTION('',(0.,0.,1.));
#19569=DIRECTION('center_axis',(0.,-1.,0.));
#19570=DIRECTION('ref_axis',(1.,0.,0.));
#19571=DIRECTION('',(1.,0.,0.));
#19572=DIRECTION('',(1.,0.,0.));
#19573=DIRECTION('',(0.,0.,1.));
#19574=DIRECTION('center_axis',(-1.,0.,0.));
#19575=DIRECTION('ref_axis',(0.,-1.,0.));
#19576=DIRECTION('',(0.,-1.,0.));
#19577=DIRECTION('',(0.,-1.,0.));
#19578=DIRECTION('center_axis',(0.,0.,1.));
#19579=DIRECTION('ref_axis',(1.,0.,0.));
#19580=DIRECTION('center_axis',(0.,0.,1.));
#19581=DIRECTION('ref_axis',(1.,0.,0.));
#19582=DIRECTION('center_axis',(0.,1.,0.));
#19583=DIRECTION('ref_axis',(-1.,0.,0.));
#19584=DIRECTION('',(-1.,0.,0.));
#19585=DIRECTION('',(0.,0.,1.));
#19586=DIRECTION('',(-1.,0.,0.));
#19587=DIRECTION('',(0.,0.,1.));
#19588=DIRECTION('center_axis',(1.,0.,0.));
#19589=DIRECTION('ref_axis',(0.,1.,0.));
#19590=DIRECTION('',(0.,1.,0.));
#19591=DIRECTION('',(0.,1.,0.));
#19592=DIRECTION('',(0.,0.,1.));
#19593=DIRECTION('center_axis',(0.,-1.,0.));
#19594=DIRECTION('ref_axis',(1.,0.,0.));
#19595=DIRECTION('',(1.,0.,0.));
#19596=DIRECTION('',(1.,0.,0.));
#19597=DIRECTION('',(0.,0.,1.));
#19598=DIRECTION('center_axis',(-1.,0.,0.));
#19599=DIRECTION('ref_axis',(0.,-1.,0.));
#19600=DIRECTION('',(0.,-1.,0.));
#19601=DIRECTION('',(0.,-1.,0.));
#19602=DIRECTION('center_axis',(0.,0.,1.));
#19603=DIRECTION('ref_axis',(1.,0.,0.));
#19604=DIRECTION('center_axis',(0.,0.,1.));
#19605=DIRECTION('ref_axis',(1.,0.,0.));
#19606=DIRECTION('center_axis',(0.,1.,0.));
#19607=DIRECTION('ref_axis',(-1.,0.,0.));
#19608=DIRECTION('',(-1.,0.,0.));
#19609=DIRECTION('',(0.,0.,1.));
#19610=DIRECTION('',(-1.,0.,0.));
#19611=DIRECTION('',(0.,0.,1.));
#19612=DIRECTION('center_axis',(1.,0.,0.));
#19613=DIRECTION('ref_axis',(0.,1.,0.));
#19614=DIRECTION('',(0.,1.,0.));
#19615=DIRECTION('',(0.,1.,0.));
#19616=DIRECTION('',(0.,0.,1.));
#19617=DIRECTION('center_axis',(0.,-1.,0.));
#19618=DIRECTION('ref_axis',(1.,0.,0.));
#19619=DIRECTION('',(1.,0.,0.));
#19620=DIRECTION('',(1.,0.,0.));
#19621=DIRECTION('',(0.,0.,1.));
#19622=DIRECTION('center_axis',(-1.,0.,0.));
#19623=DIRECTION('ref_axis',(0.,-1.,0.));
#19624=DIRECTION('',(0.,-1.,0.));
#19625=DIRECTION('',(0.,-1.,0.));
#19626=DIRECTION('center_axis',(0.,0.,1.));
#19627=DIRECTION('ref_axis',(1.,0.,0.));
#19628=DIRECTION('center_axis',(0.,0.,1.));
#19629=DIRECTION('ref_axis',(1.,0.,0.));
#19630=DIRECTION('center_axis',(0.,1.,0.));
#19631=DIRECTION('ref_axis',(-1.,0.,0.));
#19632=DIRECTION('',(-1.,0.,0.));
#19633=DIRECTION('',(0.,0.,1.));
#19634=DIRECTION('',(-1.,0.,0.));
#19635=DIRECTION('',(0.,0.,1.));
#19636=DIRECTION('center_axis',(1.,0.,0.));
#19637=DIRECTION('ref_axis',(0.,1.,0.));
#19638=DIRECTION('',(0.,1.,0.));
#19639=DIRECTION('',(0.,1.,0.));
#19640=DIRECTION('',(0.,0.,1.));
#19641=DIRECTION('center_axis',(0.,-1.,0.));
#19642=DIRECTION('ref_axis',(1.,0.,0.));
#19643=DIRECTION('',(1.,0.,0.));
#19644=DIRECTION('',(1.,0.,0.));
#19645=DIRECTION('',(0.,0.,1.));
#19646=DIRECTION('center_axis',(-1.,0.,0.));
#19647=DIRECTION('ref_axis',(0.,-1.,0.));
#19648=DIRECTION('',(0.,-1.,0.));
#19649=DIRECTION('',(0.,-1.,0.));
#19650=DIRECTION('center_axis',(0.,0.,1.));
#19651=DIRECTION('ref_axis',(1.,0.,0.));
#19652=DIRECTION('center_axis',(0.,0.,1.));
#19653=DIRECTION('ref_axis',(1.,0.,0.));
#19654=DIRECTION('center_axis',(0.,1.,0.));
#19655=DIRECTION('ref_axis',(-1.,0.,0.));
#19656=DIRECTION('',(-1.,0.,0.));
#19657=DIRECTION('',(0.,0.,1.));
#19658=DIRECTION('',(-1.,0.,0.));
#19659=DIRECTION('',(0.,0.,1.));
#19660=DIRECTION('center_axis',(1.,0.,0.));
#19661=DIRECTION('ref_axis',(0.,1.,0.));
#19662=DIRECTION('',(0.,1.,0.));
#19663=DIRECTION('',(0.,1.,0.));
#19664=DIRECTION('',(0.,0.,1.));
#19665=DIRECTION('center_axis',(0.,-1.,0.));
#19666=DIRECTION('ref_axis',(1.,0.,0.));
#19667=DIRECTION('',(1.,0.,0.));
#19668=DIRECTION('',(1.,0.,0.));
#19669=DIRECTION('',(0.,0.,1.));
#19670=DIRECTION('center_axis',(-1.,0.,0.));
#19671=DIRECTION('ref_axis',(0.,-1.,0.));
#19672=DIRECTION('',(0.,-1.,0.));
#19673=DIRECTION('',(0.,-1.,0.));
#19674=DIRECTION('center_axis',(0.,0.,1.));
#19675=DIRECTION('ref_axis',(1.,0.,0.));
#19676=DIRECTION('center_axis',(0.,0.,1.));
#19677=DIRECTION('ref_axis',(1.,0.,0.));
#19678=DIRECTION('center_axis',(0.,1.,0.));
#19679=DIRECTION('ref_axis',(-1.,0.,0.));
#19680=DIRECTION('',(-1.,0.,0.));
#19681=DIRECTION('',(0.,0.,1.));
#19682=DIRECTION('',(-1.,0.,0.));
#19683=DIRECTION('',(0.,0.,1.));
#19684=DIRECTION('center_axis',(1.,0.,0.));
#19685=DIRECTION('ref_axis',(0.,1.,0.));
#19686=DIRECTION('',(0.,1.,0.));
#19687=DIRECTION('',(0.,1.,0.));
#19688=DIRECTION('',(0.,0.,1.));
#19689=DIRECTION('center_axis',(0.,-1.,0.));
#19690=DIRECTION('ref_axis',(1.,0.,0.));
#19691=DIRECTION('',(1.,0.,0.));
#19692=DIRECTION('',(1.,0.,0.));
#19693=DIRECTION('',(0.,0.,1.));
#19694=DIRECTION('center_axis',(-1.,0.,0.));
#19695=DIRECTION('ref_axis',(0.,-1.,0.));
#19696=DIRECTION('',(0.,-1.,0.));
#19697=DIRECTION('',(0.,-1.,0.));
#19698=DIRECTION('center_axis',(0.,0.,1.));
#19699=DIRECTION('ref_axis',(1.,0.,0.));
#19700=DIRECTION('center_axis',(0.,0.,1.));
#19701=DIRECTION('ref_axis',(1.,0.,0.));
#19702=DIRECTION('center_axis',(0.,1.,0.));
#19703=DIRECTION('ref_axis',(-1.,0.,0.));
#19704=DIRECTION('',(-1.,0.,0.));
#19705=DIRECTION('',(0.,0.,1.));
#19706=DIRECTION('',(-1.,0.,0.));
#19707=DIRECTION('',(0.,0.,1.));
#19708=DIRECTION('center_axis',(1.,0.,0.));
#19709=DIRECTION('ref_axis',(0.,1.,0.));
#19710=DIRECTION('',(0.,1.,0.));
#19711=DIRECTION('',(0.,1.,0.));
#19712=DIRECTION('',(0.,0.,1.));
#19713=DIRECTION('center_axis',(0.,-1.,0.));
#19714=DIRECTION('ref_axis',(1.,0.,0.));
#19715=DIRECTION('',(1.,0.,0.));
#19716=DIRECTION('',(1.,0.,0.));
#19717=DIRECTION('',(0.,0.,1.));
#19718=DIRECTION('center_axis',(-1.,0.,0.));
#19719=DIRECTION('ref_axis',(0.,-1.,0.));
#19720=DIRECTION('',(0.,-1.,0.));
#19721=DIRECTION('',(0.,-1.,0.));
#19722=DIRECTION('center_axis',(0.,0.,1.));
#19723=DIRECTION('ref_axis',(1.,0.,0.));
#19724=DIRECTION('center_axis',(0.,0.,1.));
#19725=DIRECTION('ref_axis',(1.,0.,0.));
#19726=DIRECTION('center_axis',(0.,1.,0.));
#19727=DIRECTION('ref_axis',(-1.,0.,0.));
#19728=DIRECTION('',(-1.,0.,0.));
#19729=DIRECTION('',(0.,0.,1.));
#19730=DIRECTION('',(-1.,0.,0.));
#19731=DIRECTION('',(0.,0.,1.));
#19732=DIRECTION('center_axis',(1.,0.,0.));
#19733=DIRECTION('ref_axis',(0.,1.,0.));
#19734=DIRECTION('',(0.,1.,0.));
#19735=DIRECTION('',(0.,1.,0.));
#19736=DIRECTION('',(0.,0.,1.));
#19737=DIRECTION('center_axis',(0.,-1.,0.));
#19738=DIRECTION('ref_axis',(1.,0.,0.));
#19739=DIRECTION('',(1.,0.,0.));
#19740=DIRECTION('',(1.,0.,0.));
#19741=DIRECTION('',(0.,0.,1.));
#19742=DIRECTION('center_axis',(-1.,0.,0.));
#19743=DIRECTION('ref_axis',(0.,-1.,0.));
#19744=DIRECTION('',(0.,-1.,0.));
#19745=DIRECTION('',(0.,-1.,0.));
#19746=DIRECTION('center_axis',(0.,0.,1.));
#19747=DIRECTION('ref_axis',(1.,0.,0.));
#19748=DIRECTION('center_axis',(0.,0.,1.));
#19749=DIRECTION('ref_axis',(1.,0.,0.));
#19750=DIRECTION('center_axis',(0.,1.,0.));
#19751=DIRECTION('ref_axis',(-1.,0.,0.));
#19752=DIRECTION('',(-1.,0.,0.));
#19753=DIRECTION('',(0.,0.,1.));
#19754=DIRECTION('',(-1.,0.,0.));
#19755=DIRECTION('',(0.,0.,1.));
#19756=DIRECTION('center_axis',(1.,0.,0.));
#19757=DIRECTION('ref_axis',(0.,1.,0.));
#19758=DIRECTION('',(0.,1.,0.));
#19759=DIRECTION('',(0.,1.,0.));
#19760=DIRECTION('',(0.,0.,1.));
#19761=DIRECTION('center_axis',(0.,-1.,0.));
#19762=DIRECTION('ref_axis',(1.,0.,0.));
#19763=DIRECTION('',(1.,0.,0.));
#19764=DIRECTION('',(1.,0.,0.));
#19765=DIRECTION('',(0.,0.,1.));
#19766=DIRECTION('center_axis',(-1.,0.,0.));
#19767=DIRECTION('ref_axis',(0.,-1.,0.));
#19768=DIRECTION('',(0.,-1.,0.));
#19769=DIRECTION('',(0.,-1.,0.));
#19770=DIRECTION('center_axis',(0.,0.,1.));
#19771=DIRECTION('ref_axis',(1.,0.,0.));
#19772=DIRECTION('center_axis',(0.,0.,1.));
#19773=DIRECTION('ref_axis',(1.,0.,0.));
#19774=DIRECTION('center_axis',(0.,1.,0.));
#19775=DIRECTION('ref_axis',(-1.,0.,0.));
#19776=DIRECTION('',(-1.,0.,0.));
#19777=DIRECTION('',(0.,0.,1.));
#19778=DIRECTION('',(-1.,0.,0.));
#19779=DIRECTION('',(0.,0.,1.));
#19780=DIRECTION('center_axis',(1.,0.,0.));
#19781=DIRECTION('ref_axis',(0.,1.,0.));
#19782=DIRECTION('',(0.,1.,0.));
#19783=DIRECTION('',(0.,1.,0.));
#19784=DIRECTION('',(0.,0.,1.));
#19785=DIRECTION('center_axis',(0.,-1.,0.));
#19786=DIRECTION('ref_axis',(1.,0.,0.));
#19787=DIRECTION('',(1.,0.,0.));
#19788=DIRECTION('',(1.,0.,0.));
#19789=DIRECTION('',(0.,0.,1.));
#19790=DIRECTION('center_axis',(-1.,0.,0.));
#19791=DIRECTION('ref_axis',(0.,-1.,0.));
#19792=DIRECTION('',(0.,-1.,0.));
#19793=DIRECTION('',(0.,-1.,0.));
#19794=DIRECTION('center_axis',(0.,0.,1.));
#19795=DIRECTION('ref_axis',(1.,0.,0.));
#19796=DIRECTION('center_axis',(0.,0.,1.));
#19797=DIRECTION('ref_axis',(1.,0.,0.));
#19798=DIRECTION('center_axis',(0.,1.,0.));
#19799=DIRECTION('ref_axis',(-1.,0.,0.));
#19800=DIRECTION('',(-1.,0.,0.));
#19801=DIRECTION('',(0.,0.,1.));
#19802=DIRECTION('',(-1.,0.,0.));
#19803=DIRECTION('',(0.,0.,1.));
#19804=DIRECTION('center_axis',(1.,0.,0.));
#19805=DIRECTION('ref_axis',(0.,1.,0.));
#19806=DIRECTION('',(0.,1.,0.));
#19807=DIRECTION('',(0.,1.,0.));
#19808=DIRECTION('',(0.,0.,1.));
#19809=DIRECTION('center_axis',(0.,-1.,0.));
#19810=DIRECTION('ref_axis',(1.,0.,0.));
#19811=DIRECTION('',(1.,0.,0.));
#19812=DIRECTION('',(1.,0.,0.));
#19813=DIRECTION('',(0.,0.,1.));
#19814=DIRECTION('center_axis',(-1.,0.,0.));
#19815=DIRECTION('ref_axis',(0.,-1.,0.));
#19816=DIRECTION('',(0.,-1.,0.));
#19817=DIRECTION('',(0.,-1.,0.));
#19818=DIRECTION('center_axis',(0.,0.,1.));
#19819=DIRECTION('ref_axis',(1.,0.,0.));
#19820=DIRECTION('center_axis',(0.,0.,1.));
#19821=DIRECTION('ref_axis',(1.,0.,0.));
#19822=DIRECTION('center_axis',(0.,1.,0.));
#19823=DIRECTION('ref_axis',(-1.,0.,0.));
#19824=DIRECTION('',(-1.,0.,0.));
#19825=DIRECTION('',(0.,0.,1.));
#19826=DIRECTION('',(-1.,0.,0.));
#19827=DIRECTION('',(0.,0.,1.));
#19828=DIRECTION('center_axis',(1.,0.,0.));
#19829=DIRECTION('ref_axis',(0.,1.,0.));
#19830=DIRECTION('',(0.,1.,0.));
#19831=DIRECTION('',(0.,1.,0.));
#19832=DIRECTION('',(0.,0.,1.));
#19833=DIRECTION('center_axis',(0.,-1.,0.));
#19834=DIRECTION('ref_axis',(1.,0.,0.));
#19835=DIRECTION('',(1.,0.,0.));
#19836=DIRECTION('',(1.,0.,0.));
#19837=DIRECTION('',(0.,0.,1.));
#19838=DIRECTION('center_axis',(-1.,0.,0.));
#19839=DIRECTION('ref_axis',(0.,-1.,0.));
#19840=DIRECTION('',(0.,-1.,0.));
#19841=DIRECTION('',(0.,-1.,0.));
#19842=DIRECTION('center_axis',(0.,0.,1.));
#19843=DIRECTION('ref_axis',(1.,0.,0.));
#19844=DIRECTION('center_axis',(0.,0.,1.));
#19845=DIRECTION('ref_axis',(1.,0.,0.));
#19846=DIRECTION('center_axis',(0.,1.,0.));
#19847=DIRECTION('ref_axis',(-1.,0.,0.));
#19848=DIRECTION('',(-1.,0.,0.));
#19849=DIRECTION('',(0.,0.,1.));
#19850=DIRECTION('',(-1.,0.,0.));
#19851=DIRECTION('',(0.,0.,1.));
#19852=DIRECTION('center_axis',(1.,0.,0.));
#19853=DIRECTION('ref_axis',(0.,1.,0.));
#19854=DIRECTION('',(0.,1.,0.));
#19855=DIRECTION('',(0.,1.,0.));
#19856=DIRECTION('',(0.,0.,1.));
#19857=DIRECTION('center_axis',(0.,-1.,0.));
#19858=DIRECTION('ref_axis',(1.,0.,0.));
#19859=DIRECTION('',(1.,0.,0.));
#19860=DIRECTION('',(1.,0.,0.));
#19861=DIRECTION('',(0.,0.,1.));
#19862=DIRECTION('center_axis',(-1.,0.,0.));
#19863=DIRECTION('ref_axis',(0.,-1.,0.));
#19864=DIRECTION('',(0.,-1.,0.));
#19865=DIRECTION('',(0.,-1.,0.));
#19866=DIRECTION('center_axis',(0.,0.,1.));
#19867=DIRECTION('ref_axis',(1.,0.,0.));
#19868=DIRECTION('center_axis',(0.,0.,1.));
#19869=DIRECTION('ref_axis',(1.,0.,0.));
#19870=DIRECTION('center_axis',(0.,1.,0.));
#19871=DIRECTION('ref_axis',(-1.,0.,0.));
#19872=DIRECTION('',(-1.,0.,0.));
#19873=DIRECTION('',(0.,0.,1.));
#19874=DIRECTION('',(-1.,0.,0.));
#19875=DIRECTION('',(0.,0.,1.));
#19876=DIRECTION('center_axis',(1.,0.,0.));
#19877=DIRECTION('ref_axis',(0.,1.,0.));
#19878=DIRECTION('',(0.,1.,0.));
#19879=DIRECTION('',(0.,1.,0.));
#19880=DIRECTION('',(0.,0.,1.));
#19881=DIRECTION('center_axis',(0.,-1.,0.));
#19882=DIRECTION('ref_axis',(1.,0.,0.));
#19883=DIRECTION('',(1.,0.,0.));
#19884=DIRECTION('',(1.,0.,0.));
#19885=DIRECTION('',(0.,0.,1.));
#19886=DIRECTION('center_axis',(-1.,0.,0.));
#19887=DIRECTION('ref_axis',(0.,-1.,0.));
#19888=DIRECTION('',(0.,-1.,0.));
#19889=DIRECTION('',(0.,-1.,0.));
#19890=DIRECTION('center_axis',(0.,0.,1.));
#19891=DIRECTION('ref_axis',(1.,0.,0.));
#19892=DIRECTION('center_axis',(0.,0.,1.));
#19893=DIRECTION('ref_axis',(1.,0.,0.));
#19894=DIRECTION('center_axis',(0.,1.,0.));
#19895=DIRECTION('ref_axis',(-1.,0.,0.));
#19896=DIRECTION('',(-1.,0.,0.));
#19897=DIRECTION('',(0.,0.,1.));
#19898=DIRECTION('',(-1.,0.,0.));
#19899=DIRECTION('',(0.,0.,1.));
#19900=DIRECTION('center_axis',(1.,0.,0.));
#19901=DIRECTION('ref_axis',(0.,1.,0.));
#19902=DIRECTION('',(0.,1.,0.));
#19903=DIRECTION('',(0.,1.,0.));
#19904=DIRECTION('',(0.,0.,1.));
#19905=DIRECTION('center_axis',(0.,-1.,0.));
#19906=DIRECTION('ref_axis',(1.,0.,0.));
#19907=DIRECTION('',(1.,0.,0.));
#19908=DIRECTION('',(1.,0.,0.));
#19909=DIRECTION('',(0.,0.,1.));
#19910=DIRECTION('center_axis',(-1.,0.,0.));
#19911=DIRECTION('ref_axis',(0.,-1.,0.));
#19912=DIRECTION('',(0.,-1.,0.));
#19913=DIRECTION('',(0.,-1.,0.));
#19914=DIRECTION('center_axis',(0.,0.,1.));
#19915=DIRECTION('ref_axis',(1.,0.,0.));
#19916=DIRECTION('center_axis',(0.,0.,1.));
#19917=DIRECTION('ref_axis',(1.,0.,0.));
#19918=DIRECTION('center_axis',(0.,1.,0.));
#19919=DIRECTION('ref_axis',(-1.,0.,0.));
#19920=DIRECTION('',(-1.,0.,0.));
#19921=DIRECTION('',(0.,0.,1.));
#19922=DIRECTION('',(-1.,0.,0.));
#19923=DIRECTION('',(0.,0.,1.));
#19924=DIRECTION('center_axis',(1.,0.,0.));
#19925=DIRECTION('ref_axis',(0.,1.,0.));
#19926=DIRECTION('',(0.,1.,0.));
#19927=DIRECTION('',(0.,1.,0.));
#19928=DIRECTION('',(0.,0.,1.));
#19929=DIRECTION('center_axis',(0.,-1.,0.));
#19930=DIRECTION('ref_axis',(1.,0.,0.));
#19931=DIRECTION('',(1.,0.,0.));
#19932=DIRECTION('',(1.,0.,0.));
#19933=DIRECTION('',(0.,0.,1.));
#19934=DIRECTION('center_axis',(-1.,0.,0.));
#19935=DIRECTION('ref_axis',(0.,-1.,0.));
#19936=DIRECTION('',(0.,-1.,0.));
#19937=DIRECTION('',(0.,-1.,0.));
#19938=DIRECTION('center_axis',(0.,0.,1.));
#19939=DIRECTION('ref_axis',(1.,0.,0.));
#19940=DIRECTION('center_axis',(0.,0.,1.));
#19941=DIRECTION('ref_axis',(1.,0.,0.));
#19942=DIRECTION('center_axis',(0.,1.,0.));
#19943=DIRECTION('ref_axis',(-1.,0.,0.));
#19944=DIRECTION('',(-1.,0.,0.));
#19945=DIRECTION('',(0.,0.,1.));
#19946=DIRECTION('',(-1.,0.,0.));
#19947=DIRECTION('',(0.,0.,1.));
#19948=DIRECTION('center_axis',(1.,0.,0.));
#19949=DIRECTION('ref_axis',(0.,1.,0.));
#19950=DIRECTION('',(0.,1.,0.));
#19951=DIRECTION('',(0.,1.,0.));
#19952=DIRECTION('',(0.,0.,1.));
#19953=DIRECTION('center_axis',(0.,-1.,0.));
#19954=DIRECTION('ref_axis',(1.,0.,0.));
#19955=DIRECTION('',(1.,0.,0.));
#19956=DIRECTION('',(1.,0.,0.));
#19957=DIRECTION('',(0.,0.,1.));
#19958=DIRECTION('center_axis',(-1.,0.,0.));
#19959=DIRECTION('ref_axis',(0.,-1.,0.));
#19960=DIRECTION('',(0.,-1.,0.));
#19961=DIRECTION('',(0.,-1.,0.));
#19962=DIRECTION('center_axis',(0.,0.,1.));
#19963=DIRECTION('ref_axis',(1.,0.,0.));
#19964=DIRECTION('center_axis',(0.,0.,1.));
#19965=DIRECTION('ref_axis',(1.,0.,0.));
#19966=DIRECTION('center_axis',(0.,1.,0.));
#19967=DIRECTION('ref_axis',(-1.,0.,0.));
#19968=DIRECTION('',(-1.,0.,0.));
#19969=DIRECTION('',(0.,0.,1.));
#19970=DIRECTION('',(-1.,0.,0.));
#19971=DIRECTION('',(0.,0.,1.));
#19972=DIRECTION('center_axis',(1.,0.,0.));
#19973=DIRECTION('ref_axis',(0.,1.,0.));
#19974=DIRECTION('',(0.,1.,0.));
#19975=DIRECTION('',(0.,1.,0.));
#19976=DIRECTION('',(0.,0.,1.));
#19977=DIRECTION('center_axis',(0.,-1.,0.));
#19978=DIRECTION('ref_axis',(1.,0.,0.));
#19979=DIRECTION('',(1.,0.,0.));
#19980=DIRECTION('',(1.,0.,0.));
#19981=DIRECTION('',(0.,0.,1.));
#19982=DIRECTION('center_axis',(-1.,0.,0.));
#19983=DIRECTION('ref_axis',(0.,-1.,0.));
#19984=DIRECTION('',(0.,-1.,0.));
#19985=DIRECTION('',(0.,-1.,0.));
#19986=DIRECTION('center_axis',(0.,0.,1.));
#19987=DIRECTION('ref_axis',(1.,0.,0.));
#19988=DIRECTION('center_axis',(0.,0.,1.));
#19989=DIRECTION('ref_axis',(1.,0.,0.));
#19990=DIRECTION('center_axis',(0.,1.,0.));
#19991=DIRECTION('ref_axis',(-1.,0.,0.));
#19992=DIRECTION('',(-1.,0.,0.));
#19993=DIRECTION('',(0.,0.,1.));
#19994=DIRECTION('',(-1.,0.,0.));
#19995=DIRECTION('',(0.,0.,1.));
#19996=DIRECTION('center_axis',(1.,0.,0.));
#19997=DIRECTION('ref_axis',(0.,1.,0.));
#19998=DIRECTION('',(0.,1.,0.));
#19999=DIRECTION('',(0.,1.,0.));
#20000=DIRECTION('',(0.,0.,1.));
#20001=DIRECTION('center_axis',(0.,-1.,0.));
#20002=DIRECTION('ref_axis',(1.,0.,0.));
#20003=DIRECTION('',(1.,0.,0.));
#20004=DIRECTION('',(1.,0.,0.));
#20005=DIRECTION('',(0.,0.,1.));
#20006=DIRECTION('center_axis',(-1.,0.,0.));
#20007=DIRECTION('ref_axis',(0.,-1.,0.));
#20008=DIRECTION('',(0.,-1.,0.));
#20009=DIRECTION('',(0.,-1.,0.));
#20010=DIRECTION('center_axis',(0.,0.,1.));
#20011=DIRECTION('ref_axis',(1.,0.,0.));
#20012=DIRECTION('center_axis',(0.,0.,1.));
#20013=DIRECTION('ref_axis',(1.,0.,0.));
#20014=DIRECTION('center_axis',(0.,1.,0.));
#20015=DIRECTION('ref_axis',(-1.,0.,0.));
#20016=DIRECTION('',(-1.,0.,0.));
#20017=DIRECTION('',(0.,0.,1.));
#20018=DIRECTION('',(-1.,0.,0.));
#20019=DIRECTION('',(0.,0.,1.));
#20020=DIRECTION('center_axis',(1.,0.,0.));
#20021=DIRECTION('ref_axis',(0.,1.,0.));
#20022=DIRECTION('',(0.,1.,0.));
#20023=DIRECTION('',(0.,1.,0.));
#20024=DIRECTION('',(0.,0.,1.));
#20025=DIRECTION('center_axis',(0.,-1.,0.));
#20026=DIRECTION('ref_axis',(1.,0.,0.));
#20027=DIRECTION('',(1.,0.,0.));
#20028=DIRECTION('',(1.,0.,0.));
#20029=DIRECTION('',(0.,0.,1.));
#20030=DIRECTION('center_axis',(-1.,0.,0.));
#20031=DIRECTION('ref_axis',(0.,-1.,0.));
#20032=DIRECTION('',(0.,-1.,0.));
#20033=DIRECTION('',(0.,-1.,0.));
#20034=DIRECTION('center_axis',(0.,0.,1.));
#20035=DIRECTION('ref_axis',(1.,0.,0.));
#20036=DIRECTION('center_axis',(0.,0.,1.));
#20037=DIRECTION('ref_axis',(1.,0.,0.));
#20038=DIRECTION('center_axis',(0.,1.,0.));
#20039=DIRECTION('ref_axis',(-1.,0.,0.));
#20040=DIRECTION('',(-1.,0.,0.));
#20041=DIRECTION('',(0.,0.,1.));
#20042=DIRECTION('',(-1.,0.,0.));
#20043=DIRECTION('',(0.,0.,1.));
#20044=DIRECTION('center_axis',(1.,0.,0.));
#20045=DIRECTION('ref_axis',(0.,1.,0.));
#20046=DIRECTION('',(0.,1.,0.));
#20047=DIRECTION('',(0.,1.,0.));
#20048=DIRECTION('',(0.,0.,1.));
#20049=DIRECTION('center_axis',(0.,-1.,0.));
#20050=DIRECTION('ref_axis',(1.,0.,0.));
#20051=DIRECTION('',(1.,0.,0.));
#20052=DIRECTION('',(1.,0.,0.));
#20053=DIRECTION('',(0.,0.,1.));
#20054=DIRECTION('center_axis',(-1.,0.,0.));
#20055=DIRECTION('ref_axis',(0.,-1.,0.));
#20056=DIRECTION('',(0.,-1.,0.));
#20057=DIRECTION('',(0.,-1.,0.));
#20058=DIRECTION('center_axis',(0.,0.,1.));
#20059=DIRECTION('ref_axis',(1.,0.,0.));
#20060=DIRECTION('center_axis',(0.,0.,1.));
#20061=DIRECTION('ref_axis',(1.,0.,0.));
#20062=DIRECTION('center_axis',(0.,1.,0.));
#20063=DIRECTION('ref_axis',(-1.,0.,0.));
#20064=DIRECTION('',(-1.,0.,0.));
#20065=DIRECTION('',(0.,0.,1.));
#20066=DIRECTION('',(-1.,0.,0.));
#20067=DIRECTION('',(0.,0.,1.));
#20068=DIRECTION('center_axis',(1.,0.,0.));
#20069=DIRECTION('ref_axis',(0.,1.,0.));
#20070=DIRECTION('',(0.,1.,0.));
#20071=DIRECTION('',(0.,1.,0.));
#20072=DIRECTION('',(0.,0.,1.));
#20073=DIRECTION('center_axis',(0.,-1.,0.));
#20074=DIRECTION('ref_axis',(1.,0.,0.));
#20075=DIRECTION('',(1.,0.,0.));
#20076=DIRECTION('',(1.,0.,0.));
#20077=DIRECTION('',(0.,0.,1.));
#20078=DIRECTION('center_axis',(-1.,0.,0.));
#20079=DIRECTION('ref_axis',(0.,-1.,0.));
#20080=DIRECTION('',(0.,-1.,0.));
#20081=DIRECTION('',(0.,-1.,0.));
#20082=DIRECTION('center_axis',(0.,0.,1.));
#20083=DIRECTION('ref_axis',(1.,0.,0.));
#20084=DIRECTION('center_axis',(0.,0.,1.));
#20085=DIRECTION('ref_axis',(1.,0.,0.));
#20086=DIRECTION('center_axis',(0.,1.,0.));
#20087=DIRECTION('ref_axis',(-1.,0.,0.));
#20088=DIRECTION('',(-1.,0.,0.));
#20089=DIRECTION('',(0.,0.,1.));
#20090=DIRECTION('',(-1.,0.,0.));
#20091=DIRECTION('',(0.,0.,1.));
#20092=DIRECTION('center_axis',(1.,0.,0.));
#20093=DIRECTION('ref_axis',(0.,1.,0.));
#20094=DIRECTION('',(0.,1.,0.));
#20095=DIRECTION('',(0.,1.,0.));
#20096=DIRECTION('',(0.,0.,1.));
#20097=DIRECTION('center_axis',(0.,-1.,0.));
#20098=DIRECTION('ref_axis',(1.,0.,0.));
#20099=DIRECTION('',(1.,0.,0.));
#20100=DIRECTION('',(1.,0.,0.));
#20101=DIRECTION('',(0.,0.,1.));
#20102=DIRECTION('center_axis',(-1.,0.,0.));
#20103=DIRECTION('ref_axis',(0.,-1.,0.));
#20104=DIRECTION('',(0.,-1.,0.));
#20105=DIRECTION('',(0.,-1.,0.));
#20106=DIRECTION('center_axis',(0.,0.,1.));
#20107=DIRECTION('ref_axis',(1.,0.,0.));
#20108=DIRECTION('center_axis',(0.,0.,1.));
#20109=DIRECTION('ref_axis',(1.,0.,0.));
#20110=DIRECTION('center_axis',(0.,1.,0.));
#20111=DIRECTION('ref_axis',(-1.,0.,0.));
#20112=DIRECTION('',(-1.,0.,0.));
#20113=DIRECTION('',(0.,0.,1.));
#20114=DIRECTION('',(-1.,0.,0.));
#20115=DIRECTION('',(0.,0.,1.));
#20116=DIRECTION('center_axis',(1.,0.,0.));
#20117=DIRECTION('ref_axis',(0.,1.,0.));
#20118=DIRECTION('',(0.,1.,0.));
#20119=DIRECTION('',(0.,1.,0.));
#20120=DIRECTION('',(0.,0.,1.));
#20121=DIRECTION('center_axis',(0.,-1.,0.));
#20122=DIRECTION('ref_axis',(1.,0.,0.));
#20123=DIRECTION('',(1.,0.,0.));
#20124=DIRECTION('',(1.,0.,0.));
#20125=DIRECTION('',(0.,0.,1.));
#20126=DIRECTION('center_axis',(-1.,0.,0.));
#20127=DIRECTION('ref_axis',(0.,-1.,0.));
#20128=DIRECTION('',(0.,-1.,0.));
#20129=DIRECTION('',(0.,-1.,0.));
#20130=DIRECTION('center_axis',(0.,0.,1.));
#20131=DIRECTION('ref_axis',(1.,0.,0.));
#20132=DIRECTION('center_axis',(0.,0.,1.));
#20133=DIRECTION('ref_axis',(1.,0.,0.));
#20134=DIRECTION('center_axis',(0.,1.,0.));
#20135=DIRECTION('ref_axis',(-1.,0.,0.));
#20136=DIRECTION('',(-1.,0.,0.));
#20137=DIRECTION('',(0.,0.,1.));
#20138=DIRECTION('',(-1.,0.,0.));
#20139=DIRECTION('',(0.,0.,1.));
#20140=DIRECTION('center_axis',(1.,0.,0.));
#20141=DIRECTION('ref_axis',(0.,1.,0.));
#20142=DIRECTION('',(0.,1.,0.));
#20143=DIRECTION('',(0.,1.,0.));
#20144=DIRECTION('',(0.,0.,1.));
#20145=DIRECTION('center_axis',(0.,-1.,0.));
#20146=DIRECTION('ref_axis',(1.,0.,0.));
#20147=DIRECTION('',(1.,0.,0.));
#20148=DIRECTION('',(1.,0.,0.));
#20149=DIRECTION('',(0.,0.,1.));
#20150=DIRECTION('center_axis',(-1.,0.,0.));
#20151=DIRECTION('ref_axis',(0.,-1.,0.));
#20152=DIRECTION('',(0.,-1.,0.));
#20153=DIRECTION('',(0.,-1.,0.));
#20154=DIRECTION('center_axis',(0.,0.,1.));
#20155=DIRECTION('ref_axis',(1.,0.,0.));
#20156=DIRECTION('center_axis',(0.,0.,1.));
#20157=DIRECTION('ref_axis',(1.,0.,0.));
#20158=DIRECTION('center_axis',(0.,1.,0.));
#20159=DIRECTION('ref_axis',(-1.,0.,0.));
#20160=DIRECTION('',(-1.,0.,0.));
#20161=DIRECTION('',(0.,0.,1.));
#20162=DIRECTION('',(-1.,0.,0.));
#20163=DIRECTION('',(0.,0.,1.));
#20164=DIRECTION('center_axis',(1.,0.,0.));
#20165=DIRECTION('ref_axis',(0.,1.,0.));
#20166=DIRECTION('',(0.,1.,0.));
#20167=DIRECTION('',(0.,1.,0.));
#20168=DIRECTION('',(0.,0.,1.));
#20169=DIRECTION('center_axis',(0.,-1.,0.));
#20170=DIRECTION('ref_axis',(1.,0.,0.));
#20171=DIRECTION('',(1.,0.,0.));
#20172=DIRECTION('',(1.,0.,0.));
#20173=DIRECTION('',(0.,0.,1.));
#20174=DIRECTION('center_axis',(-1.,0.,0.));
#20175=DIRECTION('ref_axis',(0.,-1.,0.));
#20176=DIRECTION('',(0.,-1.,0.));
#20177=DIRECTION('',(0.,-1.,0.));
#20178=DIRECTION('center_axis',(0.,0.,1.));
#20179=DIRECTION('ref_axis',(1.,0.,0.));
#20180=DIRECTION('center_axis',(0.,0.,1.));
#20181=DIRECTION('ref_axis',(1.,0.,0.));
#20182=DIRECTION('center_axis',(0.,1.,0.));
#20183=DIRECTION('ref_axis',(-1.,0.,0.));
#20184=DIRECTION('',(-1.,0.,0.));
#20185=DIRECTION('',(0.,0.,1.));
#20186=DIRECTION('',(-1.,0.,0.));
#20187=DIRECTION('',(0.,0.,1.));
#20188=DIRECTION('center_axis',(1.,0.,0.));
#20189=DIRECTION('ref_axis',(0.,1.,0.));
#20190=DIRECTION('',(0.,1.,0.));
#20191=DIRECTION('',(0.,1.,0.));
#20192=DIRECTION('',(0.,0.,1.));
#20193=DIRECTION('center_axis',(0.,-1.,0.));
#20194=DIRECTION('ref_axis',(1.,0.,0.));
#20195=DIRECTION('',(1.,0.,0.));
#20196=DIRECTION('',(1.,0.,0.));
#20197=DIRECTION('',(0.,0.,1.));
#20198=DIRECTION('center_axis',(-1.,0.,0.));
#20199=DIRECTION('ref_axis',(0.,-1.,0.));
#20200=DIRECTION('',(0.,-1.,0.));
#20201=DIRECTION('',(0.,-1.,0.));
#20202=DIRECTION('center_axis',(0.,0.,1.));
#20203=DIRECTION('ref_axis',(1.,0.,0.));
#20204=DIRECTION('center_axis',(0.,0.,1.));
#20205=DIRECTION('ref_axis',(1.,0.,0.));
#20206=DIRECTION('center_axis',(0.,1.,0.));
#20207=DIRECTION('ref_axis',(-1.,0.,0.));
#20208=DIRECTION('',(-1.,0.,0.));
#20209=DIRECTION('',(0.,0.,1.));
#20210=DIRECTION('',(-1.,0.,0.));
#20211=DIRECTION('',(0.,0.,1.));
#20212=DIRECTION('center_axis',(1.,0.,0.));
#20213=DIRECTION('ref_axis',(0.,1.,0.));
#20214=DIRECTION('',(0.,1.,0.));
#20215=DIRECTION('',(0.,1.,0.));
#20216=DIRECTION('',(0.,0.,1.));
#20217=DIRECTION('center_axis',(0.,-1.,0.));
#20218=DIRECTION('ref_axis',(1.,0.,0.));
#20219=DIRECTION('',(1.,0.,0.));
#20220=DIRECTION('',(1.,0.,0.));
#20221=DIRECTION('',(0.,0.,1.));
#20222=DIRECTION('center_axis',(-1.,0.,0.));
#20223=DIRECTION('ref_axis',(0.,-1.,0.));
#20224=DIRECTION('',(0.,-1.,0.));
#20225=DIRECTION('',(0.,-1.,0.));
#20226=DIRECTION('center_axis',(0.,0.,1.));
#20227=DIRECTION('ref_axis',(1.,0.,0.));
#20228=DIRECTION('center_axis',(0.,0.,1.));
#20229=DIRECTION('ref_axis',(1.,0.,0.));
#20230=DIRECTION('center_axis',(0.,1.,0.));
#20231=DIRECTION('ref_axis',(-1.,0.,0.));
#20232=DIRECTION('',(-1.,0.,0.));
#20233=DIRECTION('',(0.,0.,1.));
#20234=DIRECTION('',(-1.,0.,0.));
#20235=DIRECTION('',(0.,0.,1.));
#20236=DIRECTION('center_axis',(1.,0.,0.));
#20237=DIRECTION('ref_axis',(0.,1.,0.));
#20238=DIRECTION('',(0.,1.,0.));
#20239=DIRECTION('',(0.,1.,0.));
#20240=DIRECTION('',(0.,0.,1.));
#20241=DIRECTION('center_axis',(0.,-1.,0.));
#20242=DIRECTION('ref_axis',(1.,0.,0.));
#20243=DIRECTION('',(1.,0.,0.));
#20244=DIRECTION('',(1.,0.,0.));
#20245=DIRECTION('',(0.,0.,1.));
#20246=DIRECTION('center_axis',(-1.,0.,0.));
#20247=DIRECTION('ref_axis',(0.,-1.,0.));
#20248=DIRECTION('',(0.,-1.,0.));
#20249=DIRECTION('',(0.,-1.,0.));
#20250=DIRECTION('center_axis',(0.,0.,1.));
#20251=DIRECTION('ref_axis',(1.,0.,0.));
#20252=DIRECTION('center_axis',(0.,0.,1.));
#20253=DIRECTION('ref_axis',(1.,0.,0.));
#20254=DIRECTION('center_axis',(0.,1.,0.));
#20255=DIRECTION('ref_axis',(-1.,0.,0.));
#20256=DIRECTION('',(-1.,0.,0.));
#20257=DIRECTION('',(0.,0.,1.));
#20258=DIRECTION('',(-1.,0.,0.));
#20259=DIRECTION('',(0.,0.,1.));
#20260=DIRECTION('center_axis',(1.,0.,0.));
#20261=DIRECTION('ref_axis',(0.,1.,0.));
#20262=DIRECTION('',(0.,1.,0.));
#20263=DIRECTION('',(0.,1.,0.));
#20264=DIRECTION('',(0.,0.,1.));
#20265=DIRECTION('center_axis',(0.,-1.,0.));
#20266=DIRECTION('ref_axis',(1.,0.,0.));
#20267=DIRECTION('',(1.,0.,0.));
#20268=DIRECTION('',(1.,0.,0.));
#20269=DIRECTION('',(0.,0.,1.));
#20270=DIRECTION('center_axis',(-1.,0.,0.));
#20271=DIRECTION('ref_axis',(0.,-1.,0.));
#20272=DIRECTION('',(0.,-1.,0.));
#20273=DIRECTION('',(0.,-1.,0.));
#20274=DIRECTION('center_axis',(0.,0.,1.));
#20275=DIRECTION('ref_axis',(1.,0.,0.));
#20276=DIRECTION('center_axis',(0.,0.,1.));
#20277=DIRECTION('ref_axis',(1.,0.,0.));
#20278=CARTESIAN_POINT('',(0.,0.,0.));
#20279=CARTESIAN_POINT('Origin',(1287.5,45.,-5.));
#20280=CARTESIAN_POINT('',(1287.5,45.,-5.));
#20281=CARTESIAN_POINT('',(1280.5,45.,-5.));
#20282=CARTESIAN_POINT('',(1287.5,45.,-5.));
#20283=CARTESIAN_POINT('',(1280.5,45.,5.));
#20284=CARTESIAN_POINT('',(1280.5,45.,-5.));
#20285=CARTESIAN_POINT('',(1287.5,45.,5.));
#20286=CARTESIAN_POINT('',(1287.5,45.,5.));
#20287=CARTESIAN_POINT('',(1287.5,45.,-5.));
#20288=CARTESIAN_POINT('Origin',(1287.5,-45.,-5.));
#20289=CARTESIAN_POINT('',(1287.5,-45.,-5.));
#20290=CARTESIAN_POINT('',(1287.5,-45.,-5.));
#20291=CARTESIAN_POINT('',(1287.5,-45.,5.));
#20292=CARTESIAN_POINT('',(1287.5,-45.,5.));
#20293=CARTESIAN_POINT('',(1287.5,-45.,-5.));
#20294=CARTESIAN_POINT('Origin',(1280.5,-45.,-5.));
#20295=CARTESIAN_POINT('',(1280.5,-45.,-5.));
#20296=CARTESIAN_POINT('',(1280.5,-45.,-5.));
#20297=CARTESIAN_POINT('',(1280.5,-45.,5.));
#20298=CARTESIAN_POINT('',(1280.5,-45.,5.));
#20299=CARTESIAN_POINT('',(1280.5,-45.,-5.));
#20300=CARTESIAN_POINT('Origin',(1280.5,45.,-5.));
#20301=CARTESIAN_POINT('',(1280.5,45.,-5.));
#20302=CARTESIAN_POINT('',(1280.5,45.,5.));
#20303=CARTESIAN_POINT('Origin',(1284.,0.,5.));
#20304=CARTESIAN_POINT('Origin',(1284.,0.,-5.));
#20305=CARTESIAN_POINT('Origin',(1271.5,45.,-5.));
#20306=CARTESIAN_POINT('',(1271.5,45.,-5.));
#20307=CARTESIAN_POINT('',(1264.5,45.,-5.));
#20308=CARTESIAN_POINT('',(1271.5,45.,-5.));
#20309=CARTESIAN_POINT('',(1264.5,45.,5.));
#20310=CARTESIAN_POINT('',(1264.5,45.,-5.));
#20311=CARTESIAN_POINT('',(1271.5,45.,5.));
#20312=CARTESIAN_POINT('',(1271.5,45.,5.));
#20313=CARTESIAN_POINT('',(1271.5,45.,-5.));
#20314=CARTESIAN_POINT('Origin',(1271.5,-45.,-5.));
#20315=CARTESIAN_POINT('',(1271.5,-45.,-5.));
#20316=CARTESIAN_POINT('',(1271.5,-45.,-5.));
#20317=CARTESIAN_POINT('',(1271.5,-45.,5.));
#20318=CARTESIAN_POINT('',(1271.5,-45.,5.));
#20319=CARTESIAN_POINT('',(1271.5,-45.,-5.));
#20320=CARTESIAN_POINT('Origin',(1264.5,-45.,-5.));
#20321=CARTESIAN_POINT('',(1264.5,-45.,-5.));
#20322=CARTESIAN_POINT('',(1264.5,-45.,-5.));
#20323=CARTESIAN_POINT('',(1264.5,-45.,5.));
#20324=CARTESIAN_POINT('',(1264.5,-45.,5.));
#20325=CARTESIAN_POINT('',(1264.5,-45.,-5.));
#20326=CARTESIAN_POINT('Origin',(1264.5,45.,-5.));
#20327=CARTESIAN_POINT('',(1264.5,45.,-5.));
#20328=CARTESIAN_POINT('',(1264.5,45.,5.));
#20329=CARTESIAN_POINT('Origin',(1268.,0.,5.));
#20330=CARTESIAN_POINT('Origin',(1268.,0.,-5.));
#20331=CARTESIAN_POINT('Origin',(1255.5,45.,-5.));
#20332=CARTESIAN_POINT('',(1255.5,45.,-5.));
#20333=CARTESIAN_POINT('',(1248.5,45.,-5.));
#20334=CARTESIAN_POINT('',(1255.5,45.,-5.));
#20335=CARTESIAN_POINT('',(1248.5,45.,5.));
#20336=CARTESIAN_POINT('',(1248.5,45.,-5.));
#20337=CARTESIAN_POINT('',(1255.5,45.,5.));
#20338=CARTESIAN_POINT('',(1255.5,45.,5.));
#20339=CARTESIAN_POINT('',(1255.5,45.,-5.));
#20340=CARTESIAN_POINT('Origin',(1255.5,-45.,-5.));
#20341=CARTESIAN_POINT('',(1255.5,-45.,-5.));
#20342=CARTESIAN_POINT('',(1255.5,-45.,-5.));
#20343=CARTESIAN_POINT('',(1255.5,-45.,5.));
#20344=CARTESIAN_POINT('',(1255.5,-45.,5.));
#20345=CARTESIAN_POINT('',(1255.5,-45.,-5.));
#20346=CARTESIAN_POINT('Origin',(1248.5,-45.,-5.));
#20347=CARTESIAN_POINT('',(1248.5,-45.,-5.));
#20348=CARTESIAN_POINT('',(1248.5,-45.,-5.));
#20349=CARTESIAN_POINT('',(1248.5,-45.,5.));
#20350=CARTESIAN_POINT('',(1248.5,-45.,5.));
#20351=CARTESIAN_POINT('',(1248.5,-45.,-5.));
#20352=CARTESIAN_POINT('Origin',(1248.5,45.,-5.));
#20353=CARTESIAN_POINT('',(1248.5,45.,-5.));
#20354=CARTESIAN_POINT('',(1248.5,45.,5.));
#20355=CARTESIAN_POINT('Origin',(1252.,0.,5.));
#20356=CARTESIAN_POINT('Origin',(1252.,0.,-5.));
#20357=CARTESIAN_POINT('Origin',(1239.5,45.,-5.));
#20358=CARTESIAN_POINT('',(1239.5,45.,-5.));
#20359=CARTESIAN_POINT('',(1232.5,45.,-5.));
#20360=CARTESIAN_POINT('',(1239.5,45.,-5.));
#20361=CARTESIAN_POINT('',(1232.5,45.,5.));
#20362=CARTESIAN_POINT('',(1232.5,45.,-5.));
#20363=CARTESIAN_POINT('',(1239.5,45.,5.));
#20364=CARTESIAN_POINT('',(1239.5,45.,5.));
#20365=CARTESIAN_POINT('',(1239.5,45.,-5.));
#20366=CARTESIAN_POINT('Origin',(1239.5,-45.,-5.));
#20367=CARTESIAN_POINT('',(1239.5,-45.,-5.));
#20368=CARTESIAN_POINT('',(1239.5,-45.,-5.));
#20369=CARTESIAN_POINT('',(1239.5,-45.,5.));
#20370=CARTESIAN_POINT('',(1239.5,-45.,5.));
#20371=CARTESIAN_POINT('',(1239.5,-45.,-5.));
#20372=CARTESIAN_POINT('Origin',(1232.5,-45.,-5.));
#20373=CARTESIAN_POINT('',(1232.5,-45.,-5.));
#20374=CARTESIAN_POINT('',(1232.5,-45.,-5.));
#20375=CARTESIAN_POINT('',(1232.5,-45.,5.));
#20376=CARTESIAN_POINT('',(1232.5,-45.,5.));
#20377=CARTESIAN_POINT('',(1232.5,-45.,-5.));
#20378=CARTESIAN_POINT('Origin',(1232.5,45.,-5.));
#20379=CARTESIAN_POINT('',(1232.5,45.,-5.));
#20380=CARTESIAN_POINT('',(1232.5,45.,5.));
#20381=CARTESIAN_POINT('Origin',(1236.,0.,5.));
#20382=CARTESIAN_POINT('Origin',(1236.,0.,-5.));
#20383=CARTESIAN_POINT('Origin',(1223.5,45.,-5.));
#20384=CARTESIAN_POINT('',(1223.5,45.,-5.));
#20385=CARTESIAN_POINT('',(1216.5,45.,-5.));
#20386=CARTESIAN_POINT('',(1223.5,45.,-5.));
#20387=CARTESIAN_POINT('',(1216.5,45.,5.));
#20388=CARTESIAN_POINT('',(1216.5,45.,-5.));
#20389=CARTESIAN_POINT('',(1223.5,45.,5.));
#20390=CARTESIAN_POINT('',(1223.5,45.,5.));
#20391=CARTESIAN_POINT('',(1223.5,45.,-5.));
#20392=CARTESIAN_POINT('Origin',(1223.5,-45.,-5.));
#20393=CARTESIAN_POINT('',(1223.5,-45.,-5.));
#20394=CARTESIAN_POINT('',(1223.5,-45.,-5.));
#20395=CARTESIAN_POINT('',(1223.5,-45.,5.));
#20396=CARTESIAN_POINT('',(1223.5,-45.,5.));
#20397=CARTESIAN_POINT('',(1223.5,-45.,-5.));
#20398=CARTESIAN_POINT('Origin',(1216.5,-45.,-5.));
#20399=CARTESIAN_POINT('',(1216.5,-45.,-5.));
#20400=CARTESIAN_POINT('',(1216.5,-45.,-5.));
#20401=CARTESIAN_POINT('',(1216.5,-45.,5.));
#20402=CARTESIAN_POINT('',(1216.5,-45.,5.));
#20403=CARTESIAN_POINT('',(1216.5,-45.,-5.));
#20404=CARTESIAN_POINT('Origin',(1216.5,45.,-5.));
#20405=CARTESIAN_POINT('',(1216.5,45.,-5.));
#20406=CARTESIAN_POINT('',(1216.5,45.,5.));
#20407=CARTESIAN_POINT('Origin',(1220.,0.,5.));
#20408=CARTESIAN_POINT('Origin',(1220.,0.,-5.));
#20409=CARTESIAN_POINT('Origin',(1207.5,45.,-5.));
#20410=CARTESIAN_POINT('',(1207.5,45.,-5.));
#20411=CARTESIAN_POINT('',(1200.5,45.,-5.));
#20412=CARTESIAN_POINT('',(1207.5,45.,-5.));
#20413=CARTESIAN_POINT('',(1200.5,45.,5.));
#20414=CARTESIAN_POINT('',(1200.5,45.,-5.));
#20415=CARTESIAN_POINT('',(1207.5,45.,5.));
#20416=CARTESIAN_POINT('',(1207.5,45.,5.));
#20417=CARTESIAN_POINT('',(1207.5,45.,-5.));
#20418=CARTESIAN_POINT('Origin',(1207.5,-45.,-5.));
#20419=CARTESIAN_POINT('',(1207.5,-45.,-5.));
#20420=CARTESIAN_POINT('',(1207.5,-45.,-5.));
#20421=CARTESIAN_POINT('',(1207.5,-45.,5.));
#20422=CARTESIAN_POINT('',(1207.5,-45.,5.));
#20423=CARTESIAN_POINT('',(1207.5,-45.,-5.));
#20424=CARTESIAN_POINT('Origin',(1200.5,-45.,-5.));
#20425=CARTESIAN_POINT('',(1200.5,-45.,-5.));
#20426=CARTESIAN_POINT('',(1200.5,-45.,-5.));
#20427=CARTESIAN_POINT('',(1200.5,-45.,5.));
#20428=CARTESIAN_POINT('',(1200.5,-45.,5.));
#20429=CARTESIAN_POINT('',(1200.5,-45.,-5.));
#20430=CARTESIAN_POINT('Origin',(1200.5,45.,-5.));
#20431=CARTESIAN_POINT('',(1200.5,45.,-5.));
#20432=CARTESIAN_POINT('',(1200.5,45.,5.));
#20433=CARTESIAN_POINT('Origin',(1204.,0.,5.));
#20434=CARTESIAN_POINT('Origin',(1204.,0.,-5.));
#20435=CARTESIAN_POINT('Origin',(1191.5,45.,-5.));
#20436=CARTESIAN_POINT('',(1191.5,45.,-5.));
#20437=CARTESIAN_POINT('',(1184.5,45.,-5.));
#20438=CARTESIAN_POINT('',(1191.5,45.,-5.));
#20439=CARTESIAN_POINT('',(1184.5,45.,5.));
#20440=CARTESIAN_POINT('',(1184.5,45.,-5.));
#20441=CARTESIAN_POINT('',(1191.5,45.,5.));
#20442=CARTESIAN_POINT('',(1191.5,45.,5.));
#20443=CARTESIAN_POINT('',(1191.5,45.,-5.));
#20444=CARTESIAN_POINT('Origin',(1191.5,-45.,-5.));
#20445=CARTESIAN_POINT('',(1191.5,-45.,-5.));
#20446=CARTESIAN_POINT('',(1191.5,-45.,-5.));
#20447=CARTESIAN_POINT('',(1191.5,-45.,5.));
#20448=CARTESIAN_POINT('',(1191.5,-45.,5.));
#20449=CARTESIAN_POINT('',(1191.5,-45.,-5.));
#20450=CARTESIAN_POINT('Origin',(1184.5,-45.,-5.));
#20451=CARTESIAN_POINT('',(1184.5,-45.,-5.));
#20452=CARTESIAN_POINT('',(1184.5,-45.,-5.));
#20453=CARTESIAN_POINT('',(1184.5,-45.,5.));
#20454=CARTESIAN_POINT('',(1184.5,-45.,5.));
#20455=CARTESIAN_POINT('',(1184.5,-45.,-5.));
#20456=CARTESIAN_POINT('Origin',(1184.5,45.,-5.));
#20457=CARTESIAN_POINT('',(1184.5,45.,-5.));
#20458=CARTESIAN_POINT('',(1184.5,45.,5.));
#20459=CARTESIAN_POINT('Origin',(1188.,0.,5.));
#20460=CARTESIAN_POINT('Origin',(1188.,0.,-5.));
#20461=CARTESIAN_POINT('Origin',(1175.5,45.,-5.));
#20462=CARTESIAN_POINT('',(1175.5,45.,-5.));
#20463=CARTESIAN_POINT('',(1168.5,45.,-5.));
#20464=CARTESIAN_POINT('',(1175.5,45.,-5.));
#20465=CARTESIAN_POINT('',(1168.5,45.,5.));
#20466=CARTESIAN_POINT('',(1168.5,45.,-5.));
#20467=CARTESIAN_POINT('',(1175.5,45.,5.));
#20468=CARTESIAN_POINT('',(1175.5,45.,5.));
#20469=CARTESIAN_POINT('',(1175.5,45.,-5.));
#20470=CARTESIAN_POINT('Origin',(1175.5,-45.,-5.));
#20471=CARTESIAN_POINT('',(1175.5,-45.,-5.));
#20472=CARTESIAN_POINT('',(1175.5,-45.,-5.));
#20473=CARTESIAN_POINT('',(1175.5,-45.,5.));
#20474=CARTESIAN_POINT('',(1175.5,-45.,5.));
#20475=CARTESIAN_POINT('',(1175.5,-45.,-5.));
#20476=CARTESIAN_POINT('Origin',(1168.5,-45.,-5.));
#20477=CARTESIAN_POINT('',(1168.5,-45.,-5.));
#20478=CARTESIAN_POINT('',(1168.5,-45.,-5.));
#20479=CARTESIAN_POINT('',(1168.5,-45.,5.));
#20480=CARTESIAN_POINT('',(1168.5,-45.,5.));
#20481=CARTESIAN_POINT('',(1168.5,-45.,-5.));
#20482=CARTESIAN_POINT('Origin',(1168.5,45.,-5.));
#20483=CARTESIAN_POINT('',(1168.5,45.,-5.));
#20484=CARTESIAN_POINT('',(1168.5,45.,5.));
#20485=CARTESIAN_POINT('Origin',(1172.,0.,5.));
#20486=CARTESIAN_POINT('Origin',(1172.,0.,-5.));
#20487=CARTESIAN_POINT('Origin',(1159.5,45.,-5.));
#20488=CARTESIAN_POINT('',(1159.5,45.,-5.));
#20489=CARTESIAN_POINT('',(1152.5,45.,-5.));
#20490=CARTESIAN_POINT('',(1159.5,45.,-5.));
#20491=CARTESIAN_POINT('',(1152.5,45.,5.));
#20492=CARTESIAN_POINT('',(1152.5,45.,-5.));
#20493=CARTESIAN_POINT('',(1159.5,45.,5.));
#20494=CARTESIAN_POINT('',(1159.5,45.,5.));
#20495=CARTESIAN_POINT('',(1159.5,45.,-5.));
#20496=CARTESIAN_POINT('Origin',(1159.5,-45.,-5.));
#20497=CARTESIAN_POINT('',(1159.5,-45.,-5.));
#20498=CARTESIAN_POINT('',(1159.5,-45.,-5.));
#20499=CARTESIAN_POINT('',(1159.5,-45.,5.));
#20500=CARTESIAN_POINT('',(1159.5,-45.,5.));
#20501=CARTESIAN_POINT('',(1159.5,-45.,-5.));
#20502=CARTESIAN_POINT('Origin',(1152.5,-45.,-5.));
#20503=CARTESIAN_POINT('',(1152.5,-45.,-5.));
#20504=CARTESIAN_POINT('',(1152.5,-45.,-5.));
#20505=CARTESIAN_POINT('',(1152.5,-45.,5.));
#20506=CARTESIAN_POINT('',(1152.5,-45.,5.));
#20507=CARTESIAN_POINT('',(1152.5,-45.,-5.));
#20508=CARTESIAN_POINT('Origin',(1152.5,45.,-5.));
#20509=CARTESIAN_POINT('',(1152.5,45.,-5.));
#20510=CARTESIAN_POINT('',(1152.5,45.,5.));
#20511=CARTESIAN_POINT('Origin',(1156.,0.,5.));
#20512=CARTESIAN_POINT('Origin',(1156.,0.,-5.));
#20513=CARTESIAN_POINT('Origin',(1143.5,45.,-5.));
#20514=CARTESIAN_POINT('',(1143.5,45.,-5.));
#20515=CARTESIAN_POINT('',(1136.5,45.,-5.));
#20516=CARTESIAN_POINT('',(1143.5,45.,-5.));
#20517=CARTESIAN_POINT('',(1136.5,45.,5.));
#20518=CARTESIAN_POINT('',(1136.5,45.,-5.));
#20519=CARTESIAN_POINT('',(1143.5,45.,5.));
#20520=CARTESIAN_POINT('',(1143.5,45.,5.));
#20521=CARTESIAN_POINT('',(1143.5,45.,-5.));
#20522=CARTESIAN_POINT('Origin',(1143.5,-45.,-5.));
#20523=CARTESIAN_POINT('',(1143.5,-45.,-5.));
#20524=CARTESIAN_POINT('',(1143.5,-45.,-5.));
#20525=CARTESIAN_POINT('',(1143.5,-45.,5.));
#20526=CARTESIAN_POINT('',(1143.5,-45.,5.));
#20527=CARTESIAN_POINT('',(1143.5,-45.,-5.));
#20528=CARTESIAN_POINT('Origin',(1136.5,-45.,-5.));
#20529=CARTESIAN_POINT('',(1136.5,-45.,-5.));
#20530=CARTESIAN_POINT('',(1136.5,-45.,-5.));
#20531=CARTESIAN_POINT('',(1136.5,-45.,5.));
#20532=CARTESIAN_POINT('',(1136.5,-45.,5.));
#20533=CARTESIAN_POINT('',(1136.5,-45.,-5.));
#20534=CARTESIAN_POINT('Origin',(1136.5,45.,-5.));
#20535=CARTESIAN_POINT('',(1136.5,45.,-5.));
#20536=CARTESIAN_POINT('',(1136.5,45.,5.));
#20537=CARTESIAN_POINT('Origin',(1140.,0.,5.));
#20538=CARTESIAN_POINT('Origin',(1140.,0.,-5.));
#20539=CARTESIAN_POINT('Origin',(1127.5,45.,-5.));
#20540=CARTESIAN_POINT('',(1127.5,45.,-5.));
#20541=CARTESIAN_POINT('',(1120.5,45.,-5.));
#20542=CARTESIAN_POINT('',(1127.5,45.,-5.));
#20543=CARTESIAN_POINT('',(1120.5,45.,5.));
#20544=CARTESIAN_POINT('',(1120.5,45.,-5.));
#20545=CARTESIAN_POINT('',(1127.5,45.,5.));
#20546=CARTESIAN_POINT('',(1127.5,45.,5.));
#20547=CARTESIAN_POINT('',(1127.5,45.,-5.));
#20548=CARTESIAN_POINT('Origin',(1127.5,-45.,-5.));
#20549=CARTESIAN_POINT('',(1127.5,-45.,-5.));
#20550=CARTESIAN_POINT('',(1127.5,-45.,-5.));
#20551=CARTESIAN_POINT('',(1127.5,-45.,5.));
#20552=CARTESIAN_POINT('',(1127.5,-45.,5.));
#20553=CARTESIAN_POINT('',(1127.5,-45.,-5.));
#20554=CARTESIAN_POINT('Origin',(1120.5,-45.,-5.));
#20555=CARTESIAN_POINT('',(1120.5,-45.,-5.));
#20556=CARTESIAN_POINT('',(1120.5,-45.,-5.));
#20557=CARTESIAN_POINT('',(1120.5,-45.,5.));
#20558=CARTESIAN_POINT('',(1120.5,-45.,5.));
#20559=CARTESIAN_POINT('',(1120.5,-45.,-5.));
#20560=CARTESIAN_POINT('Origin',(1120.5,45.,-5.));
#20561=CARTESIAN_POINT('',(1120.5,45.,-5.));
#20562=CARTESIAN_POINT('',(1120.5,45.,5.));
#20563=CARTESIAN_POINT('Origin',(1124.,0.,5.));
#20564=CARTESIAN_POINT('Origin',(1124.,0.,-5.));
#20565=CARTESIAN_POINT('Origin',(1111.5,45.,-5.));
#20566=CARTESIAN_POINT('',(1111.5,45.,-5.));
#20567=CARTESIAN_POINT('',(1104.5,45.,-5.));
#20568=CARTESIAN_POINT('',(1111.5,45.,-5.));
#20569=CARTESIAN_POINT('',(1104.5,45.,5.));
#20570=CARTESIAN_POINT('',(1104.5,45.,-5.));
#20571=CARTESIAN_POINT('',(1111.5,45.,5.));
#20572=CARTESIAN_POINT('',(1111.5,45.,5.));
#20573=CARTESIAN_POINT('',(1111.5,45.,-5.));
#20574=CARTESIAN_POINT('Origin',(1111.5,-45.,-5.));
#20575=CARTESIAN_POINT('',(1111.5,-45.,-5.));
#20576=CARTESIAN_POINT('',(1111.5,-45.,-5.));
#20577=CARTESIAN_POINT('',(1111.5,-45.,5.));
#20578=CARTESIAN_POINT('',(1111.5,-45.,5.));
#20579=CARTESIAN_POINT('',(1111.5,-45.,-5.));
#20580=CARTESIAN_POINT('Origin',(1104.5,-45.,-5.));
#20581=CARTESIAN_POINT('',(1104.5,-45.,-5.));
#20582=CARTESIAN_POINT('',(1104.5,-45.,-5.));
#20583=CARTESIAN_POINT('',(1104.5,-45.,5.));
#20584=CARTESIAN_POINT('',(1104.5,-45.,5.));
#20585=CARTESIAN_POINT('',(1104.5,-45.,-5.));
#20586=CARTESIAN_POINT('Origin',(1104.5,45.,-5.));
#20587=CARTESIAN_POINT('',(1104.5,45.,-5.));
#20588=CARTESIAN_POINT('',(1104.5,45.,5.));
#20589=CARTESIAN_POINT('Origin',(1108.,0.,5.));
#20590=CARTESIAN_POINT('Origin',(1108.,0.,-5.));
#20591=CARTESIAN_POINT('Origin',(1095.5,45.,-5.));
#20592=CARTESIAN_POINT('',(1095.5,45.,-5.));
#20593=CARTESIAN_POINT('',(1088.5,45.,-5.));
#20594=CARTESIAN_POINT('',(1095.5,45.,-5.));
#20595=CARTESIAN_POINT('',(1088.5,45.,5.));
#20596=CARTESIAN_POINT('',(1088.5,45.,-5.));
#20597=CARTESIAN_POINT('',(1095.5,45.,5.));
#20598=CARTESIAN_POINT('',(1095.5,45.,5.));
#20599=CARTESIAN_POINT('',(1095.5,45.,-5.));
#20600=CARTESIAN_POINT('Origin',(1095.5,-45.,-5.));
#20601=CARTESIAN_POINT('',(1095.5,-45.,-5.));
#20602=CARTESIAN_POINT('',(1095.5,-45.,-5.));
#20603=CARTESIAN_POINT('',(1095.5,-45.,5.));
#20604=CARTESIAN_POINT('',(1095.5,-45.,5.));
#20605=CARTESIAN_POINT('',(1095.5,-45.,-5.));
#20606=CARTESIAN_POINT('Origin',(1088.5,-45.,-5.));
#20607=CARTESIAN_POINT('',(1088.5,-45.,-5.));
#20608=CARTESIAN_POINT('',(1088.5,-45.,-5.));
#20609=CARTESIAN_POINT('',(1088.5,-45.,5.));
#20610=CARTESIAN_POINT('',(1088.5,-45.,5.));
#20611=CARTESIAN_POINT('',(1088.5,-45.,-5.));
#20612=CARTESIAN_POINT('Origin',(1088.5,45.,-5.));
#20613=CARTESIAN_POINT('',(1088.5,45.,-5.));
#20614=CARTESIAN_POINT('',(1088.5,45.,5.));
#20615=CARTESIAN_POINT('Origin',(1092.,0.,5.));
#20616=CARTESIAN_POINT('Origin',(1092.,0.,-5.));
#20617=CARTESIAN_POINT('Origin',(1079.5,45.,-5.));
#20618=CARTESIAN_POINT('',(1079.5,45.,-5.));
#20619=CARTESIAN_POINT('',(1072.5,45.,-5.));
#20620=CARTESIAN_POINT('',(1079.5,45.,-5.));
#20621=CARTESIAN_POINT('',(1072.5,45.,5.));
#20622=CARTESIAN_POINT('',(1072.5,45.,-5.));
#20623=CARTESIAN_POINT('',(1079.5,45.,5.));
#20624=CARTESIAN_POINT('',(1079.5,45.,5.));
#20625=CARTESIAN_POINT('',(1079.5,45.,-5.));
#20626=CARTESIAN_POINT('Origin',(1079.5,-45.,-5.));
#20627=CARTESIAN_POINT('',(1079.5,-45.,-5.));
#20628=CARTESIAN_POINT('',(1079.5,-45.,-5.));
#20629=CARTESIAN_POINT('',(1079.5,-45.,5.));
#20630=CARTESIAN_POINT('',(1079.5,-45.,5.));
#20631=CARTESIAN_POINT('',(1079.5,-45.,-5.));
#20632=CARTESIAN_POINT('Origin',(1072.5,-45.,-5.));
#20633=CARTESIAN_POINT('',(1072.5,-45.,-5.));
#20634=CARTESIAN_POINT('',(1072.5,-45.,-5.));
#20635=CARTESIAN_POINT('',(1072.5,-45.,5.));
#20636=CARTESIAN_POINT('',(1072.5,-45.,5.));
#20637=CARTESIAN_POINT('',(1072.5,-45.,-5.));
#20638=CARTESIAN_POINT('Origin',(1072.5,45.,-5.));
#20639=CARTESIAN_POINT('',(1072.5,45.,-5.));
#20640=CARTESIAN_POINT('',(1072.5,45.,5.));
#20641=CARTESIAN_POINT('Origin',(1076.,0.,5.));
#20642=CARTESIAN_POINT('Origin',(1076.,0.,-5.));
#20643=CARTESIAN_POINT('Origin',(1063.5,45.,-5.));
#20644=CARTESIAN_POINT('',(1063.5,45.,-5.));
#20645=CARTESIAN_POINT('',(1056.5,45.,-5.));
#20646=CARTESIAN_POINT('',(1063.5,45.,-5.));
#20647=CARTESIAN_POINT('',(1056.5,45.,5.));
#20648=CARTESIAN_POINT('',(1056.5,45.,-5.));
#20649=CARTESIAN_POINT('',(1063.5,45.,5.));
#20650=CARTESIAN_POINT('',(1063.5,45.,5.));
#20651=CARTESIAN_POINT('',(1063.5,45.,-5.));
#20652=CARTESIAN_POINT('Origin',(1063.5,-45.,-5.));
#20653=CARTESIAN_POINT('',(1063.5,-45.,-5.));
#20654=CARTESIAN_POINT('',(1063.5,-45.,-5.));
#20655=CARTESIAN_POINT('',(1063.5,-45.,5.));
#20656=CARTESIAN_POINT('',(1063.5,-45.,5.));
#20657=CARTESIAN_POINT('',(1063.5,-45.,-5.));
#20658=CARTESIAN_POINT('Origin',(1056.5,-45.,-5.));
#20659=CARTESIAN_POINT('',(1056.5,-45.,-5.));
#20660=CARTESIAN_POINT('',(1056.5,-45.,-5.));
#20661=CARTESIAN_POINT('',(1056.5,-45.,5.));
#20662=CARTESIAN_POINT('',(1056.5,-45.,5.));
#20663=CARTESIAN_POINT('',(1056.5,-45.,-5.));
#20664=CARTESIAN_POINT('Origin',(1056.5,45.,-5.));
#20665=CARTESIAN_POINT('',(1056.5,45.,-5.));
#20666=CARTESIAN_POINT('',(1056.5,45.,5.));
#20667=CARTESIAN_POINT('Origin',(1060.,0.,5.));
#20668=CARTESIAN_POINT('Origin',(1060.,0.,-5.));
#20669=CARTESIAN_POINT('Origin',(1047.5,45.,-5.));
#20670=CARTESIAN_POINT('',(1047.5,45.,-5.));
#20671=CARTESIAN_POINT('',(1040.5,45.,-5.));
#20672=CARTESIAN_POINT('',(1047.5,45.,-5.));
#20673=CARTESIAN_POINT('',(1040.5,45.,5.));
#20674=CARTESIAN_POINT('',(1040.5,45.,-5.));
#20675=CARTESIAN_POINT('',(1047.5,45.,5.));
#20676=CARTESIAN_POINT('',(1047.5,45.,5.));
#20677=CARTESIAN_POINT('',(1047.5,45.,-5.));
#20678=CARTESIAN_POINT('Origin',(1047.5,-45.,-5.));
#20679=CARTESIAN_POINT('',(1047.5,-45.,-5.));
#20680=CARTESIAN_POINT('',(1047.5,-45.,-5.));
#20681=CARTESIAN_POINT('',(1047.5,-45.,5.));
#20682=CARTESIAN_POINT('',(1047.5,-45.,5.));
#20683=CARTESIAN_POINT('',(1047.5,-45.,-5.));
#20684=CARTESIAN_POINT('Origin',(1040.5,-45.,-5.));
#20685=CARTESIAN_POINT('',(1040.5,-45.,-5.));
#20686=CARTESIAN_POINT('',(1040.5,-45.,-5.));
#20687=CARTESIAN_POINT('',(1040.5,-45.,5.));
#20688=CARTESIAN_POINT('',(1040.5,-45.,5.));
#20689=CARTESIAN_POINT('',(1040.5,-45.,-5.));
#20690=CARTESIAN_POINT('Origin',(1040.5,45.,-5.));
#20691=CARTESIAN_POINT('',(1040.5,45.,-5.));
#20692=CARTESIAN_POINT('',(1040.5,45.,5.));
#20693=CARTESIAN_POINT('Origin',(1044.,0.,5.));
#20694=CARTESIAN_POINT('Origin',(1044.,0.,-5.));
#20695=CARTESIAN_POINT('Origin',(1031.5,45.,-5.));
#20696=CARTESIAN_POINT('',(1031.5,45.,-5.));
#20697=CARTESIAN_POINT('',(1024.5,45.,-5.));
#20698=CARTESIAN_POINT('',(1031.5,45.,-5.));
#20699=CARTESIAN_POINT('',(1024.5,45.,5.));
#20700=CARTESIAN_POINT('',(1024.5,45.,-5.));
#20701=CARTESIAN_POINT('',(1031.5,45.,5.));
#20702=CARTESIAN_POINT('',(1031.5,45.,5.));
#20703=CARTESIAN_POINT('',(1031.5,45.,-5.));
#20704=CARTESIAN_POINT('Origin',(1031.5,-45.,-5.));
#20705=CARTESIAN_POINT('',(1031.5,-45.,-5.));
#20706=CARTESIAN_POINT('',(1031.5,-45.,-5.));
#20707=CARTESIAN_POINT('',(1031.5,-45.,5.));
#20708=CARTESIAN_POINT('',(1031.5,-45.,5.));
#20709=CARTESIAN_POINT('',(1031.5,-45.,-5.));
#20710=CARTESIAN_POINT('Origin',(1024.5,-45.,-5.));
#20711=CARTESIAN_POINT('',(1024.5,-45.,-5.));
#20712=CARTESIAN_POINT('',(1024.5,-45.,-5.));
#20713=CARTESIAN_POINT('',(1024.5,-45.,5.));
#20714=CARTESIAN_POINT('',(1024.5,-45.,5.));
#20715=CARTESIAN_POINT('',(1024.5,-45.,-5.));
#20716=CARTESIAN_POINT('Origin',(1024.5,45.,-5.));
#20717=CARTESIAN_POINT('',(1024.5,45.,-5.));
#20718=CARTESIAN_POINT('',(1024.5,45.,5.));
#20719=CARTESIAN_POINT('Origin',(1028.,0.,5.));
#20720=CARTESIAN_POINT('Origin',(1028.,0.,-5.));
#20721=CARTESIAN_POINT('Origin',(1015.5,45.,-5.));
#20722=CARTESIAN_POINT('',(1015.5,45.,-5.));
#20723=CARTESIAN_POINT('',(1008.5,45.,-5.));
#20724=CARTESIAN_POINT('',(1015.5,45.,-5.));
#20725=CARTESIAN_POINT('',(1008.5,45.,5.));
#20726=CARTESIAN_POINT('',(1008.5,45.,-5.));
#20727=CARTESIAN_POINT('',(1015.5,45.,5.));
#20728=CARTESIAN_POINT('',(1015.5,45.,5.));
#20729=CARTESIAN_POINT('',(1015.5,45.,-5.));
#20730=CARTESIAN_POINT('Origin',(1015.5,-45.,-5.));
#20731=CARTESIAN_POINT('',(1015.5,-45.,-5.));
#20732=CARTESIAN_POINT('',(1015.5,-45.,-5.));
#20733=CARTESIAN_POINT('',(1015.5,-45.,5.));
#20734=CARTESIAN_POINT('',(1015.5,-45.,5.));
#20735=CARTESIAN_POINT('',(1015.5,-45.,-5.));
#20736=CARTESIAN_POINT('Origin',(1008.5,-45.,-5.));
#20737=CARTESIAN_POINT('',(1008.5,-45.,-5.));
#20738=CARTESIAN_POINT('',(1008.5,-45.,-5.));
#20739=CARTESIAN_POINT('',(1008.5,-45.,5.));
#20740=CARTESIAN_POINT('',(1008.5,-45.,5.));
#20741=CARTESIAN_POINT('',(1008.5,-45.,-5.));
#20742=CARTESIAN_POINT('Origin',(1008.5,45.,-5.));
#20743=CARTESIAN_POINT('',(1008.5,45.,-5.));
#20744=CARTESIAN_POINT('',(1008.5,45.,5.));
#20745=CARTESIAN_POINT('Origin',(1012.,0.,5.));
#20746=CARTESIAN_POINT('Origin',(1012.,0.,-5.));
#20747=CARTESIAN_POINT('Origin',(999.5,45.,-5.));
#20748=CARTESIAN_POINT('',(999.5,45.,-5.));
#20749=CARTESIAN_POINT('',(992.5,45.,-5.));
#20750=CARTESIAN_POINT('',(999.5,45.,-5.));
#20751=CARTESIAN_POINT('',(992.5,45.,5.));
#20752=CARTESIAN_POINT('',(992.5,45.,-5.));
#20753=CARTESIAN_POINT('',(999.5,45.,5.));
#20754=CARTESIAN_POINT('',(999.5,45.,5.));
#20755=CARTESIAN_POINT('',(999.5,45.,-5.));
#20756=CARTESIAN_POINT('Origin',(999.5,-45.,-5.));
#20757=CARTESIAN_POINT('',(999.5,-45.,-5.));
#20758=CARTESIAN_POINT('',(999.5,-45.,-5.));
#20759=CARTESIAN_POINT('',(999.5,-45.,5.));
#20760=CARTESIAN_POINT('',(999.5,-45.,5.));
#20761=CARTESIAN_POINT('',(999.5,-45.,-5.));
#20762=CARTESIAN_POINT('Origin',(992.5,-45.,-5.));
#20763=CARTESIAN_POINT('',(992.5,-45.,-5.));
#20764=CARTESIAN_POINT('',(992.5,-45.,-5.));
#20765=CARTESIAN_POINT('',(992.5,-45.,5.));
#20766=CARTESIAN_POINT('',(992.5,-45.,5.));
#20767=CARTESIAN_POINT('',(992.5,-45.,-5.));
#20768=CARTESIAN_POINT('Origin',(992.5,45.,-5.));
#20769=CARTESIAN_POINT('',(992.5,45.,-5.));
#20770=CARTESIAN_POINT('',(992.5,45.,5.));
#20771=CARTESIAN_POINT('Origin',(996.,0.,5.));
#20772=CARTESIAN_POINT('Origin',(996.,0.,-5.));
#20773=CARTESIAN_POINT('Origin',(983.5,45.,-5.));
#20774=CARTESIAN_POINT('',(983.5,45.,-5.));
#20775=CARTESIAN_POINT('',(976.5,45.,-5.));
#20776=CARTESIAN_POINT('',(983.5,45.,-5.));
#20777=CARTESIAN_POINT('',(976.5,45.,5.));
#20778=CARTESIAN_POINT('',(976.5,45.,-5.));
#20779=CARTESIAN_POINT('',(983.5,45.,5.));
#20780=CARTESIAN_POINT('',(983.5,45.,5.));
#20781=CARTESIAN_POINT('',(983.5,45.,-5.));
#20782=CARTESIAN_POINT('Origin',(983.5,-45.,-5.));
#20783=CARTESIAN_POINT('',(983.5,-45.,-5.));
#20784=CARTESIAN_POINT('',(983.5,-45.,-5.));
#20785=CARTESIAN_POINT('',(983.5,-45.,5.));
#20786=CARTESIAN_POINT('',(983.5,-45.,5.));
#20787=CARTESIAN_POINT('',(983.5,-45.,-5.));
#20788=CARTESIAN_POINT('Origin',(976.5,-45.,-5.));
#20789=CARTESIAN_POINT('',(976.5,-45.,-5.));
#20790=CARTESIAN_POINT('',(976.5,-45.,-5.));
#20791=CARTESIAN_POINT('',(976.5,-45.,5.));
#20792=CARTESIAN_POINT('',(976.5,-45.,5.));
#20793=CARTESIAN_POINT('',(976.5,-45.,-5.));
#20794=CARTESIAN_POINT('Origin',(976.5,45.,-5.));
#20795=CARTESIAN_POINT('',(976.5,45.,-5.));
#20796=CARTESIAN_POINT('',(976.5,45.,5.));
#20797=CARTESIAN_POINT('Origin',(980.,0.,5.));
#20798=CARTESIAN_POINT('Origin',(980.,0.,-5.));
#20799=CARTESIAN_POINT('Origin',(967.5,45.,-5.));
#20800=CARTESIAN_POINT('',(967.5,45.,-5.));
#20801=CARTESIAN_POINT('',(960.5,45.,-5.));
#20802=CARTESIAN_POINT('',(967.5,45.,-5.));
#20803=CARTESIAN_POINT('',(960.5,45.,5.));
#20804=CARTESIAN_POINT('',(960.5,45.,-5.));
#20805=CARTESIAN_POINT('',(967.5,45.,5.));
#20806=CARTESIAN_POINT('',(967.5,45.,5.));
#20807=CARTESIAN_POINT('',(967.5,45.,-5.));
#20808=CARTESIAN_POINT('Origin',(967.5,-45.,-5.));
#20809=CARTESIAN_POINT('',(967.5,-45.,-5.));
#20810=CARTESIAN_POINT('',(967.5,-45.,-5.));
#20811=CARTESIAN_POINT('',(967.5,-45.,5.));
#20812=CARTESIAN_POINT('',(967.5,-45.,5.));
#20813=CARTESIAN_POINT('',(967.5,-45.,-5.));
#20814=CARTESIAN_POINT('Origin',(960.5,-45.,-5.));
#20815=CARTESIAN_POINT('',(960.5,-45.,-5.));
#20816=CARTESIAN_POINT('',(960.5,-45.,-5.));
#20817=CARTESIAN_POINT('',(960.5,-45.,5.));
#20818=CARTESIAN_POINT('',(960.5,-45.,5.));
#20819=CARTESIAN_POINT('',(960.5,-45.,-5.));
#20820=CARTESIAN_POINT('Origin',(960.5,45.,-5.));
#20821=CARTESIAN_POINT('',(960.5,45.,-5.));
#20822=CARTESIAN_POINT('',(960.5,45.,5.));
#20823=CARTESIAN_POINT('Origin',(964.,0.,5.));
#20824=CARTESIAN_POINT('Origin',(964.,0.,-5.));
#20825=CARTESIAN_POINT('Origin',(951.5,45.,-5.));
#20826=CARTESIAN_POINT('',(951.5,45.,-5.));
#20827=CARTESIAN_POINT('',(944.5,45.,-5.));
#20828=CARTESIAN_POINT('',(951.5,45.,-5.));
#20829=CARTESIAN_POINT('',(944.5,45.,5.));
#20830=CARTESIAN_POINT('',(944.5,45.,-5.));
#20831=CARTESIAN_POINT('',(951.5,45.,5.));
#20832=CARTESIAN_POINT('',(951.5,45.,5.));
#20833=CARTESIAN_POINT('',(951.5,45.,-5.));
#20834=CARTESIAN_POINT('Origin',(951.5,-45.,-5.));
#20835=CARTESIAN_POINT('',(951.5,-45.,-5.));
#20836=CARTESIAN_POINT('',(951.5,-45.,-5.));
#20837=CARTESIAN_POINT('',(951.5,-45.,5.));
#20838=CARTESIAN_POINT('',(951.5,-45.,5.));
#20839=CARTESIAN_POINT('',(951.5,-45.,-5.));
#20840=CARTESIAN_POINT('Origin',(944.5,-45.,-5.));
#20841=CARTESIAN_POINT('',(944.5,-45.,-5.));
#20842=CARTESIAN_POINT('',(944.5,-45.,-5.));
#20843=CARTESIAN_POINT('',(944.5,-45.,5.));
#20844=CARTESIAN_POINT('',(944.5,-45.,5.));
#20845=CARTESIAN_POINT('',(944.5,-45.,-5.));
#20846=CARTESIAN_POINT('Origin',(944.5,45.,-5.));
#20847=CARTESIAN_POINT('',(944.5,45.,-5.));
#20848=CARTESIAN_POINT('',(944.5,45.,5.));
#20849=CARTESIAN_POINT('Origin',(948.,0.,5.));
#20850=CARTESIAN_POINT('Origin',(948.,0.,-5.));
#20851=CARTESIAN_POINT('Origin',(935.5,45.,-5.));
#20852=CARTESIAN_POINT('',(935.5,45.,-5.));
#20853=CARTESIAN_POINT('',(928.5,45.,-5.));
#20854=CARTESIAN_POINT('',(935.5,45.,-5.));
#20855=CARTESIAN_POINT('',(928.5,45.,5.));
#20856=CARTESIAN_POINT('',(928.5,45.,-5.));
#20857=CARTESIAN_POINT('',(935.5,45.,5.));
#20858=CARTESIAN_POINT('',(935.5,45.,5.));
#20859=CARTESIAN_POINT('',(935.5,45.,-5.));
#20860=CARTESIAN_POINT('Origin',(935.5,-45.,-5.));
#20861=CARTESIAN_POINT('',(935.5,-45.,-5.));
#20862=CARTESIAN_POINT('',(935.5,-45.,-5.));
#20863=CARTESIAN_POINT('',(935.5,-45.,5.));
#20864=CARTESIAN_POINT('',(935.5,-45.,5.));
#20865=CARTESIAN_POINT('',(935.5,-45.,-5.));
#20866=CARTESIAN_POINT('Origin',(928.5,-45.,-5.));
#20867=CARTESIAN_POINT('',(928.5,-45.,-5.));
#20868=CARTESIAN_POINT('',(928.5,-45.,-5.));
#20869=CARTESIAN_POINT('',(928.5,-45.,5.));
#20870=CARTESIAN_POINT('',(928.5,-45.,5.));
#20871=CARTESIAN_POINT('',(928.5,-45.,-5.));
#20872=CARTESIAN_POINT('Origin',(928.5,45.,-5.));
#20873=CARTESIAN_POINT('',(928.5,45.,-5.));
#20874=CARTESIAN_POINT('',(928.5,45.,5.));
#20875=CARTESIAN_POINT('Origin',(932.,0.,5.));
#20876=CARTESIAN_POINT('Origin',(932.,0.,-5.));
#20877=CARTESIAN_POINT('Origin',(919.5,45.,-5.));
#20878=CARTESIAN_POINT('',(919.5,45.,-5.));
#20879=CARTESIAN_POINT('',(912.5,45.,-5.));
#20880=CARTESIAN_POINT('',(919.5,45.,-5.));
#20881=CARTESIAN_POINT('',(912.5,45.,5.));
#20882=CARTESIAN_POINT('',(912.5,45.,-5.));
#20883=CARTESIAN_POINT('',(919.5,45.,5.));
#20884=CARTESIAN_POINT('',(919.5,45.,5.));
#20885=CARTESIAN_POINT('',(919.5,45.,-5.));
#20886=CARTESIAN_POINT('Origin',(919.5,-45.,-5.));
#20887=CARTESIAN_POINT('',(919.5,-45.,-5.));
#20888=CARTESIAN_POINT('',(919.5,-45.,-5.));
#20889=CARTESIAN_POINT('',(919.5,-45.,5.));
#20890=CARTESIAN_POINT('',(919.5,-45.,5.));
#20891=CARTESIAN_POINT('',(919.5,-45.,-5.));
#20892=CARTESIAN_POINT('Origin',(912.5,-45.,-5.));
#20893=CARTESIAN_POINT('',(912.5,-45.,-5.));
#20894=CARTESIAN_POINT('',(912.5,-45.,-5.));
#20895=CARTESIAN_POINT('',(912.5,-45.,5.));
#20896=CARTESIAN_POINT('',(912.5,-45.,5.));
#20897=CARTESIAN_POINT('',(912.5,-45.,-5.));
#20898=CARTESIAN_POINT('Origin',(912.5,45.,-5.));
#20899=CARTESIAN_POINT('',(912.5,45.,-5.));
#20900=CARTESIAN_POINT('',(912.5,45.,5.));
#20901=CARTESIAN_POINT('Origin',(916.,0.,5.));
#20902=CARTESIAN_POINT('Origin',(916.,0.,-5.));
#20903=CARTESIAN_POINT('Origin',(903.5,45.,-5.));
#20904=CARTESIAN_POINT('',(903.5,45.,-5.));
#20905=CARTESIAN_POINT('',(896.5,45.,-5.));
#20906=CARTESIAN_POINT('',(903.5,45.,-5.));
#20907=CARTESIAN_POINT('',(896.5,45.,5.));
#20908=CARTESIAN_POINT('',(896.5,45.,-5.));
#20909=CARTESIAN_POINT('',(903.5,45.,5.));
#20910=CARTESIAN_POINT('',(903.5,45.,5.));
#20911=CARTESIAN_POINT('',(903.5,45.,-5.));
#20912=CARTESIAN_POINT('Origin',(903.5,-45.,-5.));
#20913=CARTESIAN_POINT('',(903.5,-45.,-5.));
#20914=CARTESIAN_POINT('',(903.5,-45.,-5.));
#20915=CARTESIAN_POINT('',(903.5,-45.,5.));
#20916=CARTESIAN_POINT('',(903.5,-45.,5.));
#20917=CARTESIAN_POINT('',(903.5,-45.,-5.));
#20918=CARTESIAN_POINT('Origin',(896.5,-45.,-5.));
#20919=CARTESIAN_POINT('',(896.5,-45.,-5.));
#20920=CARTESIAN_POINT('',(896.5,-45.,-5.));
#20921=CARTESIAN_POINT('',(896.5,-45.,5.));
#20922=CARTESIAN_POINT('',(896.5,-45.,5.));
#20923=CARTESIAN_POINT('',(896.5,-45.,-5.));
#20924=CARTESIAN_POINT('Origin',(896.5,45.,-5.));
#20925=CARTESIAN_POINT('',(896.5,45.,-5.));
#20926=CARTESIAN_POINT('',(896.5,45.,5.));
#20927=CARTESIAN_POINT('Origin',(900.,0.,5.));
#20928=CARTESIAN_POINT('Origin',(900.,0.,-5.));
#20929=CARTESIAN_POINT('Origin',(887.5,45.,-5.));
#20930=CARTESIAN_POINT('',(887.5,45.,-5.));
#20931=CARTESIAN_POINT('',(880.5,45.,-5.));
#20932=CARTESIAN_POINT('',(887.5,45.,-5.));
#20933=CARTESIAN_POINT('',(880.5,45.,5.));
#20934=CARTESIAN_POINT('',(880.5,45.,-5.));
#20935=CARTESIAN_POINT('',(887.5,45.,5.));
#20936=CARTESIAN_POINT('',(887.5,45.,5.));
#20937=CARTESIAN_POINT('',(887.5,45.,-5.));
#20938=CARTESIAN_POINT('Origin',(887.5,-45.,-5.));
#20939=CARTESIAN_POINT('',(887.5,-45.,-5.));
#20940=CARTESIAN_POINT('',(887.5,-45.,-5.));
#20941=CARTESIAN_POINT('',(887.5,-45.,5.));
#20942=CARTESIAN_POINT('',(887.5,-45.,5.));
#20943=CARTESIAN_POINT('',(887.5,-45.,-5.));
#20944=CARTESIAN_POINT('Origin',(880.5,-45.,-5.));
#20945=CARTESIAN_POINT('',(880.5,-45.,-5.));
#20946=CARTESIAN_POINT('',(880.5,-45.,-5.));
#20947=CARTESIAN_POINT('',(880.5,-45.,5.));
#20948=CARTESIAN_POINT('',(880.5,-45.,5.));
#20949=CARTESIAN_POINT('',(880.5,-45.,-5.));
#20950=CARTESIAN_POINT('Origin',(880.5,45.,-5.));
#20951=CARTESIAN_POINT('',(880.5,45.,-5.));
#20952=CARTESIAN_POINT('',(880.5,45.,5.));
#20953=CARTESIAN_POINT('Origin',(884.,0.,5.));
#20954=CARTESIAN_POINT('Origin',(884.,0.,-5.));
#20955=CARTESIAN_POINT('Origin',(871.5,45.,-5.));
#20956=CARTESIAN_POINT('',(871.5,45.,-5.));
#20957=CARTESIAN_POINT('',(864.5,45.,-5.));
#20958=CARTESIAN_POINT('',(871.5,45.,-5.));
#20959=CARTESIAN_POINT('',(864.5,45.,5.));
#20960=CARTESIAN_POINT('',(864.5,45.,-5.));
#20961=CARTESIAN_POINT('',(871.5,45.,5.));
#20962=CARTESIAN_POINT('',(871.5,45.,5.));
#20963=CARTESIAN_POINT('',(871.5,45.,-5.));
#20964=CARTESIAN_POINT('Origin',(871.5,-45.,-5.));
#20965=CARTESIAN_POINT('',(871.5,-45.,-5.));
#20966=CARTESIAN_POINT('',(871.5,-45.,-5.));
#20967=CARTESIAN_POINT('',(871.5,-45.,5.));
#20968=CARTESIAN_POINT('',(871.5,-45.,5.));
#20969=CARTESIAN_POINT('',(871.5,-45.,-5.));
#20970=CARTESIAN_POINT('Origin',(864.5,-45.,-5.));
#20971=CARTESIAN_POINT('',(864.5,-45.,-5.));
#20972=CARTESIAN_POINT('',(864.5,-45.,-5.));
#20973=CARTESIAN_POINT('',(864.5,-45.,5.));
#20974=CARTESIAN_POINT('',(864.5,-45.,5.));
#20975=CARTESIAN_POINT('',(864.5,-45.,-5.));
#20976=CARTESIAN_POINT('Origin',(864.5,45.,-5.));
#20977=CARTESIAN_POINT('',(864.5,45.,-5.));
#20978=CARTESIAN_POINT('',(864.5,45.,5.));
#20979=CARTESIAN_POINT('Origin',(868.,0.,5.));
#20980=CARTESIAN_POINT('Origin',(868.,0.,-5.));
#20981=CARTESIAN_POINT('Origin',(855.5,45.,-5.));
#20982=CARTESIAN_POINT('',(855.5,45.,-5.));
#20983=CARTESIAN_POINT('',(848.5,45.,-5.));
#20984=CARTESIAN_POINT('',(855.5,45.,-5.));
#20985=CARTESIAN_POINT('',(848.5,45.,5.));
#20986=CARTESIAN_POINT('',(848.5,45.,-5.));
#20987=CARTESIAN_POINT('',(855.5,45.,5.));
#20988=CARTESIAN_POINT('',(855.5,45.,5.));
#20989=CARTESIAN_POINT('',(855.5,45.,-5.));
#20990=CARTESIAN_POINT('Origin',(855.5,-45.,-5.));
#20991=CARTESIAN_POINT('',(855.5,-45.,-5.));
#20992=CARTESIAN_POINT('',(855.5,-45.,-5.));
#20993=CARTESIAN_POINT('',(855.5,-45.,5.));
#20994=CARTESIAN_POINT('',(855.5,-45.,5.));
#20995=CARTESIAN_POINT('',(855.5,-45.,-5.));
#20996=CARTESIAN_POINT('Origin',(848.5,-45.,-5.));
#20997=CARTESIAN_POINT('',(848.5,-45.,-5.));
#20998=CARTESIAN_POINT('',(848.5,-45.,-5.));
#20999=CARTESIAN_POINT('',(848.5,-45.,5.));
#21000=CARTESIAN_POINT('',(848.5,-45.,5.));
#21001=CARTESIAN_POINT('',(848.5,-45.,-5.));
#21002=CARTESIAN_POINT('Origin',(848.5,45.,-5.));
#21003=CARTESIAN_POINT('',(848.5,45.,-5.));
#21004=CARTESIAN_POINT('',(848.5,45.,5.));
#21005=CARTESIAN_POINT('Origin',(852.,0.,5.));
#21006=CARTESIAN_POINT('Origin',(852.,0.,-5.));
#21007=CARTESIAN_POINT('Origin',(839.5,45.,-5.));
#21008=CARTESIAN_POINT('',(839.5,45.,-5.));
#21009=CARTESIAN_POINT('',(832.5,45.,-5.));
#21010=CARTESIAN_POINT('',(839.5,45.,-5.));
#21011=CARTESIAN_POINT('',(832.5,45.,5.));
#21012=CARTESIAN_POINT('',(832.5,45.,-5.));
#21013=CARTESIAN_POINT('',(839.5,45.,5.));
#21014=CARTESIAN_POINT('',(839.5,45.,5.));
#21015=CARTESIAN_POINT('',(839.5,45.,-5.));
#21016=CARTESIAN_POINT('Origin',(839.5,-45.,-5.));
#21017=CARTESIAN_POINT('',(839.5,-45.,-5.));
#21018=CARTESIAN_POINT('',(839.5,-45.,-5.));
#21019=CARTESIAN_POINT('',(839.5,-45.,5.));
#21020=CARTESIAN_POINT('',(839.5,-45.,5.));
#21021=CARTESIAN_POINT('',(839.5,-45.,-5.));
#21022=CARTESIAN_POINT('Origin',(832.5,-45.,-5.));
#21023=CARTESIAN_POINT('',(832.5,-45.,-5.));
#21024=CARTESIAN_POINT('',(832.5,-45.,-5.));
#21025=CARTESIAN_POINT('',(832.5,-45.,5.));
#21026=CARTESIAN_POINT('',(832.5,-45.,5.));
#21027=CARTESIAN_POINT('',(832.5,-45.,-5.));
#21028=CARTESIAN_POINT('Origin',(832.5,45.,-5.));
#21029=CARTESIAN_POINT('',(832.5,45.,-5.));
#21030=CARTESIAN_POINT('',(832.5,45.,5.));
#21031=CARTESIAN_POINT('Origin',(836.,0.,5.));
#21032=CARTESIAN_POINT('Origin',(836.,0.,-5.));
#21033=CARTESIAN_POINT('Origin',(823.5,45.,-5.));
#21034=CARTESIAN_POINT('',(823.5,45.,-5.));
#21035=CARTESIAN_POINT('',(816.5,45.,-5.));
#21036=CARTESIAN_POINT('',(823.5,45.,-5.));
#21037=CARTESIAN_POINT('',(816.5,45.,5.));
#21038=CARTESIAN_POINT('',(816.5,45.,-5.));
#21039=CARTESIAN_POINT('',(823.5,45.,5.));
#21040=CARTESIAN_POINT('',(823.5,45.,5.));
#21041=CARTESIAN_POINT('',(823.5,45.,-5.));
#21042=CARTESIAN_POINT('Origin',(823.5,-45.,-5.));
#21043=CARTESIAN_POINT('',(823.5,-45.,-5.));
#21044=CARTESIAN_POINT('',(823.5,-45.,-5.));
#21045=CARTESIAN_POINT('',(823.5,-45.,5.));
#21046=CARTESIAN_POINT('',(823.5,-45.,5.));
#21047=CARTESIAN_POINT('',(823.5,-45.,-5.));
#21048=CARTESIAN_POINT('Origin',(816.5,-45.,-5.));
#21049=CARTESIAN_POINT('',(816.5,-45.,-5.));
#21050=CARTESIAN_POINT('',(816.5,-45.,-5.));
#21051=CARTESIAN_POINT('',(816.5,-45.,5.));
#21052=CARTESIAN_POINT('',(816.5,-45.,5.));
#21053=CARTESIAN_POINT('',(816.5,-45.,-5.));
#21054=CARTESIAN_POINT('Origin',(816.5,45.,-5.));
#21055=CARTESIAN_POINT('',(816.5,45.,-5.));
#21056=CARTESIAN_POINT('',(816.5,45.,5.));
#21057=CARTESIAN_POINT('Origin',(820.,0.,5.));
#21058=CARTESIAN_POINT('Origin',(820.,0.,-5.));
#21059=CARTESIAN_POINT('Origin',(807.5,45.,-5.));
#21060=CARTESIAN_POINT('',(807.5,45.,-5.));
#21061=CARTESIAN_POINT('',(800.5,45.,-5.));
#21062=CARTESIAN_POINT('',(807.5,45.,-5.));
#21063=CARTESIAN_POINT('',(800.5,45.,5.));
#21064=CARTESIAN_POINT('',(800.5,45.,-5.));
#21065=CARTESIAN_POINT('',(807.5,45.,5.));
#21066=CARTESIAN_POINT('',(807.5,45.,5.));
#21067=CARTESIAN_POINT('',(807.5,45.,-5.));
#21068=CARTESIAN_POINT('Origin',(807.5,-45.,-5.));
#21069=CARTESIAN_POINT('',(807.5,-45.,-5.));
#21070=CARTESIAN_POINT('',(807.5,-45.,-5.));
#21071=CARTESIAN_POINT('',(807.5,-45.,5.));
#21072=CARTESIAN_POINT('',(807.5,-45.,5.));
#21073=CARTESIAN_POINT('',(807.5,-45.,-5.));
#21074=CARTESIAN_POINT('Origin',(800.5,-45.,-5.));
#21075=CARTESIAN_POINT('',(800.5,-45.,-5.));
#21076=CARTESIAN_POINT('',(800.5,-45.,-5.));
#21077=CARTESIAN_POINT('',(800.5,-45.,5.));
#21078=CARTESIAN_POINT('',(800.5,-45.,5.));
#21079=CARTESIAN_POINT('',(800.5,-45.,-5.));
#21080=CARTESIAN_POINT('Origin',(800.5,45.,-5.));
#21081=CARTESIAN_POINT('',(800.5,45.,-5.));
#21082=CARTESIAN_POINT('',(800.5,45.,5.));
#21083=CARTESIAN_POINT('Origin',(804.,0.,5.));
#21084=CARTESIAN_POINT('Origin',(804.,0.,-5.));
#21085=CARTESIAN_POINT('Origin',(791.5,45.,-5.));
#21086=CARTESIAN_POINT('',(791.5,45.,-5.));
#21087=CARTESIAN_POINT('',(784.5,45.,-5.));
#21088=CARTESIAN_POINT('',(791.5,45.,-5.));
#21089=CARTESIAN_POINT('',(784.5,45.,5.));
#21090=CARTESIAN_POINT('',(784.5,45.,-5.));
#21091=CARTESIAN_POINT('',(791.5,45.,5.));
#21092=CARTESIAN_POINT('',(791.5,45.,5.));
#21093=CARTESIAN_POINT('',(791.5,45.,-5.));
#21094=CARTESIAN_POINT('Origin',(791.5,-45.,-5.));
#21095=CARTESIAN_POINT('',(791.5,-45.,-5.));
#21096=CARTESIAN_POINT('',(791.5,-45.,-5.));
#21097=CARTESIAN_POINT('',(791.5,-45.,5.));
#21098=CARTESIAN_POINT('',(791.5,-45.,5.));
#21099=CARTESIAN_POINT('',(791.5,-45.,-5.));
#21100=CARTESIAN_POINT('Origin',(784.5,-45.,-5.));
#21101=CARTESIAN_POINT('',(784.5,-45.,-5.));
#21102=CARTESIAN_POINT('',(784.5,-45.,-5.));
#21103=CARTESIAN_POINT('',(784.5,-45.,5.));
#21104=CARTESIAN_POINT('',(784.5,-45.,5.));
#21105=CARTESIAN_POINT('',(784.5,-45.,-5.));
#21106=CARTESIAN_POINT('Origin',(784.5,45.,-5.));
#21107=CARTESIAN_POINT('',(784.5,45.,-5.));
#21108=CARTESIAN_POINT('',(784.5,45.,5.));
#21109=CARTESIAN_POINT('Origin',(788.,0.,5.));
#21110=CARTESIAN_POINT('Origin',(788.,0.,-5.));
#21111=CARTESIAN_POINT('Origin',(775.5,45.,-5.));
#21112=CARTESIAN_POINT('',(775.5,45.,-5.));
#21113=CARTESIAN_POINT('',(768.5,45.,-5.));
#21114=CARTESIAN_POINT('',(775.5,45.,-5.));
#21115=CARTESIAN_POINT('',(768.5,45.,5.));
#21116=CARTESIAN_POINT('',(768.5,45.,-5.));
#21117=CARTESIAN_POINT('',(775.5,45.,5.));
#21118=CARTESIAN_POINT('',(775.5,45.,5.));
#21119=CARTESIAN_POINT('',(775.5,45.,-5.));
#21120=CARTESIAN_POINT('Origin',(775.5,-45.,-5.));
#21121=CARTESIAN_POINT('',(775.5,-45.,-5.));
#21122=CARTESIAN_POINT('',(775.5,-45.,-5.));
#21123=CARTESIAN_POINT('',(775.5,-45.,5.));
#21124=CARTESIAN_POINT('',(775.5,-45.,5.));
#21125=CARTESIAN_POINT('',(775.5,-45.,-5.));
#21126=CARTESIAN_POINT('Origin',(768.5,-45.,-5.));
#21127=CARTESIAN_POINT('',(768.5,-45.,-5.));
#21128=CARTESIAN_POINT('',(768.5,-45.,-5.));
#21129=CARTESIAN_POINT('',(768.5,-45.,5.));
#21130=CARTESIAN_POINT('',(768.5,-45.,5.));
#21131=CARTESIAN_POINT('',(768.5,-45.,-5.));
#21132=CARTESIAN_POINT('Origin',(768.5,45.,-5.));
#21133=CARTESIAN_POINT('',(768.5,45.,-5.));
#21134=CARTESIAN_POINT('',(768.5,45.,5.));
#21135=CARTESIAN_POINT('Origin',(772.,0.,5.));
#21136=CARTESIAN_POINT('Origin',(772.,0.,-5.));
#21137=CARTESIAN_POINT('Origin',(759.5,45.,-5.));
#21138=CARTESIAN_POINT('',(759.5,45.,-5.));
#21139=CARTESIAN_POINT('',(752.5,45.,-5.));
#21140=CARTESIAN_POINT('',(759.5,45.,-5.));
#21141=CARTESIAN_POINT('',(752.5,45.,5.));
#21142=CARTESIAN_POINT('',(752.5,45.,-5.));
#21143=CARTESIAN_POINT('',(759.5,45.,5.));
#21144=CARTESIAN_POINT('',(759.5,45.,5.));
#21145=CARTESIAN_POINT('',(759.5,45.,-5.));
#21146=CARTESIAN_POINT('Origin',(759.5,-45.,-5.));
#21147=CARTESIAN_POINT('',(759.5,-45.,-5.));
#21148=CARTESIAN_POINT('',(759.5,-45.,-5.));
#21149=CARTESIAN_POINT('',(759.5,-45.,5.));
#21150=CARTESIAN_POINT('',(759.5,-45.,5.));
#21151=CARTESIAN_POINT('',(759.5,-45.,-5.));
#21152=CARTESIAN_POINT('Origin',(752.5,-45.,-5.));
#21153=CARTESIAN_POINT('',(752.5,-45.,-5.));
#21154=CARTESIAN_POINT('',(752.5,-45.,-5.));
#21155=CARTESIAN_POINT('',(752.5,-45.,5.));
#21156=CARTESIAN_POINT('',(752.5,-45.,5.));
#21157=CARTESIAN_POINT('',(752.5,-45.,-5.));
#21158=CARTESIAN_POINT('Origin',(752.5,45.,-5.));
#21159=CARTESIAN_POINT('',(752.5,45.,-5.));
#21160=CARTESIAN_POINT('',(752.5,45.,5.));
#21161=CARTESIAN_POINT('Origin',(756.,0.,5.));
#21162=CARTESIAN_POINT('Origin',(756.,0.,-5.));
#21163=CARTESIAN_POINT('Origin',(743.5,45.,-5.));
#21164=CARTESIAN_POINT('',(743.5,45.,-5.));
#21165=CARTESIAN_POINT('',(736.5,45.,-5.));
#21166=CARTESIAN_POINT('',(743.5,45.,-5.));
#21167=CARTESIAN_POINT('',(736.5,45.,5.));
#21168=CARTESIAN_POINT('',(736.5,45.,-5.));
#21169=CARTESIAN_POINT('',(743.5,45.,5.));
#21170=CARTESIAN_POINT('',(743.5,45.,5.));
#21171=CARTESIAN_POINT('',(743.5,45.,-5.));
#21172=CARTESIAN_POINT('Origin',(743.5,-45.,-5.));
#21173=CARTESIAN_POINT('',(743.5,-45.,-5.));
#21174=CARTESIAN_POINT('',(743.5,-45.,-5.));
#21175=CARTESIAN_POINT('',(743.5,-45.,5.));
#21176=CARTESIAN_POINT('',(743.5,-45.,5.));
#21177=CARTESIAN_POINT('',(743.5,-45.,-5.));
#21178=CARTESIAN_POINT('Origin',(736.5,-45.,-5.));
#21179=CARTESIAN_POINT('',(736.5,-45.,-5.));
#21180=CARTESIAN_POINT('',(736.5,-45.,-5.));
#21181=CARTESIAN_POINT('',(736.5,-45.,5.));
#21182=CARTESIAN_POINT('',(736.5,-45.,5.));
#21183=CARTESIAN_POINT('',(736.5,-45.,-5.));
#21184=CARTESIAN_POINT('Origin',(736.5,45.,-5.));
#21185=CARTESIAN_POINT('',(736.5,45.,-5.));
#21186=CARTESIAN_POINT('',(736.5,45.,5.));
#21187=CARTESIAN_POINT('Origin',(740.,0.,5.));
#21188=CARTESIAN_POINT('Origin',(740.,0.,-5.));
#21189=CARTESIAN_POINT('Origin',(727.5,45.,-5.));
#21190=CARTESIAN_POINT('',(727.5,45.,-5.));
#21191=CARTESIAN_POINT('',(720.5,45.,-5.));
#21192=CARTESIAN_POINT('',(727.5,45.,-5.));
#21193=CARTESIAN_POINT('',(720.5,45.,5.));
#21194=CARTESIAN_POINT('',(720.5,45.,-5.));
#21195=CARTESIAN_POINT('',(727.5,45.,5.));
#21196=CARTESIAN_POINT('',(727.5,45.,5.));
#21197=CARTESIAN_POINT('',(727.5,45.,-5.));
#21198=CARTESIAN_POINT('Origin',(727.5,-45.,-5.));
#21199=CARTESIAN_POINT('',(727.5,-45.,-5.));
#21200=CARTESIAN_POINT('',(727.5,-45.,-5.));
#21201=CARTESIAN_POINT('',(727.5,-45.,5.));
#21202=CARTESIAN_POINT('',(727.5,-45.,5.));
#21203=CARTESIAN_POINT('',(727.5,-45.,-5.));
#21204=CARTESIAN_POINT('Origin',(720.5,-45.,-5.));
#21205=CARTESIAN_POINT('',(720.5,-45.,-5.));
#21206=CARTESIAN_POINT('',(720.5,-45.,-5.));
#21207=CARTESIAN_POINT('',(720.5,-45.,5.));
#21208=CARTESIAN_POINT('',(720.5,-45.,5.));
#21209=CARTESIAN_POINT('',(720.5,-45.,-5.));
#21210=CARTESIAN_POINT('Origin',(720.5,45.,-5.));
#21211=CARTESIAN_POINT('',(720.5,45.,-5.));
#21212=CARTESIAN_POINT('',(720.5,45.,5.));
#21213=CARTESIAN_POINT('Origin',(724.,0.,5.));
#21214=CARTESIAN_POINT('Origin',(724.,0.,-5.));
#21215=CARTESIAN_POINT('Origin',(711.5,45.,-5.));
#21216=CARTESIAN_POINT('',(711.5,45.,-5.));
#21217=CARTESIAN_POINT('',(704.5,45.,-5.));
#21218=CARTESIAN_POINT('',(711.5,45.,-5.));
#21219=CARTESIAN_POINT('',(704.5,45.,5.));
#21220=CARTESIAN_POINT('',(704.5,45.,-5.));
#21221=CARTESIAN_POINT('',(711.5,45.,5.));
#21222=CARTESIAN_POINT('',(711.5,45.,5.));
#21223=CARTESIAN_POINT('',(711.5,45.,-5.));
#21224=CARTESIAN_POINT('Origin',(711.5,-45.,-5.));
#21225=CARTESIAN_POINT('',(711.5,-45.,-5.));
#21226=CARTESIAN_POINT('',(711.5,-45.,-5.));
#21227=CARTESIAN_POINT('',(711.5,-45.,5.));
#21228=CARTESIAN_POINT('',(711.5,-45.,5.));
#21229=CARTESIAN_POINT('',(711.5,-45.,-5.));
#21230=CARTESIAN_POINT('Origin',(704.5,-45.,-5.));
#21231=CARTESIAN_POINT('',(704.5,-45.,-5.));
#21232=CARTESIAN_POINT('',(704.5,-45.,-5.));
#21233=CARTESIAN_POINT('',(704.5,-45.,5.));
#21234=CARTESIAN_POINT('',(704.5,-45.,5.));
#21235=CARTESIAN_POINT('',(704.5,-45.,-5.));
#21236=CARTESIAN_POINT('Origin',(704.5,45.,-5.));
#21237=CARTESIAN_POINT('',(704.5,45.,-5.));
#21238=CARTESIAN_POINT('',(704.5,45.,5.));
#21239=CARTESIAN_POINT('Origin',(708.,0.,5.));
#21240=CARTESIAN_POINT('Origin',(708.,0.,-5.));
#21241=CARTESIAN_POINT('Origin',(695.5,45.,-5.));
#21242=CARTESIAN_POINT('',(695.5,45.,-5.));
#21243=CARTESIAN_POINT('',(688.5,45.,-5.));
#21244=CARTESIAN_POINT('',(695.5,45.,-5.));
#21245=CARTESIAN_POINT('',(688.5,45.,5.));
#21246=CARTESIAN_POINT('',(688.5,45.,-5.));
#21247=CARTESIAN_POINT('',(695.5,45.,5.));
#21248=CARTESIAN_POINT('',(695.5,45.,5.));
#21249=CARTESIAN_POINT('',(695.5,45.,-5.));
#21250=CARTESIAN_POINT('Origin',(695.5,-45.,-5.));
#21251=CARTESIAN_POINT('',(695.5,-45.,-5.));
#21252=CARTESIAN_POINT('',(695.5,-45.,-5.));
#21253=CARTESIAN_POINT('',(695.5,-45.,5.));
#21254=CARTESIAN_POINT('',(695.5,-45.,5.));
#21255=CARTESIAN_POINT('',(695.5,-45.,-5.));
#21256=CARTESIAN_POINT('Origin',(688.5,-45.,-5.));
#21257=CARTESIAN_POINT('',(688.5,-45.,-5.));
#21258=CARTESIAN_POINT('',(688.5,-45.,-5.));
#21259=CARTESIAN_POINT('',(688.5,-45.,5.));
#21260=CARTESIAN_POINT('',(688.5,-45.,5.));
#21261=CARTESIAN_POINT('',(688.5,-45.,-5.));
#21262=CARTESIAN_POINT('Origin',(688.5,45.,-5.));
#21263=CARTESIAN_POINT('',(688.5,45.,-5.));
#21264=CARTESIAN_POINT('',(688.5,45.,5.));
#21265=CARTESIAN_POINT('Origin',(692.,0.,5.));
#21266=CARTESIAN_POINT('Origin',(692.,0.,-5.));
#21267=CARTESIAN_POINT('Origin',(679.5,45.,-5.));
#21268=CARTESIAN_POINT('',(679.5,45.,-5.));
#21269=CARTESIAN_POINT('',(672.5,45.,-5.));
#21270=CARTESIAN_POINT('',(679.5,45.,-5.));
#21271=CARTESIAN_POINT('',(672.5,45.,5.));
#21272=CARTESIAN_POINT('',(672.5,45.,-5.));
#21273=CARTESIAN_POINT('',(679.5,45.,5.));
#21274=CARTESIAN_POINT('',(679.5,45.,5.));
#21275=CARTESIAN_POINT('',(679.5,45.,-5.));
#21276=CARTESIAN_POINT('Origin',(679.5,-45.,-5.));
#21277=CARTESIAN_POINT('',(679.5,-45.,-5.));
#21278=CARTESIAN_POINT('',(679.5,-45.,-5.));
#21279=CARTESIAN_POINT('',(679.5,-45.,5.));
#21280=CARTESIAN_POINT('',(679.5,-45.,5.));
#21281=CARTESIAN_POINT('',(679.5,-45.,-5.));
#21282=CARTESIAN_POINT('Origin',(672.5,-45.,-5.));
#21283=CARTESIAN_POINT('',(672.5,-45.,-5.));
#21284=CARTESIAN_POINT('',(672.5,-45.,-5.));
#21285=CARTESIAN_POINT('',(672.5,-45.,5.));
#21286=CARTESIAN_POINT('',(672.5,-45.,5.));
#21287=CARTESIAN_POINT('',(672.5,-45.,-5.));
#21288=CARTESIAN_POINT('Origin',(672.5,45.,-5.));
#21289=CARTESIAN_POINT('',(672.5,45.,-5.));
#21290=CARTESIAN_POINT('',(672.5,45.,5.));
#21291=CARTESIAN_POINT('Origin',(676.,0.,5.));
#21292=CARTESIAN_POINT('Origin',(676.,0.,-5.));
#21293=CARTESIAN_POINT('Origin',(663.5,45.,-5.));
#21294=CARTESIAN_POINT('',(663.5,45.,-5.));
#21295=CARTESIAN_POINT('',(656.5,45.,-5.));
#21296=CARTESIAN_POINT('',(663.5,45.,-5.));
#21297=CARTESIAN_POINT('',(656.5,45.,5.));
#21298=CARTESIAN_POINT('',(656.5,45.,-5.));
#21299=CARTESIAN_POINT('',(663.5,45.,5.));
#21300=CARTESIAN_POINT('',(663.5,45.,5.));
#21301=CARTESIAN_POINT('',(663.5,45.,-5.));
#21302=CARTESIAN_POINT('Origin',(663.5,-45.,-5.));
#21303=CARTESIAN_POINT('',(663.5,-45.,-5.));
#21304=CARTESIAN_POINT('',(663.5,-45.,-5.));
#21305=CARTESIAN_POINT('',(663.5,-45.,5.));
#21306=CARTESIAN_POINT('',(663.5,-45.,5.));
#21307=CARTESIAN_POINT('',(663.5,-45.,-5.));
#21308=CARTESIAN_POINT('Origin',(656.5,-45.,-5.));
#21309=CARTESIAN_POINT('',(656.5,-45.,-5.));
#21310=CARTESIAN_POINT('',(656.5,-45.,-5.));
#21311=CARTESIAN_POINT('',(656.5,-45.,5.));
#21312=CARTESIAN_POINT('',(656.5,-45.,5.));
#21313=CARTESIAN_POINT('',(656.5,-45.,-5.));
#21314=CARTESIAN_POINT('Origin',(656.5,45.,-5.));
#21315=CARTESIAN_POINT('',(656.5,45.,-5.));
#21316=CARTESIAN_POINT('',(656.5,45.,5.));
#21317=CARTESIAN_POINT('Origin',(660.,0.,5.));
#21318=CARTESIAN_POINT('Origin',(660.,0.,-5.));
#21319=CARTESIAN_POINT('Origin',(7.5,45.,-5.));
#21320=CARTESIAN_POINT('',(7.5,45.,-5.));
#21321=CARTESIAN_POINT('',(0.5,45.,-5.));
#21322=CARTESIAN_POINT('',(7.5,45.,-5.));
#21323=CARTESIAN_POINT('',(0.5,45.,5.));
#21324=CARTESIAN_POINT('',(0.5,45.,-5.));
#21325=CARTESIAN_POINT('',(7.5,45.,5.));
#21326=CARTESIAN_POINT('',(7.5,45.,5.));
#21327=CARTESIAN_POINT('',(7.5,45.,-5.));
#21328=CARTESIAN_POINT('Origin',(7.5,-45.,-5.));
#21329=CARTESIAN_POINT('',(7.5,-45.,-5.));
#21330=CARTESIAN_POINT('',(7.5,-45.,-5.));
#21331=CARTESIAN_POINT('',(7.5,-45.,5.));
#21332=CARTESIAN_POINT('',(7.5,-45.,5.));
#21333=CARTESIAN_POINT('',(7.5,-45.,-5.));
#21334=CARTESIAN_POINT('Origin',(0.5,-45.,-5.));
#21335=CARTESIAN_POINT('',(0.5,-45.,-5.));
#21336=CARTESIAN_POINT('',(0.5,-45.,-5.));
#21337=CARTESIAN_POINT('',(0.5,-45.,5.));
#21338=CARTESIAN_POINT('',(0.5,-45.,5.));
#21339=CARTESIAN_POINT('',(0.5,-45.,-5.));
#21340=CARTESIAN_POINT('Origin',(0.5,45.,-5.));
#21341=CARTESIAN_POINT('',(0.5,45.,-5.));
#21342=CARTESIAN_POINT('',(0.5,45.,5.));
#21343=CARTESIAN_POINT('Origin',(4.,0.,5.));
#21344=CARTESIAN_POINT('Origin',(4.,0.,-5.));
#21345=CARTESIAN_POINT('Origin',(639.5,45.,-5.));
#21346=CARTESIAN_POINT('',(639.5,45.,-5.));
#21347=CARTESIAN_POINT('',(632.5,45.,-5.));
#21348=CARTESIAN_POINT('',(639.5,45.,-5.));
#21349=CARTESIAN_POINT('',(632.5,45.,5.));
#21350=CARTESIAN_POINT('',(632.5,45.,-5.));
#21351=CARTESIAN_POINT('',(639.5,45.,5.));
#21352=CARTESIAN_POINT('',(639.5,45.,5.));
#21353=CARTESIAN_POINT('',(639.5,45.,-5.));
#21354=CARTESIAN_POINT('Origin',(639.5,-45.,-5.));
#21355=CARTESIAN_POINT('',(639.5,-45.,-5.));
#21356=CARTESIAN_POINT('',(639.5,-45.,-5.));
#21357=CARTESIAN_POINT('',(639.5,-45.,5.));
#21358=CARTESIAN_POINT('',(639.5,-45.,5.));
#21359=CARTESIAN_POINT('',(639.5,-45.,-5.));
#21360=CARTESIAN_POINT('Origin',(632.5,-45.,-5.));
#21361=CARTESIAN_POINT('',(632.5,-45.,-5.));
#21362=CARTESIAN_POINT('',(632.5,-45.,-5.));
#21363=CARTESIAN_POINT('',(632.5,-45.,5.));
#21364=CARTESIAN_POINT('',(632.5,-45.,5.));
#21365=CARTESIAN_POINT('',(632.5,-45.,-5.));
#21366=CARTESIAN_POINT('Origin',(632.5,45.,-5.));
#21367=CARTESIAN_POINT('',(632.5,45.,-5.));
#21368=CARTESIAN_POINT('',(632.5,45.,5.));
#21369=CARTESIAN_POINT('Origin',(636.,0.,5.));
#21370=CARTESIAN_POINT('Origin',(636.,0.,-5.));
#21371=CARTESIAN_POINT('Origin',(623.5,45.,-5.));
#21372=CARTESIAN_POINT('',(623.5,45.,-5.));
#21373=CARTESIAN_POINT('',(616.5,45.,-5.));
#21374=CARTESIAN_POINT('',(623.5,45.,-5.));
#21375=CARTESIAN_POINT('',(616.5,45.,5.));
#21376=CARTESIAN_POINT('',(616.5,45.,-5.));
#21377=CARTESIAN_POINT('',(623.5,45.,5.));
#21378=CARTESIAN_POINT('',(623.5,45.,5.));
#21379=CARTESIAN_POINT('',(623.5,45.,-5.));
#21380=CARTESIAN_POINT('Origin',(623.5,-45.,-5.));
#21381=CARTESIAN_POINT('',(623.5,-45.,-5.));
#21382=CARTESIAN_POINT('',(623.5,-45.,-5.));
#21383=CARTESIAN_POINT('',(623.5,-45.,5.));
#21384=CARTESIAN_POINT('',(623.5,-45.,5.));
#21385=CARTESIAN_POINT('',(623.5,-45.,-5.));
#21386=CARTESIAN_POINT('Origin',(616.5,-45.,-5.));
#21387=CARTESIAN_POINT('',(616.5,-45.,-5.));
#21388=CARTESIAN_POINT('',(616.5,-45.,-5.));
#21389=CARTESIAN_POINT('',(616.5,-45.,5.));
#21390=CARTESIAN_POINT('',(616.5,-45.,5.));
#21391=CARTESIAN_POINT('',(616.5,-45.,-5.));
#21392=CARTESIAN_POINT('Origin',(616.5,45.,-5.));
#21393=CARTESIAN_POINT('',(616.5,45.,-5.));
#21394=CARTESIAN_POINT('',(616.5,45.,5.));
#21395=CARTESIAN_POINT('Origin',(620.,0.,5.));
#21396=CARTESIAN_POINT('Origin',(620.,0.,-5.));
#21397=CARTESIAN_POINT('Origin',(607.5,45.,-5.));
#21398=CARTESIAN_POINT('',(607.5,45.,-5.));
#21399=CARTESIAN_POINT('',(600.5,45.,-5.));
#21400=CARTESIAN_POINT('',(607.5,45.,-5.));
#21401=CARTESIAN_POINT('',(600.5,45.,5.));
#21402=CARTESIAN_POINT('',(600.5,45.,-5.));
#21403=CARTESIAN_POINT('',(607.5,45.,5.));
#21404=CARTESIAN_POINT('',(607.5,45.,5.));
#21405=CARTESIAN_POINT('',(607.5,45.,-5.));
#21406=CARTESIAN_POINT('Origin',(607.5,-45.,-5.));
#21407=CARTESIAN_POINT('',(607.5,-45.,-5.));
#21408=CARTESIAN_POINT('',(607.5,-45.,-5.));
#21409=CARTESIAN_POINT('',(607.5,-45.,5.));
#21410=CARTESIAN_POINT('',(607.5,-45.,5.));
#21411=CARTESIAN_POINT('',(607.5,-45.,-5.));
#21412=CARTESIAN_POINT('Origin',(600.5,-45.,-5.));
#21413=CARTESIAN_POINT('',(600.5,-45.,-5.));
#21414=CARTESIAN_POINT('',(600.5,-45.,-5.));
#21415=CARTESIAN_POINT('',(600.5,-45.,5.));
#21416=CARTESIAN_POINT('',(600.5,-45.,5.));
#21417=CARTESIAN_POINT('',(600.5,-45.,-5.));
#21418=CARTESIAN_POINT('Origin',(600.5,45.,-5.));
#21419=CARTESIAN_POINT('',(600.5,45.,-5.));
#21420=CARTESIAN_POINT('',(600.5,45.,5.));
#21421=CARTESIAN_POINT('Origin',(604.,0.,5.));
#21422=CARTESIAN_POINT('Origin',(604.,0.,-5.));
#21423=CARTESIAN_POINT('Origin',(591.5,45.,-5.));
#21424=CARTESIAN_POINT('',(591.5,45.,-5.));
#21425=CARTESIAN_POINT('',(584.5,45.,-5.));
#21426=CARTESIAN_POINT('',(591.5,45.,-5.));
#21427=CARTESIAN_POINT('',(584.5,45.,5.));
#21428=CARTESIAN_POINT('',(584.5,45.,-5.));
#21429=CARTESIAN_POINT('',(591.5,45.,5.));
#21430=CARTESIAN_POINT('',(591.5,45.,5.));
#21431=CARTESIAN_POINT('',(591.5,45.,-5.));
#21432=CARTESIAN_POINT('Origin',(591.5,-45.,-5.));
#21433=CARTESIAN_POINT('',(591.5,-45.,-5.));
#21434=CARTESIAN_POINT('',(591.5,-45.,-5.));
#21435=CARTESIAN_POINT('',(591.5,-45.,5.));
#21436=CARTESIAN_POINT('',(591.5,-45.,5.));
#21437=CARTESIAN_POINT('',(591.5,-45.,-5.));
#21438=CARTESIAN_POINT('Origin',(584.5,-45.,-5.));
#21439=CARTESIAN_POINT('',(584.5,-45.,-5.));
#21440=CARTESIAN_POINT('',(584.5,-45.,-5.));
#21441=CARTESIAN_POINT('',(584.5,-45.,5.));
#21442=CARTESIAN_POINT('',(584.5,-45.,5.));
#21443=CARTESIAN_POINT('',(584.5,-45.,-5.));
#21444=CARTESIAN_POINT('Origin',(584.5,45.,-5.));
#21445=CARTESIAN_POINT('',(584.5,45.,-5.));
#21446=CARTESIAN_POINT('',(584.5,45.,5.));
#21447=CARTESIAN_POINT('Origin',(588.,0.,5.));
#21448=CARTESIAN_POINT('Origin',(588.,0.,-5.));
#21449=CARTESIAN_POINT('Origin',(575.5,45.,-5.));
#21450=CARTESIAN_POINT('',(575.5,45.,-5.));
#21451=CARTESIAN_POINT('',(568.5,45.,-5.));
#21452=CARTESIAN_POINT('',(575.5,45.,-5.));
#21453=CARTESIAN_POINT('',(568.5,45.,5.));
#21454=CARTESIAN_POINT('',(568.5,45.,-5.));
#21455=CARTESIAN_POINT('',(575.5,45.,5.));
#21456=CARTESIAN_POINT('',(575.5,45.,5.));
#21457=CARTESIAN_POINT('',(575.5,45.,-5.));
#21458=CARTESIAN_POINT('Origin',(575.5,-45.,-5.));
#21459=CARTESIAN_POINT('',(575.5,-45.,-5.));
#21460=CARTESIAN_POINT('',(575.5,-45.,-5.));
#21461=CARTESIAN_POINT('',(575.5,-45.,5.));
#21462=CARTESIAN_POINT('',(575.5,-45.,5.));
#21463=CARTESIAN_POINT('',(575.5,-45.,-5.));
#21464=CARTESIAN_POINT('Origin',(568.5,-45.,-5.));
#21465=CARTESIAN_POINT('',(568.5,-45.,-5.));
#21466=CARTESIAN_POINT('',(568.5,-45.,-5.));
#21467=CARTESIAN_POINT('',(568.5,-45.,5.));
#21468=CARTESIAN_POINT('',(568.5,-45.,5.));
#21469=CARTESIAN_POINT('',(568.5,-45.,-5.));
#21470=CARTESIAN_POINT('Origin',(568.5,45.,-5.));
#21471=CARTESIAN_POINT('',(568.5,45.,-5.));
#21472=CARTESIAN_POINT('',(568.5,45.,5.));
#21473=CARTESIAN_POINT('Origin',(572.,0.,5.));
#21474=CARTESIAN_POINT('Origin',(572.,0.,-5.));
#21475=CARTESIAN_POINT('Origin',(559.5,45.,-5.));
#21476=CARTESIAN_POINT('',(559.5,45.,-5.));
#21477=CARTESIAN_POINT('',(552.5,45.,-5.));
#21478=CARTESIAN_POINT('',(559.5,45.,-5.));
#21479=CARTESIAN_POINT('',(552.5,45.,5.));
#21480=CARTESIAN_POINT('',(552.5,45.,-5.));
#21481=CARTESIAN_POINT('',(559.5,45.,5.));
#21482=CARTESIAN_POINT('',(559.5,45.,5.));
#21483=CARTESIAN_POINT('',(559.5,45.,-5.));
#21484=CARTESIAN_POINT('Origin',(559.5,-45.,-5.));
#21485=CARTESIAN_POINT('',(559.5,-45.,-5.));
#21486=CARTESIAN_POINT('',(559.5,-45.,-5.));
#21487=CARTESIAN_POINT('',(559.5,-45.,5.));
#21488=CARTESIAN_POINT('',(559.5,-45.,5.));
#21489=CARTESIAN_POINT('',(559.5,-45.,-5.));
#21490=CARTESIAN_POINT('Origin',(552.5,-45.,-5.));
#21491=CARTESIAN_POINT('',(552.5,-45.,-5.));
#21492=CARTESIAN_POINT('',(552.5,-45.,-5.));
#21493=CARTESIAN_POINT('',(552.5,-45.,5.));
#21494=CARTESIAN_POINT('',(552.5,-45.,5.));
#21495=CARTESIAN_POINT('',(552.5,-45.,-5.));
#21496=CARTESIAN_POINT('Origin',(552.5,45.,-5.));
#21497=CARTESIAN_POINT('',(552.5,45.,-5.));
#21498=CARTESIAN_POINT('',(552.5,45.,5.));
#21499=CARTESIAN_POINT('Origin',(556.,0.,5.));
#21500=CARTESIAN_POINT('Origin',(556.,0.,-5.));
#21501=CARTESIAN_POINT('Origin',(543.5,45.,-5.));
#21502=CARTESIAN_POINT('',(543.5,45.,-5.));
#21503=CARTESIAN_POINT('',(536.5,45.,-5.));
#21504=CARTESIAN_POINT('',(543.5,45.,-5.));
#21505=CARTESIAN_POINT('',(536.5,45.,5.));
#21506=CARTESIAN_POINT('',(536.5,45.,-5.));
#21507=CARTESIAN_POINT('',(543.5,45.,5.));
#21508=CARTESIAN_POINT('',(543.5,45.,5.));
#21509=CARTESIAN_POINT('',(543.5,45.,-5.));
#21510=CARTESIAN_POINT('Origin',(543.5,-45.,-5.));
#21511=CARTESIAN_POINT('',(543.5,-45.,-5.));
#21512=CARTESIAN_POINT('',(543.5,-45.,-5.));
#21513=CARTESIAN_POINT('',(543.5,-45.,5.));
#21514=CARTESIAN_POINT('',(543.5,-45.,5.));
#21515=CARTESIAN_POINT('',(543.5,-45.,-5.));
#21516=CARTESIAN_POINT('Origin',(536.5,-45.,-5.));
#21517=CARTESIAN_POINT('',(536.5,-45.,-5.));
#21518=CARTESIAN_POINT('',(536.5,-45.,-5.));
#21519=CARTESIAN_POINT('',(536.5,-45.,5.));
#21520=CARTESIAN_POINT('',(536.5,-45.,5.));
#21521=CARTESIAN_POINT('',(536.5,-45.,-5.));
#21522=CARTESIAN_POINT('Origin',(536.5,45.,-5.));
#21523=CARTESIAN_POINT('',(536.5,45.,-5.));
#21524=CARTESIAN_POINT('',(536.5,45.,5.));
#21525=CARTESIAN_POINT('Origin',(540.,0.,5.));
#21526=CARTESIAN_POINT('Origin',(540.,0.,-5.));
#21527=CARTESIAN_POINT('Origin',(527.5,45.,-5.));
#21528=CARTESIAN_POINT('',(527.5,45.,-5.));
#21529=CARTESIAN_POINT('',(520.5,45.,-5.));
#21530=CARTESIAN_POINT('',(527.5,45.,-5.));
#21531=CARTESIAN_POINT('',(520.5,45.,5.));
#21532=CARTESIAN_POINT('',(520.5,45.,-5.));
#21533=CARTESIAN_POINT('',(527.5,45.,5.));
#21534=CARTESIAN_POINT('',(527.5,45.,5.));
#21535=CARTESIAN_POINT('',(527.5,45.,-5.));
#21536=CARTESIAN_POINT('Origin',(527.5,-45.,-5.));
#21537=CARTESIAN_POINT('',(527.5,-45.,-5.));
#21538=CARTESIAN_POINT('',(527.5,-45.,-5.));
#21539=CARTESIAN_POINT('',(527.5,-45.,5.));
#21540=CARTESIAN_POINT('',(527.5,-45.,5.));
#21541=CARTESIAN_POINT('',(527.5,-45.,-5.));
#21542=CARTESIAN_POINT('Origin',(520.5,-45.,-5.));
#21543=CARTESIAN_POINT('',(520.5,-45.,-5.));
#21544=CARTESIAN_POINT('',(520.5,-45.,-5.));
#21545=CARTESIAN_POINT('',(520.5,-45.,5.));
#21546=CARTESIAN_POINT('',(520.5,-45.,5.));
#21547=CARTESIAN_POINT('',(520.5,-45.,-5.));
#21548=CARTESIAN_POINT('Origin',(520.5,45.,-5.));
#21549=CARTESIAN_POINT('',(520.5,45.,-5.));
#21550=CARTESIAN_POINT('',(520.5,45.,5.));
#21551=CARTESIAN_POINT('Origin',(524.,0.,5.));
#21552=CARTESIAN_POINT('Origin',(524.,0.,-5.));
#21553=CARTESIAN_POINT('Origin',(511.5,45.,-5.));
#21554=CARTESIAN_POINT('',(511.5,45.,-5.));
#21555=CARTESIAN_POINT('',(504.5,45.,-5.));
#21556=CARTESIAN_POINT('',(511.5,45.,-5.));
#21557=CARTESIAN_POINT('',(504.5,45.,5.));
#21558=CARTESIAN_POINT('',(504.5,45.,-5.));
#21559=CARTESIAN_POINT('',(511.5,45.,5.));
#21560=CARTESIAN_POINT('',(511.5,45.,5.));
#21561=CARTESIAN_POINT('',(511.5,45.,-5.));
#21562=CARTESIAN_POINT('Origin',(511.5,-45.,-5.));
#21563=CARTESIAN_POINT('',(511.5,-45.,-5.));
#21564=CARTESIAN_POINT('',(511.5,-45.,-5.));
#21565=CARTESIAN_POINT('',(511.5,-45.,5.));
#21566=CARTESIAN_POINT('',(511.5,-45.,5.));
#21567=CARTESIAN_POINT('',(511.5,-45.,-5.));
#21568=CARTESIAN_POINT('Origin',(504.5,-45.,-5.));
#21569=CARTESIAN_POINT('',(504.5,-45.,-5.));
#21570=CARTESIAN_POINT('',(504.5,-45.,-5.));
#21571=CARTESIAN_POINT('',(504.5,-45.,5.));
#21572=CARTESIAN_POINT('',(504.5,-45.,5.));
#21573=CARTESIAN_POINT('',(504.5,-45.,-5.));
#21574=CARTESIAN_POINT('Origin',(504.5,45.,-5.));
#21575=CARTESIAN_POINT('',(504.5,45.,-5.));
#21576=CARTESIAN_POINT('',(504.5,45.,5.));
#21577=CARTESIAN_POINT('Origin',(508.,0.,5.));
#21578=CARTESIAN_POINT('Origin',(508.,0.,-5.));
#21579=CARTESIAN_POINT('Origin',(495.5,45.,-5.));
#21580=CARTESIAN_POINT('',(495.5,45.,-5.));
#21581=CARTESIAN_POINT('',(488.5,45.,-5.));
#21582=CARTESIAN_POINT('',(495.5,45.,-5.));
#21583=CARTESIAN_POINT('',(488.5,45.,5.));
#21584=CARTESIAN_POINT('',(488.5,45.,-5.));
#21585=CARTESIAN_POINT('',(495.5,45.,5.));
#21586=CARTESIAN_POINT('',(495.5,45.,5.));
#21587=CARTESIAN_POINT('',(495.5,45.,-5.));
#21588=CARTESIAN_POINT('Origin',(495.5,-45.,-5.));
#21589=CARTESIAN_POINT('',(495.5,-45.,-5.));
#21590=CARTESIAN_POINT('',(495.5,-45.,-5.));
#21591=CARTESIAN_POINT('',(495.5,-45.,5.));
#21592=CARTESIAN_POINT('',(495.5,-45.,5.));
#21593=CARTESIAN_POINT('',(495.5,-45.,-5.));
#21594=CARTESIAN_POINT('Origin',(488.5,-45.,-5.));
#21595=CARTESIAN_POINT('',(488.5,-45.,-5.));
#21596=CARTESIAN_POINT('',(488.5,-45.,-5.));
#21597=CARTESIAN_POINT('',(488.5,-45.,5.));
#21598=CARTESIAN_POINT('',(488.5,-45.,5.));
#21599=CARTESIAN_POINT('',(488.5,-45.,-5.));
#21600=CARTESIAN_POINT('Origin',(488.5,45.,-5.));
#21601=CARTESIAN_POINT('',(488.5,45.,-5.));
#21602=CARTESIAN_POINT('',(488.5,45.,5.));
#21603=CARTESIAN_POINT('Origin',(492.,0.,5.));
#21604=CARTESIAN_POINT('Origin',(492.,0.,-5.));
#21605=CARTESIAN_POINT('Origin',(479.5,45.,-5.));
#21606=CARTESIAN_POINT('',(479.5,45.,-5.));
#21607=CARTESIAN_POINT('',(472.5,45.,-5.));
#21608=CARTESIAN_POINT('',(479.5,45.,-5.));
#21609=CARTESIAN_POINT('',(472.5,45.,5.));
#21610=CARTESIAN_POINT('',(472.5,45.,-5.));
#21611=CARTESIAN_POINT('',(479.5,45.,5.));
#21612=CARTESIAN_POINT('',(479.5,45.,5.));
#21613=CARTESIAN_POINT('',(479.5,45.,-5.));
#21614=CARTESIAN_POINT('Origin',(479.5,-45.,-5.));
#21615=CARTESIAN_POINT('',(479.5,-45.,-5.));
#21616=CARTESIAN_POINT('',(479.5,-45.,-5.));
#21617=CARTESIAN_POINT('',(479.5,-45.,5.));
#21618=CARTESIAN_POINT('',(479.5,-45.,5.));
#21619=CARTESIAN_POINT('',(479.5,-45.,-5.));
#21620=CARTESIAN_POINT('Origin',(472.5,-45.,-5.));
#21621=CARTESIAN_POINT('',(472.5,-45.,-5.));
#21622=CARTESIAN_POINT('',(472.5,-45.,-5.));
#21623=CARTESIAN_POINT('',(472.5,-45.,5.));
#21624=CARTESIAN_POINT('',(472.5,-45.,5.));
#21625=CARTESIAN_POINT('',(472.5,-45.,-5.));
#21626=CARTESIAN_POINT('Origin',(472.5,45.,-5.));
#21627=CARTESIAN_POINT('',(472.5,45.,-5.));
#21628=CARTESIAN_POINT('',(472.5,45.,5.));
#21629=CARTESIAN_POINT('Origin',(476.,0.,5.));
#21630=CARTESIAN_POINT('Origin',(476.,0.,-5.));
#21631=CARTESIAN_POINT('Origin',(463.5,45.,-5.));
#21632=CARTESIAN_POINT('',(463.5,45.,-5.));
#21633=CARTESIAN_POINT('',(456.5,45.,-5.));
#21634=CARTESIAN_POINT('',(463.5,45.,-5.));
#21635=CARTESIAN_POINT('',(456.5,45.,5.));
#21636=CARTESIAN_POINT('',(456.5,45.,-5.));
#21637=CARTESIAN_POINT('',(463.5,45.,5.));
#21638=CARTESIAN_POINT('',(463.5,45.,5.));
#21639=CARTESIAN_POINT('',(463.5,45.,-5.));
#21640=CARTESIAN_POINT('Origin',(463.5,-45.,-5.));
#21641=CARTESIAN_POINT('',(463.5,-45.,-5.));
#21642=CARTESIAN_POINT('',(463.5,-45.,-5.));
#21643=CARTESIAN_POINT('',(463.5,-45.,5.));
#21644=CARTESIAN_POINT('',(463.5,-45.,5.));
#21645=CARTESIAN_POINT('',(463.5,-45.,-5.));
#21646=CARTESIAN_POINT('Origin',(456.5,-45.,-5.));
#21647=CARTESIAN_POINT('',(456.5,-45.,-5.));
#21648=CARTESIAN_POINT('',(456.5,-45.,-5.));
#21649=CARTESIAN_POINT('',(456.5,-45.,5.));
#21650=CARTESIAN_POINT('',(456.5,-45.,5.));
#21651=CARTESIAN_POINT('',(456.5,-45.,-5.));
#21652=CARTESIAN_POINT('Origin',(456.5,45.,-5.));
#21653=CARTESIAN_POINT('',(456.5,45.,-5.));
#21654=CARTESIAN_POINT('',(456.5,45.,5.));
#21655=CARTESIAN_POINT('Origin',(460.,0.,5.));
#21656=CARTESIAN_POINT('Origin',(460.,0.,-5.));
#21657=CARTESIAN_POINT('Origin',(447.5,45.,-5.));
#21658=CARTESIAN_POINT('',(447.5,45.,-5.));
#21659=CARTESIAN_POINT('',(440.5,45.,-5.));
#21660=CARTESIAN_POINT('',(447.5,45.,-5.));
#21661=CARTESIAN_POINT('',(440.5,45.,5.));
#21662=CARTESIAN_POINT('',(440.5,45.,-5.));
#21663=CARTESIAN_POINT('',(447.5,45.,5.));
#21664=CARTESIAN_POINT('',(447.5,45.,5.));
#21665=CARTESIAN_POINT('',(447.5,45.,-5.));
#21666=CARTESIAN_POINT('Origin',(447.5,-45.,-5.));
#21667=CARTESIAN_POINT('',(447.5,-45.,-5.));
#21668=CARTESIAN_POINT('',(447.5,-45.,-5.));
#21669=CARTESIAN_POINT('',(447.5,-45.,5.));
#21670=CARTESIAN_POINT('',(447.5,-45.,5.));
#21671=CARTESIAN_POINT('',(447.5,-45.,-5.));
#21672=CARTESIAN_POINT('Origin',(440.5,-45.,-5.));
#21673=CARTESIAN_POINT('',(440.5,-45.,-5.));
#21674=CARTESIAN_POINT('',(440.5,-45.,-5.));
#21675=CARTESIAN_POINT('',(440.5,-45.,5.));
#21676=CARTESIAN_POINT('',(440.5,-45.,5.));
#21677=CARTESIAN_POINT('',(440.5,-45.,-5.));
#21678=CARTESIAN_POINT('Origin',(440.5,45.,-5.));
#21679=CARTESIAN_POINT('',(440.5,45.,-5.));
#21680=CARTESIAN_POINT('',(440.5,45.,5.));
#21681=CARTESIAN_POINT('Origin',(444.,0.,5.));
#21682=CARTESIAN_POINT('Origin',(444.,0.,-5.));
#21683=CARTESIAN_POINT('Origin',(431.5,45.,-5.));
#21684=CARTESIAN_POINT('',(431.5,45.,-5.));
#21685=CARTESIAN_POINT('',(424.5,45.,-5.));
#21686=CARTESIAN_POINT('',(431.5,45.,-5.));
#21687=CARTESIAN_POINT('',(424.5,45.,5.));
#21688=CARTESIAN_POINT('',(424.5,45.,-5.));
#21689=CARTESIAN_POINT('',(431.5,45.,5.));
#21690=CARTESIAN_POINT('',(431.5,45.,5.));
#21691=CARTESIAN_POINT('',(431.5,45.,-5.));
#21692=CARTESIAN_POINT('Origin',(431.5,-45.,-5.));
#21693=CARTESIAN_POINT('',(431.5,-45.,-5.));
#21694=CARTESIAN_POINT('',(431.5,-45.,-5.));
#21695=CARTESIAN_POINT('',(431.5,-45.,5.));
#21696=CARTESIAN_POINT('',(431.5,-45.,5.));
#21697=CARTESIAN_POINT('',(431.5,-45.,-5.));
#21698=CARTESIAN_POINT('Origin',(424.5,-45.,-5.));
#21699=CARTESIAN_POINT('',(424.5,-45.,-5.));
#21700=CARTESIAN_POINT('',(424.5,-45.,-5.));
#21701=CARTESIAN_POINT('',(424.5,-45.,5.));
#21702=CARTESIAN_POINT('',(424.5,-45.,5.));
#21703=CARTESIAN_POINT('',(424.5,-45.,-5.));
#21704=CARTESIAN_POINT('Origin',(424.5,45.,-5.));
#21705=CARTESIAN_POINT('',(424.5,45.,-5.));
#21706=CARTESIAN_POINT('',(424.5,45.,5.));
#21707=CARTESIAN_POINT('Origin',(428.,0.,5.));
#21708=CARTESIAN_POINT('Origin',(428.,0.,-5.));
#21709=CARTESIAN_POINT('Origin',(415.5,45.,-5.));
#21710=CARTESIAN_POINT('',(415.5,45.,-5.));
#21711=CARTESIAN_POINT('',(408.5,45.,-5.));
#21712=CARTESIAN_POINT('',(415.5,45.,-5.));
#21713=CARTESIAN_POINT('',(408.5,45.,5.));
#21714=CARTESIAN_POINT('',(408.5,45.,-5.));
#21715=CARTESIAN_POINT('',(415.5,45.,5.));
#21716=CARTESIAN_POINT('',(415.5,45.,5.));
#21717=CARTESIAN_POINT('',(415.5,45.,-5.));
#21718=CARTESIAN_POINT('Origin',(415.5,-45.,-5.));
#21719=CARTESIAN_POINT('',(415.5,-45.,-5.));
#21720=CARTESIAN_POINT('',(415.5,-45.,-5.));
#21721=CARTESIAN_POINT('',(415.5,-45.,5.));
#21722=CARTESIAN_POINT('',(415.5,-45.,5.));
#21723=CARTESIAN_POINT('',(415.5,-45.,-5.));
#21724=CARTESIAN_POINT('Origin',(408.5,-45.,-5.));
#21725=CARTESIAN_POINT('',(408.5,-45.,-5.));
#21726=CARTESIAN_POINT('',(408.5,-45.,-5.));
#21727=CARTESIAN_POINT('',(408.5,-45.,5.));
#21728=CARTESIAN_POINT('',(408.5,-45.,5.));
#21729=CARTESIAN_POINT('',(408.5,-45.,-5.));
#21730=CARTESIAN_POINT('Origin',(408.5,45.,-5.));
#21731=CARTESIAN_POINT('',(408.5,45.,-5.));
#21732=CARTESIAN_POINT('',(408.5,45.,5.));
#21733=CARTESIAN_POINT('Origin',(412.,0.,5.));
#21734=CARTESIAN_POINT('Origin',(412.,0.,-5.));
#21735=CARTESIAN_POINT('Origin',(399.5,45.,-5.));
#21736=CARTESIAN_POINT('',(399.5,45.,-5.));
#21737=CARTESIAN_POINT('',(392.5,45.,-5.));
#21738=CARTESIAN_POINT('',(399.5,45.,-5.));
#21739=CARTESIAN_POINT('',(392.5,45.,5.));
#21740=CARTESIAN_POINT('',(392.5,45.,-5.));
#21741=CARTESIAN_POINT('',(399.5,45.,5.));
#21742=CARTESIAN_POINT('',(399.5,45.,5.));
#21743=CARTESIAN_POINT('',(399.5,45.,-5.));
#21744=CARTESIAN_POINT('Origin',(399.5,-45.,-5.));
#21745=CARTESIAN_POINT('',(399.5,-45.,-5.));
#21746=CARTESIAN_POINT('',(399.5,-45.,-5.));
#21747=CARTESIAN_POINT('',(399.5,-45.,5.));
#21748=CARTESIAN_POINT('',(399.5,-45.,5.));
#21749=CARTESIAN_POINT('',(399.5,-45.,-5.));
#21750=CARTESIAN_POINT('Origin',(392.5,-45.,-5.));
#21751=CARTESIAN_POINT('',(392.5,-45.,-5.));
#21752=CARTESIAN_POINT('',(392.5,-45.,-5.));
#21753=CARTESIAN_POINT('',(392.5,-45.,5.));
#21754=CARTESIAN_POINT('',(392.5,-45.,5.));
#21755=CARTESIAN_POINT('',(392.5,-45.,-5.));
#21756=CARTESIAN_POINT('Origin',(392.5,45.,-5.));
#21757=CARTESIAN_POINT('',(392.5,45.,-5.));
#21758=CARTESIAN_POINT('',(392.5,45.,5.));
#21759=CARTESIAN_POINT('Origin',(396.,0.,5.));
#21760=CARTESIAN_POINT('Origin',(396.,0.,-5.));
#21761=CARTESIAN_POINT('Origin',(383.5,45.,-5.));
#21762=CARTESIAN_POINT('',(383.5,45.,-5.));
#21763=CARTESIAN_POINT('',(376.5,45.,-5.));
#21764=CARTESIAN_POINT('',(383.5,45.,-5.));
#21765=CARTESIAN_POINT('',(376.5,45.,5.));
#21766=CARTESIAN_POINT('',(376.5,45.,-5.));
#21767=CARTESIAN_POINT('',(383.5,45.,5.));
#21768=CARTESIAN_POINT('',(383.5,45.,5.));
#21769=CARTESIAN_POINT('',(383.5,45.,-5.));
#21770=CARTESIAN_POINT('Origin',(383.5,-45.,-5.));
#21771=CARTESIAN_POINT('',(383.5,-45.,-5.));
#21772=CARTESIAN_POINT('',(383.5,-45.,-5.));
#21773=CARTESIAN_POINT('',(383.5,-45.,5.));
#21774=CARTESIAN_POINT('',(383.5,-45.,5.));
#21775=CARTESIAN_POINT('',(383.5,-45.,-5.));
#21776=CARTESIAN_POINT('Origin',(376.5,-45.,-5.));
#21777=CARTESIAN_POINT('',(376.5,-45.,-5.));
#21778=CARTESIAN_POINT('',(376.5,-45.,-5.));
#21779=CARTESIAN_POINT('',(376.5,-45.,5.));
#21780=CARTESIAN_POINT('',(376.5,-45.,5.));
#21781=CARTESIAN_POINT('',(376.5,-45.,-5.));
#21782=CARTESIAN_POINT('Origin',(376.5,45.,-5.));
#21783=CARTESIAN_POINT('',(376.5,45.,-5.));
#21784=CARTESIAN_POINT('',(376.5,45.,5.));
#21785=CARTESIAN_POINT('Origin',(380.,0.,5.));
#21786=CARTESIAN_POINT('Origin',(380.,0.,-5.));
#21787=CARTESIAN_POINT('Origin',(367.5,45.,-5.));
#21788=CARTESIAN_POINT('',(367.5,45.,-5.));
#21789=CARTESIAN_POINT('',(360.5,45.,-5.));
#21790=CARTESIAN_POINT('',(367.5,45.,-5.));
#21791=CARTESIAN_POINT('',(360.5,45.,5.));
#21792=CARTESIAN_POINT('',(360.5,45.,-5.));
#21793=CARTESIAN_POINT('',(367.5,45.,5.));
#21794=CARTESIAN_POINT('',(367.5,45.,5.));
#21795=CARTESIAN_POINT('',(367.5,45.,-5.));
#21796=CARTESIAN_POINT('Origin',(367.5,-45.,-5.));
#21797=CARTESIAN_POINT('',(367.5,-45.,-5.));
#21798=CARTESIAN_POINT('',(367.5,-45.,-5.));
#21799=CARTESIAN_POINT('',(367.5,-45.,5.));
#21800=CARTESIAN_POINT('',(367.5,-45.,5.));
#21801=CARTESIAN_POINT('',(367.5,-45.,-5.));
#21802=CARTESIAN_POINT('Origin',(360.5,-45.,-5.));
#21803=CARTESIAN_POINT('',(360.5,-45.,-5.));
#21804=CARTESIAN_POINT('',(360.5,-45.,-5.));
#21805=CARTESIAN_POINT('',(360.5,-45.,5.));
#21806=CARTESIAN_POINT('',(360.5,-45.,5.));
#21807=CARTESIAN_POINT('',(360.5,-45.,-5.));
#21808=CARTESIAN_POINT('Origin',(360.5,45.,-5.));
#21809=CARTESIAN_POINT('',(360.5,45.,-5.));
#21810=CARTESIAN_POINT('',(360.5,45.,5.));
#21811=CARTESIAN_POINT('Origin',(364.,0.,5.));
#21812=CARTESIAN_POINT('Origin',(364.,0.,-5.));
#21813=CARTESIAN_POINT('Origin',(351.5,45.,-5.));
#21814=CARTESIAN_POINT('',(351.5,45.,-5.));
#21815=CARTESIAN_POINT('',(344.5,45.,-5.));
#21816=CARTESIAN_POINT('',(351.5,45.,-5.));
#21817=CARTESIAN_POINT('',(344.5,45.,5.));
#21818=CARTESIAN_POINT('',(344.5,45.,-5.));
#21819=CARTESIAN_POINT('',(351.5,45.,5.));
#21820=CARTESIAN_POINT('',(351.5,45.,5.));
#21821=CARTESIAN_POINT('',(351.5,45.,-5.));
#21822=CARTESIAN_POINT('Origin',(351.5,-45.,-5.));
#21823=CARTESIAN_POINT('',(351.5,-45.,-5.));
#21824=CARTESIAN_POINT('',(351.5,-45.,-5.));
#21825=CARTESIAN_POINT('',(351.5,-45.,5.));
#21826=CARTESIAN_POINT('',(351.5,-45.,5.));
#21827=CARTESIAN_POINT('',(351.5,-45.,-5.));
#21828=CARTESIAN_POINT('Origin',(344.5,-45.,-5.));
#21829=CARTESIAN_POINT('',(344.5,-45.,-5.));
#21830=CARTESIAN_POINT('',(344.5,-45.,-5.));
#21831=CARTESIAN_POINT('',(344.5,-45.,5.));
#21832=CARTESIAN_POINT('',(344.5,-45.,5.));
#21833=CARTESIAN_POINT('',(344.5,-45.,-5.));
#21834=CARTESIAN_POINT('Origin',(344.5,45.,-5.));
#21835=CARTESIAN_POINT('',(344.5,45.,-5.));
#21836=CARTESIAN_POINT('',(344.5,45.,5.));
#21837=CARTESIAN_POINT('Origin',(348.,0.,5.));
#21838=CARTESIAN_POINT('Origin',(348.,0.,-5.));
#21839=CARTESIAN_POINT('Origin',(335.5,45.,-5.));
#21840=CARTESIAN_POINT('',(335.5,45.,-5.));
#21841=CARTESIAN_POINT('',(328.5,45.,-5.));
#21842=CARTESIAN_POINT('',(335.5,45.,-5.));
#21843=CARTESIAN_POINT('',(328.5,45.,5.));
#21844=CARTESIAN_POINT('',(328.5,45.,-5.));
#21845=CARTESIAN_POINT('',(335.5,45.,5.));
#21846=CARTESIAN_POINT('',(335.5,45.,5.));
#21847=CARTESIAN_POINT('',(335.5,45.,-5.));
#21848=CARTESIAN_POINT('Origin',(335.5,-45.,-5.));
#21849=CARTESIAN_POINT('',(335.5,-45.,-5.));
#21850=CARTESIAN_POINT('',(335.5,-45.,-5.));
#21851=CARTESIAN_POINT('',(335.5,-45.,5.));
#21852=CARTESIAN_POINT('',(335.5,-45.,5.));
#21853=CARTESIAN_POINT('',(335.5,-45.,-5.));
#21854=CARTESIAN_POINT('Origin',(328.5,-45.,-5.));
#21855=CARTESIAN_POINT('',(328.5,-45.,-5.));
#21856=CARTESIAN_POINT('',(328.5,-45.,-5.));
#21857=CARTESIAN_POINT('',(328.5,-45.,5.));
#21858=CARTESIAN_POINT('',(328.5,-45.,5.));
#21859=CARTESIAN_POINT('',(328.5,-45.,-5.));
#21860=CARTESIAN_POINT('Origin',(328.5,45.,-5.));
#21861=CARTESIAN_POINT('',(328.5,45.,-5.));
#21862=CARTESIAN_POINT('',(328.5,45.,5.));
#21863=CARTESIAN_POINT('Origin',(332.,0.,5.));
#21864=CARTESIAN_POINT('Origin',(332.,0.,-5.));
#21865=CARTESIAN_POINT('Origin',(319.5,45.,-5.));
#21866=CARTESIAN_POINT('',(319.5,45.,-5.));
#21867=CARTESIAN_POINT('',(312.5,45.,-5.));
#21868=CARTESIAN_POINT('',(319.5,45.,-5.));
#21869=CARTESIAN_POINT('',(312.5,45.,5.));
#21870=CARTESIAN_POINT('',(312.5,45.,-5.));
#21871=CARTESIAN_POINT('',(319.5,45.,5.));
#21872=CARTESIAN_POINT('',(319.5,45.,5.));
#21873=CARTESIAN_POINT('',(319.5,45.,-5.));
#21874=CARTESIAN_POINT('Origin',(319.5,-45.,-5.));
#21875=CARTESIAN_POINT('',(319.5,-45.,-5.));
#21876=CARTESIAN_POINT('',(319.5,-45.,-5.));
#21877=CARTESIAN_POINT('',(319.5,-45.,5.));
#21878=CARTESIAN_POINT('',(319.5,-45.,5.));
#21879=CARTESIAN_POINT('',(319.5,-45.,-5.));
#21880=CARTESIAN_POINT('Origin',(312.5,-45.,-5.));
#21881=CARTESIAN_POINT('',(312.5,-45.,-5.));
#21882=CARTESIAN_POINT('',(312.5,-45.,-5.));
#21883=CARTESIAN_POINT('',(312.5,-45.,5.));
#21884=CARTESIAN_POINT('',(312.5,-45.,5.));
#21885=CARTESIAN_POINT('',(312.5,-45.,-5.));
#21886=CARTESIAN_POINT('Origin',(312.5,45.,-5.));
#21887=CARTESIAN_POINT('',(312.5,45.,-5.));
#21888=CARTESIAN_POINT('',(312.5,45.,5.));
#21889=CARTESIAN_POINT('Origin',(316.,0.,5.));
#21890=CARTESIAN_POINT('Origin',(316.,0.,-5.));
#21891=CARTESIAN_POINT('Origin',(303.5,45.,-5.));
#21892=CARTESIAN_POINT('',(303.5,45.,-5.));
#21893=CARTESIAN_POINT('',(296.5,45.,-5.));
#21894=CARTESIAN_POINT('',(303.5,45.,-5.));
#21895=CARTESIAN_POINT('',(296.5,45.,5.));
#21896=CARTESIAN_POINT('',(296.5,45.,-5.));
#21897=CARTESIAN_POINT('',(303.5,45.,5.));
#21898=CARTESIAN_POINT('',(303.5,45.,5.));
#21899=CARTESIAN_POINT('',(303.5,45.,-5.));
#21900=CARTESIAN_POINT('Origin',(303.5,-45.,-5.));
#21901=CARTESIAN_POINT('',(303.5,-45.,-5.));
#21902=CARTESIAN_POINT('',(303.5,-45.,-5.));
#21903=CARTESIAN_POINT('',(303.5,-45.,5.));
#21904=CARTESIAN_POINT('',(303.5,-45.,5.));
#21905=CARTESIAN_POINT('',(303.5,-45.,-5.));
#21906=CARTESIAN_POINT('Origin',(296.5,-45.,-5.));
#21907=CARTESIAN_POINT('',(296.5,-45.,-5.));
#21908=CARTESIAN_POINT('',(296.5,-45.,-5.));
#21909=CARTESIAN_POINT('',(296.5,-45.,5.));
#21910=CARTESIAN_POINT('',(296.5,-45.,5.));
#21911=CARTESIAN_POINT('',(296.5,-45.,-5.));
#21912=CARTESIAN_POINT('Origin',(296.5,45.,-5.));
#21913=CARTESIAN_POINT('',(296.5,45.,-5.));
#21914=CARTESIAN_POINT('',(296.5,45.,5.));
#21915=CARTESIAN_POINT('Origin',(300.,0.,5.));
#21916=CARTESIAN_POINT('Origin',(300.,0.,-5.));
#21917=CARTESIAN_POINT('Origin',(287.5,45.,-5.));
#21918=CARTESIAN_POINT('',(287.5,45.,-5.));
#21919=CARTESIAN_POINT('',(280.5,45.,-5.));
#21920=CARTESIAN_POINT('',(287.5,45.,-5.));
#21921=CARTESIAN_POINT('',(280.5,45.,5.));
#21922=CARTESIAN_POINT('',(280.5,45.,-5.));
#21923=CARTESIAN_POINT('',(287.5,45.,5.));
#21924=CARTESIAN_POINT('',(287.5,45.,5.));
#21925=CARTESIAN_POINT('',(287.5,45.,-5.));
#21926=CARTESIAN_POINT('Origin',(287.5,-45.,-5.));
#21927=CARTESIAN_POINT('',(287.5,-45.,-5.));
#21928=CARTESIAN_POINT('',(287.5,-45.,-5.));
#21929=CARTESIAN_POINT('',(287.5,-45.,5.));
#21930=CARTESIAN_POINT('',(287.5,-45.,5.));
#21931=CARTESIAN_POINT('',(287.5,-45.,-5.));
#21932=CARTESIAN_POINT('Origin',(280.5,-45.,-5.));
#21933=CARTESIAN_POINT('',(280.5,-45.,-5.));
#21934=CARTESIAN_POINT('',(280.5,-45.,-5.));
#21935=CARTESIAN_POINT('',(280.5,-45.,5.));
#21936=CARTESIAN_POINT('',(280.5,-45.,5.));
#21937=CARTESIAN_POINT('',(280.5,-45.,-5.));
#21938=CARTESIAN_POINT('Origin',(280.5,45.,-5.));
#21939=CARTESIAN_POINT('',(280.5,45.,-5.));
#21940=CARTESIAN_POINT('',(280.5,45.,5.));
#21941=CARTESIAN_POINT('Origin',(284.,0.,5.));
#21942=CARTESIAN_POINT('Origin',(284.,0.,-5.));
#21943=CARTESIAN_POINT('Origin',(271.5,45.,-5.));
#21944=CARTESIAN_POINT('',(271.5,45.,-5.));
#21945=CARTESIAN_POINT('',(264.5,45.,-5.));
#21946=CARTESIAN_POINT('',(271.5,45.,-5.));
#21947=CARTESIAN_POINT('',(264.5,45.,5.));
#21948=CARTESIAN_POINT('',(264.5,45.,-5.));
#21949=CARTESIAN_POINT('',(271.5,45.,5.));
#21950=CARTESIAN_POINT('',(271.5,45.,5.));
#21951=CARTESIAN_POINT('',(271.5,45.,-5.));
#21952=CARTESIAN_POINT('Origin',(271.5,-45.,-5.));
#21953=CARTESIAN_POINT('',(271.5,-45.,-5.));
#21954=CARTESIAN_POINT('',(271.5,-45.,-5.));
#21955=CARTESIAN_POINT('',(271.5,-45.,5.));
#21956=CARTESIAN_POINT('',(271.5,-45.,5.));
#21957=CARTESIAN_POINT('',(271.5,-45.,-5.));
#21958=CARTESIAN_POINT('Origin',(264.5,-45.,-5.));
#21959=CARTESIAN_POINT('',(264.5,-45.,-5.));
#21960=CARTESIAN_POINT('',(264.5,-45.,-5.));
#21961=CARTESIAN_POINT('',(264.5,-45.,5.));
#21962=CARTESIAN_POINT('',(264.5,-45.,5.));
#21963=CARTESIAN_POINT('',(264.5,-45.,-5.));
#21964=CARTESIAN_POINT('Origin',(264.5,45.,-5.));
#21965=CARTESIAN_POINT('',(264.5,45.,-5.));
#21966=CARTESIAN_POINT('',(264.5,45.,5.));
#21967=CARTESIAN_POINT('Origin',(268.,0.,5.));
#21968=CARTESIAN_POINT('Origin',(268.,0.,-5.));
#21969=CARTESIAN_POINT('Origin',(255.5,45.,-5.));
#21970=CARTESIAN_POINT('',(255.5,45.,-5.));
#21971=CARTESIAN_POINT('',(248.5,45.,-5.));
#21972=CARTESIAN_POINT('',(255.5,45.,-5.));
#21973=CARTESIAN_POINT('',(248.5,45.,5.));
#21974=CARTESIAN_POINT('',(248.5,45.,-5.));
#21975=CARTESIAN_POINT('',(255.5,45.,5.));
#21976=CARTESIAN_POINT('',(255.5,45.,5.));
#21977=CARTESIAN_POINT('',(255.5,45.,-5.));
#21978=CARTESIAN_POINT('Origin',(255.5,-45.,-5.));
#21979=CARTESIAN_POINT('',(255.5,-45.,-5.));
#21980=CARTESIAN_POINT('',(255.5,-45.,-5.));
#21981=CARTESIAN_POINT('',(255.5,-45.,5.));
#21982=CARTESIAN_POINT('',(255.5,-45.,5.));
#21983=CARTESIAN_POINT('',(255.5,-45.,-5.));
#21984=CARTESIAN_POINT('Origin',(248.5,-45.,-5.));
#21985=CARTESIAN_POINT('',(248.5,-45.,-5.));
#21986=CARTESIAN_POINT('',(248.5,-45.,-5.));
#21987=CARTESIAN_POINT('',(248.5,-45.,5.));
#21988=CARTESIAN_POINT('',(248.5,-45.,5.));
#21989=CARTESIAN_POINT('',(248.5,-45.,-5.));
#21990=CARTESIAN_POINT('Origin',(248.5,45.,-5.));
#21991=CARTESIAN_POINT('',(248.5,45.,-5.));
#21992=CARTESIAN_POINT('',(248.5,45.,5.));
#21993=CARTESIAN_POINT('Origin',(252.,0.,5.));
#21994=CARTESIAN_POINT('Origin',(252.,0.,-5.));
#21995=CARTESIAN_POINT('Origin',(239.5,45.,-5.));
#21996=CARTESIAN_POINT('',(239.5,45.,-5.));
#21997=CARTESIAN_POINT('',(232.5,45.,-5.));
#21998=CARTESIAN_POINT('',(239.5,45.,-5.));
#21999=CARTESIAN_POINT('',(232.5,45.,5.));
#22000=CARTESIAN_POINT('',(232.5,45.,-5.));
#22001=CARTESIAN_POINT('',(239.5,45.,5.));
#22002=CARTESIAN_POINT('',(239.5,45.,5.));
#22003=CARTESIAN_POINT('',(239.5,45.,-5.));
#22004=CARTESIAN_POINT('Origin',(239.5,-45.,-5.));
#22005=CARTESIAN_POINT('',(239.5,-45.,-5.));
#22006=CARTESIAN_POINT('',(239.5,-45.,-5.));
#22007=CARTESIAN_POINT('',(239.5,-45.,5.));
#22008=CARTESIAN_POINT('',(239.5,-45.,5.));
#22009=CARTESIAN_POINT('',(239.5,-45.,-5.));
#22010=CARTESIAN_POINT('Origin',(232.5,-45.,-5.));
#22011=CARTESIAN_POINT('',(232.5,-45.,-5.));
#22012=CARTESIAN_POINT('',(232.5,-45.,-5.));
#22013=CARTESIAN_POINT('',(232.5,-45.,5.));
#22014=CARTESIAN_POINT('',(232.5,-45.,5.));
#22015=CARTESIAN_POINT('',(232.5,-45.,-5.));
#22016=CARTESIAN_POINT('Origin',(232.5,45.,-5.));
#22017=CARTESIAN_POINT('',(232.5,45.,-5.));
#22018=CARTESIAN_POINT('',(232.5,45.,5.));
#22019=CARTESIAN_POINT('Origin',(236.,0.,5.));
#22020=CARTESIAN_POINT('Origin',(236.,0.,-5.));
#22021=CARTESIAN_POINT('Origin',(223.5,45.,-5.));
#22022=CARTESIAN_POINT('',(223.5,45.,-5.));
#22023=CARTESIAN_POINT('',(216.5,45.,-5.));
#22024=CARTESIAN_POINT('',(223.5,45.,-5.));
#22025=CARTESIAN_POINT('',(216.5,45.,5.));
#22026=CARTESIAN_POINT('',(216.5,45.,-5.));
#22027=CARTESIAN_POINT('',(223.5,45.,5.));
#22028=CARTESIAN_POINT('',(223.5,45.,5.));
#22029=CARTESIAN_POINT('',(223.5,45.,-5.));
#22030=CARTESIAN_POINT('Origin',(223.5,-45.,-5.));
#22031=CARTESIAN_POINT('',(223.5,-45.,-5.));
#22032=CARTESIAN_POINT('',(223.5,-45.,-5.));
#22033=CARTESIAN_POINT('',(223.5,-45.,5.));
#22034=CARTESIAN_POINT('',(223.5,-45.,5.));
#22035=CARTESIAN_POINT('',(223.5,-45.,-5.));
#22036=CARTESIAN_POINT('Origin',(216.5,-45.,-5.));
#22037=CARTESIAN_POINT('',(216.5,-45.,-5.));
#22038=CARTESIAN_POINT('',(216.5,-45.,-5.));
#22039=CARTESIAN_POINT('',(216.5,-45.,5.));
#22040=CARTESIAN_POINT('',(216.5,-45.,5.));
#22041=CARTESIAN_POINT('',(216.5,-45.,-5.));
#22042=CARTESIAN_POINT('Origin',(216.5,45.,-5.));
#22043=CARTESIAN_POINT('',(216.5,45.,-5.));
#22044=CARTESIAN_POINT('',(216.5,45.,5.));
#22045=CARTESIAN_POINT('Origin',(220.,0.,5.));
#22046=CARTESIAN_POINT('Origin',(220.,0.,-5.));
#22047=CARTESIAN_POINT('Origin',(207.5,45.,-5.));
#22048=CARTESIAN_POINT('',(207.5,45.,-5.));
#22049=CARTESIAN_POINT('',(200.5,45.,-5.));
#22050=CARTESIAN_POINT('',(207.5,45.,-5.));
#22051=CARTESIAN_POINT('',(200.5,45.,5.));
#22052=CARTESIAN_POINT('',(200.5,45.,-5.));
#22053=CARTESIAN_POINT('',(207.5,45.,5.));
#22054=CARTESIAN_POINT('',(207.5,45.,5.));
#22055=CARTESIAN_POINT('',(207.5,45.,-5.));
#22056=CARTESIAN_POINT('Origin',(207.5,-45.,-5.));
#22057=CARTESIAN_POINT('',(207.5,-45.,-5.));
#22058=CARTESIAN_POINT('',(207.5,-45.,-5.));
#22059=CARTESIAN_POINT('',(207.5,-45.,5.));
#22060=CARTESIAN_POINT('',(207.5,-45.,5.));
#22061=CARTESIAN_POINT('',(207.5,-45.,-5.));
#22062=CARTESIAN_POINT('Origin',(200.5,-45.,-5.));
#22063=CARTESIAN_POINT('',(200.5,-45.,-5.));
#22064=CARTESIAN_POINT('',(200.5,-45.,-5.));
#22065=CARTESIAN_POINT('',(200.5,-45.,5.));
#22066=CARTESIAN_POINT('',(200.5,-45.,5.));
#22067=CARTESIAN_POINT('',(200.5,-45.,-5.));
#22068=CARTESIAN_POINT('Origin',(200.5,45.,-5.));
#22069=CARTESIAN_POINT('',(200.5,45.,-5.));
#22070=CARTESIAN_POINT('',(200.5,45.,5.));
#22071=CARTESIAN_POINT('Origin',(204.,0.,5.));
#22072=CARTESIAN_POINT('Origin',(204.,0.,-5.));
#22073=CARTESIAN_POINT('Origin',(191.5,45.,-5.));
#22074=CARTESIAN_POINT('',(191.5,45.,-5.));
#22075=CARTESIAN_POINT('',(184.5,45.,-5.));
#22076=CARTESIAN_POINT('',(191.5,45.,-5.));
#22077=CARTESIAN_POINT('',(184.5,45.,5.));
#22078=CARTESIAN_POINT('',(184.5,45.,-5.));
#22079=CARTESIAN_POINT('',(191.5,45.,5.));
#22080=CARTESIAN_POINT('',(191.5,45.,5.));
#22081=CARTESIAN_POINT('',(191.5,45.,-5.));
#22082=CARTESIAN_POINT('Origin',(191.5,-45.,-5.));
#22083=CARTESIAN_POINT('',(191.5,-45.,-5.));
#22084=CARTESIAN_POINT('',(191.5,-45.,-5.));
#22085=CARTESIAN_POINT('',(191.5,-45.,5.));
#22086=CARTESIAN_POINT('',(191.5,-45.,5.));
#22087=CARTESIAN_POINT('',(191.5,-45.,-5.));
#22088=CARTESIAN_POINT('Origin',(184.5,-45.,-5.));
#22089=CARTESIAN_POINT('',(184.5,-45.,-5.));
#22090=CARTESIAN_POINT('',(184.5,-45.,-5.));
#22091=CARTESIAN_POINT('',(184.5,-45.,5.));
#22092=CARTESIAN_POINT('',(184.5,-45.,5.));
#22093=CARTESIAN_POINT('',(184.5,-45.,-5.));
#22094=CARTESIAN_POINT('Origin',(184.5,45.,-5.));
#22095=CARTESIAN_POINT('',(184.5,45.,-5.));
#22096=CARTESIAN_POINT('',(184.5,45.,5.));
#22097=CARTESIAN_POINT('Origin',(188.,0.,5.));
#22098=CARTESIAN_POINT('Origin',(188.,0.,-5.));
#22099=CARTESIAN_POINT('Origin',(175.5,45.,-5.));
#22100=CARTESIAN_POINT('',(175.5,45.,-5.));
#22101=CARTESIAN_POINT('',(168.5,45.,-5.));
#22102=CARTESIAN_POINT('',(175.5,45.,-5.));
#22103=CARTESIAN_POINT('',(168.5,45.,5.));
#22104=CARTESIAN_POINT('',(168.5,45.,-5.));
#22105=CARTESIAN_POINT('',(175.5,45.,5.));
#22106=CARTESIAN_POINT('',(175.5,45.,5.));
#22107=CARTESIAN_POINT('',(175.5,45.,-5.));
#22108=CARTESIAN_POINT('Origin',(175.5,-45.,-5.));
#22109=CARTESIAN_POINT('',(175.5,-45.,-5.));
#22110=CARTESIAN_POINT('',(175.5,-45.,-5.));
#22111=CARTESIAN_POINT('',(175.5,-45.,5.));
#22112=CARTESIAN_POINT('',(175.5,-45.,5.));
#22113=CARTESIAN_POINT('',(175.5,-45.,-5.));
#22114=CARTESIAN_POINT('Origin',(168.5,-45.,-5.));
#22115=CARTESIAN_POINT('',(168.5,-45.,-5.));
#22116=CARTESIAN_POINT('',(168.5,-45.,-5.));
#22117=CARTESIAN_POINT('',(168.5,-45.,5.));
#22118=CARTESIAN_POINT('',(168.5,-45.,5.));
#22119=CARTESIAN_POINT('',(168.5,-45.,-5.));
#22120=CARTESIAN_POINT('Origin',(168.5,45.,-5.));
#22121=CARTESIAN_POINT('',(168.5,45.,-5.));
#22122=CARTESIAN_POINT('',(168.5,45.,5.));
#22123=CARTESIAN_POINT('Origin',(172.,0.,5.));
#22124=CARTESIAN_POINT('Origin',(172.,0.,-5.));
#22125=CARTESIAN_POINT('Origin',(159.5,45.,-5.));
#22126=CARTESIAN_POINT('',(159.5,45.,-5.));
#22127=CARTESIAN_POINT('',(152.5,45.,-5.));
#22128=CARTESIAN_POINT('',(159.5,45.,-5.));
#22129=CARTESIAN_POINT('',(152.5,45.,5.));
#22130=CARTESIAN_POINT('',(152.5,45.,-5.));
#22131=CARTESIAN_POINT('',(159.5,45.,5.));
#22132=CARTESIAN_POINT('',(159.5,45.,5.));
#22133=CARTESIAN_POINT('',(159.5,45.,-5.));
#22134=CARTESIAN_POINT('Origin',(159.5,-45.,-5.));
#22135=CARTESIAN_POINT('',(159.5,-45.,-5.));
#22136=CARTESIAN_POINT('',(159.5,-45.,-5.));
#22137=CARTESIAN_POINT('',(159.5,-45.,5.));
#22138=CARTESIAN_POINT('',(159.5,-45.,5.));
#22139=CARTESIAN_POINT('',(159.5,-45.,-5.));
#22140=CARTESIAN_POINT('Origin',(152.5,-45.,-5.));
#22141=CARTESIAN_POINT('',(152.5,-45.,-5.));
#22142=CARTESIAN_POINT('',(152.5,-45.,-5.));
#22143=CARTESIAN_POINT('',(152.5,-45.,5.));
#22144=CARTESIAN_POINT('',(152.5,-45.,5.));
#22145=CARTESIAN_POINT('',(152.5,-45.,-5.));
#22146=CARTESIAN_POINT('Origin',(152.5,45.,-5.));
#22147=CARTESIAN_POINT('',(152.5,45.,-5.));
#22148=CARTESIAN_POINT('',(152.5,45.,5.));
#22149=CARTESIAN_POINT('Origin',(156.,0.,5.));
#22150=CARTESIAN_POINT('Origin',(156.,0.,-5.));
#22151=CARTESIAN_POINT('Origin',(143.5,45.,-5.));
#22152=CARTESIAN_POINT('',(143.5,45.,-5.));
#22153=CARTESIAN_POINT('',(136.5,45.,-5.));
#22154=CARTESIAN_POINT('',(143.5,45.,-5.));
#22155=CARTESIAN_POINT('',(136.5,45.,5.));
#22156=CARTESIAN_POINT('',(136.5,45.,-5.));
#22157=CARTESIAN_POINT('',(143.5,45.,5.));
#22158=CARTESIAN_POINT('',(143.5,45.,5.));
#22159=CARTESIAN_POINT('',(143.5,45.,-5.));
#22160=CARTESIAN_POINT('Origin',(143.5,-45.,-5.));
#22161=CARTESIAN_POINT('',(143.5,-45.,-5.));
#22162=CARTESIAN_POINT('',(143.5,-45.,-5.));
#22163=CARTESIAN_POINT('',(143.5,-45.,5.));
#22164=CARTESIAN_POINT('',(143.5,-45.,5.));
#22165=CARTESIAN_POINT('',(143.5,-45.,-5.));
#22166=CARTESIAN_POINT('Origin',(136.5,-45.,-5.));
#22167=CARTESIAN_POINT('',(136.5,-45.,-5.));
#22168=CARTESIAN_POINT('',(136.5,-45.,-5.));
#22169=CARTESIAN_POINT('',(136.5,-45.,5.));
#22170=CARTESIAN_POINT('',(136.5,-45.,5.));
#22171=CARTESIAN_POINT('',(136.5,-45.,-5.));
#22172=CARTESIAN_POINT('Origin',(136.5,45.,-5.));
#22173=CARTESIAN_POINT('',(136.5,45.,-5.));
#22174=CARTESIAN_POINT('',(136.5,45.,5.));
#22175=CARTESIAN_POINT('Origin',(140.,0.,5.));
#22176=CARTESIAN_POINT('Origin',(140.,0.,-5.));
#22177=CARTESIAN_POINT('Origin',(127.5,45.,-5.));
#22178=CARTESIAN_POINT('',(127.5,45.,-5.));
#22179=CARTESIAN_POINT('',(120.5,45.,-5.));
#22180=CARTESIAN_POINT('',(127.5,45.,-5.));
#22181=CARTESIAN_POINT('',(120.5,45.,5.));
#22182=CARTESIAN_POINT('',(120.5,45.,-5.));
#22183=CARTESIAN_POINT('',(127.5,45.,5.));
#22184=CARTESIAN_POINT('',(127.5,45.,5.));
#22185=CARTESIAN_POINT('',(127.5,45.,-5.));
#22186=CARTESIAN_POINT('Origin',(127.5,-45.,-5.));
#22187=CARTESIAN_POINT('',(127.5,-45.,-5.));
#22188=CARTESIAN_POINT('',(127.5,-45.,-5.));
#22189=CARTESIAN_POINT('',(127.5,-45.,5.));
#22190=CARTESIAN_POINT('',(127.5,-45.,5.));
#22191=CARTESIAN_POINT('',(127.5,-45.,-5.));
#22192=CARTESIAN_POINT('Origin',(120.5,-45.,-5.));
#22193=CARTESIAN_POINT('',(120.5,-45.,-5.));
#22194=CARTESIAN_POINT('',(120.5,-45.,-5.));
#22195=CARTESIAN_POINT('',(120.5,-45.,5.));
#22196=CARTESIAN_POINT('',(120.5,-45.,5.));
#22197=CARTESIAN_POINT('',(120.5,-45.,-5.));
#22198=CARTESIAN_POINT('Origin',(120.5,45.,-5.));
#22199=CARTESIAN_POINT('',(120.5,45.,-5.));
#22200=CARTESIAN_POINT('',(120.5,45.,5.));
#22201=CARTESIAN_POINT('Origin',(124.,0.,5.));
#22202=CARTESIAN_POINT('Origin',(124.,0.,-5.));
#22203=CARTESIAN_POINT('Origin',(111.5,45.,-5.));
#22204=CARTESIAN_POINT('',(111.5,45.,-5.));
#22205=CARTESIAN_POINT('',(104.5,45.,-5.));
#22206=CARTESIAN_POINT('',(111.5,45.,-5.));
#22207=CARTESIAN_POINT('',(104.5,45.,5.));
#22208=CARTESIAN_POINT('',(104.5,45.,-5.));
#22209=CARTESIAN_POINT('',(111.5,45.,5.));
#22210=CARTESIAN_POINT('',(111.5,45.,5.));
#22211=CARTESIAN_POINT('',(111.5,45.,-5.));
#22212=CARTESIAN_POINT('Origin',(111.5,-45.,-5.));
#22213=CARTESIAN_POINT('',(111.5,-45.,-5.));
#22214=CARTESIAN_POINT('',(111.5,-45.,-5.));
#22215=CARTESIAN_POINT('',(111.5,-45.,5.));
#22216=CARTESIAN_POINT('',(111.5,-45.,5.));
#22217=CARTESIAN_POINT('',(111.5,-45.,-5.));
#22218=CARTESIAN_POINT('Origin',(104.5,-45.,-5.));
#22219=CARTESIAN_POINT('',(104.5,-45.,-5.));
#22220=CARTESIAN_POINT('',(104.5,-45.,-5.));
#22221=CARTESIAN_POINT('',(104.5,-45.,5.));
#22222=CARTESIAN_POINT('',(104.5,-45.,5.));
#22223=CARTESIAN_POINT('',(104.5,-45.,-5.));
#22224=CARTESIAN_POINT('Origin',(104.5,45.,-5.));
#22225=CARTESIAN_POINT('',(104.5,45.,-5.));
#22226=CARTESIAN_POINT('',(104.5,45.,5.));
#22227=CARTESIAN_POINT('Origin',(108.,0.,5.));
#22228=CARTESIAN_POINT('Origin',(108.,0.,-5.));
#22229=CARTESIAN_POINT('Origin',(95.5,45.,-5.));
#22230=CARTESIAN_POINT('',(95.5,45.,-5.));
#22231=CARTESIAN_POINT('',(88.5,45.,-5.));
#22232=CARTESIAN_POINT('',(95.5,45.,-5.));
#22233=CARTESIAN_POINT('',(88.5,45.,5.));
#22234=CARTESIAN_POINT('',(88.5,45.,-5.));
#22235=CARTESIAN_POINT('',(95.5,45.,5.));
#22236=CARTESIAN_POINT('',(95.5,45.,5.));
#22237=CARTESIAN_POINT('',(95.5,45.,-5.));
#22238=CARTESIAN_POINT('Origin',(95.5,-45.,-5.));
#22239=CARTESIAN_POINT('',(95.5,-45.,-5.));
#22240=CARTESIAN_POINT('',(95.5,-45.,-5.));
#22241=CARTESIAN_POINT('',(95.5,-45.,5.));
#22242=CARTESIAN_POINT('',(95.5,-45.,5.));
#22243=CARTESIAN_POINT('',(95.5,-45.,-5.));
#22244=CARTESIAN_POINT('Origin',(88.5,-45.,-5.));
#22245=CARTESIAN_POINT('',(88.5,-45.,-5.));
#22246=CARTESIAN_POINT('',(88.5,-45.,-5.));
#22247=CARTESIAN_POINT('',(88.5,-45.,5.));
#22248=CARTESIAN_POINT('',(88.5,-45.,5.));
#22249=CARTESIAN_POINT('',(88.5,-45.,-5.));
#22250=CARTESIAN_POINT('Origin',(88.5,45.,-5.));
#22251=CARTESIAN_POINT('',(88.5,45.,-5.));
#22252=CARTESIAN_POINT('',(88.5,45.,5.));
#22253=CARTESIAN_POINT('Origin',(92.,0.,5.));
#22254=CARTESIAN_POINT('Origin',(92.,0.,-5.));
#22255=CARTESIAN_POINT('Origin',(79.5,45.,-5.));
#22256=CARTESIAN_POINT('',(79.5,45.,-5.));
#22257=CARTESIAN_POINT('',(72.5,45.,-5.));
#22258=CARTESIAN_POINT('',(79.5,45.,-5.));
#22259=CARTESIAN_POINT('',(72.5,45.,5.));
#22260=CARTESIAN_POINT('',(72.5,45.,-5.));
#22261=CARTESIAN_POINT('',(79.5,45.,5.));
#22262=CARTESIAN_POINT('',(79.5,45.,5.));
#22263=CARTESIAN_POINT('',(79.5,45.,-5.));
#22264=CARTESIAN_POINT('Origin',(79.5,-45.,-5.));
#22265=CARTESIAN_POINT('',(79.5,-45.,-5.));
#22266=CARTESIAN_POINT('',(79.5,-45.,-5.));
#22267=CARTESIAN_POINT('',(79.5,-45.,5.));
#22268=CARTESIAN_POINT('',(79.5,-45.,5.));
#22269=CARTESIAN_POINT('',(79.5,-45.,-5.));
#22270=CARTESIAN_POINT('Origin',(72.5,-45.,-5.));
#22271=CARTESIAN_POINT('',(72.5,-45.,-5.));
#22272=CARTESIAN_POINT('',(72.5,-45.,-5.));
#22273=CARTESIAN_POINT('',(72.5,-45.,5.));
#22274=CARTESIAN_POINT('',(72.5,-45.,5.));
#22275=CARTESIAN_POINT('',(72.5,-45.,-5.));
#22276=CARTESIAN_POINT('Origin',(72.5,45.,-5.));
#22277=CARTESIAN_POINT('',(72.5,45.,-5.));
#22278=CARTESIAN_POINT('',(72.5,45.,5.));
#22279=CARTESIAN_POINT('Origin',(76.,0.,5.));
#22280=CARTESIAN_POINT('Origin',(76.,0.,-5.));
#22281=CARTESIAN_POINT('Origin',(63.5,45.,-5.));
#22282=CARTESIAN_POINT('',(63.5,45.,-5.));
#22283=CARTESIAN_POINT('',(56.5,45.,-5.));
#22284=CARTESIAN_POINT('',(63.5,45.,-5.));
#22285=CARTESIAN_POINT('',(56.5,45.,5.));
#22286=CARTESIAN_POINT('',(56.5,45.,-5.));
#22287=CARTESIAN_POINT('',(63.5,45.,5.));
#22288=CARTESIAN_POINT('',(63.5,45.,5.));
#22289=CARTESIAN_POINT('',(63.5,45.,-5.));
#22290=CARTESIAN_POINT('Origin',(63.5,-45.,-5.));
#22291=CARTESIAN_POINT('',(63.5,-45.,-5.));
#22292=CARTESIAN_POINT('',(63.5,-45.,-5.));
#22293=CARTESIAN_POINT('',(63.5,-45.,5.));
#22294=CARTESIAN_POINT('',(63.5,-45.,5.));
#22295=CARTESIAN_POINT('',(63.5,-45.,-5.));
#22296=CARTESIAN_POINT('Origin',(56.5,-45.,-5.));
#22297=CARTESIAN_POINT('',(56.5,-45.,-5.));
#22298=CARTESIAN_POINT('',(56.5,-45.,-5.));
#22299=CARTESIAN_POINT('',(56.5,-45.,5.));
#22300=CARTESIAN_POINT('',(56.5,-45.,5.));
#22301=CARTESIAN_POINT('',(56.5,-45.,-5.));
#22302=CARTESIAN_POINT('Origin',(56.5,45.,-5.));
#22303=CARTESIAN_POINT('',(56.5,45.,-5.));
#22304=CARTESIAN_POINT('',(56.5,45.,5.));
#22305=CARTESIAN_POINT('Origin',(60.,0.,5.));
#22306=CARTESIAN_POINT('Origin',(60.,0.,-5.));
#22307=CARTESIAN_POINT('Origin',(47.5,45.,-5.));
#22308=CARTESIAN_POINT('',(47.5,45.,-5.));
#22309=CARTESIAN_POINT('',(40.5,45.,-5.));
#22310=CARTESIAN_POINT('',(47.5,45.,-5.));
#22311=CARTESIAN_POINT('',(40.5,45.,5.));
#22312=CARTESIAN_POINT('',(40.5,45.,-5.));
#22313=CARTESIAN_POINT('',(47.5,45.,5.));
#22314=CARTESIAN_POINT('',(47.5,45.,5.));
#22315=CARTESIAN_POINT('',(47.5,45.,-5.));
#22316=CARTESIAN_POINT('Origin',(47.5,-45.,-5.));
#22317=CARTESIAN_POINT('',(47.5,-45.,-5.));
#22318=CARTESIAN_POINT('',(47.5,-45.,-5.));
#22319=CARTESIAN_POINT('',(47.5,-45.,5.));
#22320=CARTESIAN_POINT('',(47.5,-45.,5.));
#22321=CARTESIAN_POINT('',(47.5,-45.,-5.));
#22322=CARTESIAN_POINT('Origin',(40.5,-45.,-5.));
#22323=CARTESIAN_POINT('',(40.5,-45.,-5.));
#22324=CARTESIAN_POINT('',(40.5,-45.,-5.));
#22325=CARTESIAN_POINT('',(40.5,-45.,5.));
#22326=CARTESIAN_POINT('',(40.5,-45.,5.));
#22327=CARTESIAN_POINT('',(40.5,-45.,-5.));
#22328=CARTESIAN_POINT('Origin',(40.5,45.,-5.));
#22329=CARTESIAN_POINT('',(40.5,45.,-5.));
#22330=CARTESIAN_POINT('',(40.5,45.,5.));
#22331=CARTESIAN_POINT('Origin',(44.,0.,5.));
#22332=CARTESIAN_POINT('Origin',(44.,0.,-5.));
#22333=CARTESIAN_POINT('Origin',(31.5,45.,-5.));
#22334=CARTESIAN_POINT('',(31.5,45.,-5.));
#22335=CARTESIAN_POINT('',(24.5,45.,-5.));
#22336=CARTESIAN_POINT('',(31.5,45.,-5.));
#22337=CARTESIAN_POINT('',(24.5,45.,5.));
#22338=CARTESIAN_POINT('',(24.5,45.,-5.));
#22339=CARTESIAN_POINT('',(31.5,45.,5.));
#22340=CARTESIAN_POINT('',(31.5,45.,5.));
#22341=CARTESIAN_POINT('',(31.5,45.,-5.));
#22342=CARTESIAN_POINT('Origin',(31.5,-45.,-5.));
#22343=CARTESIAN_POINT('',(31.5,-45.,-5.));
#22344=CARTESIAN_POINT('',(31.5,-45.,-5.));
#22345=CARTESIAN_POINT('',(31.5,-45.,5.));
#22346=CARTESIAN_POINT('',(31.5,-45.,5.));
#22347=CARTESIAN_POINT('',(31.5,-45.,-5.));
#22348=CARTESIAN_POINT('Origin',(24.5,-45.,-5.));
#22349=CARTESIAN_POINT('',(24.5,-45.,-5.));
#22350=CARTESIAN_POINT('',(24.5,-45.,-5.));
#22351=CARTESIAN_POINT('',(24.5,-45.,5.));
#22352=CARTESIAN_POINT('',(24.5,-45.,5.));
#22353=CARTESIAN_POINT('',(24.5,-45.,-5.));
#22354=CARTESIAN_POINT('Origin',(24.5,45.,-5.));
#22355=CARTESIAN_POINT('',(24.5,45.,-5.));
#22356=CARTESIAN_POINT('',(24.5,45.,5.));
#22357=CARTESIAN_POINT('Origin',(28.,0.,5.));
#22358=CARTESIAN_POINT('Origin',(28.,0.,-5.));
#22359=CARTESIAN_POINT('Origin',(15.5,45.,-5.));
#22360=CARTESIAN_POINT('',(15.5,45.,-5.));
#22361=CARTESIAN_POINT('',(8.5,45.,-5.));
#22362=CARTESIAN_POINT('',(15.5,45.,-5.));
#22363=CARTESIAN_POINT('',(8.5,45.,5.));
#22364=CARTESIAN_POINT('',(8.5,45.,-5.));
#22365=CARTESIAN_POINT('',(15.5,45.,5.));
#22366=CARTESIAN_POINT('',(15.5,45.,5.));
#22367=CARTESIAN_POINT('',(15.5,45.,-5.));
#22368=CARTESIAN_POINT('Origin',(15.5,-45.,-5.));
#22369=CARTESIAN_POINT('',(15.5,-45.,-5.));
#22370=CARTESIAN_POINT('',(15.5,-45.,-5.));
#22371=CARTESIAN_POINT('',(15.5,-45.,5.));
#22372=CARTESIAN_POINT('',(15.5,-45.,5.));
#22373=CARTESIAN_POINT('',(15.5,-45.,-5.));
#22374=CARTESIAN_POINT('Origin',(8.5,-45.,-5.));
#22375=CARTESIAN_POINT('',(8.5,-45.,-5.));
#22376=CARTESIAN_POINT('',(8.5,-45.,-5.));
#22377=CARTESIAN_POINT('',(8.5,-45.,5.));
#22378=CARTESIAN_POINT('',(8.5,-45.,5.));
#22379=CARTESIAN_POINT('',(8.5,-45.,-5.));
#22380=CARTESIAN_POINT('Origin',(8.5,45.,-5.));
#22381=CARTESIAN_POINT('',(8.5,45.,-5.));
#22382=CARTESIAN_POINT('',(8.5,45.,5.));
#22383=CARTESIAN_POINT('Origin',(12.,0.,5.));
#22384=CARTESIAN_POINT('Origin',(12.,0.,-5.));
#22385=CARTESIAN_POINT('Origin',(23.5,45.,-5.));
#22386=CARTESIAN_POINT('',(23.5,45.,-5.));
#22387=CARTESIAN_POINT('',(16.5,45.,-5.));
#22388=CARTESIAN_POINT('',(23.5,45.,-5.));
#22389=CARTESIAN_POINT('',(16.5,45.,5.));
#22390=CARTESIAN_POINT('',(16.5,45.,-5.));
#22391=CARTESIAN_POINT('',(23.5,45.,5.));
#22392=CARTESIAN_POINT('',(23.5,45.,5.));
#22393=CARTESIAN_POINT('',(23.5,45.,-5.));
#22394=CARTESIAN_POINT('Origin',(23.5,-45.,-5.));
#22395=CARTESIAN_POINT('',(23.5,-45.,-5.));
#22396=CARTESIAN_POINT('',(23.5,-45.,-5.));
#22397=CARTESIAN_POINT('',(23.5,-45.,5.));
#22398=CARTESIAN_POINT('',(23.5,-45.,5.));
#22399=CARTESIAN_POINT('',(23.5,-45.,-5.));
#22400=CARTESIAN_POINT('Origin',(16.5,-45.,-5.));
#22401=CARTESIAN_POINT('',(16.5,-45.,-5.));
#22402=CARTESIAN_POINT('',(16.5,-45.,-5.));
#22403=CARTESIAN_POINT('',(16.5,-45.,5.));
#22404=CARTESIAN_POINT('',(16.5,-45.,5.));
#22405=CARTESIAN_POINT('',(16.5,-45.,-5.));
#22406=CARTESIAN_POINT('Origin',(16.5,45.,-5.));
#22407=CARTESIAN_POINT('',(16.5,45.,-5.));
#22408=CARTESIAN_POINT('',(16.5,45.,5.));
#22409=CARTESIAN_POINT('Origin',(20.,0.,5.));
#22410=CARTESIAN_POINT('Origin',(20.,0.,-5.));
#22411=CARTESIAN_POINT('Origin',(39.5,45.,-5.));
#22412=CARTESIAN_POINT('',(39.5,45.,-5.));
#22413=CARTESIAN_POINT('',(32.5,45.,-5.));
#22414=CARTESIAN_POINT('',(39.5,45.,-5.));
#22415=CARTESIAN_POINT('',(32.5,45.,5.));
#22416=CARTESIAN_POINT('',(32.5,45.,-5.));
#22417=CARTESIAN_POINT('',(39.5,45.,5.));
#22418=CARTESIAN_POINT('',(39.5,45.,5.));
#22419=CARTESIAN_POINT('',(39.5,45.,-5.));
#22420=CARTESIAN_POINT('Origin',(39.5,-45.,-5.));
#22421=CARTESIAN_POINT('',(39.5,-45.,-5.));
#22422=CARTESIAN_POINT('',(39.5,-45.,-5.));
#22423=CARTESIAN_POINT('',(39.5,-45.,5.));
#22424=CARTESIAN_POINT('',(39.5,-45.,5.));
#22425=CARTESIAN_POINT('',(39.5,-45.,-5.));
#22426=CARTESIAN_POINT('Origin',(32.5,-45.,-5.));
#22427=CARTESIAN_POINT('',(32.5,-45.,-5.));
#22428=CARTESIAN_POINT('',(32.5,-45.,-5.));
#22429=CARTESIAN_POINT('',(32.5,-45.,5.));
#22430=CARTESIAN_POINT('',(32.5,-45.,5.));
#22431=CARTESIAN_POINT('',(32.5,-45.,-5.));
#22432=CARTESIAN_POINT('Origin',(32.5,45.,-5.));
#22433=CARTESIAN_POINT('',(32.5,45.,-5.));
#22434=CARTESIAN_POINT('',(32.5,45.,5.));
#22435=CARTESIAN_POINT('Origin',(36.,0.,5.));
#22436=CARTESIAN_POINT('Origin',(36.,0.,-5.));
#22437=CARTESIAN_POINT('Origin',(55.5,45.,-5.));
#22438=CARTESIAN_POINT('',(55.5,45.,-5.));
#22439=CARTESIAN_POINT('',(48.5,45.,-5.));
#22440=CARTESIAN_POINT('',(55.5,45.,-5.));
#22441=CARTESIAN_POINT('',(48.5,45.,5.));
#22442=CARTESIAN_POINT('',(48.5,45.,-5.));
#22443=CARTESIAN_POINT('',(55.5,45.,5.));
#22444=CARTESIAN_POINT('',(55.5,45.,5.));
#22445=CARTESIAN_POINT('',(55.5,45.,-5.));
#22446=CARTESIAN_POINT('Origin',(55.5,-45.,-5.));
#22447=CARTESIAN_POINT('',(55.5,-45.,-5.));
#22448=CARTESIAN_POINT('',(55.5,-45.,-5.));
#22449=CARTESIAN_POINT('',(55.5,-45.,5.));
#22450=CARTESIAN_POINT('',(55.5,-45.,5.));
#22451=CARTESIAN_POINT('',(55.5,-45.,-5.));
#22452=CARTESIAN_POINT('Origin',(48.5,-45.,-5.));
#22453=CARTESIAN_POINT('',(48.5,-45.,-5.));
#22454=CARTESIAN_POINT('',(48.5,-45.,-5.));
#22455=CARTESIAN_POINT('',(48.5,-45.,5.));
#22456=CARTESIAN_POINT('',(48.5,-45.,5.));
#22457=CARTESIAN_POINT('',(48.5,-45.,-5.));
#22458=CARTESIAN_POINT('Origin',(48.5,45.,-5.));
#22459=CARTESIAN_POINT('',(48.5,45.,-5.));
#22460=CARTESIAN_POINT('',(48.5,45.,5.));
#22461=CARTESIAN_POINT('Origin',(52.,0.,5.));
#22462=CARTESIAN_POINT('Origin',(52.,0.,-5.));
#22463=CARTESIAN_POINT('Origin',(71.5,45.,-5.));
#22464=CARTESIAN_POINT('',(71.5,45.,-5.));
#22465=CARTESIAN_POINT('',(64.5,45.,-5.));
#22466=CARTESIAN_POINT('',(71.5,45.,-5.));
#22467=CARTESIAN_POINT('',(64.5,45.,5.));
#22468=CARTESIAN_POINT('',(64.5,45.,-5.));
#22469=CARTESIAN_POINT('',(71.5,45.,5.));
#22470=CARTESIAN_POINT('',(71.5,45.,5.));
#22471=CARTESIAN_POINT('',(71.5,45.,-5.));
#22472=CARTESIAN_POINT('Origin',(71.5,-45.,-5.));
#22473=CARTESIAN_POINT('',(71.5,-45.,-5.));
#22474=CARTESIAN_POINT('',(71.5,-45.,-5.));
#22475=CARTESIAN_POINT('',(71.5,-45.,5.));
#22476=CARTESIAN_POINT('',(71.5,-45.,5.));
#22477=CARTESIAN_POINT('',(71.5,-45.,-5.));
#22478=CARTESIAN_POINT('Origin',(64.5,-45.,-5.));
#22479=CARTESIAN_POINT('',(64.5,-45.,-5.));
#22480=CARTESIAN_POINT('',(64.5,-45.,-5.));
#22481=CARTESIAN_POINT('',(64.5,-45.,5.));
#22482=CARTESIAN_POINT('',(64.5,-45.,5.));
#22483=CARTESIAN_POINT('',(64.5,-45.,-5.));
#22484=CARTESIAN_POINT('Origin',(64.5,45.,-5.));
#22485=CARTESIAN_POINT('',(64.5,45.,-5.));
#22486=CARTESIAN_POINT('',(64.5,45.,5.));
#22487=CARTESIAN_POINT('Origin',(68.,0.,5.));
#22488=CARTESIAN_POINT('Origin',(68.,0.,-5.));
#22489=CARTESIAN_POINT('Origin',(87.5,45.,-5.));
#22490=CARTESIAN_POINT('',(87.5,45.,-5.));
#22491=CARTESIAN_POINT('',(80.5,45.,-5.));
#22492=CARTESIAN_POINT('',(87.5,45.,-5.));
#22493=CARTESIAN_POINT('',(80.5,45.,5.));
#22494=CARTESIAN_POINT('',(80.5,45.,-5.));
#22495=CARTESIAN_POINT('',(87.5,45.,5.));
#22496=CARTESIAN_POINT('',(87.5,45.,5.));
#22497=CARTESIAN_POINT('',(87.5,45.,-5.));
#22498=CARTESIAN_POINT('Origin',(87.5,-45.,-5.));
#22499=CARTESIAN_POINT('',(87.5,-45.,-5.));
#22500=CARTESIAN_POINT('',(87.5,-45.,-5.));
#22501=CARTESIAN_POINT('',(87.5,-45.,5.));
#22502=CARTESIAN_POINT('',(87.5,-45.,5.));
#22503=CARTESIAN_POINT('',(87.5,-45.,-5.));
#22504=CARTESIAN_POINT('Origin',(80.5,-45.,-5.));
#22505=CARTESIAN_POINT('',(80.5,-45.,-5.));
#22506=CARTESIAN_POINT('',(80.5,-45.,-5.));
#22507=CARTESIAN_POINT('',(80.5,-45.,5.));
#22508=CARTESIAN_POINT('',(80.5,-45.,5.));
#22509=CARTESIAN_POINT('',(80.5,-45.,-5.));
#22510=CARTESIAN_POINT('Origin',(80.5,45.,-5.));
#22511=CARTESIAN_POINT('',(80.5,45.,-5.));
#22512=CARTESIAN_POINT('',(80.5,45.,5.));
#22513=CARTESIAN_POINT('Origin',(84.,0.,5.));
#22514=CARTESIAN_POINT('Origin',(84.,0.,-5.));
#22515=CARTESIAN_POINT('Origin',(103.5,45.,-5.));
#22516=CARTESIAN_POINT('',(103.5,45.,-5.));
#22517=CARTESIAN_POINT('',(96.5,45.,-5.));
#22518=CARTESIAN_POINT('',(103.5,45.,-5.));
#22519=CARTESIAN_POINT('',(96.5,45.,5.));
#22520=CARTESIAN_POINT('',(96.5,45.,-5.));
#22521=CARTESIAN_POINT('',(103.5,45.,5.));
#22522=CARTESIAN_POINT('',(103.5,45.,5.));
#22523=CARTESIAN_POINT('',(103.5,45.,-5.));
#22524=CARTESIAN_POINT('Origin',(103.5,-45.,-5.));
#22525=CARTESIAN_POINT('',(103.5,-45.,-5.));
#22526=CARTESIAN_POINT('',(103.5,-45.,-5.));
#22527=CARTESIAN_POINT('',(103.5,-45.,5.));
#22528=CARTESIAN_POINT('',(103.5,-45.,5.));
#22529=CARTESIAN_POINT('',(103.5,-45.,-5.));
#22530=CARTESIAN_POINT('Origin',(96.5,-45.,-5.));
#22531=CARTESIAN_POINT('',(96.5,-45.,-5.));
#22532=CARTESIAN_POINT('',(96.5,-45.,-5.));
#22533=CARTESIAN_POINT('',(96.5,-45.,5.));
#22534=CARTESIAN_POINT('',(96.5,-45.,5.));
#22535=CARTESIAN_POINT('',(96.5,-45.,-5.));
#22536=CARTESIAN_POINT('Origin',(96.5,45.,-5.));
#22537=CARTESIAN_POINT('',(96.5,45.,-5.));
#22538=CARTESIAN_POINT('',(96.5,45.,5.));
#22539=CARTESIAN_POINT('Origin',(100.,0.,5.));
#22540=CARTESIAN_POINT('Origin',(100.,0.,-5.));
#22541=CARTESIAN_POINT('Origin',(119.5,45.,-5.));
#22542=CARTESIAN_POINT('',(119.5,45.,-5.));
#22543=CARTESIAN_POINT('',(112.5,45.,-5.));
#22544=CARTESIAN_POINT('',(119.5,45.,-5.));
#22545=CARTESIAN_POINT('',(112.5,45.,5.));
#22546=CARTESIAN_POINT('',(112.5,45.,-5.));
#22547=CARTESIAN_POINT('',(119.5,45.,5.));
#22548=CARTESIAN_POINT('',(119.5,45.,5.));
#22549=CARTESIAN_POINT('',(119.5,45.,-5.));
#22550=CARTESIAN_POINT('Origin',(119.5,-45.,-5.));
#22551=CARTESIAN_POINT('',(119.5,-45.,-5.));
#22552=CARTESIAN_POINT('',(119.5,-45.,-5.));
#22553=CARTESIAN_POINT('',(119.5,-45.,5.));
#22554=CARTESIAN_POINT('',(119.5,-45.,5.));
#22555=CARTESIAN_POINT('',(119.5,-45.,-5.));
#22556=CARTESIAN_POINT('Origin',(112.5,-45.,-5.));
#22557=CARTESIAN_POINT('',(112.5,-45.,-5.));
#22558=CARTESIAN_POINT('',(112.5,-45.,-5.));
#22559=CARTESIAN_POINT('',(112.5,-45.,5.));
#22560=CARTESIAN_POINT('',(112.5,-45.,5.));
#22561=CARTESIAN_POINT('',(112.5,-45.,-5.));
#22562=CARTESIAN_POINT('Origin',(112.5,45.,-5.));
#22563=CARTESIAN_POINT('',(112.5,45.,-5.));
#22564=CARTESIAN_POINT('',(112.5,45.,5.));
#22565=CARTESIAN_POINT('Origin',(116.,0.,5.));
#22566=CARTESIAN_POINT('Origin',(116.,0.,-5.));
#22567=CARTESIAN_POINT('Origin',(135.5,45.,-5.));
#22568=CARTESIAN_POINT('',(135.5,45.,-5.));
#22569=CARTESIAN_POINT('',(128.5,45.,-5.));
#22570=CARTESIAN_POINT('',(135.5,45.,-5.));
#22571=CARTESIAN_POINT('',(128.5,45.,5.));
#22572=CARTESIAN_POINT('',(128.5,45.,-5.));
#22573=CARTESIAN_POINT('',(135.5,45.,5.));
#22574=CARTESIAN_POINT('',(135.5,45.,5.));
#22575=CARTESIAN_POINT('',(135.5,45.,-5.));
#22576=CARTESIAN_POINT('Origin',(135.5,-45.,-5.));
#22577=CARTESIAN_POINT('',(135.5,-45.,-5.));
#22578=CARTESIAN_POINT('',(135.5,-45.,-5.));
#22579=CARTESIAN_POINT('',(135.5,-45.,5.));
#22580=CARTESIAN_POINT('',(135.5,-45.,5.));
#22581=CARTESIAN_POINT('',(135.5,-45.,-5.));
#22582=CARTESIAN_POINT('Origin',(128.5,-45.,-5.));
#22583=CARTESIAN_POINT('',(128.5,-45.,-5.));
#22584=CARTESIAN_POINT('',(128.5,-45.,-5.));
#22585=CARTESIAN_POINT('',(128.5,-45.,5.));
#22586=CARTESIAN_POINT('',(128.5,-45.,5.));
#22587=CARTESIAN_POINT('',(128.5,-45.,-5.));
#22588=CARTESIAN_POINT('Origin',(128.5,45.,-5.));
#22589=CARTESIAN_POINT('',(128.5,45.,-5.));
#22590=CARTESIAN_POINT('',(128.5,45.,5.));
#22591=CARTESIAN_POINT('Origin',(132.,0.,5.));
#22592=CARTESIAN_POINT('Origin',(132.,0.,-5.));
#22593=CARTESIAN_POINT('Origin',(151.5,45.,-5.));
#22594=CARTESIAN_POINT('',(151.5,45.,-5.));
#22595=CARTESIAN_POINT('',(144.5,45.,-5.));
#22596=CARTESIAN_POINT('',(151.5,45.,-5.));
#22597=CARTESIAN_POINT('',(144.5,45.,5.));
#22598=CARTESIAN_POINT('',(144.5,45.,-5.));
#22599=CARTESIAN_POINT('',(151.5,45.,5.));
#22600=CARTESIAN_POINT('',(151.5,45.,5.));
#22601=CARTESIAN_POINT('',(151.5,45.,-5.));
#22602=CARTESIAN_POINT('Origin',(151.5,-45.,-5.));
#22603=CARTESIAN_POINT('',(151.5,-45.,-5.));
#22604=CARTESIAN_POINT('',(151.5,-45.,-5.));
#22605=CARTESIAN_POINT('',(151.5,-45.,5.));
#22606=CARTESIAN_POINT('',(151.5,-45.,5.));
#22607=CARTESIAN_POINT('',(151.5,-45.,-5.));
#22608=CARTESIAN_POINT('Origin',(144.5,-45.,-5.));
#22609=CARTESIAN_POINT('',(144.5,-45.,-5.));
#22610=CARTESIAN_POINT('',(144.5,-45.,-5.));
#22611=CARTESIAN_POINT('',(144.5,-45.,5.));
#22612=CARTESIAN_POINT('',(144.5,-45.,5.));
#22613=CARTESIAN_POINT('',(144.5,-45.,-5.));
#22614=CARTESIAN_POINT('Origin',(144.5,45.,-5.));
#22615=CARTESIAN_POINT('',(144.5,45.,-5.));
#22616=CARTESIAN_POINT('',(144.5,45.,5.));
#22617=CARTESIAN_POINT('Origin',(148.,0.,5.));
#22618=CARTESIAN_POINT('Origin',(148.,0.,-5.));
#22619=CARTESIAN_POINT('Origin',(167.5,45.,-5.));
#22620=CARTESIAN_POINT('',(167.5,45.,-5.));
#22621=CARTESIAN_POINT('',(160.5,45.,-5.));
#22622=CARTESIAN_POINT('',(167.5,45.,-5.));
#22623=CARTESIAN_POINT('',(160.5,45.,5.));
#22624=CARTESIAN_POINT('',(160.5,45.,-5.));
#22625=CARTESIAN_POINT('',(167.5,45.,5.));
#22626=CARTESIAN_POINT('',(167.5,45.,5.));
#22627=CARTESIAN_POINT('',(167.5,45.,-5.));
#22628=CARTESIAN_POINT('Origin',(167.5,-45.,-5.));
#22629=CARTESIAN_POINT('',(167.5,-45.,-5.));
#22630=CARTESIAN_POINT('',(167.5,-45.,-5.));
#22631=CARTESIAN_POINT('',(167.5,-45.,5.));
#22632=CARTESIAN_POINT('',(167.5,-45.,5.));
#22633=CARTESIAN_POINT('',(167.5,-45.,-5.));
#22634=CARTESIAN_POINT('Origin',(160.5,-45.,-5.));
#22635=CARTESIAN_POINT('',(160.5,-45.,-5.));
#22636=CARTESIAN_POINT('',(160.5,-45.,-5.));
#22637=CARTESIAN_POINT('',(160.5,-45.,5.));
#22638=CARTESIAN_POINT('',(160.5,-45.,5.));
#22639=CARTESIAN_POINT('',(160.5,-45.,-5.));
#22640=CARTESIAN_POINT('Origin',(160.5,45.,-5.));
#22641=CARTESIAN_POINT('',(160.5,45.,-5.));
#22642=CARTESIAN_POINT('',(160.5,45.,5.));
#22643=CARTESIAN_POINT('Origin',(164.,0.,5.));
#22644=CARTESIAN_POINT('Origin',(164.,0.,-5.));
#22645=CARTESIAN_POINT('Origin',(183.5,45.,-5.));
#22646=CARTESIAN_POINT('',(183.5,45.,-5.));
#22647=CARTESIAN_POINT('',(176.5,45.,-5.));
#22648=CARTESIAN_POINT('',(183.5,45.,-5.));
#22649=CARTESIAN_POINT('',(176.5,45.,5.));
#22650=CARTESIAN_POINT('',(176.5,45.,-5.));
#22651=CARTESIAN_POINT('',(183.5,45.,5.));
#22652=CARTESIAN_POINT('',(183.5,45.,5.));
#22653=CARTESIAN_POINT('',(183.5,45.,-5.));
#22654=CARTESIAN_POINT('Origin',(183.5,-45.,-5.));
#22655=CARTESIAN_POINT('',(183.5,-45.,-5.));
#22656=CARTESIAN_POINT('',(183.5,-45.,-5.));
#22657=CARTESIAN_POINT('',(183.5,-45.,5.));
#22658=CARTESIAN_POINT('',(183.5,-45.,5.));
#22659=CARTESIAN_POINT('',(183.5,-45.,-5.));
#22660=CARTESIAN_POINT('Origin',(176.5,-45.,-5.));
#22661=CARTESIAN_POINT('',(176.5,-45.,-5.));
#22662=CARTESIAN_POINT('',(176.5,-45.,-5.));
#22663=CARTESIAN_POINT('',(176.5,-45.,5.));
#22664=CARTESIAN_POINT('',(176.5,-45.,5.));
#22665=CARTESIAN_POINT('',(176.5,-45.,-5.));
#22666=CARTESIAN_POINT('Origin',(176.5,45.,-5.));
#22667=CARTESIAN_POINT('',(176.5,45.,-5.));
#22668=CARTESIAN_POINT('',(176.5,45.,5.));
#22669=CARTESIAN_POINT('Origin',(180.,0.,5.));
#22670=CARTESIAN_POINT('Origin',(180.,0.,-5.));
#22671=CARTESIAN_POINT('Origin',(199.5,45.,-5.));
#22672=CARTESIAN_POINT('',(199.5,45.,-5.));
#22673=CARTESIAN_POINT('',(192.5,45.,-5.));
#22674=CARTESIAN_POINT('',(199.5,45.,-5.));
#22675=CARTESIAN_POINT('',(192.5,45.,5.));
#22676=CARTESIAN_POINT('',(192.5,45.,-5.));
#22677=CARTESIAN_POINT('',(199.5,45.,5.));
#22678=CARTESIAN_POINT('',(199.5,45.,5.));
#22679=CARTESIAN_POINT('',(199.5,45.,-5.));
#22680=CARTESIAN_POINT('Origin',(199.5,-45.,-5.));
#22681=CARTESIAN_POINT('',(199.5,-45.,-5.));
#22682=CARTESIAN_POINT('',(199.5,-45.,-5.));
#22683=CARTESIAN_POINT('',(199.5,-45.,5.));
#22684=CARTESIAN_POINT('',(199.5,-45.,5.));
#22685=CARTESIAN_POINT('',(199.5,-45.,-5.));
#22686=CARTESIAN_POINT('Origin',(192.5,-45.,-5.));
#22687=CARTESIAN_POINT('',(192.5,-45.,-5.));
#22688=CARTESIAN_POINT('',(192.5,-45.,-5.));
#22689=CARTESIAN_POINT('',(192.5,-45.,5.));
#22690=CARTESIAN_POINT('',(192.5,-45.,5.));
#22691=CARTESIAN_POINT('',(192.5,-45.,-5.));
#22692=CARTESIAN_POINT('Origin',(192.5,45.,-5.));
#22693=CARTESIAN_POINT('',(192.5,45.,-5.));
#22694=CARTESIAN_POINT('',(192.5,45.,5.));
#22695=CARTESIAN_POINT('Origin',(196.,0.,5.));
#22696=CARTESIAN_POINT('Origin',(196.,0.,-5.));
#22697=CARTESIAN_POINT('Origin',(215.5,45.,-5.));
#22698=CARTESIAN_POINT('',(215.5,45.,-5.));
#22699=CARTESIAN_POINT('',(208.5,45.,-5.));
#22700=CARTESIAN_POINT('',(215.5,45.,-5.));
#22701=CARTESIAN_POINT('',(208.5,45.,5.));
#22702=CARTESIAN_POINT('',(208.5,45.,-5.));
#22703=CARTESIAN_POINT('',(215.5,45.,5.));
#22704=CARTESIAN_POINT('',(215.5,45.,5.));
#22705=CARTESIAN_POINT('',(215.5,45.,-5.));
#22706=CARTESIAN_POINT('Origin',(215.5,-45.,-5.));
#22707=CARTESIAN_POINT('',(215.5,-45.,-5.));
#22708=CARTESIAN_POINT('',(215.5,-45.,-5.));
#22709=CARTESIAN_POINT('',(215.5,-45.,5.));
#22710=CARTESIAN_POINT('',(215.5,-45.,5.));
#22711=CARTESIAN_POINT('',(215.5,-45.,-5.));
#22712=CARTESIAN_POINT('Origin',(208.5,-45.,-5.));
#22713=CARTESIAN_POINT('',(208.5,-45.,-5.));
#22714=CARTESIAN_POINT('',(208.5,-45.,-5.));
#22715=CARTESIAN_POINT('',(208.5,-45.,5.));
#22716=CARTESIAN_POINT('',(208.5,-45.,5.));
#22717=CARTESIAN_POINT('',(208.5,-45.,-5.));
#22718=CARTESIAN_POINT('Origin',(208.5,45.,-5.));
#22719=CARTESIAN_POINT('',(208.5,45.,-5.));
#22720=CARTESIAN_POINT('',(208.5,45.,5.));
#22721=CARTESIAN_POINT('Origin',(212.,0.,5.));
#22722=CARTESIAN_POINT('Origin',(212.,0.,-5.));
#22723=CARTESIAN_POINT('Origin',(231.5,45.,-5.));
#22724=CARTESIAN_POINT('',(231.5,45.,-5.));
#22725=CARTESIAN_POINT('',(224.5,45.,-5.));
#22726=CARTESIAN_POINT('',(231.5,45.,-5.));
#22727=CARTESIAN_POINT('',(224.5,45.,5.));
#22728=CARTESIAN_POINT('',(224.5,45.,-5.));
#22729=CARTESIAN_POINT('',(231.5,45.,5.));
#22730=CARTESIAN_POINT('',(231.5,45.,5.));
#22731=CARTESIAN_POINT('',(231.5,45.,-5.));
#22732=CARTESIAN_POINT('Origin',(231.5,-45.,-5.));
#22733=CARTESIAN_POINT('',(231.5,-45.,-5.));
#22734=CARTESIAN_POINT('',(231.5,-45.,-5.));
#22735=CARTESIAN_POINT('',(231.5,-45.,5.));
#22736=CARTESIAN_POINT('',(231.5,-45.,5.));
#22737=CARTESIAN_POINT('',(231.5,-45.,-5.));
#22738=CARTESIAN_POINT('Origin',(224.5,-45.,-5.));
#22739=CARTESIAN_POINT('',(224.5,-45.,-5.));
#22740=CARTESIAN_POINT('',(224.5,-45.,-5.));
#22741=CARTESIAN_POINT('',(224.5,-45.,5.));
#22742=CARTESIAN_POINT('',(224.5,-45.,5.));
#22743=CARTESIAN_POINT('',(224.5,-45.,-5.));
#22744=CARTESIAN_POINT('Origin',(224.5,45.,-5.));
#22745=CARTESIAN_POINT('',(224.5,45.,-5.));
#22746=CARTESIAN_POINT('',(224.5,45.,5.));
#22747=CARTESIAN_POINT('Origin',(228.,0.,5.));
#22748=CARTESIAN_POINT('Origin',(228.,0.,-5.));
#22749=CARTESIAN_POINT('Origin',(247.5,45.,-5.));
#22750=CARTESIAN_POINT('',(247.5,45.,-5.));
#22751=CARTESIAN_POINT('',(240.5,45.,-5.));
#22752=CARTESIAN_POINT('',(247.5,45.,-5.));
#22753=CARTESIAN_POINT('',(240.5,45.,5.));
#22754=CARTESIAN_POINT('',(240.5,45.,-5.));
#22755=CARTESIAN_POINT('',(247.5,45.,5.));
#22756=CARTESIAN_POINT('',(247.5,45.,5.));
#22757=CARTESIAN_POINT('',(247.5,45.,-5.));
#22758=CARTESIAN_POINT('Origin',(247.5,-45.,-5.));
#22759=CARTESIAN_POINT('',(247.5,-45.,-5.));
#22760=CARTESIAN_POINT('',(247.5,-45.,-5.));
#22761=CARTESIAN_POINT('',(247.5,-45.,5.));
#22762=CARTESIAN_POINT('',(247.5,-45.,5.));
#22763=CARTESIAN_POINT('',(247.5,-45.,-5.));
#22764=CARTESIAN_POINT('Origin',(240.5,-45.,-5.));
#22765=CARTESIAN_POINT('',(240.5,-45.,-5.));
#22766=CARTESIAN_POINT('',(240.5,-45.,-5.));
#22767=CARTESIAN_POINT('',(240.5,-45.,5.));
#22768=CARTESIAN_POINT('',(240.5,-45.,5.));
#22769=CARTESIAN_POINT('',(240.5,-45.,-5.));
#22770=CARTESIAN_POINT('Origin',(240.5,45.,-5.));
#22771=CARTESIAN_POINT('',(240.5,45.,-5.));
#22772=CARTESIAN_POINT('',(240.5,45.,5.));
#22773=CARTESIAN_POINT('Origin',(244.,0.,5.));
#22774=CARTESIAN_POINT('Origin',(244.,0.,-5.));
#22775=CARTESIAN_POINT('Origin',(263.5,45.,-5.));
#22776=CARTESIAN_POINT('',(263.5,45.,-5.));
#22777=CARTESIAN_POINT('',(256.5,45.,-5.));
#22778=CARTESIAN_POINT('',(263.5,45.,-5.));
#22779=CARTESIAN_POINT('',(256.5,45.,5.));
#22780=CARTESIAN_POINT('',(256.5,45.,-5.));
#22781=CARTESIAN_POINT('',(263.5,45.,5.));
#22782=CARTESIAN_POINT('',(263.5,45.,5.));
#22783=CARTESIAN_POINT('',(263.5,45.,-5.));
#22784=CARTESIAN_POINT('Origin',(263.5,-45.,-5.));
#22785=CARTESIAN_POINT('',(263.5,-45.,-5.));
#22786=CARTESIAN_POINT('',(263.5,-45.,-5.));
#22787=CARTESIAN_POINT('',(263.5,-45.,5.));
#22788=CARTESIAN_POINT('',(263.5,-45.,5.));
#22789=CARTESIAN_POINT('',(263.5,-45.,-5.));
#22790=CARTESIAN_POINT('Origin',(256.5,-45.,-5.));
#22791=CARTESIAN_POINT('',(256.5,-45.,-5.));
#22792=CARTESIAN_POINT('',(256.5,-45.,-5.));
#22793=CARTESIAN_POINT('',(256.5,-45.,5.));
#22794=CARTESIAN_POINT('',(256.5,-45.,5.));
#22795=CARTESIAN_POINT('',(256.5,-45.,-5.));
#22796=CARTESIAN_POINT('Origin',(256.5,45.,-5.));
#22797=CARTESIAN_POINT('',(256.5,45.,-5.));
#22798=CARTESIAN_POINT('',(256.5,45.,5.));
#22799=CARTESIAN_POINT('Origin',(260.,0.,5.));
#22800=CARTESIAN_POINT('Origin',(260.,0.,-5.));
#22801=CARTESIAN_POINT('Origin',(279.5,45.,-5.));
#22802=CARTESIAN_POINT('',(279.5,45.,-5.));
#22803=CARTESIAN_POINT('',(272.5,45.,-5.));
#22804=CARTESIAN_POINT('',(279.5,45.,-5.));
#22805=CARTESIAN_POINT('',(272.5,45.,5.));
#22806=CARTESIAN_POINT('',(272.5,45.,-5.));
#22807=CARTESIAN_POINT('',(279.5,45.,5.));
#22808=CARTESIAN_POINT('',(279.5,45.,5.));
#22809=CARTESIAN_POINT('',(279.5,45.,-5.));
#22810=CARTESIAN_POINT('Origin',(279.5,-45.,-5.));
#22811=CARTESIAN_POINT('',(279.5,-45.,-5.));
#22812=CARTESIAN_POINT('',(279.5,-45.,-5.));
#22813=CARTESIAN_POINT('',(279.5,-45.,5.));
#22814=CARTESIAN_POINT('',(279.5,-45.,5.));
#22815=CARTESIAN_POINT('',(279.5,-45.,-5.));
#22816=CARTESIAN_POINT('Origin',(272.5,-45.,-5.));
#22817=CARTESIAN_POINT('',(272.5,-45.,-5.));
#22818=CARTESIAN_POINT('',(272.5,-45.,-5.));
#22819=CARTESIAN_POINT('',(272.5,-45.,5.));
#22820=CARTESIAN_POINT('',(272.5,-45.,5.));
#22821=CARTESIAN_POINT('',(272.5,-45.,-5.));
#22822=CARTESIAN_POINT('Origin',(272.5,45.,-5.));
#22823=CARTESIAN_POINT('',(272.5,45.,-5.));
#22824=CARTESIAN_POINT('',(272.5,45.,5.));
#22825=CARTESIAN_POINT('Origin',(276.,0.,5.));
#22826=CARTESIAN_POINT('Origin',(276.,0.,-5.));
#22827=CARTESIAN_POINT('Origin',(295.5,45.,-5.));
#22828=CARTESIAN_POINT('',(295.5,45.,-5.));
#22829=CARTESIAN_POINT('',(288.5,45.,-5.));
#22830=CARTESIAN_POINT('',(295.5,45.,-5.));
#22831=CARTESIAN_POINT('',(288.5,45.,5.));
#22832=CARTESIAN_POINT('',(288.5,45.,-5.));
#22833=CARTESIAN_POINT('',(295.5,45.,5.));
#22834=CARTESIAN_POINT('',(295.5,45.,5.));
#22835=CARTESIAN_POINT('',(295.5,45.,-5.));
#22836=CARTESIAN_POINT('Origin',(295.5,-45.,-5.));
#22837=CARTESIAN_POINT('',(295.5,-45.,-5.));
#22838=CARTESIAN_POINT('',(295.5,-45.,-5.));
#22839=CARTESIAN_POINT('',(295.5,-45.,5.));
#22840=CARTESIAN_POINT('',(295.5,-45.,5.));
#22841=CARTESIAN_POINT('',(295.5,-45.,-5.));
#22842=CARTESIAN_POINT('Origin',(288.5,-45.,-5.));
#22843=CARTESIAN_POINT('',(288.5,-45.,-5.));
#22844=CARTESIAN_POINT('',(288.5,-45.,-5.));
#22845=CARTESIAN_POINT('',(288.5,-45.,5.));
#22846=CARTESIAN_POINT('',(288.5,-45.,5.));
#22847=CARTESIAN_POINT('',(288.5,-45.,-5.));
#22848=CARTESIAN_POINT('Origin',(288.5,45.,-5.));
#22849=CARTESIAN_POINT('',(288.5,45.,-5.));
#22850=CARTESIAN_POINT('',(288.5,45.,5.));
#22851=CARTESIAN_POINT('Origin',(292.,0.,5.));
#22852=CARTESIAN_POINT('Origin',(292.,0.,-5.));
#22853=CARTESIAN_POINT('Origin',(311.5,45.,-5.));
#22854=CARTESIAN_POINT('',(311.5,45.,-5.));
#22855=CARTESIAN_POINT('',(304.5,45.,-5.));
#22856=CARTESIAN_POINT('',(311.5,45.,-5.));
#22857=CARTESIAN_POINT('',(304.5,45.,5.));
#22858=CARTESIAN_POINT('',(304.5,45.,-5.));
#22859=CARTESIAN_POINT('',(311.5,45.,5.));
#22860=CARTESIAN_POINT('',(311.5,45.,5.));
#22861=CARTESIAN_POINT('',(311.5,45.,-5.));
#22862=CARTESIAN_POINT('Origin',(311.5,-45.,-5.));
#22863=CARTESIAN_POINT('',(311.5,-45.,-5.));
#22864=CARTESIAN_POINT('',(311.5,-45.,-5.));
#22865=CARTESIAN_POINT('',(311.5,-45.,5.));
#22866=CARTESIAN_POINT('',(311.5,-45.,5.));
#22867=CARTESIAN_POINT('',(311.5,-45.,-5.));
#22868=CARTESIAN_POINT('Origin',(304.5,-45.,-5.));
#22869=CARTESIAN_POINT('',(304.5,-45.,-5.));
#22870=CARTESIAN_POINT('',(304.5,-45.,-5.));
#22871=CARTESIAN_POINT('',(304.5,-45.,5.));
#22872=CARTESIAN_POINT('',(304.5,-45.,5.));
#22873=CARTESIAN_POINT('',(304.5,-45.,-5.));
#22874=CARTESIAN_POINT('Origin',(304.5,45.,-5.));
#22875=CARTESIAN_POINT('',(304.5,45.,-5.));
#22876=CARTESIAN_POINT('',(304.5,45.,5.));
#22877=CARTESIAN_POINT('Origin',(308.,0.,5.));
#22878=CARTESIAN_POINT('Origin',(308.,0.,-5.));
#22879=CARTESIAN_POINT('Origin',(327.5,45.,-5.));
#22880=CARTESIAN_POINT('',(327.5,45.,-5.));
#22881=CARTESIAN_POINT('',(320.5,45.,-5.));
#22882=CARTESIAN_POINT('',(327.5,45.,-5.));
#22883=CARTESIAN_POINT('',(320.5,45.,5.));
#22884=CARTESIAN_POINT('',(320.5,45.,-5.));
#22885=CARTESIAN_POINT('',(327.5,45.,5.));
#22886=CARTESIAN_POINT('',(327.5,45.,5.));
#22887=CARTESIAN_POINT('',(327.5,45.,-5.));
#22888=CARTESIAN_POINT('Origin',(327.5,-45.,-5.));
#22889=CARTESIAN_POINT('',(327.5,-45.,-5.));
#22890=CARTESIAN_POINT('',(327.5,-45.,-5.));
#22891=CARTESIAN_POINT('',(327.5,-45.,5.));
#22892=CARTESIAN_POINT('',(327.5,-45.,5.));
#22893=CARTESIAN_POINT('',(327.5,-45.,-5.));
#22894=CARTESIAN_POINT('Origin',(320.5,-45.,-5.));
#22895=CARTESIAN_POINT('',(320.5,-45.,-5.));
#22896=CARTESIAN_POINT('',(320.5,-45.,-5.));
#22897=CARTESIAN_POINT('',(320.5,-45.,5.));
#22898=CARTESIAN_POINT('',(320.5,-45.,5.));
#22899=CARTESIAN_POINT('',(320.5,-45.,-5.));
#22900=CARTESIAN_POINT('Origin',(320.5,45.,-5.));
#22901=CARTESIAN_POINT('',(320.5,45.,-5.));
#22902=CARTESIAN_POINT('',(320.5,45.,5.));
#22903=CARTESIAN_POINT('Origin',(324.,0.,5.));
#22904=CARTESIAN_POINT('Origin',(324.,0.,-5.));
#22905=CARTESIAN_POINT('Origin',(343.5,45.,-5.));
#22906=CARTESIAN_POINT('',(343.5,45.,-5.));
#22907=CARTESIAN_POINT('',(336.5,45.,-5.));
#22908=CARTESIAN_POINT('',(343.5,45.,-5.));
#22909=CARTESIAN_POINT('',(336.5,45.,5.));
#22910=CARTESIAN_POINT('',(336.5,45.,-5.));
#22911=CARTESIAN_POINT('',(343.5,45.,5.));
#22912=CARTESIAN_POINT('',(343.5,45.,5.));
#22913=CARTESIAN_POINT('',(343.5,45.,-5.));
#22914=CARTESIAN_POINT('Origin',(343.5,-45.,-5.));
#22915=CARTESIAN_POINT('',(343.5,-45.,-5.));
#22916=CARTESIAN_POINT('',(343.5,-45.,-5.));
#22917=CARTESIAN_POINT('',(343.5,-45.,5.));
#22918=CARTESIAN_POINT('',(343.5,-45.,5.));
#22919=CARTESIAN_POINT('',(343.5,-45.,-5.));
#22920=CARTESIAN_POINT('Origin',(336.5,-45.,-5.));
#22921=CARTESIAN_POINT('',(336.5,-45.,-5.));
#22922=CARTESIAN_POINT('',(336.5,-45.,-5.));
#22923=CARTESIAN_POINT('',(336.5,-45.,5.));
#22924=CARTESIAN_POINT('',(336.5,-45.,5.));
#22925=CARTESIAN_POINT('',(336.5,-45.,-5.));
#22926=CARTESIAN_POINT('Origin',(336.5,45.,-5.));
#22927=CARTESIAN_POINT('',(336.5,45.,-5.));
#22928=CARTESIAN_POINT('',(336.5,45.,5.));
#22929=CARTESIAN_POINT('Origin',(340.,0.,5.));
#22930=CARTESIAN_POINT('Origin',(340.,0.,-5.));
#22931=CARTESIAN_POINT('Origin',(359.5,45.,-5.));
#22932=CARTESIAN_POINT('',(359.5,45.,-5.));
#22933=CARTESIAN_POINT('',(352.5,45.,-5.));
#22934=CARTESIAN_POINT('',(359.5,45.,-5.));
#22935=CARTESIAN_POINT('',(352.5,45.,5.));
#22936=CARTESIAN_POINT('',(352.5,45.,-5.));
#22937=CARTESIAN_POINT('',(359.5,45.,5.));
#22938=CARTESIAN_POINT('',(359.5,45.,5.));
#22939=CARTESIAN_POINT('',(359.5,45.,-5.));
#22940=CARTESIAN_POINT('Origin',(359.5,-45.,-5.));
#22941=CARTESIAN_POINT('',(359.5,-45.,-5.));
#22942=CARTESIAN_POINT('',(359.5,-45.,-5.));
#22943=CARTESIAN_POINT('',(359.5,-45.,5.));
#22944=CARTESIAN_POINT('',(359.5,-45.,5.));
#22945=CARTESIAN_POINT('',(359.5,-45.,-5.));
#22946=CARTESIAN_POINT('Origin',(352.5,-45.,-5.));
#22947=CARTESIAN_POINT('',(352.5,-45.,-5.));
#22948=CARTESIAN_POINT('',(352.5,-45.,-5.));
#22949=CARTESIAN_POINT('',(352.5,-45.,5.));
#22950=CARTESIAN_POINT('',(352.5,-45.,5.));
#22951=CARTESIAN_POINT('',(352.5,-45.,-5.));
#22952=CARTESIAN_POINT('Origin',(352.5,45.,-5.));
#22953=CARTESIAN_POINT('',(352.5,45.,-5.));
#22954=CARTESIAN_POINT('',(352.5,45.,5.));
#22955=CARTESIAN_POINT('Origin',(356.,0.,5.));
#22956=CARTESIAN_POINT('Origin',(356.,0.,-5.));
#22957=CARTESIAN_POINT('Origin',(375.5,45.,-5.));
#22958=CARTESIAN_POINT('',(375.5,45.,-5.));
#22959=CARTESIAN_POINT('',(368.5,45.,-5.));
#22960=CARTESIAN_POINT('',(375.5,45.,-5.));
#22961=CARTESIAN_POINT('',(368.5,45.,5.));
#22962=CARTESIAN_POINT('',(368.5,45.,-5.));
#22963=CARTESIAN_POINT('',(375.5,45.,5.));
#22964=CARTESIAN_POINT('',(375.5,45.,5.));
#22965=CARTESIAN_POINT('',(375.5,45.,-5.));
#22966=CARTESIAN_POINT('Origin',(375.5,-45.,-5.));
#22967=CARTESIAN_POINT('',(375.5,-45.,-5.));
#22968=CARTESIAN_POINT('',(375.5,-45.,-5.));
#22969=CARTESIAN_POINT('',(375.5,-45.,5.));
#22970=CARTESIAN_POINT('',(375.5,-45.,5.));
#22971=CARTESIAN_POINT('',(375.5,-45.,-5.));
#22972=CARTESIAN_POINT('Origin',(368.5,-45.,-5.));
#22973=CARTESIAN_POINT('',(368.5,-45.,-5.));
#22974=CARTESIAN_POINT('',(368.5,-45.,-5.));
#22975=CARTESIAN_POINT('',(368.5,-45.,5.));
#22976=CARTESIAN_POINT('',(368.5,-45.,5.));
#22977=CARTESIAN_POINT('',(368.5,-45.,-5.));
#22978=CARTESIAN_POINT('Origin',(368.5,45.,-5.));
#22979=CARTESIAN_POINT('',(368.5,45.,-5.));
#22980=CARTESIAN_POINT('',(368.5,45.,5.));
#22981=CARTESIAN_POINT('Origin',(372.,0.,5.));
#22982=CARTESIAN_POINT('Origin',(372.,0.,-5.));
#22983=CARTESIAN_POINT('Origin',(391.5,45.,-5.));
#22984=CARTESIAN_POINT('',(391.5,45.,-5.));
#22985=CARTESIAN_POINT('',(384.5,45.,-5.));
#22986=CARTESIAN_POINT('',(391.5,45.,-5.));
#22987=CARTESIAN_POINT('',(384.5,45.,5.));
#22988=CARTESIAN_POINT('',(384.5,45.,-5.));
#22989=CARTESIAN_POINT('',(391.5,45.,5.));
#22990=CARTESIAN_POINT('',(391.5,45.,5.));
#22991=CARTESIAN_POINT('',(391.5,45.,-5.));
#22992=CARTESIAN_POINT('Origin',(391.5,-45.,-5.));
#22993=CARTESIAN_POINT('',(391.5,-45.,-5.));
#22994=CARTESIAN_POINT('',(391.5,-45.,-5.));
#22995=CARTESIAN_POINT('',(391.5,-45.,5.));
#22996=CARTESIAN_POINT('',(391.5,-45.,5.));
#22997=CARTESIAN_POINT('',(391.5,-45.,-5.));
#22998=CARTESIAN_POINT('Origin',(384.5,-45.,-5.));
#22999=CARTESIAN_POINT('',(384.5,-45.,-5.));
#23000=CARTESIAN_POINT('',(384.5,-45.,-5.));
#23001=CARTESIAN_POINT('',(384.5,-45.,5.));
#23002=CARTESIAN_POINT('',(384.5,-45.,5.));
#23003=CARTESIAN_POINT('',(384.5,-45.,-5.));
#23004=CARTESIAN_POINT('Origin',(384.5,45.,-5.));
#23005=CARTESIAN_POINT('',(384.5,45.,-5.));
#23006=CARTESIAN_POINT('',(384.5,45.,5.));
#23007=CARTESIAN_POINT('Origin',(388.,0.,5.));
#23008=CARTESIAN_POINT('Origin',(388.,0.,-5.));
#23009=CARTESIAN_POINT('Origin',(407.5,45.,-5.));
#23010=CARTESIAN_POINT('',(407.5,45.,-5.));
#23011=CARTESIAN_POINT('',(400.5,45.,-5.));
#23012=CARTESIAN_POINT('',(407.5,45.,-5.));
#23013=CARTESIAN_POINT('',(400.5,45.,5.));
#23014=CARTESIAN_POINT('',(400.5,45.,-5.));
#23015=CARTESIAN_POINT('',(407.5,45.,5.));
#23016=CARTESIAN_POINT('',(407.5,45.,5.));
#23017=CARTESIAN_POINT('',(407.5,45.,-5.));
#23018=CARTESIAN_POINT('Origin',(407.5,-45.,-5.));
#23019=CARTESIAN_POINT('',(407.5,-45.,-5.));
#23020=CARTESIAN_POINT('',(407.5,-45.,-5.));
#23021=CARTESIAN_POINT('',(407.5,-45.,5.));
#23022=CARTESIAN_POINT('',(407.5,-45.,5.));
#23023=CARTESIAN_POINT('',(407.5,-45.,-5.));
#23024=CARTESIAN_POINT('Origin',(400.5,-45.,-5.));
#23025=CARTESIAN_POINT('',(400.5,-45.,-5.));
#23026=CARTESIAN_POINT('',(400.5,-45.,-5.));
#23027=CARTESIAN_POINT('',(400.5,-45.,5.));
#23028=CARTESIAN_POINT('',(400.5,-45.,5.));
#23029=CARTESIAN_POINT('',(400.5,-45.,-5.));
#23030=CARTESIAN_POINT('Origin',(400.5,45.,-5.));
#23031=CARTESIAN_POINT('',(400.5,45.,-5.));
#23032=CARTESIAN_POINT('',(400.5,45.,5.));
#23033=CARTESIAN_POINT('Origin',(404.,0.,5.));
#23034=CARTESIAN_POINT('Origin',(404.,0.,-5.));
#23035=CARTESIAN_POINT('Origin',(423.5,45.,-5.));
#23036=CARTESIAN_POINT('',(423.5,45.,-5.));
#23037=CARTESIAN_POINT('',(416.5,45.,-5.));
#23038=CARTESIAN_POINT('',(423.5,45.,-5.));
#23039=CARTESIAN_POINT('',(416.5,45.,5.));
#23040=CARTESIAN_POINT('',(416.5,45.,-5.));
#23041=CARTESIAN_POINT('',(423.5,45.,5.));
#23042=CARTESIAN_POINT('',(423.5,45.,5.));
#23043=CARTESIAN_POINT('',(423.5,45.,-5.));
#23044=CARTESIAN_POINT('Origin',(423.5,-45.,-5.));
#23045=CARTESIAN_POINT('',(423.5,-45.,-5.));
#23046=CARTESIAN_POINT('',(423.5,-45.,-5.));
#23047=CARTESIAN_POINT('',(423.5,-45.,5.));
#23048=CARTESIAN_POINT('',(423.5,-45.,5.));
#23049=CARTESIAN_POINT('',(423.5,-45.,-5.));
#23050=CARTESIAN_POINT('Origin',(416.5,-45.,-5.));
#23051=CARTESIAN_POINT('',(416.5,-45.,-5.));
#23052=CARTESIAN_POINT('',(416.5,-45.,-5.));
#23053=CARTESIAN_POINT('',(416.5,-45.,5.));
#23054=CARTESIAN_POINT('',(416.5,-45.,5.));
#23055=CARTESIAN_POINT('',(416.5,-45.,-5.));
#23056=CARTESIAN_POINT('Origin',(416.5,45.,-5.));
#23057=CARTESIAN_POINT('',(416.5,45.,-5.));
#23058=CARTESIAN_POINT('',(416.5,45.,5.));
#23059=CARTESIAN_POINT('Origin',(420.,0.,5.));
#23060=CARTESIAN_POINT('Origin',(420.,0.,-5.));
#23061=CARTESIAN_POINT('Origin',(439.5,45.,-5.));
#23062=CARTESIAN_POINT('',(439.5,45.,-5.));
#23063=CARTESIAN_POINT('',(432.5,45.,-5.));
#23064=CARTESIAN_POINT('',(439.5,45.,-5.));
#23065=CARTESIAN_POINT('',(432.5,45.,5.));
#23066=CARTESIAN_POINT('',(432.5,45.,-5.));
#23067=CARTESIAN_POINT('',(439.5,45.,5.));
#23068=CARTESIAN_POINT('',(439.5,45.,5.));
#23069=CARTESIAN_POINT('',(439.5,45.,-5.));
#23070=CARTESIAN_POINT('Origin',(439.5,-45.,-5.));
#23071=CARTESIAN_POINT('',(439.5,-45.,-5.));
#23072=CARTESIAN_POINT('',(439.5,-45.,-5.));
#23073=CARTESIAN_POINT('',(439.5,-45.,5.));
#23074=CARTESIAN_POINT('',(439.5,-45.,5.));
#23075=CARTESIAN_POINT('',(439.5,-45.,-5.));
#23076=CARTESIAN_POINT('Origin',(432.5,-45.,-5.));
#23077=CARTESIAN_POINT('',(432.5,-45.,-5.));
#23078=CARTESIAN_POINT('',(432.5,-45.,-5.));
#23079=CARTESIAN_POINT('',(432.5,-45.,5.));
#23080=CARTESIAN_POINT('',(432.5,-45.,5.));
#23081=CARTESIAN_POINT('',(432.5,-45.,-5.));
#23082=CARTESIAN_POINT('Origin',(432.5,45.,-5.));
#23083=CARTESIAN_POINT('',(432.5,45.,-5.));
#23084=CARTESIAN_POINT('',(432.5,45.,5.));
#23085=CARTESIAN_POINT('Origin',(436.,0.,5.));
#23086=CARTESIAN_POINT('Origin',(436.,0.,-5.));
#23087=CARTESIAN_POINT('Origin',(455.5,45.,-5.));
#23088=CARTESIAN_POINT('',(455.5,45.,-5.));
#23089=CARTESIAN_POINT('',(448.5,45.,-5.));
#23090=CARTESIAN_POINT('',(455.5,45.,-5.));
#23091=CARTESIAN_POINT('',(448.5,45.,5.));
#23092=CARTESIAN_POINT('',(448.5,45.,-5.));
#23093=CARTESIAN_POINT('',(455.5,45.,5.));
#23094=CARTESIAN_POINT('',(455.5,45.,5.));
#23095=CARTESIAN_POINT('',(455.5,45.,-5.));
#23096=CARTESIAN_POINT('Origin',(455.5,-45.,-5.));
#23097=CARTESIAN_POINT('',(455.5,-45.,-5.));
#23098=CARTESIAN_POINT('',(455.5,-45.,-5.));
#23099=CARTESIAN_POINT('',(455.5,-45.,5.));
#23100=CARTESIAN_POINT('',(455.5,-45.,5.));
#23101=CARTESIAN_POINT('',(455.5,-45.,-5.));
#23102=CARTESIAN_POINT('Origin',(448.5,-45.,-5.));
#23103=CARTESIAN_POINT('',(448.5,-45.,-5.));
#23104=CARTESIAN_POINT('',(448.5,-45.,-5.));
#23105=CARTESIAN_POINT('',(448.5,-45.,5.));
#23106=CARTESIAN_POINT('',(448.5,-45.,5.));
#23107=CARTESIAN_POINT('',(448.5,-45.,-5.));
#23108=CARTESIAN_POINT('Origin',(448.5,45.,-5.));
#23109=CARTESIAN_POINT('',(448.5,45.,-5.));
#23110=CARTESIAN_POINT('',(448.5,45.,5.));
#23111=CARTESIAN_POINT('Origin',(452.,0.,5.));
#23112=CARTESIAN_POINT('Origin',(452.,0.,-5.));
#23113=CARTESIAN_POINT('Origin',(471.5,45.,-5.));
#23114=CARTESIAN_POINT('',(471.5,45.,-5.));
#23115=CARTESIAN_POINT('',(464.5,45.,-5.));
#23116=CARTESIAN_POINT('',(471.5,45.,-5.));
#23117=CARTESIAN_POINT('',(464.5,45.,5.));
#23118=CARTESIAN_POINT('',(464.5,45.,-5.));
#23119=CARTESIAN_POINT('',(471.5,45.,5.));
#23120=CARTESIAN_POINT('',(471.5,45.,5.));
#23121=CARTESIAN_POINT('',(471.5,45.,-5.));
#23122=CARTESIAN_POINT('Origin',(471.5,-45.,-5.));
#23123=CARTESIAN_POINT('',(471.5,-45.,-5.));
#23124=CARTESIAN_POINT('',(471.5,-45.,-5.));
#23125=CARTESIAN_POINT('',(471.5,-45.,5.));
#23126=CARTESIAN_POINT('',(471.5,-45.,5.));
#23127=CARTESIAN_POINT('',(471.5,-45.,-5.));
#23128=CARTESIAN_POINT('Origin',(464.5,-45.,-5.));
#23129=CARTESIAN_POINT('',(464.5,-45.,-5.));
#23130=CARTESIAN_POINT('',(464.5,-45.,-5.));
#23131=CARTESIAN_POINT('',(464.5,-45.,5.));
#23132=CARTESIAN_POINT('',(464.5,-45.,5.));
#23133=CARTESIAN_POINT('',(464.5,-45.,-5.));
#23134=CARTESIAN_POINT('Origin',(464.5,45.,-5.));
#23135=CARTESIAN_POINT('',(464.5,45.,-5.));
#23136=CARTESIAN_POINT('',(464.5,45.,5.));
#23137=CARTESIAN_POINT('Origin',(468.,0.,5.));
#23138=CARTESIAN_POINT('Origin',(468.,0.,-5.));
#23139=CARTESIAN_POINT('Origin',(487.5,45.,-5.));
#23140=CARTESIAN_POINT('',(487.5,45.,-5.));
#23141=CARTESIAN_POINT('',(480.5,45.,-5.));
#23142=CARTESIAN_POINT('',(487.5,45.,-5.));
#23143=CARTESIAN_POINT('',(480.5,45.,5.));
#23144=CARTESIAN_POINT('',(480.5,45.,-5.));
#23145=CARTESIAN_POINT('',(487.5,45.,5.));
#23146=CARTESIAN_POINT('',(487.5,45.,5.));
#23147=CARTESIAN_POINT('',(487.5,45.,-5.));
#23148=CARTESIAN_POINT('Origin',(487.5,-45.,-5.));
#23149=CARTESIAN_POINT('',(487.5,-45.,-5.));
#23150=CARTESIAN_POINT('',(487.5,-45.,-5.));
#23151=CARTESIAN_POINT('',(487.5,-45.,5.));
#23152=CARTESIAN_POINT('',(487.5,-45.,5.));
#23153=CARTESIAN_POINT('',(487.5,-45.,-5.));
#23154=CARTESIAN_POINT('Origin',(480.5,-45.,-5.));
#23155=CARTESIAN_POINT('',(480.5,-45.,-5.));
#23156=CARTESIAN_POINT('',(480.5,-45.,-5.));
#23157=CARTESIAN_POINT('',(480.5,-45.,5.));
#23158=CARTESIAN_POINT('',(480.5,-45.,5.));
#23159=CARTESIAN_POINT('',(480.5,-45.,-5.));
#23160=CARTESIAN_POINT('Origin',(480.5,45.,-5.));
#23161=CARTESIAN_POINT('',(480.5,45.,-5.));
#23162=CARTESIAN_POINT('',(480.5,45.,5.));
#23163=CARTESIAN_POINT('Origin',(484.,0.,5.));
#23164=CARTESIAN_POINT('Origin',(484.,0.,-5.));
#23165=CARTESIAN_POINT('Origin',(503.5,45.,-5.));
#23166=CARTESIAN_POINT('',(503.5,45.,-5.));
#23167=CARTESIAN_POINT('',(496.5,45.,-5.));
#23168=CARTESIAN_POINT('',(503.5,45.,-5.));
#23169=CARTESIAN_POINT('',(496.5,45.,5.));
#23170=CARTESIAN_POINT('',(496.5,45.,-5.));
#23171=CARTESIAN_POINT('',(503.5,45.,5.));
#23172=CARTESIAN_POINT('',(503.5,45.,5.));
#23173=CARTESIAN_POINT('',(503.5,45.,-5.));
#23174=CARTESIAN_POINT('Origin',(503.5,-45.,-5.));
#23175=CARTESIAN_POINT('',(503.5,-45.,-5.));
#23176=CARTESIAN_POINT('',(503.5,-45.,-5.));
#23177=CARTESIAN_POINT('',(503.5,-45.,5.));
#23178=CARTESIAN_POINT('',(503.5,-45.,5.));
#23179=CARTESIAN_POINT('',(503.5,-45.,-5.));
#23180=CARTESIAN_POINT('Origin',(496.5,-45.,-5.));
#23181=CARTESIAN_POINT('',(496.5,-45.,-5.));
#23182=CARTESIAN_POINT('',(496.5,-45.,-5.));
#23183=CARTESIAN_POINT('',(496.5,-45.,5.));
#23184=CARTESIAN_POINT('',(496.5,-45.,5.));
#23185=CARTESIAN_POINT('',(496.5,-45.,-5.));
#23186=CARTESIAN_POINT('Origin',(496.5,45.,-5.));
#23187=CARTESIAN_POINT('',(496.5,45.,-5.));
#23188=CARTESIAN_POINT('',(496.5,45.,5.));
#23189=CARTESIAN_POINT('Origin',(500.,0.,5.));
#23190=CARTESIAN_POINT('Origin',(500.,0.,-5.));
#23191=CARTESIAN_POINT('Origin',(519.5,45.,-5.));
#23192=CARTESIAN_POINT('',(519.5,45.,-5.));
#23193=CARTESIAN_POINT('',(512.5,45.,-5.));
#23194=CARTESIAN_POINT('',(519.5,45.,-5.));
#23195=CARTESIAN_POINT('',(512.5,45.,5.));
#23196=CARTESIAN_POINT('',(512.5,45.,-5.));
#23197=CARTESIAN_POINT('',(519.5,45.,5.));
#23198=CARTESIAN_POINT('',(519.5,45.,5.));
#23199=CARTESIAN_POINT('',(519.5,45.,-5.));
#23200=CARTESIAN_POINT('Origin',(519.5,-45.,-5.));
#23201=CARTESIAN_POINT('',(519.5,-45.,-5.));
#23202=CARTESIAN_POINT('',(519.5,-45.,-5.));
#23203=CARTESIAN_POINT('',(519.5,-45.,5.));
#23204=CARTESIAN_POINT('',(519.5,-45.,5.));
#23205=CARTESIAN_POINT('',(519.5,-45.,-5.));
#23206=CARTESIAN_POINT('Origin',(512.5,-45.,-5.));
#23207=CARTESIAN_POINT('',(512.5,-45.,-5.));
#23208=CARTESIAN_POINT('',(512.5,-45.,-5.));
#23209=CARTESIAN_POINT('',(512.5,-45.,5.));
#23210=CARTESIAN_POINT('',(512.5,-45.,5.));
#23211=CARTESIAN_POINT('',(512.5,-45.,-5.));
#23212=CARTESIAN_POINT('Origin',(512.5,45.,-5.));
#23213=CARTESIAN_POINT('',(512.5,45.,-5.));
#23214=CARTESIAN_POINT('',(512.5,45.,5.));
#23215=CARTESIAN_POINT('Origin',(516.,0.,5.));
#23216=CARTESIAN_POINT('Origin',(516.,0.,-5.));
#23217=CARTESIAN_POINT('Origin',(535.5,45.,-5.));
#23218=CARTESIAN_POINT('',(535.5,45.,-5.));
#23219=CARTESIAN_POINT('',(528.5,45.,-5.));
#23220=CARTESIAN_POINT('',(535.5,45.,-5.));
#23221=CARTESIAN_POINT('',(528.5,45.,5.));
#23222=CARTESIAN_POINT('',(528.5,45.,-5.));
#23223=CARTESIAN_POINT('',(535.5,45.,5.));
#23224=CARTESIAN_POINT('',(535.5,45.,5.));
#23225=CARTESIAN_POINT('',(535.5,45.,-5.));
#23226=CARTESIAN_POINT('Origin',(535.5,-45.,-5.));
#23227=CARTESIAN_POINT('',(535.5,-45.,-5.));
#23228=CARTESIAN_POINT('',(535.5,-45.,-5.));
#23229=CARTESIAN_POINT('',(535.5,-45.,5.));
#23230=CARTESIAN_POINT('',(535.5,-45.,5.));
#23231=CARTESIAN_POINT('',(535.5,-45.,-5.));
#23232=CARTESIAN_POINT('Origin',(528.5,-45.,-5.));
#23233=CARTESIAN_POINT('',(528.5,-45.,-5.));
#23234=CARTESIAN_POINT('',(528.5,-45.,-5.));
#23235=CARTESIAN_POINT('',(528.5,-45.,5.));
#23236=CARTESIAN_POINT('',(528.5,-45.,5.));
#23237=CARTESIAN_POINT('',(528.5,-45.,-5.));
#23238=CARTESIAN_POINT('Origin',(528.5,45.,-5.));
#23239=CARTESIAN_POINT('',(528.5,45.,-5.));
#23240=CARTESIAN_POINT('',(528.5,45.,5.));
#23241=CARTESIAN_POINT('Origin',(532.,0.,5.));
#23242=CARTESIAN_POINT('Origin',(532.,0.,-5.));
#23243=CARTESIAN_POINT('Origin',(551.5,45.,-5.));
#23244=CARTESIAN_POINT('',(551.5,45.,-5.));
#23245=CARTESIAN_POINT('',(544.5,45.,-5.));
#23246=CARTESIAN_POINT('',(551.5,45.,-5.));
#23247=CARTESIAN_POINT('',(544.5,45.,5.));
#23248=CARTESIAN_POINT('',(544.5,45.,-5.));
#23249=CARTESIAN_POINT('',(551.5,45.,5.));
#23250=CARTESIAN_POINT('',(551.5,45.,5.));
#23251=CARTESIAN_POINT('',(551.5,45.,-5.));
#23252=CARTESIAN_POINT('Origin',(551.5,-45.,-5.));
#23253=CARTESIAN_POINT('',(551.5,-45.,-5.));
#23254=CARTESIAN_POINT('',(551.5,-45.,-5.));
#23255=CARTESIAN_POINT('',(551.5,-45.,5.));
#23256=CARTESIAN_POINT('',(551.5,-45.,5.));
#23257=CARTESIAN_POINT('',(551.5,-45.,-5.));
#23258=CARTESIAN_POINT('Origin',(544.5,-45.,-5.));
#23259=CARTESIAN_POINT('',(544.5,-45.,-5.));
#23260=CARTESIAN_POINT('',(544.5,-45.,-5.));
#23261=CARTESIAN_POINT('',(544.5,-45.,5.));
#23262=CARTESIAN_POINT('',(544.5,-45.,5.));
#23263=CARTESIAN_POINT('',(544.5,-45.,-5.));
#23264=CARTESIAN_POINT('Origin',(544.5,45.,-5.));
#23265=CARTESIAN_POINT('',(544.5,45.,-5.));
#23266=CARTESIAN_POINT('',(544.5,45.,5.));
#23267=CARTESIAN_POINT('Origin',(548.,0.,5.));
#23268=CARTESIAN_POINT('Origin',(548.,0.,-5.));
#23269=CARTESIAN_POINT('Origin',(567.5,45.,-5.));
#23270=CARTESIAN_POINT('',(567.5,45.,-5.));
#23271=CARTESIAN_POINT('',(560.5,45.,-5.));
#23272=CARTESIAN_POINT('',(567.5,45.,-5.));
#23273=CARTESIAN_POINT('',(560.5,45.,5.));
#23274=CARTESIAN_POINT('',(560.5,45.,-5.));
#23275=CARTESIAN_POINT('',(567.5,45.,5.));
#23276=CARTESIAN_POINT('',(567.5,45.,5.));
#23277=CARTESIAN_POINT('',(567.5,45.,-5.));
#23278=CARTESIAN_POINT('Origin',(567.5,-45.,-5.));
#23279=CARTESIAN_POINT('',(567.5,-45.,-5.));
#23280=CARTESIAN_POINT('',(567.5,-45.,-5.));
#23281=CARTESIAN_POINT('',(567.5,-45.,5.));
#23282=CARTESIAN_POINT('',(567.5,-45.,5.));
#23283=CARTESIAN_POINT('',(567.5,-45.,-5.));
#23284=CARTESIAN_POINT('Origin',(560.5,-45.,-5.));
#23285=CARTESIAN_POINT('',(560.5,-45.,-5.));
#23286=CARTESIAN_POINT('',(560.5,-45.,-5.));
#23287=CARTESIAN_POINT('',(560.5,-45.,5.));
#23288=CARTESIAN_POINT('',(560.5,-45.,5.));
#23289=CARTESIAN_POINT('',(560.5,-45.,-5.));
#23290=CARTESIAN_POINT('Origin',(560.5,45.,-5.));
#23291=CARTESIAN_POINT('',(560.5,45.,-5.));
#23292=CARTESIAN_POINT('',(560.5,45.,5.));
#23293=CARTESIAN_POINT('Origin',(564.,0.,5.));
#23294=CARTESIAN_POINT('Origin',(564.,0.,-5.));
#23295=CARTESIAN_POINT('Origin',(583.5,45.,-5.));
#23296=CARTESIAN_POINT('',(583.5,45.,-5.));
#23297=CARTESIAN_POINT('',(576.5,45.,-5.));
#23298=CARTESIAN_POINT('',(583.5,45.,-5.));
#23299=CARTESIAN_POINT('',(576.5,45.,5.));
#23300=CARTESIAN_POINT('',(576.5,45.,-5.));
#23301=CARTESIAN_POINT('',(583.5,45.,5.));
#23302=CARTESIAN_POINT('',(583.5,45.,5.));
#23303=CARTESIAN_POINT('',(583.5,45.,-5.));
#23304=CARTESIAN_POINT('Origin',(583.5,-45.,-5.));
#23305=CARTESIAN_POINT('',(583.5,-45.,-5.));
#23306=CARTESIAN_POINT('',(583.5,-45.,-5.));
#23307=CARTESIAN_POINT('',(583.5,-45.,5.));
#23308=CARTESIAN_POINT('',(583.5,-45.,5.));
#23309=CARTESIAN_POINT('',(583.5,-45.,-5.));
#23310=CARTESIAN_POINT('Origin',(576.5,-45.,-5.));
#23311=CARTESIAN_POINT('',(576.5,-45.,-5.));
#23312=CARTESIAN_POINT('',(576.5,-45.,-5.));
#23313=CARTESIAN_POINT('',(576.5,-45.,5.));
#23314=CARTESIAN_POINT('',(576.5,-45.,5.));
#23315=CARTESIAN_POINT('',(576.5,-45.,-5.));
#23316=CARTESIAN_POINT('Origin',(576.5,45.,-5.));
#23317=CARTESIAN_POINT('',(576.5,45.,-5.));
#23318=CARTESIAN_POINT('',(576.5,45.,5.));
#23319=CARTESIAN_POINT('Origin',(580.,0.,5.));
#23320=CARTESIAN_POINT('Origin',(580.,0.,-5.));
#23321=CARTESIAN_POINT('Origin',(599.5,45.,-5.));
#23322=CARTESIAN_POINT('',(599.5,45.,-5.));
#23323=CARTESIAN_POINT('',(592.5,45.,-5.));
#23324=CARTESIAN_POINT('',(599.5,45.,-5.));
#23325=CARTESIAN_POINT('',(592.5,45.,5.));
#23326=CARTESIAN_POINT('',(592.5,45.,-5.));
#23327=CARTESIAN_POINT('',(599.5,45.,5.));
#23328=CARTESIAN_POINT('',(599.5,45.,5.));
#23329=CARTESIAN_POINT('',(599.5,45.,-5.));
#23330=CARTESIAN_POINT('Origin',(599.5,-45.,-5.));
#23331=CARTESIAN_POINT('',(599.5,-45.,-5.));
#23332=CARTESIAN_POINT('',(599.5,-45.,-5.));
#23333=CARTESIAN_POINT('',(599.5,-45.,5.));
#23334=CARTESIAN_POINT('',(599.5,-45.,5.));
#23335=CARTESIAN_POINT('',(599.5,-45.,-5.));
#23336=CARTESIAN_POINT('Origin',(592.5,-45.,-5.));
#23337=CARTESIAN_POINT('',(592.5,-45.,-5.));
#23338=CARTESIAN_POINT('',(592.5,-45.,-5.));
#23339=CARTESIAN_POINT('',(592.5,-45.,5.));
#23340=CARTESIAN_POINT('',(592.5,-45.,5.));
#23341=CARTESIAN_POINT('',(592.5,-45.,-5.));
#23342=CARTESIAN_POINT('Origin',(592.5,45.,-5.));
#23343=CARTESIAN_POINT('',(592.5,45.,-5.));
#23344=CARTESIAN_POINT('',(592.5,45.,5.));
#23345=CARTESIAN_POINT('Origin',(596.,0.,5.));
#23346=CARTESIAN_POINT('Origin',(596.,0.,-5.));
#23347=CARTESIAN_POINT('Origin',(615.5,45.,-5.));
#23348=CARTESIAN_POINT('',(615.5,45.,-5.));
#23349=CARTESIAN_POINT('',(608.5,45.,-5.));
#23350=CARTESIAN_POINT('',(615.5,45.,-5.));
#23351=CARTESIAN_POINT('',(608.5,45.,5.));
#23352=CARTESIAN_POINT('',(608.5,45.,-5.));
#23353=CARTESIAN_POINT('',(615.5,45.,5.));
#23354=CARTESIAN_POINT('',(615.5,45.,5.));
#23355=CARTESIAN_POINT('',(615.5,45.,-5.));
#23356=CARTESIAN_POINT('Origin',(615.5,-45.,-5.));
#23357=CARTESIAN_POINT('',(615.5,-45.,-5.));
#23358=CARTESIAN_POINT('',(615.5,-45.,-5.));
#23359=CARTESIAN_POINT('',(615.5,-45.,5.));
#23360=CARTESIAN_POINT('',(615.5,-45.,5.));
#23361=CARTESIAN_POINT('',(615.5,-45.,-5.));
#23362=CARTESIAN_POINT('Origin',(608.5,-45.,-5.));
#23363=CARTESIAN_POINT('',(608.5,-45.,-5.));
#23364=CARTESIAN_POINT('',(608.5,-45.,-5.));
#23365=CARTESIAN_POINT('',(608.5,-45.,5.));
#23366=CARTESIAN_POINT('',(608.5,-45.,5.));
#23367=CARTESIAN_POINT('',(608.5,-45.,-5.));
#23368=CARTESIAN_POINT('Origin',(608.5,45.,-5.));
#23369=CARTESIAN_POINT('',(608.5,45.,-5.));
#23370=CARTESIAN_POINT('',(608.5,45.,5.));
#23371=CARTESIAN_POINT('Origin',(612.,0.,5.));
#23372=CARTESIAN_POINT('Origin',(612.,0.,-5.));
#23373=CARTESIAN_POINT('Origin',(631.5,45.,-5.));
#23374=CARTESIAN_POINT('',(631.5,45.,-5.));
#23375=CARTESIAN_POINT('',(624.5,45.,-5.));
#23376=CARTESIAN_POINT('',(631.5,45.,-5.));
#23377=CARTESIAN_POINT('',(624.5,45.,5.));
#23378=CARTESIAN_POINT('',(624.5,45.,-5.));
#23379=CARTESIAN_POINT('',(631.5,45.,5.));
#23380=CARTESIAN_POINT('',(631.5,45.,5.));
#23381=CARTESIAN_POINT('',(631.5,45.,-5.));
#23382=CARTESIAN_POINT('Origin',(631.5,-45.,-5.));
#23383=CARTESIAN_POINT('',(631.5,-45.,-5.));
#23384=CARTESIAN_POINT('',(631.5,-45.,-5.));
#23385=CARTESIAN_POINT('',(631.5,-45.,5.));
#23386=CARTESIAN_POINT('',(631.5,-45.,5.));
#23387=CARTESIAN_POINT('',(631.5,-45.,-5.));
#23388=CARTESIAN_POINT('Origin',(624.5,-45.,-5.));
#23389=CARTESIAN_POINT('',(624.5,-45.,-5.));
#23390=CARTESIAN_POINT('',(624.5,-45.,-5.));
#23391=CARTESIAN_POINT('',(624.5,-45.,5.));
#23392=CARTESIAN_POINT('',(624.5,-45.,5.));
#23393=CARTESIAN_POINT('',(624.5,-45.,-5.));
#23394=CARTESIAN_POINT('Origin',(624.5,45.,-5.));
#23395=CARTESIAN_POINT('',(624.5,45.,-5.));
#23396=CARTESIAN_POINT('',(624.5,45.,5.));
#23397=CARTESIAN_POINT('Origin',(628.,0.,5.));
#23398=CARTESIAN_POINT('Origin',(628.,0.,-5.));
#23399=CARTESIAN_POINT('Origin',(647.5,45.,-5.));
#23400=CARTESIAN_POINT('',(647.5,45.,-5.));
#23401=CARTESIAN_POINT('',(640.5,45.,-5.));
#23402=CARTESIAN_POINT('',(647.5,45.,-5.));
#23403=CARTESIAN_POINT('',(640.5,45.,5.));
#23404=CARTESIAN_POINT('',(640.5,45.,-5.));
#23405=CARTESIAN_POINT('',(647.5,45.,5.));
#23406=CARTESIAN_POINT('',(647.5,45.,5.));
#23407=CARTESIAN_POINT('',(647.5,45.,-5.));
#23408=CARTESIAN_POINT('Origin',(647.5,-45.,-5.));
#23409=CARTESIAN_POINT('',(647.5,-45.,-5.));
#23410=CARTESIAN_POINT('',(647.5,-45.,-5.));
#23411=CARTESIAN_POINT('',(647.5,-45.,5.));
#23412=CARTESIAN_POINT('',(647.5,-45.,5.));
#23413=CARTESIAN_POINT('',(647.5,-45.,-5.));
#23414=CARTESIAN_POINT('Origin',(640.5,-45.,-5.));
#23415=CARTESIAN_POINT('',(640.5,-45.,-5.));
#23416=CARTESIAN_POINT('',(640.5,-45.,-5.));
#23417=CARTESIAN_POINT('',(640.5,-45.,5.));
#23418=CARTESIAN_POINT('',(640.5,-45.,5.));
#23419=CARTESIAN_POINT('',(640.5,-45.,-5.));
#23420=CARTESIAN_POINT('Origin',(640.5,45.,-5.));
#23421=CARTESIAN_POINT('',(640.5,45.,-5.));
#23422=CARTESIAN_POINT('',(640.5,45.,5.));
#23423=CARTESIAN_POINT('Origin',(644.,0.,5.));
#23424=CARTESIAN_POINT('Origin',(644.,0.,-5.));
#23425=CARTESIAN_POINT('Origin',(655.5,45.,-5.));
#23426=CARTESIAN_POINT('',(655.5,45.,-5.));
#23427=CARTESIAN_POINT('',(648.5,45.,-5.));
#23428=CARTESIAN_POINT('',(655.5,45.,-5.));
#23429=CARTESIAN_POINT('',(648.5,45.,5.));
#23430=CARTESIAN_POINT('',(648.5,45.,-5.));
#23431=CARTESIAN_POINT('',(655.5,45.,5.));
#23432=CARTESIAN_POINT('',(655.5,45.,5.));
#23433=CARTESIAN_POINT('',(655.5,45.,-5.));
#23434=CARTESIAN_POINT('Origin',(655.5,-45.,-5.));
#23435=CARTESIAN_POINT('',(655.5,-45.,-5.));
#23436=CARTESIAN_POINT('',(655.5,-45.,-5.));
#23437=CARTESIAN_POINT('',(655.5,-45.,5.));
#23438=CARTESIAN_POINT('',(655.5,-45.,5.));
#23439=CARTESIAN_POINT('',(655.5,-45.,-5.));
#23440=CARTESIAN_POINT('Origin',(648.5,-45.,-5.));
#23441=CARTESIAN_POINT('',(648.5,-45.,-5.));
#23442=CARTESIAN_POINT('',(648.5,-45.,-5.));
#23443=CARTESIAN_POINT('',(648.5,-45.,5.));
#23444=CARTESIAN_POINT('',(648.5,-45.,5.));
#23445=CARTESIAN_POINT('',(648.5,-45.,-5.));
#23446=CARTESIAN_POINT('Origin',(648.5,45.,-5.));
#23447=CARTESIAN_POINT('',(648.5,45.,-5.));
#23448=CARTESIAN_POINT('',(648.5,45.,5.));
#23449=CARTESIAN_POINT('Origin',(652.,0.,5.));
#23450=CARTESIAN_POINT('Origin',(652.,0.,-5.));
#23451=CARTESIAN_POINT('Origin',(671.5,45.,-5.));
#23452=CARTESIAN_POINT('',(671.5,45.,-5.));
#23453=CARTESIAN_POINT('',(664.5,45.,-5.));
#23454=CARTESIAN_POINT('',(671.5,45.,-5.));
#23455=CARTESIAN_POINT('',(664.5,45.,5.));
#23456=CARTESIAN_POINT('',(664.5,45.,-5.));
#23457=CARTESIAN_POINT('',(671.5,45.,5.));
#23458=CARTESIAN_POINT('',(671.5,45.,5.));
#23459=CARTESIAN_POINT('',(671.5,45.,-5.));
#23460=CARTESIAN_POINT('Origin',(671.5,-45.,-5.));
#23461=CARTESIAN_POINT('',(671.5,-45.,-5.));
#23462=CARTESIAN_POINT('',(671.5,-45.,-5.));
#23463=CARTESIAN_POINT('',(671.5,-45.,5.));
#23464=CARTESIAN_POINT('',(671.5,-45.,5.));
#23465=CARTESIAN_POINT('',(671.5,-45.,-5.));
#23466=CARTESIAN_POINT('Origin',(664.5,-45.,-5.));
#23467=CARTESIAN_POINT('',(664.5,-45.,-5.));
#23468=CARTESIAN_POINT('',(664.5,-45.,-5.));
#23469=CARTESIAN_POINT('',(664.5,-45.,5.));
#23470=CARTESIAN_POINT('',(664.5,-45.,5.));
#23471=CARTESIAN_POINT('',(664.5,-45.,-5.));
#23472=CARTESIAN_POINT('Origin',(664.5,45.,-5.));
#23473=CARTESIAN_POINT('',(664.5,45.,-5.));
#23474=CARTESIAN_POINT('',(664.5,45.,5.));
#23475=CARTESIAN_POINT('Origin',(668.,0.,5.));
#23476=CARTESIAN_POINT('Origin',(668.,0.,-5.));
#23477=CARTESIAN_POINT('Origin',(687.5,45.,-5.));
#23478=CARTESIAN_POINT('',(687.5,45.,-5.));
#23479=CARTESIAN_POINT('',(680.5,45.,-5.));
#23480=CARTESIAN_POINT('',(687.5,45.,-5.));
#23481=CARTESIAN_POINT('',(680.5,45.,5.));
#23482=CARTESIAN_POINT('',(680.5,45.,-5.));
#23483=CARTESIAN_POINT('',(687.5,45.,5.));
#23484=CARTESIAN_POINT('',(687.5,45.,5.));
#23485=CARTESIAN_POINT('',(687.5,45.,-5.));
#23486=CARTESIAN_POINT('Origin',(687.5,-45.,-5.));
#23487=CARTESIAN_POINT('',(687.5,-45.,-5.));
#23488=CARTESIAN_POINT('',(687.5,-45.,-5.));
#23489=CARTESIAN_POINT('',(687.5,-45.,5.));
#23490=CARTESIAN_POINT('',(687.5,-45.,5.));
#23491=CARTESIAN_POINT('',(687.5,-45.,-5.));
#23492=CARTESIAN_POINT('Origin',(680.5,-45.,-5.));
#23493=CARTESIAN_POINT('',(680.5,-45.,-5.));
#23494=CARTESIAN_POINT('',(680.5,-45.,-5.));
#23495=CARTESIAN_POINT('',(680.5,-45.,5.));
#23496=CARTESIAN_POINT('',(680.5,-45.,5.));
#23497=CARTESIAN_POINT('',(680.5,-45.,-5.));
#23498=CARTESIAN_POINT('Origin',(680.5,45.,-5.));
#23499=CARTESIAN_POINT('',(680.5,45.,-5.));
#23500=CARTESIAN_POINT('',(680.5,45.,5.));
#23501=CARTESIAN_POINT('Origin',(684.,0.,5.));
#23502=CARTESIAN_POINT('Origin',(684.,0.,-5.));
#23503=CARTESIAN_POINT('Origin',(703.5,45.,-5.));
#23504=CARTESIAN_POINT('',(703.5,45.,-5.));
#23505=CARTESIAN_POINT('',(696.5,45.,-5.));
#23506=CARTESIAN_POINT('',(703.5,45.,-5.));
#23507=CARTESIAN_POINT('',(696.5,45.,5.));
#23508=CARTESIAN_POINT('',(696.5,45.,-5.));
#23509=CARTESIAN_POINT('',(703.5,45.,5.));
#23510=CARTESIAN_POINT('',(703.5,45.,5.));
#23511=CARTESIAN_POINT('',(703.5,45.,-5.));
#23512=CARTESIAN_POINT('Origin',(703.5,-45.,-5.));
#23513=CARTESIAN_POINT('',(703.5,-45.,-5.));
#23514=CARTESIAN_POINT('',(703.5,-45.,-5.));
#23515=CARTESIAN_POINT('',(703.5,-45.,5.));
#23516=CARTESIAN_POINT('',(703.5,-45.,5.));
#23517=CARTESIAN_POINT('',(703.5,-45.,-5.));
#23518=CARTESIAN_POINT('Origin',(696.5,-45.,-5.));
#23519=CARTESIAN_POINT('',(696.5,-45.,-5.));
#23520=CARTESIAN_POINT('',(696.5,-45.,-5.));
#23521=CARTESIAN_POINT('',(696.5,-45.,5.));
#23522=CARTESIAN_POINT('',(696.5,-45.,5.));
#23523=CARTESIAN_POINT('',(696.5,-45.,-5.));
#23524=CARTESIAN_POINT('Origin',(696.5,45.,-5.));
#23525=CARTESIAN_POINT('',(696.5,45.,-5.));
#23526=CARTESIAN_POINT('',(696.5,45.,5.));
#23527=CARTESIAN_POINT('Origin',(700.,0.,5.));
#23528=CARTESIAN_POINT('Origin',(700.,0.,-5.));
#23529=CARTESIAN_POINT('Origin',(719.5,45.,-5.));
#23530=CARTESIAN_POINT('',(719.5,45.,-5.));
#23531=CARTESIAN_POINT('',(712.5,45.,-5.));
#23532=CARTESIAN_POINT('',(719.5,45.,-5.));
#23533=CARTESIAN_POINT('',(712.5,45.,5.));
#23534=CARTESIAN_POINT('',(712.5,45.,-5.));
#23535=CARTESIAN_POINT('',(719.5,45.,5.));
#23536=CARTESIAN_POINT('',(719.5,45.,5.));
#23537=CARTESIAN_POINT('',(719.5,45.,-5.));
#23538=CARTESIAN_POINT('Origin',(719.5,-45.,-5.));
#23539=CARTESIAN_POINT('',(719.5,-45.,-5.));
#23540=CARTESIAN_POINT('',(719.5,-45.,-5.));
#23541=CARTESIAN_POINT('',(719.5,-45.,5.));
#23542=CARTESIAN_POINT('',(719.5,-45.,5.));
#23543=CARTESIAN_POINT('',(719.5,-45.,-5.));
#23544=CARTESIAN_POINT('Origin',(712.5,-45.,-5.));
#23545=CARTESIAN_POINT('',(712.5,-45.,-5.));
#23546=CARTESIAN_POINT('',(712.5,-45.,-5.));
#23547=CARTESIAN_POINT('',(712.5,-45.,5.));
#23548=CARTESIAN_POINT('',(712.5,-45.,5.));
#23549=CARTESIAN_POINT('',(712.5,-45.,-5.));
#23550=CARTESIAN_POINT('Origin',(712.5,45.,-5.));
#23551=CARTESIAN_POINT('',(712.5,45.,-5.));
#23552=CARTESIAN_POINT('',(712.5,45.,5.));
#23553=CARTESIAN_POINT('Origin',(716.,0.,5.));
#23554=CARTESIAN_POINT('Origin',(716.,0.,-5.));
#23555=CARTESIAN_POINT('Origin',(735.5,45.,-5.));
#23556=CARTESIAN_POINT('',(735.5,45.,-5.));
#23557=CARTESIAN_POINT('',(728.5,45.,-5.));
#23558=CARTESIAN_POINT('',(735.5,45.,-5.));
#23559=CARTESIAN_POINT('',(728.5,45.,5.));
#23560=CARTESIAN_POINT('',(728.5,45.,-5.));
#23561=CARTESIAN_POINT('',(735.5,45.,5.));
#23562=CARTESIAN_POINT('',(735.5,45.,5.));
#23563=CARTESIAN_POINT('',(735.5,45.,-5.));
#23564=CARTESIAN_POINT('Origin',(735.5,-45.,-5.));
#23565=CARTESIAN_POINT('',(735.5,-45.,-5.));
#23566=CARTESIAN_POINT('',(735.5,-45.,-5.));
#23567=CARTESIAN_POINT('',(735.5,-45.,5.));
#23568=CARTESIAN_POINT('',(735.5,-45.,5.));
#23569=CARTESIAN_POINT('',(735.5,-45.,-5.));
#23570=CARTESIAN_POINT('Origin',(728.5,-45.,-5.));
#23571=CARTESIAN_POINT('',(728.5,-45.,-5.));
#23572=CARTESIAN_POINT('',(728.5,-45.,-5.));
#23573=CARTESIAN_POINT('',(728.5,-45.,5.));
#23574=CARTESIAN_POINT('',(728.5,-45.,5.));
#23575=CARTESIAN_POINT('',(728.5,-45.,-5.));
#23576=CARTESIAN_POINT('Origin',(728.5,45.,-5.));
#23577=CARTESIAN_POINT('',(728.5,45.,-5.));
#23578=CARTESIAN_POINT('',(728.5,45.,5.));
#23579=CARTESIAN_POINT('Origin',(732.,0.,5.));
#23580=CARTESIAN_POINT('Origin',(732.,0.,-5.));
#23581=CARTESIAN_POINT('Origin',(751.5,45.,-5.));
#23582=CARTESIAN_POINT('',(751.5,45.,-5.));
#23583=CARTESIAN_POINT('',(744.5,45.,-5.));
#23584=CARTESIAN_POINT('',(751.5,45.,-5.));
#23585=CARTESIAN_POINT('',(744.5,45.,5.));
#23586=CARTESIAN_POINT('',(744.5,45.,-5.));
#23587=CARTESIAN_POINT('',(751.5,45.,5.));
#23588=CARTESIAN_POINT('',(751.5,45.,5.));
#23589=CARTESIAN_POINT('',(751.5,45.,-5.));
#23590=CARTESIAN_POINT('Origin',(751.5,-45.,-5.));
#23591=CARTESIAN_POINT('',(751.5,-45.,-5.));
#23592=CARTESIAN_POINT('',(751.5,-45.,-5.));
#23593=CARTESIAN_POINT('',(751.5,-45.,5.));
#23594=CARTESIAN_POINT('',(751.5,-45.,5.));
#23595=CARTESIAN_POINT('',(751.5,-45.,-5.));
#23596=CARTESIAN_POINT('Origin',(744.5,-45.,-5.));
#23597=CARTESIAN_POINT('',(744.5,-45.,-5.));
#23598=CARTESIAN_POINT('',(744.5,-45.,-5.));
#23599=CARTESIAN_POINT('',(744.5,-45.,5.));
#23600=CARTESIAN_POINT('',(744.5,-45.,5.));
#23601=CARTESIAN_POINT('',(744.5,-45.,-5.));
#23602=CARTESIAN_POINT('Origin',(744.5,45.,-5.));
#23603=CARTESIAN_POINT('',(744.5,45.,-5.));
#23604=CARTESIAN_POINT('',(744.5,45.,5.));
#23605=CARTESIAN_POINT('Origin',(748.,0.,5.));
#23606=CARTESIAN_POINT('Origin',(748.,0.,-5.));
#23607=CARTESIAN_POINT('Origin',(767.5,45.,-5.));
#23608=CARTESIAN_POINT('',(767.5,45.,-5.));
#23609=CARTESIAN_POINT('',(760.5,45.,-5.));
#23610=CARTESIAN_POINT('',(767.5,45.,-5.));
#23611=CARTESIAN_POINT('',(760.5,45.,5.));
#23612=CARTESIAN_POINT('',(760.5,45.,-5.));
#23613=CARTESIAN_POINT('',(767.5,45.,5.));
#23614=CARTESIAN_POINT('',(767.5,45.,5.));
#23615=CARTESIAN_POINT('',(767.5,45.,-5.));
#23616=CARTESIAN_POINT('Origin',(767.5,-45.,-5.));
#23617=CARTESIAN_POINT('',(767.5,-45.,-5.));
#23618=CARTESIAN_POINT('',(767.5,-45.,-5.));
#23619=CARTESIAN_POINT('',(767.5,-45.,5.));
#23620=CARTESIAN_POINT('',(767.5,-45.,5.));
#23621=CARTESIAN_POINT('',(767.5,-45.,-5.));
#23622=CARTESIAN_POINT('Origin',(760.5,-45.,-5.));
#23623=CARTESIAN_POINT('',(760.5,-45.,-5.));
#23624=CARTESIAN_POINT('',(760.5,-45.,-5.));
#23625=CARTESIAN_POINT('',(760.5,-45.,5.));
#23626=CARTESIAN_POINT('',(760.5,-45.,5.));
#23627=CARTESIAN_POINT('',(760.5,-45.,-5.));
#23628=CARTESIAN_POINT('Origin',(760.5,45.,-5.));
#23629=CARTESIAN_POINT('',(760.5,45.,-5.));
#23630=CARTESIAN_POINT('',(760.5,45.,5.));
#23631=CARTESIAN_POINT('Origin',(764.,0.,5.));
#23632=CARTESIAN_POINT('Origin',(764.,0.,-5.));
#23633=CARTESIAN_POINT('Origin',(783.5,45.,-5.));
#23634=CARTESIAN_POINT('',(783.5,45.,-5.));
#23635=CARTESIAN_POINT('',(776.5,45.,-5.));
#23636=CARTESIAN_POINT('',(783.5,45.,-5.));
#23637=CARTESIAN_POINT('',(776.5,45.,5.));
#23638=CARTESIAN_POINT('',(776.5,45.,-5.));
#23639=CARTESIAN_POINT('',(783.5,45.,5.));
#23640=CARTESIAN_POINT('',(783.5,45.,5.));
#23641=CARTESIAN_POINT('',(783.5,45.,-5.));
#23642=CARTESIAN_POINT('Origin',(783.5,-45.,-5.));
#23643=CARTESIAN_POINT('',(783.5,-45.,-5.));
#23644=CARTESIAN_POINT('',(783.5,-45.,-5.));
#23645=CARTESIAN_POINT('',(783.5,-45.,5.));
#23646=CARTESIAN_POINT('',(783.5,-45.,5.));
#23647=CARTESIAN_POINT('',(783.5,-45.,-5.));
#23648=CARTESIAN_POINT('Origin',(776.5,-45.,-5.));
#23649=CARTESIAN_POINT('',(776.5,-45.,-5.));
#23650=CARTESIAN_POINT('',(776.5,-45.,-5.));
#23651=CARTESIAN_POINT('',(776.5,-45.,5.));
#23652=CARTESIAN_POINT('',(776.5,-45.,5.));
#23653=CARTESIAN_POINT('',(776.5,-45.,-5.));
#23654=CARTESIAN_POINT('Origin',(776.5,45.,-5.));
#23655=CARTESIAN_POINT('',(776.5,45.,-5.));
#23656=CARTESIAN_POINT('',(776.5,45.,5.));
#23657=CARTESIAN_POINT('Origin',(780.,0.,5.));
#23658=CARTESIAN_POINT('Origin',(780.,0.,-5.));
#23659=CARTESIAN_POINT('Origin',(799.5,45.,-5.));
#23660=CARTESIAN_POINT('',(799.5,45.,-5.));
#23661=CARTESIAN_POINT('',(792.5,45.,-5.));
#23662=CARTESIAN_POINT('',(799.5,45.,-5.));
#23663=CARTESIAN_POINT('',(792.5,45.,5.));
#23664=CARTESIAN_POINT('',(792.5,45.,-5.));
#23665=CARTESIAN_POINT('',(799.5,45.,5.));
#23666=CARTESIAN_POINT('',(799.5,45.,5.));
#23667=CARTESIAN_POINT('',(799.5,45.,-5.));
#23668=CARTESIAN_POINT('Origin',(799.5,-45.,-5.));
#23669=CARTESIAN_POINT('',(799.5,-45.,-5.));
#23670=CARTESIAN_POINT('',(799.5,-45.,-5.));
#23671=CARTESIAN_POINT('',(799.5,-45.,5.));
#23672=CARTESIAN_POINT('',(799.5,-45.,5.));
#23673=CARTESIAN_POINT('',(799.5,-45.,-5.));
#23674=CARTESIAN_POINT('Origin',(792.5,-45.,-5.));
#23675=CARTESIAN_POINT('',(792.5,-45.,-5.));
#23676=CARTESIAN_POINT('',(792.5,-45.,-5.));
#23677=CARTESIAN_POINT('',(792.5,-45.,5.));
#23678=CARTESIAN_POINT('',(792.5,-45.,5.));
#23679=CARTESIAN_POINT('',(792.5,-45.,-5.));
#23680=CARTESIAN_POINT('Origin',(792.5,45.,-5.));
#23681=CARTESIAN_POINT('',(792.5,45.,-5.));
#23682=CARTESIAN_POINT('',(792.5,45.,5.));
#23683=CARTESIAN_POINT('Origin',(796.,0.,5.));
#23684=CARTESIAN_POINT('Origin',(796.,0.,-5.));
#23685=CARTESIAN_POINT('Origin',(815.5,45.,-5.));
#23686=CARTESIAN_POINT('',(815.5,45.,-5.));
#23687=CARTESIAN_POINT('',(808.5,45.,-5.));
#23688=CARTESIAN_POINT('',(815.5,45.,-5.));
#23689=CARTESIAN_POINT('',(808.5,45.,5.));
#23690=CARTESIAN_POINT('',(808.5,45.,-5.));
#23691=CARTESIAN_POINT('',(815.5,45.,5.));
#23692=CARTESIAN_POINT('',(815.5,45.,5.));
#23693=CARTESIAN_POINT('',(815.5,45.,-5.));
#23694=CARTESIAN_POINT('Origin',(815.5,-45.,-5.));
#23695=CARTESIAN_POINT('',(815.5,-45.,-5.));
#23696=CARTESIAN_POINT('',(815.5,-45.,-5.));
#23697=CARTESIAN_POINT('',(815.5,-45.,5.));
#23698=CARTESIAN_POINT('',(815.5,-45.,5.));
#23699=CARTESIAN_POINT('',(815.5,-45.,-5.));
#23700=CARTESIAN_POINT('Origin',(808.5,-45.,-5.));
#23701=CARTESIAN_POINT('',(808.5,-45.,-5.));
#23702=CARTESIAN_POINT('',(808.5,-45.,-5.));
#23703=CARTESIAN_POINT('',(808.5,-45.,5.));
#23704=CARTESIAN_POINT('',(808.5,-45.,5.));
#23705=CARTESIAN_POINT('',(808.5,-45.,-5.));
#23706=CARTESIAN_POINT('Origin',(808.5,45.,-5.));
#23707=CARTESIAN_POINT('',(808.5,45.,-5.));
#23708=CARTESIAN_POINT('',(808.5,45.,5.));
#23709=CARTESIAN_POINT('Origin',(812.,0.,5.));
#23710=CARTESIAN_POINT('Origin',(812.,0.,-5.));
#23711=CARTESIAN_POINT('Origin',(831.5,45.,-5.));
#23712=CARTESIAN_POINT('',(831.5,45.,-5.));
#23713=CARTESIAN_POINT('',(824.5,45.,-5.));
#23714=CARTESIAN_POINT('',(831.5,45.,-5.));
#23715=CARTESIAN_POINT('',(824.5,45.,5.));
#23716=CARTESIAN_POINT('',(824.5,45.,-5.));
#23717=CARTESIAN_POINT('',(831.5,45.,5.));
#23718=CARTESIAN_POINT('',(831.5,45.,5.));
#23719=CARTESIAN_POINT('',(831.5,45.,-5.));
#23720=CARTESIAN_POINT('Origin',(831.5,-45.,-5.));
#23721=CARTESIAN_POINT('',(831.5,-45.,-5.));
#23722=CARTESIAN_POINT('',(831.5,-45.,-5.));
#23723=CARTESIAN_POINT('',(831.5,-45.,5.));
#23724=CARTESIAN_POINT('',(831.5,-45.,5.));
#23725=CARTESIAN_POINT('',(831.5,-45.,-5.));
#23726=CARTESIAN_POINT('Origin',(824.5,-45.,-5.));
#23727=CARTESIAN_POINT('',(824.5,-45.,-5.));
#23728=CARTESIAN_POINT('',(824.5,-45.,-5.));
#23729=CARTESIAN_POINT('',(824.5,-45.,5.));
#23730=CARTESIAN_POINT('',(824.5,-45.,5.));
#23731=CARTESIAN_POINT('',(824.5,-45.,-5.));
#23732=CARTESIAN_POINT('Origin',(824.5,45.,-5.));
#23733=CARTESIAN_POINT('',(824.5,45.,-5.));
#23734=CARTESIAN_POINT('',(824.5,45.,5.));
#23735=CARTESIAN_POINT('Origin',(828.,0.,5.));
#23736=CARTESIAN_POINT('Origin',(828.,0.,-5.));
#23737=CARTESIAN_POINT('Origin',(847.5,45.,-5.));
#23738=CARTESIAN_POINT('',(847.5,45.,-5.));
#23739=CARTESIAN_POINT('',(840.5,45.,-5.));
#23740=CARTESIAN_POINT('',(847.5,45.,-5.));
#23741=CARTESIAN_POINT('',(840.5,45.,5.));
#23742=CARTESIAN_POINT('',(840.5,45.,-5.));
#23743=CARTESIAN_POINT('',(847.5,45.,5.));
#23744=CARTESIAN_POINT('',(847.5,45.,5.));
#23745=CARTESIAN_POINT('',(847.5,45.,-5.));
#23746=CARTESIAN_POINT('Origin',(847.5,-45.,-5.));
#23747=CARTESIAN_POINT('',(847.5,-45.,-5.));
#23748=CARTESIAN_POINT('',(847.5,-45.,-5.));
#23749=CARTESIAN_POINT('',(847.5,-45.,5.));
#23750=CARTESIAN_POINT('',(847.5,-45.,5.));
#23751=CARTESIAN_POINT('',(847.5,-45.,-5.));
#23752=CARTESIAN_POINT('Origin',(840.5,-45.,-5.));
#23753=CARTESIAN_POINT('',(840.5,-45.,-5.));
#23754=CARTESIAN_POINT('',(840.5,-45.,-5.));
#23755=CARTESIAN_POINT('',(840.5,-45.,5.));
#23756=CARTESIAN_POINT('',(840.5,-45.,5.));
#23757=CARTESIAN_POINT('',(840.5,-45.,-5.));
#23758=CARTESIAN_POINT('Origin',(840.5,45.,-5.));
#23759=CARTESIAN_POINT('',(840.5,45.,-5.));
#23760=CARTESIAN_POINT('',(840.5,45.,5.));
#23761=CARTESIAN_POINT('Origin',(844.,0.,5.));
#23762=CARTESIAN_POINT('Origin',(844.,0.,-5.));
#23763=CARTESIAN_POINT('Origin',(863.5,45.,-5.));
#23764=CARTESIAN_POINT('',(863.5,45.,-5.));
#23765=CARTESIAN_POINT('',(856.5,45.,-5.));
#23766=CARTESIAN_POINT('',(863.5,45.,-5.));
#23767=CARTESIAN_POINT('',(856.5,45.,5.));
#23768=CARTESIAN_POINT('',(856.5,45.,-5.));
#23769=CARTESIAN_POINT('',(863.5,45.,5.));
#23770=CARTESIAN_POINT('',(863.5,45.,5.));
#23771=CARTESIAN_POINT('',(863.5,45.,-5.));
#23772=CARTESIAN_POINT('Origin',(863.5,-45.,-5.));
#23773=CARTESIAN_POINT('',(863.5,-45.,-5.));
#23774=CARTESIAN_POINT('',(863.5,-45.,-5.));
#23775=CARTESIAN_POINT('',(863.5,-45.,5.));
#23776=CARTESIAN_POINT('',(863.5,-45.,5.));
#23777=CARTESIAN_POINT('',(863.5,-45.,-5.));
#23778=CARTESIAN_POINT('Origin',(856.5,-45.,-5.));
#23779=CARTESIAN_POINT('',(856.5,-45.,-5.));
#23780=CARTESIAN_POINT('',(856.5,-45.,-5.));
#23781=CARTESIAN_POINT('',(856.5,-45.,5.));
#23782=CARTESIAN_POINT('',(856.5,-45.,5.));
#23783=CARTESIAN_POINT('',(856.5,-45.,-5.));
#23784=CARTESIAN_POINT('Origin',(856.5,45.,-5.));
#23785=CARTESIAN_POINT('',(856.5,45.,-5.));
#23786=CARTESIAN_POINT('',(856.5,45.,5.));
#23787=CARTESIAN_POINT('Origin',(860.,0.,5.));
#23788=CARTESIAN_POINT('Origin',(860.,0.,-5.));
#23789=CARTESIAN_POINT('Origin',(879.5,45.,-5.));
#23790=CARTESIAN_POINT('',(879.5,45.,-5.));
#23791=CARTESIAN_POINT('',(872.5,45.,-5.));
#23792=CARTESIAN_POINT('',(879.5,45.,-5.));
#23793=CARTESIAN_POINT('',(872.5,45.,5.));
#23794=CARTESIAN_POINT('',(872.5,45.,-5.));
#23795=CARTESIAN_POINT('',(879.5,45.,5.));
#23796=CARTESIAN_POINT('',(879.5,45.,5.));
#23797=CARTESIAN_POINT('',(879.5,45.,-5.));
#23798=CARTESIAN_POINT('Origin',(879.5,-45.,-5.));
#23799=CARTESIAN_POINT('',(879.5,-45.,-5.));
#23800=CARTESIAN_POINT('',(879.5,-45.,-5.));
#23801=CARTESIAN_POINT('',(879.5,-45.,5.));
#23802=CARTESIAN_POINT('',(879.5,-45.,5.));
#23803=CARTESIAN_POINT('',(879.5,-45.,-5.));
#23804=CARTESIAN_POINT('Origin',(872.5,-45.,-5.));
#23805=CARTESIAN_POINT('',(872.5,-45.,-5.));
#23806=CARTESIAN_POINT('',(872.5,-45.,-5.));
#23807=CARTESIAN_POINT('',(872.5,-45.,5.));
#23808=CARTESIAN_POINT('',(872.5,-45.,5.));
#23809=CARTESIAN_POINT('',(872.5,-45.,-5.));
#23810=CARTESIAN_POINT('Origin',(872.5,45.,-5.));
#23811=CARTESIAN_POINT('',(872.5,45.,-5.));
#23812=CARTESIAN_POINT('',(872.5,45.,5.));
#23813=CARTESIAN_POINT('Origin',(876.,0.,5.));
#23814=CARTESIAN_POINT('Origin',(876.,0.,-5.));
#23815=CARTESIAN_POINT('Origin',(895.5,45.,-5.));
#23816=CARTESIAN_POINT('',(895.5,45.,-5.));
#23817=CARTESIAN_POINT('',(888.5,45.,-5.));
#23818=CARTESIAN_POINT('',(895.5,45.,-5.));
#23819=CARTESIAN_POINT('',(888.5,45.,5.));
#23820=CARTESIAN_POINT('',(888.5,45.,-5.));
#23821=CARTESIAN_POINT('',(895.5,45.,5.));
#23822=CARTESIAN_POINT('',(895.5,45.,5.));
#23823=CARTESIAN_POINT('',(895.5,45.,-5.));
#23824=CARTESIAN_POINT('Origin',(895.5,-45.,-5.));
#23825=CARTESIAN_POINT('',(895.5,-45.,-5.));
#23826=CARTESIAN_POINT('',(895.5,-45.,-5.));
#23827=CARTESIAN_POINT('',(895.5,-45.,5.));
#23828=CARTESIAN_POINT('',(895.5,-45.,5.));
#23829=CARTESIAN_POINT('',(895.5,-45.,-5.));
#23830=CARTESIAN_POINT('Origin',(888.5,-45.,-5.));
#23831=CARTESIAN_POINT('',(888.5,-45.,-5.));
#23832=CARTESIAN_POINT('',(888.5,-45.,-5.));
#23833=CARTESIAN_POINT('',(888.5,-45.,5.));
#23834=CARTESIAN_POINT('',(888.5,-45.,5.));
#23835=CARTESIAN_POINT('',(888.5,-45.,-5.));
#23836=CARTESIAN_POINT('Origin',(888.5,45.,-5.));
#23837=CARTESIAN_POINT('',(888.5,45.,-5.));
#23838=CARTESIAN_POINT('',(888.5,45.,5.));
#23839=CARTESIAN_POINT('Origin',(892.,0.,5.));
#23840=CARTESIAN_POINT('Origin',(892.,0.,-5.));
#23841=CARTESIAN_POINT('Origin',(911.5,45.,-5.));
#23842=CARTESIAN_POINT('',(911.5,45.,-5.));
#23843=CARTESIAN_POINT('',(904.5,45.,-5.));
#23844=CARTESIAN_POINT('',(911.5,45.,-5.));
#23845=CARTESIAN_POINT('',(904.5,45.,5.));
#23846=CARTESIAN_POINT('',(904.5,45.,-5.));
#23847=CARTESIAN_POINT('',(911.5,45.,5.));
#23848=CARTESIAN_POINT('',(911.5,45.,5.));
#23849=CARTESIAN_POINT('',(911.5,45.,-5.));
#23850=CARTESIAN_POINT('Origin',(911.5,-45.,-5.));
#23851=CARTESIAN_POINT('',(911.5,-45.,-5.));
#23852=CARTESIAN_POINT('',(911.5,-45.,-5.));
#23853=CARTESIAN_POINT('',(911.5,-45.,5.));
#23854=CARTESIAN_POINT('',(911.5,-45.,5.));
#23855=CARTESIAN_POINT('',(911.5,-45.,-5.));
#23856=CARTESIAN_POINT('Origin',(904.5,-45.,-5.));
#23857=CARTESIAN_POINT('',(904.5,-45.,-5.));
#23858=CARTESIAN_POINT('',(904.5,-45.,-5.));
#23859=CARTESIAN_POINT('',(904.5,-45.,5.));
#23860=CARTESIAN_POINT('',(904.5,-45.,5.));
#23861=CARTESIAN_POINT('',(904.5,-45.,-5.));
#23862=CARTESIAN_POINT('Origin',(904.5,45.,-5.));
#23863=CARTESIAN_POINT('',(904.5,45.,-5.));
#23864=CARTESIAN_POINT('',(904.5,45.,5.));
#23865=CARTESIAN_POINT('Origin',(908.,0.,5.));
#23866=CARTESIAN_POINT('Origin',(908.,0.,-5.));
#23867=CARTESIAN_POINT('Origin',(927.5,45.,-5.));
#23868=CARTESIAN_POINT('',(927.5,45.,-5.));
#23869=CARTESIAN_POINT('',(920.5,45.,-5.));
#23870=CARTESIAN_POINT('',(927.5,45.,-5.));
#23871=CARTESIAN_POINT('',(920.5,45.,5.));
#23872=CARTESIAN_POINT('',(920.5,45.,-5.));
#23873=CARTESIAN_POINT('',(927.5,45.,5.));
#23874=CARTESIAN_POINT('',(927.5,45.,5.));
#23875=CARTESIAN_POINT('',(927.5,45.,-5.));
#23876=CARTESIAN_POINT('Origin',(927.5,-45.,-5.));
#23877=CARTESIAN_POINT('',(927.5,-45.,-5.));
#23878=CARTESIAN_POINT('',(927.5,-45.,-5.));
#23879=CARTESIAN_POINT('',(927.5,-45.,5.));
#23880=CARTESIAN_POINT('',(927.5,-45.,5.));
#23881=CARTESIAN_POINT('',(927.5,-45.,-5.));
#23882=CARTESIAN_POINT('Origin',(920.5,-45.,-5.));
#23883=CARTESIAN_POINT('',(920.5,-45.,-5.));
#23884=CARTESIAN_POINT('',(920.5,-45.,-5.));
#23885=CARTESIAN_POINT('',(920.5,-45.,5.));
#23886=CARTESIAN_POINT('',(920.5,-45.,5.));
#23887=CARTESIAN_POINT('',(920.5,-45.,-5.));
#23888=CARTESIAN_POINT('Origin',(920.5,45.,-5.));
#23889=CARTESIAN_POINT('',(920.5,45.,-5.));
#23890=CARTESIAN_POINT('',(920.5,45.,5.));
#23891=CARTESIAN_POINT('Origin',(924.,0.,5.));
#23892=CARTESIAN_POINT('Origin',(924.,0.,-5.));
#23893=CARTESIAN_POINT('Origin',(943.5,45.,-5.));
#23894=CARTESIAN_POINT('',(943.5,45.,-5.));
#23895=CARTESIAN_POINT('',(936.5,45.,-5.));
#23896=CARTESIAN_POINT('',(943.5,45.,-5.));
#23897=CARTESIAN_POINT('',(936.5,45.,5.));
#23898=CARTESIAN_POINT('',(936.5,45.,-5.));
#23899=CARTESIAN_POINT('',(943.5,45.,5.));
#23900=CARTESIAN_POINT('',(943.5,45.,5.));
#23901=CARTESIAN_POINT('',(943.5,45.,-5.));
#23902=CARTESIAN_POINT('Origin',(943.5,-45.,-5.));
#23903=CARTESIAN_POINT('',(943.5,-45.,-5.));
#23904=CARTESIAN_POINT('',(943.5,-45.,-5.));
#23905=CARTESIAN_POINT('',(943.5,-45.,5.));
#23906=CARTESIAN_POINT('',(943.5,-45.,5.));
#23907=CARTESIAN_POINT('',(943.5,-45.,-5.));
#23908=CARTESIAN_POINT('Origin',(936.5,-45.,-5.));
#23909=CARTESIAN_POINT('',(936.5,-45.,-5.));
#23910=CARTESIAN_POINT('',(936.5,-45.,-5.));
#23911=CARTESIAN_POINT('',(936.5,-45.,5.));
#23912=CARTESIAN_POINT('',(936.5,-45.,5.));
#23913=CARTESIAN_POINT('',(936.5,-45.,-5.));
#23914=CARTESIAN_POINT('Origin',(936.5,45.,-5.));
#23915=CARTESIAN_POINT('',(936.5,45.,-5.));
#23916=CARTESIAN_POINT('',(936.5,45.,5.));
#23917=CARTESIAN_POINT('Origin',(940.,0.,5.));
#23918=CARTESIAN_POINT('Origin',(940.,0.,-5.));
#23919=CARTESIAN_POINT('Origin',(959.5,45.,-5.));
#23920=CARTESIAN_POINT('',(959.5,45.,-5.));
#23921=CARTESIAN_POINT('',(952.5,45.,-5.));
#23922=CARTESIAN_POINT('',(959.5,45.,-5.));
#23923=CARTESIAN_POINT('',(952.5,45.,5.));
#23924=CARTESIAN_POINT('',(952.5,45.,-5.));
#23925=CARTESIAN_POINT('',(959.5,45.,5.));
#23926=CARTESIAN_POINT('',(959.5,45.,5.));
#23927=CARTESIAN_POINT('',(959.5,45.,-5.));
#23928=CARTESIAN_POINT('Origin',(959.5,-45.,-5.));
#23929=CARTESIAN_POINT('',(959.5,-45.,-5.));
#23930=CARTESIAN_POINT('',(959.5,-45.,-5.));
#23931=CARTESIAN_POINT('',(959.5,-45.,5.));
#23932=CARTESIAN_POINT('',(959.5,-45.,5.));
#23933=CARTESIAN_POINT('',(959.5,-45.,-5.));
#23934=CARTESIAN_POINT('Origin',(952.5,-45.,-5.));
#23935=CARTESIAN_POINT('',(952.5,-45.,-5.));
#23936=CARTESIAN_POINT('',(952.5,-45.,-5.));
#23937=CARTESIAN_POINT('',(952.5,-45.,5.));
#23938=CARTESIAN_POINT('',(952.5,-45.,5.));
#23939=CARTESIAN_POINT('',(952.5,-45.,-5.));
#23940=CARTESIAN_POINT('Origin',(952.5,45.,-5.));
#23941=CARTESIAN_POINT('',(952.5,45.,-5.));
#23942=CARTESIAN_POINT('',(952.5,45.,5.));
#23943=CARTESIAN_POINT('Origin',(956.,0.,5.));
#23944=CARTESIAN_POINT('Origin',(956.,0.,-5.));
#23945=CARTESIAN_POINT('Origin',(975.5,45.,-5.));
#23946=CARTESIAN_POINT('',(975.5,45.,-5.));
#23947=CARTESIAN_POINT('',(968.5,45.,-5.));
#23948=CARTESIAN_POINT('',(975.5,45.,-5.));
#23949=CARTESIAN_POINT('',(968.5,45.,5.));
#23950=CARTESIAN_POINT('',(968.5,45.,-5.));
#23951=CARTESIAN_POINT('',(975.5,45.,5.));
#23952=CARTESIAN_POINT('',(975.5,45.,5.));
#23953=CARTESIAN_POINT('',(975.5,45.,-5.));
#23954=CARTESIAN_POINT('Origin',(975.5,-45.,-5.));
#23955=CARTESIAN_POINT('',(975.5,-45.,-5.));
#23956=CARTESIAN_POINT('',(975.5,-45.,-5.));
#23957=CARTESIAN_POINT('',(975.5,-45.,5.));
#23958=CARTESIAN_POINT('',(975.5,-45.,5.));
#23959=CARTESIAN_POINT('',(975.5,-45.,-5.));
#23960=CARTESIAN_POINT('Origin',(968.5,-45.,-5.));
#23961=CARTESIAN_POINT('',(968.5,-45.,-5.));
#23962=CARTESIAN_POINT('',(968.5,-45.,-5.));
#23963=CARTESIAN_POINT('',(968.5,-45.,5.));
#23964=CARTESIAN_POINT('',(968.5,-45.,5.));
#23965=CARTESIAN_POINT('',(968.5,-45.,-5.));
#23966=CARTESIAN_POINT('Origin',(968.5,45.,-5.));
#23967=CARTESIAN_POINT('',(968.5,45.,-5.));
#23968=CARTESIAN_POINT('',(968.5,45.,5.));
#23969=CARTESIAN_POINT('Origin',(972.,0.,5.));
#23970=CARTESIAN_POINT('Origin',(972.,0.,-5.));
#23971=CARTESIAN_POINT('Origin',(991.5,45.,-5.));
#23972=CARTESIAN_POINT('',(991.5,45.,-5.));
#23973=CARTESIAN_POINT('',(984.5,45.,-5.));
#23974=CARTESIAN_POINT('',(991.5,45.,-5.));
#23975=CARTESIAN_POINT('',(984.5,45.,5.));
#23976=CARTESIAN_POINT('',(984.5,45.,-5.));
#23977=CARTESIAN_POINT('',(991.5,45.,5.));
#23978=CARTESIAN_POINT('',(991.5,45.,5.));
#23979=CARTESIAN_POINT('',(991.5,45.,-5.));
#23980=CARTESIAN_POINT('Origin',(991.5,-45.,-5.));
#23981=CARTESIAN_POINT('',(991.5,-45.,-5.));
#23982=CARTESIAN_POINT('',(991.5,-45.,-5.));
#23983=CARTESIAN_POINT('',(991.5,-45.,5.));
#23984=CARTESIAN_POINT('',(991.5,-45.,5.));
#23985=CARTESIAN_POINT('',(991.5,-45.,-5.));
#23986=CARTESIAN_POINT('Origin',(984.5,-45.,-5.));
#23987=CARTESIAN_POINT('',(984.5,-45.,-5.));
#23988=CARTESIAN_POINT('',(984.5,-45.,-5.));
#23989=CARTESIAN_POINT('',(984.5,-45.,5.));
#23990=CARTESIAN_POINT('',(984.5,-45.,5.));
#23991=CARTESIAN_POINT('',(984.5,-45.,-5.));
#23992=CARTESIAN_POINT('Origin',(984.5,45.,-5.));
#23993=CARTESIAN_POINT('',(984.5,45.,-5.));
#23994=CARTESIAN_POINT('',(984.5,45.,5.));
#23995=CARTESIAN_POINT('Origin',(988.,0.,5.));
#23996=CARTESIAN_POINT('Origin',(988.,0.,-5.));
#23997=CARTESIAN_POINT('Origin',(1007.5,45.,-5.));
#23998=CARTESIAN_POINT('',(1007.5,45.,-5.));
#23999=CARTESIAN_POINT('',(1000.5,45.,-5.));
#24000=CARTESIAN_POINT('',(1007.5,45.,-5.));
#24001=CARTESIAN_POINT('',(1000.5,45.,5.));
#24002=CARTESIAN_POINT('',(1000.5,45.,-5.));
#24003=CARTESIAN_POINT('',(1007.5,45.,5.));
#24004=CARTESIAN_POINT('',(1007.5,45.,5.));
#24005=CARTESIAN_POINT('',(1007.5,45.,-5.));
#24006=CARTESIAN_POINT('Origin',(1007.5,-45.,-5.));
#24007=CARTESIAN_POINT('',(1007.5,-45.,-5.));
#24008=CARTESIAN_POINT('',(1007.5,-45.,-5.));
#24009=CARTESIAN_POINT('',(1007.5,-45.,5.));
#24010=CARTESIAN_POINT('',(1007.5,-45.,5.));
#24011=CARTESIAN_POINT('',(1007.5,-45.,-5.));
#24012=CARTESIAN_POINT('Origin',(1000.5,-45.,-5.));
#24013=CARTESIAN_POINT('',(1000.5,-45.,-5.));
#24014=CARTESIAN_POINT('',(1000.5,-45.,-5.));
#24015=CARTESIAN_POINT('',(1000.5,-45.,5.));
#24016=CARTESIAN_POINT('',(1000.5,-45.,5.));
#24017=CARTESIAN_POINT('',(1000.5,-45.,-5.));
#24018=CARTESIAN_POINT('Origin',(1000.5,45.,-5.));
#24019=CARTESIAN_POINT('',(1000.5,45.,-5.));
#24020=CARTESIAN_POINT('',(1000.5,45.,5.));
#24021=CARTESIAN_POINT('Origin',(1004.,0.,5.));
#24022=CARTESIAN_POINT('Origin',(1004.,0.,-5.));
#24023=CARTESIAN_POINT('Origin',(1023.5,45.,-5.));
#24024=CARTESIAN_POINT('',(1023.5,45.,-5.));
#24025=CARTESIAN_POINT('',(1016.5,45.,-5.));
#24026=CARTESIAN_POINT('',(1023.5,45.,-5.));
#24027=CARTESIAN_POINT('',(1016.5,45.,5.));
#24028=CARTESIAN_POINT('',(1016.5,45.,-5.));
#24029=CARTESIAN_POINT('',(1023.5,45.,5.));
#24030=CARTESIAN_POINT('',(1023.5,45.,5.));
#24031=CARTESIAN_POINT('',(1023.5,45.,-5.));
#24032=CARTESIAN_POINT('Origin',(1023.5,-45.,-5.));
#24033=CARTESIAN_POINT('',(1023.5,-45.,-5.));
#24034=CARTESIAN_POINT('',(1023.5,-45.,-5.));
#24035=CARTESIAN_POINT('',(1023.5,-45.,5.));
#24036=CARTESIAN_POINT('',(1023.5,-45.,5.));
#24037=CARTESIAN_POINT('',(1023.5,-45.,-5.));
#24038=CARTESIAN_POINT('Origin',(1016.5,-45.,-5.));
#24039=CARTESIAN_POINT('',(1016.5,-45.,-5.));
#24040=CARTESIAN_POINT('',(1016.5,-45.,-5.));
#24041=CARTESIAN_POINT('',(1016.5,-45.,5.));
#24042=CARTESIAN_POINT('',(1016.5,-45.,5.));
#24043=CARTESIAN_POINT('',(1016.5,-45.,-5.));
#24044=CARTESIAN_POINT('Origin',(1016.5,45.,-5.));
#24045=CARTESIAN_POINT('',(1016.5,45.,-5.));
#24046=CARTESIAN_POINT('',(1016.5,45.,5.));
#24047=CARTESIAN_POINT('Origin',(1020.,0.,5.));
#24048=CARTESIAN_POINT('Origin',(1020.,0.,-5.));
#24049=CARTESIAN_POINT('Origin',(1039.5,45.,-5.));
#24050=CARTESIAN_POINT('',(1039.5,45.,-5.));
#24051=CARTESIAN_POINT('',(1032.5,45.,-5.));
#24052=CARTESIAN_POINT('',(1039.5,45.,-5.));
#24053=CARTESIAN_POINT('',(1032.5,45.,5.));
#24054=CARTESIAN_POINT('',(1032.5,45.,-5.));
#24055=CARTESIAN_POINT('',(1039.5,45.,5.));
#24056=CARTESIAN_POINT('',(1039.5,45.,5.));
#24057=CARTESIAN_POINT('',(1039.5,45.,-5.));
#24058=CARTESIAN_POINT('Origin',(1039.5,-45.,-5.));
#24059=CARTESIAN_POINT('',(1039.5,-45.,-5.));
#24060=CARTESIAN_POINT('',(1039.5,-45.,-5.));
#24061=CARTESIAN_POINT('',(1039.5,-45.,5.));
#24062=CARTESIAN_POINT('',(1039.5,-45.,5.));
#24063=CARTESIAN_POINT('',(1039.5,-45.,-5.));
#24064=CARTESIAN_POINT('Origin',(1032.5,-45.,-5.));
#24065=CARTESIAN_POINT('',(1032.5,-45.,-5.));
#24066=CARTESIAN_POINT('',(1032.5,-45.,-5.));
#24067=CARTESIAN_POINT('',(1032.5,-45.,5.));
#24068=CARTESIAN_POINT('',(1032.5,-45.,5.));
#24069=CARTESIAN_POINT('',(1032.5,-45.,-5.));
#24070=CARTESIAN_POINT('Origin',(1032.5,45.,-5.));
#24071=CARTESIAN_POINT('',(1032.5,45.,-5.));
#24072=CARTESIAN_POINT('',(1032.5,45.,5.));
#24073=CARTESIAN_POINT('Origin',(1036.,0.,5.));
#24074=CARTESIAN_POINT('Origin',(1036.,0.,-5.));
#24075=CARTESIAN_POINT('Origin',(1055.5,45.,-5.));
#24076=CARTESIAN_POINT('',(1055.5,45.,-5.));
#24077=CARTESIAN_POINT('',(1048.5,45.,-5.));
#24078=CARTESIAN_POINT('',(1055.5,45.,-5.));
#24079=CARTESIAN_POINT('',(1048.5,45.,5.));
#24080=CARTESIAN_POINT('',(1048.5,45.,-5.));
#24081=CARTESIAN_POINT('',(1055.5,45.,5.));
#24082=CARTESIAN_POINT('',(1055.5,45.,5.));
#24083=CARTESIAN_POINT('',(1055.5,45.,-5.));
#24084=CARTESIAN_POINT('Origin',(1055.5,-45.,-5.));
#24085=CARTESIAN_POINT('',(1055.5,-45.,-5.));
#24086=CARTESIAN_POINT('',(1055.5,-45.,-5.));
#24087=CARTESIAN_POINT('',(1055.5,-45.,5.));
#24088=CARTESIAN_POINT('',(1055.5,-45.,5.));
#24089=CARTESIAN_POINT('',(1055.5,-45.,-5.));
#24090=CARTESIAN_POINT('Origin',(1048.5,-45.,-5.));
#24091=CARTESIAN_POINT('',(1048.5,-45.,-5.));
#24092=CARTESIAN_POINT('',(1048.5,-45.,-5.));
#24093=CARTESIAN_POINT('',(1048.5,-45.,5.));
#24094=CARTESIAN_POINT('',(1048.5,-45.,5.));
#24095=CARTESIAN_POINT('',(1048.5,-45.,-5.));
#24096=CARTESIAN_POINT('Origin',(1048.5,45.,-5.));
#24097=CARTESIAN_POINT('',(1048.5,45.,-5.));
#24098=CARTESIAN_POINT('',(1048.5,45.,5.));
#24099=CARTESIAN_POINT('Origin',(1052.,0.,5.));
#24100=CARTESIAN_POINT('Origin',(1052.,0.,-5.));
#24101=CARTESIAN_POINT('Origin',(1071.5,45.,-5.));
#24102=CARTESIAN_POINT('',(1071.5,45.,-5.));
#24103=CARTESIAN_POINT('',(1064.5,45.,-5.));
#24104=CARTESIAN_POINT('',(1071.5,45.,-5.));
#24105=CARTESIAN_POINT('',(1064.5,45.,5.));
#24106=CARTESIAN_POINT('',(1064.5,45.,-5.));
#24107=CARTESIAN_POINT('',(1071.5,45.,5.));
#24108=CARTESIAN_POINT('',(1071.5,45.,5.));
#24109=CARTESIAN_POINT('',(1071.5,45.,-5.));
#24110=CARTESIAN_POINT('Origin',(1071.5,-45.,-5.));
#24111=CARTESIAN_POINT('',(1071.5,-45.,-5.));
#24112=CARTESIAN_POINT('',(1071.5,-45.,-5.));
#24113=CARTESIAN_POINT('',(1071.5,-45.,5.));
#24114=CARTESIAN_POINT('',(1071.5,-45.,5.));
#24115=CARTESIAN_POINT('',(1071.5,-45.,-5.));
#24116=CARTESIAN_POINT('Origin',(1064.5,-45.,-5.));
#24117=CARTESIAN_POINT('',(1064.5,-45.,-5.));
#24118=CARTESIAN_POINT('',(1064.5,-45.,-5.));
#24119=CARTESIAN_POINT('',(1064.5,-45.,5.));
#24120=CARTESIAN_POINT('',(1064.5,-45.,5.));
#24121=CARTESIAN_POINT('',(1064.5,-45.,-5.));
#24122=CARTESIAN_POINT('Origin',(1064.5,45.,-5.));
#24123=CARTESIAN_POINT('',(1064.5,45.,-5.));
#24124=CARTESIAN_POINT('',(1064.5,45.,5.));
#24125=CARTESIAN_POINT('Origin',(1068.,0.,5.));
#24126=CARTESIAN_POINT('Origin',(1068.,0.,-5.));
#24127=CARTESIAN_POINT('Origin',(1087.5,45.,-5.));
#24128=CARTESIAN_POINT('',(1087.5,45.,-5.));
#24129=CARTESIAN_POINT('',(1080.5,45.,-5.));
#24130=CARTESIAN_POINT('',(1087.5,45.,-5.));
#24131=CARTESIAN_POINT('',(1080.5,45.,5.));
#24132=CARTESIAN_POINT('',(1080.5,45.,-5.));
#24133=CARTESIAN_POINT('',(1087.5,45.,5.));
#24134=CARTESIAN_POINT('',(1087.5,45.,5.));
#24135=CARTESIAN_POINT('',(1087.5,45.,-5.));
#24136=CARTESIAN_POINT('Origin',(1087.5,-45.,-5.));
#24137=CARTESIAN_POINT('',(1087.5,-45.,-5.));
#24138=CARTESIAN_POINT('',(1087.5,-45.,-5.));
#24139=CARTESIAN_POINT('',(1087.5,-45.,5.));
#24140=CARTESIAN_POINT('',(1087.5,-45.,5.));
#24141=CARTESIAN_POINT('',(1087.5,-45.,-5.));
#24142=CARTESIAN_POINT('Origin',(1080.5,-45.,-5.));
#24143=CARTESIAN_POINT('',(1080.5,-45.,-5.));
#24144=CARTESIAN_POINT('',(1080.5,-45.,-5.));
#24145=CARTESIAN_POINT('',(1080.5,-45.,5.));
#24146=CARTESIAN_POINT('',(1080.5,-45.,5.));
#24147=CARTESIAN_POINT('',(1080.5,-45.,-5.));
#24148=CARTESIAN_POINT('Origin',(1080.5,45.,-5.));
#24149=CARTESIAN_POINT('',(1080.5,45.,-5.));
#24150=CARTESIAN_POINT('',(1080.5,45.,5.));
#24151=CARTESIAN_POINT('Origin',(1084.,0.,5.));
#24152=CARTESIAN_POINT('Origin',(1084.,0.,-5.));
#24153=CARTESIAN_POINT('Origin',(1103.5,45.,-5.));
#24154=CARTESIAN_POINT('',(1103.5,45.,-5.));
#24155=CARTESIAN_POINT('',(1096.5,45.,-5.));
#24156=CARTESIAN_POINT('',(1103.5,45.,-5.));
#24157=CARTESIAN_POINT('',(1096.5,45.,5.));
#24158=CARTESIAN_POINT('',(1096.5,45.,-5.));
#24159=CARTESIAN_POINT('',(1103.5,45.,5.));
#24160=CARTESIAN_POINT('',(1103.5,45.,5.));
#24161=CARTESIAN_POINT('',(1103.5,45.,-5.));
#24162=CARTESIAN_POINT('Origin',(1103.5,-45.,-5.));
#24163=CARTESIAN_POINT('',(1103.5,-45.,-5.));
#24164=CARTESIAN_POINT('',(1103.5,-45.,-5.));
#24165=CARTESIAN_POINT('',(1103.5,-45.,5.));
#24166=CARTESIAN_POINT('',(1103.5,-45.,5.));
#24167=CARTESIAN_POINT('',(1103.5,-45.,-5.));
#24168=CARTESIAN_POINT('Origin',(1096.5,-45.,-5.));
#24169=CARTESIAN_POINT('',(1096.5,-45.,-5.));
#24170=CARTESIAN_POINT('',(1096.5,-45.,-5.));
#24171=CARTESIAN_POINT('',(1096.5,-45.,5.));
#24172=CARTESIAN_POINT('',(1096.5,-45.,5.));
#24173=CARTESIAN_POINT('',(1096.5,-45.,-5.));
#24174=CARTESIAN_POINT('Origin',(1096.5,45.,-5.));
#24175=CARTESIAN_POINT('',(1096.5,45.,-5.));
#24176=CARTESIAN_POINT('',(1096.5,45.,5.));
#24177=CARTESIAN_POINT('Origin',(1100.,0.,5.));
#24178=CARTESIAN_POINT('Origin',(1100.,0.,-5.));
#24179=CARTESIAN_POINT('Origin',(1119.5,45.,-5.));
#24180=CARTESIAN_POINT('',(1119.5,45.,-5.));
#24181=CARTESIAN_POINT('',(1112.5,45.,-5.));
#24182=CARTESIAN_POINT('',(1119.5,45.,-5.));
#24183=CARTESIAN_POINT('',(1112.5,45.,5.));
#24184=CARTESIAN_POINT('',(1112.5,45.,-5.));
#24185=CARTESIAN_POINT('',(1119.5,45.,5.));
#24186=CARTESIAN_POINT('',(1119.5,45.,5.));
#24187=CARTESIAN_POINT('',(1119.5,45.,-5.));
#24188=CARTESIAN_POINT('Origin',(1119.5,-45.,-5.));
#24189=CARTESIAN_POINT('',(1119.5,-45.,-5.));
#24190=CARTESIAN_POINT('',(1119.5,-45.,-5.));
#24191=CARTESIAN_POINT('',(1119.5,-45.,5.));
#24192=CARTESIAN_POINT('',(1119.5,-45.,5.));
#24193=CARTESIAN_POINT('',(1119.5,-45.,-5.));
#24194=CARTESIAN_POINT('Origin',(1112.5,-45.,-5.));
#24195=CARTESIAN_POINT('',(1112.5,-45.,-5.));
#24196=CARTESIAN_POINT('',(1112.5,-45.,-5.));
#24197=CARTESIAN_POINT('',(1112.5,-45.,5.));
#24198=CARTESIAN_POINT('',(1112.5,-45.,5.));
#24199=CARTESIAN_POINT('',(1112.5,-45.,-5.));
#24200=CARTESIAN_POINT('Origin',(1112.5,45.,-5.));
#24201=CARTESIAN_POINT('',(1112.5,45.,-5.));
#24202=CARTESIAN_POINT('',(1112.5,45.,5.));
#24203=CARTESIAN_POINT('Origin',(1116.,0.,5.));
#24204=CARTESIAN_POINT('Origin',(1116.,0.,-5.));
#24205=CARTESIAN_POINT('Origin',(1135.5,45.,-5.));
#24206=CARTESIAN_POINT('',(1135.5,45.,-5.));
#24207=CARTESIAN_POINT('',(1128.5,45.,-5.));
#24208=CARTESIAN_POINT('',(1135.5,45.,-5.));
#24209=CARTESIAN_POINT('',(1128.5,45.,5.));
#24210=CARTESIAN_POINT('',(1128.5,45.,-5.));
#24211=CARTESIAN_POINT('',(1135.5,45.,5.));
#24212=CARTESIAN_POINT('',(1135.5,45.,5.));
#24213=CARTESIAN_POINT('',(1135.5,45.,-5.));
#24214=CARTESIAN_POINT('Origin',(1135.5,-45.,-5.));
#24215=CARTESIAN_POINT('',(1135.5,-45.,-5.));
#24216=CARTESIAN_POINT('',(1135.5,-45.,-5.));
#24217=CARTESIAN_POINT('',(1135.5,-45.,5.));
#24218=CARTESIAN_POINT('',(1135.5,-45.,5.));
#24219=CARTESIAN_POINT('',(1135.5,-45.,-5.));
#24220=CARTESIAN_POINT('Origin',(1128.5,-45.,-5.));
#24221=CARTESIAN_POINT('',(1128.5,-45.,-5.));
#24222=CARTESIAN_POINT('',(1128.5,-45.,-5.));
#24223=CARTESIAN_POINT('',(1128.5,-45.,5.));
#24224=CARTESIAN_POINT('',(1128.5,-45.,5.));
#24225=CARTESIAN_POINT('',(1128.5,-45.,-5.));
#24226=CARTESIAN_POINT('Origin',(1128.5,45.,-5.));
#24227=CARTESIAN_POINT('',(1128.5,45.,-5.));
#24228=CARTESIAN_POINT('',(1128.5,45.,5.));
#24229=CARTESIAN_POINT('Origin',(1132.,0.,5.));
#24230=CARTESIAN_POINT('Origin',(1132.,0.,-5.));
#24231=CARTESIAN_POINT('Origin',(1151.5,45.,-5.));
#24232=CARTESIAN_POINT('',(1151.5,45.,-5.));
#24233=CARTESIAN_POINT('',(1144.5,45.,-5.));
#24234=CARTESIAN_POINT('',(1151.5,45.,-5.));
#24235=CARTESIAN_POINT('',(1144.5,45.,5.));
#24236=CARTESIAN_POINT('',(1144.5,45.,-5.));
#24237=CARTESIAN_POINT('',(1151.5,45.,5.));
#24238=CARTESIAN_POINT('',(1151.5,45.,5.));
#24239=CARTESIAN_POINT('',(1151.5,45.,-5.));
#24240=CARTESIAN_POINT('Origin',(1151.5,-45.,-5.));
#24241=CARTESIAN_POINT('',(1151.5,-45.,-5.));
#24242=CARTESIAN_POINT('',(1151.5,-45.,-5.));
#24243=CARTESIAN_POINT('',(1151.5,-45.,5.));
#24244=CARTESIAN_POINT('',(1151.5,-45.,5.));
#24245=CARTESIAN_POINT('',(1151.5,-45.,-5.));
#24246=CARTESIAN_POINT('Origin',(1144.5,-45.,-5.));
#24247=CARTESIAN_POINT('',(1144.5,-45.,-5.));
#24248=CARTESIAN_POINT('',(1144.5,-45.,-5.));
#24249=CARTESIAN_POINT('',(1144.5,-45.,5.));
#24250=CARTESIAN_POINT('',(1144.5,-45.,5.));
#24251=CARTESIAN_POINT('',(1144.5,-45.,-5.));
#24252=CARTESIAN_POINT('Origin',(1144.5,45.,-5.));
#24253=CARTESIAN_POINT('',(1144.5,45.,-5.));
#24254=CARTESIAN_POINT('',(1144.5,45.,5.));
#24255=CARTESIAN_POINT('Origin',(1148.,0.,5.));
#24256=CARTESIAN_POINT('Origin',(1148.,0.,-5.));
#24257=CARTESIAN_POINT('Origin',(1167.5,45.,-5.));
#24258=CARTESIAN_POINT('',(1167.5,45.,-5.));
#24259=CARTESIAN_POINT('',(1160.5,45.,-5.));
#24260=CARTESIAN_POINT('',(1167.5,45.,-5.));
#24261=CARTESIAN_POINT('',(1160.5,45.,5.));
#24262=CARTESIAN_POINT('',(1160.5,45.,-5.));
#24263=CARTESIAN_POINT('',(1167.5,45.,5.));
#24264=CARTESIAN_POINT('',(1167.5,45.,5.));
#24265=CARTESIAN_POINT('',(1167.5,45.,-5.));
#24266=CARTESIAN_POINT('Origin',(1167.5,-45.,-5.));
#24267=CARTESIAN_POINT('',(1167.5,-45.,-5.));
#24268=CARTESIAN_POINT('',(1167.5,-45.,-5.));
#24269=CARTESIAN_POINT('',(1167.5,-45.,5.));
#24270=CARTESIAN_POINT('',(1167.5,-45.,5.));
#24271=CARTESIAN_POINT('',(1167.5,-45.,-5.));
#24272=CARTESIAN_POINT('Origin',(1160.5,-45.,-5.));
#24273=CARTESIAN_POINT('',(1160.5,-45.,-5.));
#24274=CARTESIAN_POINT('',(1160.5,-45.,-5.));
#24275=CARTESIAN_POINT('',(1160.5,-45.,5.));
#24276=CARTESIAN_POINT('',(1160.5,-45.,5.));
#24277=CARTESIAN_POINT('',(1160.5,-45.,-5.));
#24278=CARTESIAN_POINT('Origin',(1160.5,45.,-5.));
#24279=CARTESIAN_POINT('',(1160.5,45.,-5.));
#24280=CARTESIAN_POINT('',(1160.5,45.,5.));
#24281=CARTESIAN_POINT('Origin',(1164.,0.,5.));
#24282=CARTESIAN_POINT('Origin',(1164.,0.,-5.));
#24283=CARTESIAN_POINT('Origin',(1183.5,45.,-5.));
#24284=CARTESIAN_POINT('',(1183.5,45.,-5.));
#24285=CARTESIAN_POINT('',(1176.5,45.,-5.));
#24286=CARTESIAN_POINT('',(1183.5,45.,-5.));
#24287=CARTESIAN_POINT('',(1176.5,45.,5.));
#24288=CARTESIAN_POINT('',(1176.5,45.,-5.));
#24289=CARTESIAN_POINT('',(1183.5,45.,5.));
#24290=CARTESIAN_POINT('',(1183.5,45.,5.));
#24291=CARTESIAN_POINT('',(1183.5,45.,-5.));
#24292=CARTESIAN_POINT('Origin',(1183.5,-45.,-5.));
#24293=CARTESIAN_POINT('',(1183.5,-45.,-5.));
#24294=CARTESIAN_POINT('',(1183.5,-45.,-5.));
#24295=CARTESIAN_POINT('',(1183.5,-45.,5.));
#24296=CARTESIAN_POINT('',(1183.5,-45.,5.));
#24297=CARTESIAN_POINT('',(1183.5,-45.,-5.));
#24298=CARTESIAN_POINT('Origin',(1176.5,-45.,-5.));
#24299=CARTESIAN_POINT('',(1176.5,-45.,-5.));
#24300=CARTESIAN_POINT('',(1176.5,-45.,-5.));
#24301=CARTESIAN_POINT('',(1176.5,-45.,5.));
#24302=CARTESIAN_POINT('',(1176.5,-45.,5.));
#24303=CARTESIAN_POINT('',(1176.5,-45.,-5.));
#24304=CARTESIAN_POINT('Origin',(1176.5,45.,-5.));
#24305=CARTESIAN_POINT('',(1176.5,45.,-5.));
#24306=CARTESIAN_POINT('',(1176.5,45.,5.));
#24307=CARTESIAN_POINT('Origin',(1180.,0.,5.));
#24308=CARTESIAN_POINT('Origin',(1180.,0.,-5.));
#24309=CARTESIAN_POINT('Origin',(1199.5,45.,-5.));
#24310=CARTESIAN_POINT('',(1199.5,45.,-5.));
#24311=CARTESIAN_POINT('',(1192.5,45.,-5.));
#24312=CARTESIAN_POINT('',(1199.5,45.,-5.));
#24313=CARTESIAN_POINT('',(1192.5,45.,5.));
#24314=CARTESIAN_POINT('',(1192.5,45.,-5.));
#24315=CARTESIAN_POINT('',(1199.5,45.,5.));
#24316=CARTESIAN_POINT('',(1199.5,45.,5.));
#24317=CARTESIAN_POINT('',(1199.5,45.,-5.));
#24318=CARTESIAN_POINT('Origin',(1199.5,-45.,-5.));
#24319=CARTESIAN_POINT('',(1199.5,-45.,-5.));
#24320=CARTESIAN_POINT('',(1199.5,-45.,-5.));
#24321=CARTESIAN_POINT('',(1199.5,-45.,5.));
#24322=CARTESIAN_POINT('',(1199.5,-45.,5.));
#24323=CARTESIAN_POINT('',(1199.5,-45.,-5.));
#24324=CARTESIAN_POINT('Origin',(1192.5,-45.,-5.));
#24325=CARTESIAN_POINT('',(1192.5,-45.,-5.));
#24326=CARTESIAN_POINT('',(1192.5,-45.,-5.));
#24327=CARTESIAN_POINT('',(1192.5,-45.,5.));
#24328=CARTESIAN_POINT('',(1192.5,-45.,5.));
#24329=CARTESIAN_POINT('',(1192.5,-45.,-5.));
#24330=CARTESIAN_POINT('Origin',(1192.5,45.,-5.));
#24331=CARTESIAN_POINT('',(1192.5,45.,-5.));
#24332=CARTESIAN_POINT('',(1192.5,45.,5.));
#24333=CARTESIAN_POINT('Origin',(1196.,0.,5.));
#24334=CARTESIAN_POINT('Origin',(1196.,0.,-5.));
#24335=CARTESIAN_POINT('Origin',(1215.5,45.,-5.));
#24336=CARTESIAN_POINT('',(1215.5,45.,-5.));
#24337=CARTESIAN_POINT('',(1208.5,45.,-5.));
#24338=CARTESIAN_POINT('',(1215.5,45.,-5.));
#24339=CARTESIAN_POINT('',(1208.5,45.,5.));
#24340=CARTESIAN_POINT('',(1208.5,45.,-5.));
#24341=CARTESIAN_POINT('',(1215.5,45.,5.));
#24342=CARTESIAN_POINT('',(1215.5,45.,5.));
#24343=CARTESIAN_POINT('',(1215.5,45.,-5.));
#24344=CARTESIAN_POINT('Origin',(1215.5,-45.,-5.));
#24345=CARTESIAN_POINT('',(1215.5,-45.,-5.));
#24346=CARTESIAN_POINT('',(1215.5,-45.,-5.));
#24347=CARTESIAN_POINT('',(1215.5,-45.,5.));
#24348=CARTESIAN_POINT('',(1215.5,-45.,5.));
#24349=CARTESIAN_POINT('',(1215.5,-45.,-5.));
#24350=CARTESIAN_POINT('Origin',(1208.5,-45.,-5.));
#24351=CARTESIAN_POINT('',(1208.5,-45.,-5.));
#24352=CARTESIAN_POINT('',(1208.5,-45.,-5.));
#24353=CARTESIAN_POINT('',(1208.5,-45.,5.));
#24354=CARTESIAN_POINT('',(1208.5,-45.,5.));
#24355=CARTESIAN_POINT('',(1208.5,-45.,-5.));
#24356=CARTESIAN_POINT('Origin',(1208.5,45.,-5.));
#24357=CARTESIAN_POINT('',(1208.5,45.,-5.));
#24358=CARTESIAN_POINT('',(1208.5,45.,5.));
#24359=CARTESIAN_POINT('Origin',(1212.,0.,5.));
#24360=CARTESIAN_POINT('Origin',(1212.,0.,-5.));
#24361=CARTESIAN_POINT('Origin',(1231.5,45.,-5.));
#24362=CARTESIAN_POINT('',(1231.5,45.,-5.));
#24363=CARTESIAN_POINT('',(1224.5,45.,-5.));
#24364=CARTESIAN_POINT('',(1231.5,45.,-5.));
#24365=CARTESIAN_POINT('',(1224.5,45.,5.));
#24366=CARTESIAN_POINT('',(1224.5,45.,-5.));
#24367=CARTESIAN_POINT('',(1231.5,45.,5.));
#24368=CARTESIAN_POINT('',(1231.5,45.,5.));
#24369=CARTESIAN_POINT('',(1231.5,45.,-5.));
#24370=CARTESIAN_POINT('Origin',(1231.5,-45.,-5.));
#24371=CARTESIAN_POINT('',(1231.5,-45.,-5.));
#24372=CARTESIAN_POINT('',(1231.5,-45.,-5.));
#24373=CARTESIAN_POINT('',(1231.5,-45.,5.));
#24374=CARTESIAN_POINT('',(1231.5,-45.,5.));
#24375=CARTESIAN_POINT('',(1231.5,-45.,-5.));
#24376=CARTESIAN_POINT('Origin',(1224.5,-45.,-5.));
#24377=CARTESIAN_POINT('',(1224.5,-45.,-5.));
#24378=CARTESIAN_POINT('',(1224.5,-45.,-5.));
#24379=CARTESIAN_POINT('',(1224.5,-45.,5.));
#24380=CARTESIAN_POINT('',(1224.5,-45.,5.));
#24381=CARTESIAN_POINT('',(1224.5,-45.,-5.));
#24382=CARTESIAN_POINT('Origin',(1224.5,45.,-5.));
#24383=CARTESIAN_POINT('',(1224.5,45.,-5.));
#24384=CARTESIAN_POINT('',(1224.5,45.,5.));
#24385=CARTESIAN_POINT('Origin',(1228.,0.,5.));
#24386=CARTESIAN_POINT('Origin',(1228.,0.,-5.));
#24387=CARTESIAN_POINT('Origin',(1247.5,45.,-5.));
#24388=CARTESIAN_POINT('',(1247.5,45.,-5.));
#24389=CARTESIAN_POINT('',(1240.5,45.,-5.));
#24390=CARTESIAN_POINT('',(1247.5,45.,-5.));
#24391=CARTESIAN_POINT('',(1240.5,45.,5.));
#24392=CARTESIAN_POINT('',(1240.5,45.,-5.));
#24393=CARTESIAN_POINT('',(1247.5,45.,5.));
#24394=CARTESIAN_POINT('',(1247.5,45.,5.));
#24395=CARTESIAN_POINT('',(1247.5,45.,-5.));
#24396=CARTESIAN_POINT('Origin',(1247.5,-45.,-5.));
#24397=CARTESIAN_POINT('',(1247.5,-45.,-5.));
#24398=CARTESIAN_POINT('',(1247.5,-45.,-5.));
#24399=CARTESIAN_POINT('',(1247.5,-45.,5.));
#24400=CARTESIAN_POINT('',(1247.5,-45.,5.));
#24401=CARTESIAN_POINT('',(1247.5,-45.,-5.));
#24402=CARTESIAN_POINT('Origin',(1240.5,-45.,-5.));
#24403=CARTESIAN_POINT('',(1240.5,-45.,-5.));
#24404=CARTESIAN_POINT('',(1240.5,-45.,-5.));
#24405=CARTESIAN_POINT('',(1240.5,-45.,5.));
#24406=CARTESIAN_POINT('',(1240.5,-45.,5.));
#24407=CARTESIAN_POINT('',(1240.5,-45.,-5.));
#24408=CARTESIAN_POINT('Origin',(1240.5,45.,-5.));
#24409=CARTESIAN_POINT('',(1240.5,45.,-5.));
#24410=CARTESIAN_POINT('',(1240.5,45.,5.));
#24411=CARTESIAN_POINT('Origin',(1244.,0.,5.));
#24412=CARTESIAN_POINT('Origin',(1244.,0.,-5.));
#24413=CARTESIAN_POINT('Origin',(1263.5,45.,-5.));
#24414=CARTESIAN_POINT('',(1263.5,45.,-5.));
#24415=CARTESIAN_POINT('',(1256.5,45.,-5.));
#24416=CARTESIAN_POINT('',(1263.5,45.,-5.));
#24417=CARTESIAN_POINT('',(1256.5,45.,5.));
#24418=CARTESIAN_POINT('',(1256.5,45.,-5.));
#24419=CARTESIAN_POINT('',(1263.5,45.,5.));
#24420=CARTESIAN_POINT('',(1263.5,45.,5.));
#24421=CARTESIAN_POINT('',(1263.5,45.,-5.));
#24422=CARTESIAN_POINT('Origin',(1263.5,-45.,-5.));
#24423=CARTESIAN_POINT('',(1263.5,-45.,-5.));
#24424=CARTESIAN_POINT('',(1263.5,-45.,-5.));
#24425=CARTESIAN_POINT('',(1263.5,-45.,5.));
#24426=CARTESIAN_POINT('',(1263.5,-45.,5.));
#24427=CARTESIAN_POINT('',(1263.5,-45.,-5.));
#24428=CARTESIAN_POINT('Origin',(1256.5,-45.,-5.));
#24429=CARTESIAN_POINT('',(1256.5,-45.,-5.));
#24430=CARTESIAN_POINT('',(1256.5,-45.,-5.));
#24431=CARTESIAN_POINT('',(1256.5,-45.,5.));
#24432=CARTESIAN_POINT('',(1256.5,-45.,5.));
#24433=CARTESIAN_POINT('',(1256.5,-45.,-5.));
#24434=CARTESIAN_POINT('Origin',(1256.5,45.,-5.));
#24435=CARTESIAN_POINT('',(1256.5,45.,-5.));
#24436=CARTESIAN_POINT('',(1256.5,45.,5.));
#24437=CARTESIAN_POINT('Origin',(1260.,0.,5.));
#24438=CARTESIAN_POINT('Origin',(1260.,0.,-5.));
#24439=CARTESIAN_POINT('Origin',(1279.5,45.,-5.));
#24440=CARTESIAN_POINT('',(1279.5,45.,-5.));
#24441=CARTESIAN_POINT('',(1272.5,45.,-5.));
#24442=CARTESIAN_POINT('',(1279.5,45.,-5.));
#24443=CARTESIAN_POINT('',(1272.5,45.,5.));
#24444=CARTESIAN_POINT('',(1272.5,45.,-5.));
#24445=CARTESIAN_POINT('',(1279.5,45.,5.));
#24446=CARTESIAN_POINT('',(1279.5,45.,5.));
#24447=CARTESIAN_POINT('',(1279.5,45.,-5.));
#24448=CARTESIAN_POINT('Origin',(1279.5,-45.,-5.));
#24449=CARTESIAN_POINT('',(1279.5,-45.,-5.));
#24450=CARTESIAN_POINT('',(1279.5,-45.,-5.));
#24451=CARTESIAN_POINT('',(1279.5,-45.,5.));
#24452=CARTESIAN_POINT('',(1279.5,-45.,5.));
#24453=CARTESIAN_POINT('',(1279.5,-45.,-5.));
#24454=CARTESIAN_POINT('Origin',(1272.5,-45.,-5.));
#24455=CARTESIAN_POINT('',(1272.5,-45.,-5.));
#24456=CARTESIAN_POINT('',(1272.5,-45.,-5.));
#24457=CARTESIAN_POINT('',(1272.5,-45.,5.));
#24458=CARTESIAN_POINT('',(1272.5,-45.,5.));
#24459=CARTESIAN_POINT('',(1272.5,-45.,-5.));
#24460=CARTESIAN_POINT('Origin',(1272.5,45.,-5.));
#24461=CARTESIAN_POINT('',(1272.5,45.,-5.));
#24462=CARTESIAN_POINT('',(1272.5,45.,5.));
#24463=CARTESIAN_POINT('Origin',(1276.,0.,5.));
#24464=CARTESIAN_POINT('Origin',(1276.,0.,-5.));
#24465=CARTESIAN_POINT('Origin',(1295.5,45.,-5.));
#24466=CARTESIAN_POINT('',(1295.5,45.,-5.));
#24467=CARTESIAN_POINT('',(1288.5,45.,-5.));
#24468=CARTESIAN_POINT('',(1295.5,45.,-5.));
#24469=CARTESIAN_POINT('',(1288.5,45.,5.));
#24470=CARTESIAN_POINT('',(1288.5,45.,-5.));
#24471=CARTESIAN_POINT('',(1295.5,45.,5.));
#24472=CARTESIAN_POINT('',(1295.5,45.,5.));
#24473=CARTESIAN_POINT('',(1295.5,45.,-5.));
#24474=CARTESIAN_POINT('Origin',(1295.5,-45.,-5.));
#24475=CARTESIAN_POINT('',(1295.5,-45.,-5.));
#24476=CARTESIAN_POINT('',(1295.5,-45.,-5.));
#24477=CARTESIAN_POINT('',(1295.5,-45.,5.));
#24478=CARTESIAN_POINT('',(1295.5,-45.,5.));
#24479=CARTESIAN_POINT('',(1295.5,-45.,-5.));
#24480=CARTESIAN_POINT('Origin',(1288.5,-45.,-5.));
#24481=CARTESIAN_POINT('',(1288.5,-45.,-5.));
#24482=CARTESIAN_POINT('',(1288.5,-45.,-5.));
#24483=CARTESIAN_POINT('',(1288.5,-45.,5.));
#24484=CARTESIAN_POINT('',(1288.5,-45.,5.));
#24485=CARTESIAN_POINT('',(1288.5,-45.,-5.));
#24486=CARTESIAN_POINT('Origin',(1288.5,45.,-5.));
#24487=CARTESIAN_POINT('',(1288.5,45.,-5.));
#24488=CARTESIAN_POINT('',(1288.5,45.,5.));
#24489=CARTESIAN_POINT('Origin',(1292.,0.,5.));
#24490=CARTESIAN_POINT('Origin',(1292.,0.,-5.));
#24491=UNCERTAINTY_MEASURE_WITH_UNIT(LENGTH_MEASURE(0.01),#24495,
'DISTANCE_ACCURACY_VALUE',
'Maximum model space distance between geometric entities at asserted c
onnectivities');
#24492=UNCERTAINTY_MEASURE_WITH_UNIT(LENGTH_MEASURE(0.01),#24495,
'DISTANCE_ACCURACY_VALUE',
'Maximum model space distance between geometric entities at asserted c
onnectivities');
#24493=(
GEOMETRIC_REPRESENTATION_CONTEXT(3)
GLOBAL_UNCERTAINTY_ASSIGNED_CONTEXT((#24491))
GLOBAL_UNIT_ASSIGNED_CONTEXT((#24495,#24497,#24498))
REPRESENTATION_CONTEXT('','3D')
);
#24494=(
GEOMETRIC_REPRESENTATION_CONTEXT(3)
GLOBAL_UNCERTAINTY_ASSIGNED_CONTEXT((#24492))
GLOBAL_UNIT_ASSIGNED_CONTEXT((#24495,#24497,#24498))
REPRESENTATION_CONTEXT('','3D')
);
#24495=(
LENGTH_UNIT()
NAMED_UNIT(*)
SI_UNIT(.MILLI.,.METRE.)
);
#24496=(
LENGTH_UNIT()
NAMED_UNIT(*)
SI_UNIT($,.METRE.)
);
#24497=(
NAMED_UNIT(*)
PLANE_ANGLE_UNIT()
SI_UNIT($,.RADIAN.)
);
#24498=(
NAMED_UNIT(*)
SI_UNIT($,.STERADIAN.)
SOLID_ANGLE_UNIT()
);
#24499=SHAPE_DEFINITION_REPRESENTATION(#24500,#24501);
#24500=PRODUCT_DEFINITION_SHAPE('',$,#24503);
#24501=SHAPE_REPRESENTATION('',(#15415),#24493);
#24502=PRODUCT_DEFINITION_CONTEXT('part definition',#24507,'design');
#24503=PRODUCT_DEFINITION('EMOCD_Stator_FRESH','EMOCD_Stator_FRESH v4',
#24504,#24502);
#24504=PRODUCT_DEFINITION_FORMATION('',$,#24509);
#24505=PRODUCT_RELATED_PRODUCT_CATEGORY('EMOCD_Stator_FRESH v4',
'EMOCD_Stator_FRESH v4',(#24509));
#24506=APPLICATION_PROTOCOL_DEFINITION('international standard',
'automotive_design',2009,#24507);
#24507=APPLICATION_CONTEXT(
'Core Data for Automotive Mechanical Design Process');
#24508=PRODUCT_CONTEXT('part definition',#24507,'mechanical');
#24509=PRODUCT('EMOCD_Stator_FRESH','EMOCD_Stator_FRESH v4',$,(#24508));
#24510=PRESENTATION_STYLE_ASSIGNMENT((#24514));
#24511=PRESENTATION_STYLE_ASSIGNMENT((#24515));
#24512=PRESENTATION_STYLE_ASSIGNMENT((#24516));
#24513=PRESENTATION_STYLE_ASSIGNMENT((#24517));
#24514=SURFACE_STYLE_USAGE(.BOTH.,#24518);
#24515=SURFACE_STYLE_USAGE(.BOTH.,#24519);
#24516=SURFACE_STYLE_USAGE(.BOTH.,#24520);
#24517=SURFACE_STYLE_USAGE(.BOTH.,#24521);
#24518=SURFACE_SIDE_STYLE('',(#24522));
#24519=SURFACE_SIDE_STYLE('',(#24523));
#24520=SURFACE_SIDE_STYLE('',(#24524));
#24521=SURFACE_SIDE_STYLE('',(#24525));
#24522=SURFACE_STYLE_FILL_AREA(#24526);
#24523=SURFACE_STYLE_FILL_AREA(#24527);
#24524=SURFACE_STYLE_FILL_AREA(#24528);
#24525=SURFACE_STYLE_FILL_AREA(#24529);
#24526=FILL_AREA_STYLE('Steel - Satin',(#24530));
#24527=FILL_AREA_STYLE('Paint - Enamel Glossy (Blue)',(#24531));
#24528=FILL_AREA_STYLE('Paint - Enamel Glossy (Green)',(#24532));
#24529=FILL_AREA_STYLE('Paint - Enamel Glossy (Red)',(#24533));
#24530=FILL_AREA_STYLE_COLOUR('Steel - Satin',#24534);
#24531=FILL_AREA_STYLE_COLOUR('Paint - Enamel Glossy (Blue)',#24535);
#24532=FILL_AREA_STYLE_COLOUR('Paint - Enamel Glossy (Green)',#24536);
#24533=FILL_AREA_STYLE_COLOUR('Paint - Enamel Glossy (Red)',#24537);
#24534=COLOUR_RGB('Steel - Satin',0.627450980392157,0.627450980392157,0.627450980392157);
#24535=COLOUR_RGB('Paint - Enamel Glossy (Blue)',0.188235294117647,0.231372549019608,
0.588235294117647);
#24536=COLOUR_RGB('Paint - Enamel Glossy (Green)',0.266666666666667,0.588235294117647,
0.282352941176471);
#24537=COLOUR_RGB('Paint - Enamel Glossy (Red)',0.768627450980392,0.207843137254902,
0.152941176470588);
ENDSEC;
END-ISO-10303-21;
