solid OpenSCAD_Model
  facet normal 1 0 0
    outer loop
      vertex 644 70 20
      vertex 644 54 14
      vertex 644 70 14
    endloop
  endfacet
  facet normal 1 0 0
    outer loop
      vertex 644 54 14
      vertex 644 48 14
      vertex 644 54 -14
    endloop
  endfacet
  facet normal 1 0 0
    outer loop
      vertex 644 70 20
      vertex 644 48 14
      vertex 644 54 14
    endloop
  endfacet
  facet normal 1 0 0
    outer loop
      vertex 644 70 20
      vertex 644 -48 14
      vertex 644 48 14
    endloop
  endfacet
  facet normal 1 0 0
    outer loop
      vertex 644 -48 14
      vertex 644 -54 14
      vertex 644 -48 -14
    endloop
  endfacet
  facet normal 1 -0 0
    outer loop
      vertex 644 -70 20
      vertex 644 -48 14
      vertex 644 70 20
    endloop
  endfacet
  facet normal 1 0 0
    outer loop
      vertex 644 -48 14
      vertex 644 -70 20
      vertex 644 -54 14
    endloop
  endfacet
  facet normal 1 0 0
    outer loop
      vertex 644 -54 14
      vertex 644 -70 20
      vertex 644 -70 14
    endloop
  endfacet
  facet normal 1 -0 0
    outer loop
      vertex 644 54 -14
      vertex 644 70 -20
      vertex 644 70 -14
    endloop
  endfacet
  facet normal 1 0 0
    outer loop
      vertex 644 48 -14
      vertex 644 54 -14
      vertex 644 48 14
    endloop
  endfacet
  facet normal 1 -0 0
    outer loop
      vertex 644 48 -14
      vertex 644 70 -20
      vertex 644 54 -14
    endloop
  endfacet
  facet normal 1 -0 0
    outer loop
      vertex 644 -48 -14
      vertex 644 70 -20
      vertex 644 48 -14
    endloop
  endfacet
  facet normal 1 0 0
    outer loop
      vertex 644 -54 -14
      vertex 644 -48 -14
      vertex 644 -54 14
    endloop
  endfacet
  facet normal 1 0 0
    outer loop
      vertex 644 -70 -20
      vertex 644 -48 -14
      vertex 644 -54 -14
    endloop
  endfacet
  facet normal 1 0 0
    outer loop
      vertex 644 -70 -20
      vertex 644 -54 -14
      vertex 644 -70 -14
    endloop
  endfacet
  facet normal 1 0 0
    outer loop
      vertex 644 -48 -14
      vertex 644 -70 -20
      vertex 644 70 -20
    endloop
  endfacet
  facet normal -0 0 1
    outer loop
      vertex 164 70 20
      vertex 644 -70 20
      vertex 644 70 20
    endloop
  endfacet
  facet normal 0 0 1
    outer loop
      vertex 644 -70 20
      vertex 164 70 20
      vertex 164 -70 20
    endloop
  endfacet
  facet normal 0 0 -1
    outer loop
      vertex 644 54 14
      vertex 530.363 70 14
      vertex 644 70 14
    endloop
  endfacet
  facet normal 0 0 -1
    outer loop
      vertex 644 54 14
      vertex 519.637 70 14
      vertex 530.363 70 14
    endloop
  endfacet
  facet normal 0 0 -1
    outer loop
      vertex 644 54 14
      vertex 280.363 70 14
      vertex 519.637 70 14
    endloop
  endfacet
  facet normal 0 0 -1
    outer loop
      vertex 164 54 14
      vertex 280.363 70 14
      vertex 644 54 14
    endloop
  endfacet
  facet normal -0 0 -1
    outer loop
      vertex 280.363 70 14
      vertex 164 54 14
      vertex 269.637 70 14
    endloop
  endfacet
  facet normal -0 0 -1
    outer loop
      vertex 269.637 70 14
      vertex 164 54 14
      vertex 164 70 14
    endloop
  endfacet
  facet normal 0 0 -1
    outer loop
      vertex 530.363 -70 14
      vertex 644 -54 14
      vertex 644 -70 14
    endloop
  endfacet
  facet normal 0 0 -1
    outer loop
      vertex 519.637 -70 14
      vertex 644 -54 14
      vertex 530.363 -70 14
    endloop
  endfacet
  facet normal 0 0 -1
    outer loop
      vertex 280.363 -70 14
      vertex 644 -54 14
      vertex 519.637 -70 14
    endloop
  endfacet
  facet normal 0 0 -1
    outer loop
      vertex 164 -54 14
      vertex 280.363 -70 14
      vertex 269.637 -70 14
    endloop
  endfacet
  facet normal 0 0 -1
    outer loop
      vertex 164 -54 14
      vertex 269.637 -70 14
      vertex 164 -70 14
    endloop
  endfacet
  facet normal 0 0 -1
    outer loop
      vertex 280.363 -70 14
      vertex 164 -54 14
      vertex 644 -54 14
    endloop
  endfacet
  facet normal 0 0 -1
    outer loop
      vertex 644 -48 14
      vertex 570 -45 14
      vertex 644 48 14
    endloop
  endfacet
  facet normal 0 0 -1
    outer loop
      vertex 644 -48 14
      vertex 230 -45 14
      vertex 570 -45 14
    endloop
  endfacet
  facet normal -0 0 -1
    outer loop
      vertex 230 -45 14
      vertex 164 -48 14
      vertex 230 45 14
    endloop
  endfacet
  facet normal 0 0 -1
    outer loop
      vertex 164 -48 14
      vertex 230 -45 14
      vertex 644 -48 14
    endloop
  endfacet
  facet normal 0 0 -1
    outer loop
      vertex 570 45 14
      vertex 644 48 14
      vertex 570 -45 14
    endloop
  endfacet
  facet normal 0 0 -1
    outer loop
      vertex 230 45 14
      vertex 644 48 14
      vertex 570 45 14
    endloop
  endfacet
  facet normal 0 0 -1
    outer loop
      vertex 230 45 14
      vertex 164 48 14
      vertex 644 48 14
    endloop
  endfacet
  facet normal 0 0 -1
    outer loop
      vertex 164 48 14
      vertex 230 45 14
      vertex 164 -48 14
    endloop
  endfacet
  facet normal -1 0 0
    outer loop
      vertex 156 -70 -70
      vertex 156 70 70
      vertex 156 70 -70
    endloop
  endfacet
  facet normal -1 -0 0
    outer loop
      vertex 156 70 70
      vertex 156 -70 -70
      vertex 156 -70 70
    endloop
  endfacet
  facet normal 0 1 -0
    outer loop
      vertex 644 70 -20
      vertex 530.363 70 -14
      vertex 644 70 -14
    endloop
  endfacet
  facet normal 0 1 0
    outer loop
      vertex 530.363 70 -14
      vertex 644 70 -20
      vertex 529.822 70 -14.204
    endloop
  endfacet
  facet normal 0 1 0
    outer loop
      vertex 529.822 70 -14.204
      vertex 644 70 -20
      vertex 528.882 70 -14.4889
    endloop
  endfacet
  facet normal 0 1 0
    outer loop
      vertex 528.882 70 -14.4889
      vertex 644 70 -20
      vertex 527.926 70 -14.7118
    endloop
  endfacet
  facet normal 0 1 0
    outer loop
      vertex 527.926 70 -14.7118
      vertex 644 70 -20
      vertex 526.958 70 -14.8717
    endloop
  endfacet
  facet normal 0 1 0
    outer loop
      vertex 526.958 70 -14.8717
      vertex 644 70 -20
      vertex 525.981 70 -14.9679
    endloop
  endfacet
  facet normal 0 1 0
    outer loop
      vertex 525 70 -15
      vertex 644 70 -20
      vertex 275 70 -15
    endloop
  endfacet
  facet normal 0 1 0
    outer loop
      vertex 525.981 70 -14.9679
      vertex 644 70 -20
      vertex 525 70 -15
    endloop
  endfacet
  facet normal 0 1 0
    outer loop
      vertex 520.178 70 -14.204
      vertex 280.363 70 -14
      vertex 519.637 70 -14
    endloop
  endfacet
  facet normal 0 1 0
    outer loop
      vertex 520.178 70 -14.204
      vertex 279.822 70 -14.204
      vertex 280.363 70 -14
    endloop
  endfacet
  facet normal 0 1 0
    outer loop
      vertex 521.118 70 -14.4889
      vertex 279.822 70 -14.204
      vertex 520.178 70 -14.204
    endloop
  endfacet
  facet normal 0 1 0
    outer loop
      vertex 521.118 70 -14.4889
      vertex 278.882 70 -14.4889
      vertex 279.822 70 -14.204
    endloop
  endfacet
  facet normal 0 1 0
    outer loop
      vertex 522.074 70 -14.7118
      vertex 278.882 70 -14.4889
      vertex 521.118 70 -14.4889
    endloop
  endfacet
  facet normal 0 1 0
    outer loop
      vertex 522.074 70 -14.7118
      vertex 277.926 70 -14.7118
      vertex 278.882 70 -14.4889
    endloop
  endfacet
  facet normal 0 1 0
    outer loop
      vertex 523.042 70 -14.8717
      vertex 277.926 70 -14.7118
      vertex 522.074 70 -14.7118
    endloop
  endfacet
  facet normal 0 1 0
    outer loop
      vertex 523.042 70 -14.8717
      vertex 276.958 70 -14.8717
      vertex 277.926 70 -14.7118
    endloop
  endfacet
  facet normal 0 1 0
    outer loop
      vertex 524.019 70 -14.9679
      vertex 276.958 70 -14.8717
      vertex 523.042 70 -14.8717
    endloop
  endfacet
  facet normal 0 1 0
    outer loop
      vertex 524.019 70 -14.9679
      vertex 275.981 70 -14.9679
      vertex 276.958 70 -14.8717
    endloop
  endfacet
  facet normal 0 1 0
    outer loop
      vertex 525 70 -15
      vertex 275.981 70 -14.9679
      vertex 524.019 70 -14.9679
    endloop
  endfacet
  facet normal 0 1 0
    outer loop
      vertex 275.981 70 -14.9679
      vertex 525 70 -15
      vertex 275 70 -15
    endloop
  endfacet
  facet normal 0 1 0
    outer loop
      vertex 164 70 -20
      vertex 269.637 70 -14
      vertex 270.178 70 -14.204
    endloop
  endfacet
  facet normal 0 1 -0
    outer loop
      vertex 524.019 70 14.9679
      vertex 275 70 15
      vertex 525 70 15
    endloop
  endfacet
  facet normal 0 1 0
    outer loop
      vertex 524.019 70 14.9679
      vertex 275.981 70 14.9679
      vertex 275 70 15
    endloop
  endfacet
  facet normal 0 1 -0
    outer loop
      vertex 523.042 70 14.8717
      vertex 275.981 70 14.9679
      vertex 524.019 70 14.9679
    endloop
  endfacet
  facet normal 0 1 0
    outer loop
      vertex 523.042 70 14.8717
      vertex 276.958 70 14.8717
      vertex 275.981 70 14.9679
    endloop
  endfacet
  facet normal 0 1 -0
    outer loop
      vertex 522.074 70 14.7118
      vertex 276.958 70 14.8717
      vertex 523.042 70 14.8717
    endloop
  endfacet
  facet normal 0 1 0
    outer loop
      vertex 522.074 70 14.7118
      vertex 277.926 70 14.7118
      vertex 276.958 70 14.8717
    endloop
  endfacet
  facet normal 0 1 -0
    outer loop
      vertex 521.118 70 14.4889
      vertex 277.926 70 14.7118
      vertex 522.074 70 14.7118
    endloop
  endfacet
  facet normal 0 1 0
    outer loop
      vertex 521.118 70 14.4889
      vertex 278.882 70 14.4889
      vertex 277.926 70 14.7118
    endloop
  endfacet
  facet normal 0 1 -0
    outer loop
      vertex 520.178 70 14.204
      vertex 278.882 70 14.4889
      vertex 521.118 70 14.4889
    endloop
  endfacet
  facet normal 0 1 0
    outer loop
      vertex 520.178 70 14.204
      vertex 279.822 70 14.204
      vertex 278.882 70 14.4889
    endloop
  endfacet
  facet normal 0 1 -0
    outer loop
      vertex 519.637 70 14
      vertex 279.822 70 14.204
      vertex 520.178 70 14.204
    endloop
  endfacet
  facet normal 0 1 0
    outer loop
      vertex 279.822 70 14.204
      vertex 519.637 70 14
      vertex 280.363 70 14
    endloop
  endfacet
  facet normal 0 1 0
    outer loop
      vertex 644 70 20
      vertex 525 70 15
      vertex 164 70 20
    endloop
  endfacet
  facet normal 0 1 0
    outer loop
      vertex 644 70 20
      vertex 525.981 70 14.9679
      vertex 525 70 15
    endloop
  endfacet
  facet normal 0 1 0
    outer loop
      vertex 644 70 20
      vertex 526.958 70 14.8717
      vertex 525.981 70 14.9679
    endloop
  endfacet
  facet normal 0 1 0
    outer loop
      vertex 644 70 20
      vertex 527.926 70 14.7118
      vertex 526.958 70 14.8717
    endloop
  endfacet
  facet normal 0 1 0
    outer loop
      vertex 644 70 20
      vertex 528.882 70 14.4889
      vertex 527.926 70 14.7118
    endloop
  endfacet
  facet normal 0 1 0
    outer loop
      vertex 644 70 20
      vertex 529.822 70 14.204
      vertex 528.882 70 14.4889
    endloop
  endfacet
  facet normal 0 1 0
    outer loop
      vertex 530.363 70 14
      vertex 644 70 20
      vertex 644 70 14
    endloop
  endfacet
  facet normal 0 1 0
    outer loop
      vertex 644 70 20
      vertex 530.363 70 14
      vertex 529.822 70 14.204
    endloop
  endfacet
  facet normal 0 1 -0
    outer loop
      vertex 164 70 20
      vertex 156 70 70
      vertex 164 70 70
    endloop
  endfacet
  facet normal 0 1 -0
    outer loop
      vertex 275 70 15
      vertex 164 70 20
      vertex 525 70 15
    endloop
  endfacet
  facet normal 0 1 -0
    outer loop
      vertex 274.019 70 14.9679
      vertex 164 70 20
      vertex 275 70 15
    endloop
  endfacet
  facet normal 0 1 -0
    outer loop
      vertex 273.042 70 14.8717
      vertex 164 70 20
      vertex 274.019 70 14.9679
    endloop
  endfacet
  facet normal 0 1 -0
    outer loop
      vertex 272.074 70 14.7118
      vertex 164 70 20
      vertex 273.042 70 14.8717
    endloop
  endfacet
  facet normal 0 1 -0
    outer loop
      vertex 271.118 70 14.4889
      vertex 164 70 20
      vertex 272.074 70 14.7118
    endloop
  endfacet
  facet normal 0 1 -0
    outer loop
      vertex 270.178 70 14.204
      vertex 164 70 20
      vertex 271.118 70 14.4889
    endloop
  endfacet
  facet normal 0 1 -0
    outer loop
      vertex 269.637 70 14
      vertex 164 70 20
      vertex 270.178 70 14.204
    endloop
  endfacet
  facet normal 0 1 0
    outer loop
      vertex 164 70 14
      vertex 164 70 20
      vertex 269.637 70 14
    endloop
  endfacet
  facet normal 0 1 -0
    outer loop
      vertex 164 70 14
      vertex 156 70 70
      vertex 164 70 20
    endloop
  endfacet
  facet normal 0 1 -0
    outer loop
      vertex 164 70 -14
      vertex 156 70 70
      vertex 164 70 14
    endloop
  endfacet
  facet normal 0 1 0
    outer loop
      vertex 164 70 -20
      vertex 270.178 70 -14.204
      vertex 271.118 70 -14.4889
    endloop
  endfacet
  facet normal 0 1 0
    outer loop
      vertex 164 70 -20
      vertex 271.118 70 -14.4889
      vertex 272.074 70 -14.7118
    endloop
  endfacet
  facet normal 0 1 0
    outer loop
      vertex 164 70 -20
      vertex 272.074 70 -14.7118
      vertex 273.042 70 -14.8717
    endloop
  endfacet
  facet normal 0 1 0
    outer loop
      vertex 164 70 -20
      vertex 273.042 70 -14.8717
      vertex 274.019 70 -14.9679
    endloop
  endfacet
  facet normal 0 1 0
    outer loop
      vertex 164 70 -20
      vertex 274.019 70 -14.9679
      vertex 275 70 -15
    endloop
  endfacet
  facet normal 0 1 0
    outer loop
      vertex 164 70 -20
      vertex 275 70 -15
      vertex 644 70 -20
    endloop
  endfacet
  facet normal 0 1 0
    outer loop
      vertex 269.637 70 -14
      vertex 164 70 -20
      vertex 164 70 -14
    endloop
  endfacet
  facet normal 0 1 0
    outer loop
      vertex 156 70 -70
      vertex 164 70 -14
      vertex 164 70 -20
    endloop
  endfacet
  facet normal 0 1 0
    outer loop
      vertex 156 70 -70
      vertex 164 70 -20
      vertex 164 70 -70
    endloop
  endfacet
  facet normal 0 1 0
    outer loop
      vertex 164 70 -14
      vertex 156 70 -70
      vertex 156 70 70
    endloop
  endfacet
  facet normal 0 -1 0
    outer loop
      vertex 268.366 70 13.4531
      vertex 269.637 70 14
      vertex 269.26 70 13.8582
    endloop
  endfacet
  facet normal 0 -1 -0
    outer loop
      vertex 269.637 70 14
      vertex 268.366 70 13.4531
      vertex 280.363 70 14
    endloop
  endfacet
  facet normal 0 -1 0
    outer loop
      vertex 281.634 70 13.4531
      vertex 280.363 70 14
      vertex 268.366 70 13.4531
    endloop
  endfacet
  facet normal 0 -1 0
    outer loop
      vertex 280.363 70 14
      vertex 281.634 70 13.4531
      vertex 280.74 70 13.8582
    endloop
  endfacet
  facet normal 0 -1 0
    outer loop
      vertex 267.5 70 12.9904
      vertex 281.634 70 13.4531
      vertex 268.366 70 13.4531
    endloop
  endfacet
  facet normal 0 -1 0
    outer loop
      vertex 267.5 70 12.9904
      vertex 282.5 70 12.9904
      vertex 281.634 70 13.4531
    endloop
  endfacet
  facet normal 0 -1 0
    outer loop
      vertex 266.666 70 12.472
      vertex 282.5 70 12.9904
      vertex 267.5 70 12.9904
    endloop
  endfacet
  facet normal 0 -1 0
    outer loop
      vertex 266.666 70 12.472
      vertex 283.334 70 12.472
      vertex 282.5 70 12.9904
    endloop
  endfacet
  facet normal 0 -1 0
    outer loop
      vertex 265.869 70 11.9003
      vertex 283.334 70 12.472
      vertex 266.666 70 12.472
    endloop
  endfacet
  facet normal 0 -1 0
    outer loop
      vertex 265.869 70 11.9003
      vertex 284.131 70 11.9003
      vertex 283.334 70 12.472
    endloop
  endfacet
  facet normal 0 -1 0
    outer loop
      vertex 265.11 70 11.2776
      vertex 284.131 70 11.9003
      vertex 265.869 70 11.9003
    endloop
  endfacet
  facet normal 0 -1 0
    outer loop
      vertex 265.11 70 11.2776
      vertex 284.89 70 11.2776
      vertex 284.131 70 11.9003
    endloop
  endfacet
  facet normal 0 -1 0
    outer loop
      vertex 264.393 70 10.6066
      vertex 284.89 70 11.2776
      vertex 265.11 70 11.2776
    endloop
  endfacet
  facet normal 0 -1 0
    outer loop
      vertex 264.393 70 10.6066
      vertex 285.607 70 10.6066
      vertex 284.89 70 11.2776
    endloop
  endfacet
  facet normal 0 -1 0
    outer loop
      vertex 263.722 70 9.89019
      vertex 285.607 70 10.6066
      vertex 264.393 70 10.6066
    endloop
  endfacet
  facet normal 0 -1 0
    outer loop
      vertex 263.722 70 9.89019
      vertex 286.278 70 9.89019
      vertex 285.607 70 10.6066
    endloop
  endfacet
  facet normal 0 -1 0
    outer loop
      vertex 263.1 70 9.13142
      vertex 286.278 70 9.89019
      vertex 263.722 70 9.89019
    endloop
  endfacet
  facet normal 0 -1 0
    outer loop
      vertex 263.1 70 9.13142
      vertex 286.9 70 9.13142
      vertex 286.278 70 9.89019
    endloop
  endfacet
  facet normal 0 -1 0
    outer loop
      vertex 262.528 70 8.33355
      vertex 286.9 70 9.13142
      vertex 263.1 70 9.13142
    endloop
  endfacet
  facet normal 0 -1 0
    outer loop
      vertex 262.528 70 8.33355
      vertex 287.472 70 8.33355
      vertex 286.9 70 9.13142
    endloop
  endfacet
  facet normal 0 -1 0
    outer loop
      vertex 262.01 70 7.5
      vertex 287.472 70 8.33355
      vertex 262.528 70 8.33355
    endloop
  endfacet
  facet normal 0 -1 0
    outer loop
      vertex 262.01 70 7.5
      vertex 287.99 70 7.5
      vertex 287.472 70 8.33355
    endloop
  endfacet
  facet normal 0 -1 0
    outer loop
      vertex 261.547 70 6.63433
      vertex 287.99 70 7.5
      vertex 262.01 70 7.5
    endloop
  endfacet
  facet normal 0 -1 0
    outer loop
      vertex 261.547 70 6.63433
      vertex 288.453 70 6.63433
      vertex 287.99 70 7.5
    endloop
  endfacet
  facet normal 0 -1 0
    outer loop
      vertex 261.142 70 5.74025
      vertex 288.453 70 6.63433
      vertex 261.547 70 6.63433
    endloop
  endfacet
  facet normal 0 -1 0
    outer loop
      vertex 261.142 70 5.74025
      vertex 288.858 70 5.74025
      vertex 288.453 70 6.63433
    endloop
  endfacet
  facet normal 0 -1 0
    outer loop
      vertex 260.796 70 4.82159
      vertex 288.858 70 5.74025
      vertex 261.142 70 5.74025
    endloop
  endfacet
  facet normal 0 -1 0
    outer loop
      vertex 260.796 70 4.82159
      vertex 289.204 70 4.82159
      vertex 288.858 70 5.74025
    endloop
  endfacet
  facet normal 0 -1 0
    outer loop
      vertex 260.511 70 3.88229
      vertex 289.204 70 4.82159
      vertex 260.796 70 4.82159
    endloop
  endfacet
  facet normal 0 -1 0
    outer loop
      vertex 260.511 70 3.88229
      vertex 289.489 70 3.88229
      vertex 289.204 70 4.82159
    endloop
  endfacet
  facet normal 0 -1 0
    outer loop
      vertex 260.288 70 2.92635
      vertex 289.489 70 3.88229
      vertex 260.511 70 3.88229
    endloop
  endfacet
  facet normal 0 -1 0
    outer loop
      vertex 260.288 70 2.92635
      vertex 289.712 70 2.92635
      vertex 289.489 70 3.88229
    endloop
  endfacet
  facet normal 0 -1 0
    outer loop
      vertex 260.128 70 1.95789
      vertex 289.712 70 2.92635
      vertex 260.288 70 2.92635
    endloop
  endfacet
  facet normal 0 -1 0
    outer loop
      vertex 260.128 70 1.95789
      vertex 289.872 70 1.95789
      vertex 289.712 70 2.92635
    endloop
  endfacet
  facet normal 0 -1 0
    outer loop
      vertex 260.032 70 0.981047
      vertex 289.872 70 1.95789
      vertex 260.128 70 1.95789
    endloop
  endfacet
  facet normal 0 -1 0
    outer loop
      vertex 260.032 70 0.981047
      vertex 289.968 70 0.981047
      vertex 289.872 70 1.95789
    endloop
  endfacet
  facet normal 0 -1 0
    outer loop
      vertex 260 70 0
      vertex 289.968 70 0.981047
      vertex 260.032 70 0.981047
    endloop
  endfacet
  facet normal 0 -1 0
    outer loop
      vertex 260 70 0
      vertex 290 70 0
      vertex 289.968 70 0.981047
    endloop
  endfacet
  facet normal 0 -1 0
    outer loop
      vertex 260.032 70 -0.981047
      vertex 290 70 0
      vertex 260 70 0
    endloop
  endfacet
  facet normal 0 -1 0
    outer loop
      vertex 260.032 70 -0.981047
      vertex 289.968 70 -0.981047
      vertex 290 70 0
    endloop
  endfacet
  facet normal 0 -1 0
    outer loop
      vertex 260.128 70 -1.95789
      vertex 289.968 70 -0.981047
      vertex 260.032 70 -0.981047
    endloop
  endfacet
  facet normal 0 -1 0
    outer loop
      vertex 260.128 70 -1.95789
      vertex 289.872 70 -1.95789
      vertex 289.968 70 -0.981047
    endloop
  endfacet
  facet normal 0 -1 0
    outer loop
      vertex 260.288 70 -2.92635
      vertex 289.872 70 -1.95789
      vertex 260.128 70 -1.95789
    endloop
  endfacet
  facet normal 0 -1 0
    outer loop
      vertex 260.288 70 -2.92635
      vertex 289.712 70 -2.92635
      vertex 289.872 70 -1.95789
    endloop
  endfacet
  facet normal 0 -1 0
    outer loop
      vertex 260.511 70 -3.88229
      vertex 289.712 70 -2.92635
      vertex 260.288 70 -2.92635
    endloop
  endfacet
  facet normal 0 -1 0
    outer loop
      vertex 260.511 70 -3.88229
      vertex 289.489 70 -3.88229
      vertex 289.712 70 -2.92635
    endloop
  endfacet
  facet normal 0 -1 0
    outer loop
      vertex 260.796 70 -4.82159
      vertex 289.489 70 -3.88229
      vertex 260.511 70 -3.88229
    endloop
  endfacet
  facet normal 0 -1 0
    outer loop
      vertex 260.796 70 -4.82159
      vertex 289.204 70 -4.82159
      vertex 289.489 70 -3.88229
    endloop
  endfacet
  facet normal 0 -1 0
    outer loop
      vertex 261.142 70 -5.74025
      vertex 289.204 70 -4.82159
      vertex 260.796 70 -4.82159
    endloop
  endfacet
  facet normal 0 -1 0
    outer loop
      vertex 261.142 70 -5.74025
      vertex 288.858 70 -5.74025
      vertex 289.204 70 -4.82159
    endloop
  endfacet
  facet normal 0 -1 0
    outer loop
      vertex 261.547 70 -6.63433
      vertex 288.858 70 -5.74025
      vertex 261.142 70 -5.74025
    endloop
  endfacet
  facet normal 0 -1 0
    outer loop
      vertex 261.547 70 -6.63433
      vertex 288.453 70 -6.63433
      vertex 288.858 70 -5.74025
    endloop
  endfacet
  facet normal 0 -1 0
    outer loop
      vertex 262.01 70 -7.5
      vertex 288.453 70 -6.63433
      vertex 261.547 70 -6.63433
    endloop
  endfacet
  facet normal 0 -1 0
    outer loop
      vertex 262.01 70 -7.5
      vertex 287.99 70 -7.5
      vertex 288.453 70 -6.63433
    endloop
  endfacet
  facet normal 0 -1 0
    outer loop
      vertex 262.528 70 -8.33355
      vertex 287.99 70 -7.5
      vertex 262.01 70 -7.5
    endloop
  endfacet
  facet normal 0 -1 0
    outer loop
      vertex 262.528 70 -8.33355
      vertex 287.472 70 -8.33355
      vertex 287.99 70 -7.5
    endloop
  endfacet
  facet normal 0 -1 0
    outer loop
      vertex 263.1 70 -9.13142
      vertex 287.472 70 -8.33355
      vertex 262.528 70 -8.33355
    endloop
  endfacet
  facet normal 0 -1 0
    outer loop
      vertex 263.1 70 -9.13142
      vertex 286.9 70 -9.13142
      vertex 287.472 70 -8.33355
    endloop
  endfacet
  facet normal 0 -1 0
    outer loop
      vertex 263.722 70 -9.89019
      vertex 286.9 70 -9.13142
      vertex 263.1 70 -9.13142
    endloop
  endfacet
  facet normal 0 -1 0
    outer loop
      vertex 263.722 70 -9.89019
      vertex 286.278 70 -9.89019
      vertex 286.9 70 -9.13142
    endloop
  endfacet
  facet normal 0 -1 0
    outer loop
      vertex 264.393 70 -10.6066
      vertex 286.278 70 -9.89019
      vertex 263.722 70 -9.89019
    endloop
  endfacet
  facet normal 0 -1 0
    outer loop
      vertex 264.393 70 -10.6066
      vertex 285.607 70 -10.6066
      vertex 286.278 70 -9.89019
    endloop
  endfacet
  facet normal 0 -1 0
    outer loop
      vertex 265.11 70 -11.2776
      vertex 285.607 70 -10.6066
      vertex 264.393 70 -10.6066
    endloop
  endfacet
  facet normal 0 -1 0
    outer loop
      vertex 265.11 70 -11.2776
      vertex 284.89 70 -11.2776
      vertex 285.607 70 -10.6066
    endloop
  endfacet
  facet normal 0 -1 0
    outer loop
      vertex 265.869 70 -11.9003
      vertex 284.89 70 -11.2776
      vertex 265.11 70 -11.2776
    endloop
  endfacet
  facet normal 0 -1 0
    outer loop
      vertex 265.869 70 -11.9003
      vertex 284.131 70 -11.9003
      vertex 284.89 70 -11.2776
    endloop
  endfacet
  facet normal 0 -1 0
    outer loop
      vertex 266.666 70 -12.472
      vertex 284.131 70 -11.9003
      vertex 265.869 70 -11.9003
    endloop
  endfacet
  facet normal 0 -1 0
    outer loop
      vertex 266.666 70 -12.472
      vertex 283.334 70 -12.472
      vertex 284.131 70 -11.9003
    endloop
  endfacet
  facet normal 0 -1 0
    outer loop
      vertex 267.5 70 -12.9904
      vertex 283.334 70 -12.472
      vertex 266.666 70 -12.472
    endloop
  endfacet
  facet normal 0 -1 0
    outer loop
      vertex 267.5 70 -12.9904
      vertex 282.5 70 -12.9904
      vertex 283.334 70 -12.472
    endloop
  endfacet
  facet normal 0 -1 0
    outer loop
      vertex 268.366 70 -13.4531
      vertex 282.5 70 -12.9904
      vertex 267.5 70 -12.9904
    endloop
  endfacet
  facet normal 0 -1 0
    outer loop
      vertex 268.366 70 -13.4531
      vertex 281.634 70 -13.4531
      vertex 282.5 70 -12.9904
    endloop
  endfacet
  facet normal 0 -1 0
    outer loop
      vertex 269.637 70 -14
      vertex 268.366 70 -13.4531
      vertex 269.26 70 -13.8582
    endloop
  endfacet
  facet normal 0 -1 0
    outer loop
      vertex 268.366 70 -13.4531
      vertex 269.637 70 -14
      vertex 281.634 70 -13.4531
    endloop
  endfacet
  facet normal 0 -1 0
    outer loop
      vertex 280.363 70 -14
      vertex 281.634 70 -13.4531
      vertex 269.637 70 -14
    endloop
  endfacet
  facet normal 0 -1 0
    outer loop
      vertex 281.634 70 -13.4531
      vertex 280.363 70 -14
      vertex 280.74 70 -13.8582
    endloop
  endfacet
  facet normal 0 -1 0
    outer loop
      vertex 518.366 70 13.4531
      vertex 519.637 70 14
      vertex 519.26 70 13.8582
    endloop
  endfacet
  facet normal 0 -1 -0
    outer loop
      vertex 519.637 70 14
      vertex 518.366 70 13.4531
      vertex 530.363 70 14
    endloop
  endfacet
  facet normal 0 -1 0
    outer loop
      vertex 531.634 70 13.4531
      vertex 530.363 70 14
      vertex 518.366 70 13.4531
    endloop
  endfacet
  facet normal 0 -1 0
    outer loop
      vertex 530.363 70 14
      vertex 531.634 70 13.4531
      vertex 530.74 70 13.8582
    endloop
  endfacet
  facet normal 0 -1 0
    outer loop
      vertex 517.5 70 12.9904
      vertex 531.634 70 13.4531
      vertex 518.366 70 13.4531
    endloop
  endfacet
  facet normal 0 -1 0
    outer loop
      vertex 517.5 70 12.9904
      vertex 532.5 70 12.9904
      vertex 531.634 70 13.4531
    endloop
  endfacet
  facet normal 0 -1 0
    outer loop
      vertex 516.666 70 12.472
      vertex 532.5 70 12.9904
      vertex 517.5 70 12.9904
    endloop
  endfacet
  facet normal 0 -1 0
    outer loop
      vertex 516.666 70 12.472
      vertex 533.334 70 12.472
      vertex 532.5 70 12.9904
    endloop
  endfacet
  facet normal 0 -1 0
    outer loop
      vertex 515.869 70 11.9003
      vertex 533.334 70 12.472
      vertex 516.666 70 12.472
    endloop
  endfacet
  facet normal 0 -1 0
    outer loop
      vertex 515.869 70 11.9003
      vertex 534.131 70 11.9003
      vertex 533.334 70 12.472
    endloop
  endfacet
  facet normal 0 -1 0
    outer loop
      vertex 515.11 70 11.2776
      vertex 534.131 70 11.9003
      vertex 515.869 70 11.9003
    endloop
  endfacet
  facet normal 0 -1 0
    outer loop
      vertex 515.11 70 11.2776
      vertex 534.89 70 11.2776
      vertex 534.131 70 11.9003
    endloop
  endfacet
  facet normal 0 -1 0
    outer loop
      vertex 514.393 70 10.6066
      vertex 534.89 70 11.2776
      vertex 515.11 70 11.2776
    endloop
  endfacet
  facet normal 0 -1 0
    outer loop
      vertex 514.393 70 10.6066
      vertex 535.607 70 10.6066
      vertex 534.89 70 11.2776
    endloop
  endfacet
  facet normal 0 -1 0
    outer loop
      vertex 513.722 70 9.89019
      vertex 535.607 70 10.6066
      vertex 514.393 70 10.6066
    endloop
  endfacet
  facet normal 0 -1 0
    outer loop
      vertex 513.722 70 9.89019
      vertex 536.278 70 9.89019
      vertex 535.607 70 10.6066
    endloop
  endfacet
  facet normal 0 -1 0
    outer loop
      vertex 513.1 70 9.13142
      vertex 536.278 70 9.89019
      vertex 513.722 70 9.89019
    endloop
  endfacet
  facet normal 0 -1 0
    outer loop
      vertex 513.1 70 9.13142
      vertex 536.9 70 9.13142
      vertex 536.278 70 9.89019
    endloop
  endfacet
  facet normal 0 -1 0
    outer loop
      vertex 512.528 70 8.33355
      vertex 536.9 70 9.13142
      vertex 513.1 70 9.13142
    endloop
  endfacet
  facet normal 0 -1 0
    outer loop
      vertex 512.528 70 8.33355
      vertex 537.472 70 8.33355
      vertex 536.9 70 9.13142
    endloop
  endfacet
  facet normal 0 -1 0
    outer loop
      vertex 512.01 70 7.5
      vertex 537.472 70 8.33355
      vertex 512.528 70 8.33355
    endloop
  endfacet
  facet normal 0 -1 0
    outer loop
      vertex 512.01 70 7.5
      vertex 537.99 70 7.5
      vertex 537.472 70 8.33355
    endloop
  endfacet
  facet normal 0 -1 0
    outer loop
      vertex 511.547 70 6.63433
      vertex 537.99 70 7.5
      vertex 512.01 70 7.5
    endloop
  endfacet
  facet normal 0 -1 0
    outer loop
      vertex 511.547 70 6.63433
      vertex 538.453 70 6.63433
      vertex 537.99 70 7.5
    endloop
  endfacet
  facet normal 0 -1 0
    outer loop
      vertex 511.142 70 5.74025
      vertex 538.453 70 6.63433
      vertex 511.547 70 6.63433
    endloop
  endfacet
  facet normal 0 -1 0
    outer loop
      vertex 511.142 70 5.74025
      vertex 538.858 70 5.74025
      vertex 538.453 70 6.63433
    endloop
  endfacet
  facet normal 0 -1 0
    outer loop
      vertex 510.796 70 4.82159
      vertex 538.858 70 5.74025
      vertex 511.142 70 5.74025
    endloop
  endfacet
  facet normal 0 -1 0
    outer loop
      vertex 510.796 70 4.82159
      vertex 539.204 70 4.82159
      vertex 538.858 70 5.74025
    endloop
  endfacet
  facet normal 0 -1 0
    outer loop
      vertex 510.511 70 3.88229
      vertex 539.204 70 4.82159
      vertex 510.796 70 4.82159
    endloop
  endfacet
  facet normal 0 -1 0
    outer loop
      vertex 510.511 70 3.88229
      vertex 539.489 70 3.88229
      vertex 539.204 70 4.82159
    endloop
  endfacet
  facet normal 0 -1 0
    outer loop
      vertex 510.288 70 2.92635
      vertex 539.489 70 3.88229
      vertex 510.511 70 3.88229
    endloop
  endfacet
  facet normal 0 -1 0
    outer loop
      vertex 510.288 70 2.92635
      vertex 539.712 70 2.92635
      vertex 539.489 70 3.88229
    endloop
  endfacet
  facet normal 0 -1 0
    outer loop
      vertex 510.128 70 1.95789
      vertex 539.712 70 2.92635
      vertex 510.288 70 2.92635
    endloop
  endfacet
  facet normal 0 -1 0
    outer loop
      vertex 510.128 70 1.95789
      vertex 539.872 70 1.95789
      vertex 539.712 70 2.92635
    endloop
  endfacet
  facet normal 0 -1 0
    outer loop
      vertex 510.032 70 0.981047
      vertex 539.872 70 1.95789
      vertex 510.128 70 1.95789
    endloop
  endfacet
  facet normal 0 -1 0
    outer loop
      vertex 510.032 70 0.981047
      vertex 539.968 70 0.981047
      vertex 539.872 70 1.95789
    endloop
  endfacet
  facet normal 0 -1 0
    outer loop
      vertex 510 70 0
      vertex 539.968 70 0.981047
      vertex 510.032 70 0.981047
    endloop
  endfacet
  facet normal 0 -1 0
    outer loop
      vertex 510 70 0
      vertex 540 70 0
      vertex 539.968 70 0.981047
    endloop
  endfacet
  facet normal 0 -1 0
    outer loop
      vertex 510.032 70 -0.981047
      vertex 540 70 0
      vertex 510 70 0
    endloop
  endfacet
  facet normal 0 -1 0
    outer loop
      vertex 510.032 70 -0.981047
      vertex 539.968 70 -0.981047
      vertex 540 70 0
    endloop
  endfacet
  facet normal 0 -1 0
    outer loop
      vertex 510.128 70 -1.95789
      vertex 539.968 70 -0.981047
      vertex 510.032 70 -0.981047
    endloop
  endfacet
  facet normal 0 -1 0
    outer loop
      vertex 510.128 70 -1.95789
      vertex 539.872 70 -1.95789
      vertex 539.968 70 -0.981047
    endloop
  endfacet
  facet normal 0 -1 0
    outer loop
      vertex 510.288 70 -2.92635
      vertex 539.872 70 -1.95789
      vertex 510.128 70 -1.95789
    endloop
  endfacet
  facet normal 0 -1 0
    outer loop
      vertex 510.288 70 -2.92635
      vertex 539.712 70 -2.92635
      vertex 539.872 70 -1.95789
    endloop
  endfacet
  facet normal 0 -1 0
    outer loop
      vertex 510.511 70 -3.88229
      vertex 539.712 70 -2.92635
      vertex 510.288 70 -2.92635
    endloop
  endfacet
  facet normal 0 -1 0
    outer loop
      vertex 510.511 70 -3.88229
      vertex 539.489 70 -3.88229
      vertex 539.712 70 -2.92635
    endloop
  endfacet
  facet normal 0 -1 0
    outer loop
      vertex 510.796 70 -4.82159
      vertex 539.489 70 -3.88229
      vertex 510.511 70 -3.88229
    endloop
  endfacet
  facet normal 0 -1 0
    outer loop
      vertex 510.796 70 -4.82159
      vertex 539.204 70 -4.82159
      vertex 539.489 70 -3.88229
    endloop
  endfacet
  facet normal 0 -1 0
    outer loop
      vertex 511.142 70 -5.74025
      vertex 539.204 70 -4.82159
      vertex 510.796 70 -4.82159
    endloop
  endfacet
  facet normal 0 -1 0
    outer loop
      vertex 511.142 70 -5.74025
      vertex 538.858 70 -5.74025
      vertex 539.204 70 -4.82159
    endloop
  endfacet
  facet normal 0 -1 0
    outer loop
      vertex 511.547 70 -6.63433
      vertex 538.858 70 -5.74025
      vertex 511.142 70 -5.74025
    endloop
  endfacet
  facet normal 0 -1 0
    outer loop
      vertex 511.547 70 -6.63433
      vertex 538.453 70 -6.63433
      vertex 538.858 70 -5.74025
    endloop
  endfacet
  facet normal 0 -1 0
    outer loop
      vertex 512.01 70 -7.5
      vertex 538.453 70 -6.63433
      vertex 511.547 70 -6.63433
    endloop
  endfacet
  facet normal 0 -1 0
    outer loop
      vertex 512.01 70 -7.5
      vertex 537.99 70 -7.5
      vertex 538.453 70 -6.63433
    endloop
  endfacet
  facet normal 0 -1 0
    outer loop
      vertex 512.528 70 -8.33355
      vertex 537.99 70 -7.5
      vertex 512.01 70 -7.5
    endloop
  endfacet
  facet normal 0 -1 0
    outer loop
      vertex 512.528 70 -8.33355
      vertex 537.472 70 -8.33355
      vertex 537.99 70 -7.5
    endloop
  endfacet
  facet normal 0 -1 0
    outer loop
      vertex 513.1 70 -9.13142
      vertex 537.472 70 -8.33355
      vertex 512.528 70 -8.33355
    endloop
  endfacet
  facet normal 0 -1 0
    outer loop
      vertex 513.1 70 -9.13142
      vertex 536.9 70 -9.13142
      vertex 537.472 70 -8.33355
    endloop
  endfacet
  facet normal 0 -1 0
    outer loop
      vertex 513.722 70 -9.89019
      vertex 536.9 70 -9.13142
      vertex 513.1 70 -9.13142
    endloop
  endfacet
  facet normal 0 -1 0
    outer loop
      vertex 513.722 70 -9.89019
      vertex 536.278 70 -9.89019
      vertex 536.9 70 -9.13142
    endloop
  endfacet
  facet normal 0 -1 0
    outer loop
      vertex 514.393 70 -10.6066
      vertex 536.278 70 -9.89019
      vertex 513.722 70 -9.89019
    endloop
  endfacet
  facet normal 0 -1 0
    outer loop
      vertex 514.393 70 -10.6066
      vertex 535.607 70 -10.6066
      vertex 536.278 70 -9.89019
    endloop
  endfacet
  facet normal 0 -1 0
    outer loop
      vertex 515.11 70 -11.2776
      vertex 535.607 70 -10.6066
      vertex 514.393 70 -10.6066
    endloop
  endfacet
  facet normal 0 -1 0
    outer loop
      vertex 515.11 70 -11.2776
      vertex 534.89 70 -11.2776
      vertex 535.607 70 -10.6066
    endloop
  endfacet
  facet normal 0 -1 0
    outer loop
      vertex 515.869 70 -11.9003
      vertex 534.89 70 -11.2776
      vertex 515.11 70 -11.2776
    endloop
  endfacet
  facet normal 0 -1 0
    outer loop
      vertex 515.869 70 -11.9003
      vertex 534.131 70 -11.9003
      vertex 534.89 70 -11.2776
    endloop
  endfacet
  facet normal 0 -1 0
    outer loop
      vertex 516.666 70 -12.472
      vertex 534.131 70 -11.9003
      vertex 515.869 70 -11.9003
    endloop
  endfacet
  facet normal 0 -1 0
    outer loop
      vertex 516.666 70 -12.472
      vertex 533.334 70 -12.472
      vertex 534.131 70 -11.9003
    endloop
  endfacet
  facet normal 0 -1 0
    outer loop
      vertex 517.5 70 -12.9904
      vertex 533.334 70 -12.472
      vertex 516.666 70 -12.472
    endloop
  endfacet
  facet normal 0 -1 0
    outer loop
      vertex 517.5 70 -12.9904
      vertex 532.5 70 -12.9904
      vertex 533.334 70 -12.472
    endloop
  endfacet
  facet normal 0 -1 0
    outer loop
      vertex 518.366 70 -13.4531
      vertex 532.5 70 -12.9904
      vertex 517.5 70 -12.9904
    endloop
  endfacet
  facet normal 0 -1 0
    outer loop
      vertex 518.366 70 -13.4531
      vertex 531.634 70 -13.4531
      vertex 532.5 70 -12.9904
    endloop
  endfacet
  facet normal 0 -1 0
    outer loop
      vertex 519.637 70 -14
      vertex 518.366 70 -13.4531
      vertex 519.26 70 -13.8582
    endloop
  endfacet
  facet normal 0 -1 0
    outer loop
      vertex 518.366 70 -13.4531
      vertex 519.637 70 -14
      vertex 531.634 70 -13.4531
    endloop
  endfacet
  facet normal 0 -1 0
    outer loop
      vertex 530.363 70 -14
      vertex 531.634 70 -13.4531
      vertex 519.637 70 -14
    endloop
  endfacet
  facet normal 0 -1 0
    outer loop
      vertex 531.634 70 -13.4531
      vertex 530.363 70 -14
      vertex 530.74 70 -13.8582
    endloop
  endfacet
  facet normal 0 -1 0
    outer loop
      vertex 275.981 -70 14.9679
      vertex 525 -70 15
      vertex 275 -70 15
    endloop
  endfacet
  facet normal 0 -1 0
    outer loop
      vertex 275.981 -70 14.9679
      vertex 524.019 -70 14.9679
      vertex 525 -70 15
    endloop
  endfacet
  facet normal 0 -1 0
    outer loop
      vertex 276.958 -70 14.8717
      vertex 524.019 -70 14.9679
      vertex 275.981 -70 14.9679
    endloop
  endfacet
  facet normal 0 -1 0
    outer loop
      vertex 276.958 -70 14.8717
      vertex 523.042 -70 14.8717
      vertex 524.019 -70 14.9679
    endloop
  endfacet
  facet normal 0 -1 0
    outer loop
      vertex 277.926 -70 14.7118
      vertex 523.042 -70 14.8717
      vertex 276.958 -70 14.8717
    endloop
  endfacet
  facet normal 0 -1 0
    outer loop
      vertex 277.926 -70 14.7118
      vertex 522.074 -70 14.7118
      vertex 523.042 -70 14.8717
    endloop
  endfacet
  facet normal 0 -1 0
    outer loop
      vertex 278.882 -70 14.4889
      vertex 522.074 -70 14.7118
      vertex 277.926 -70 14.7118
    endloop
  endfacet
  facet normal 0 -1 0
    outer loop
      vertex 278.882 -70 14.4889
      vertex 521.118 -70 14.4889
      vertex 522.074 -70 14.7118
    endloop
  endfacet
  facet normal 0 -1 0
    outer loop
      vertex 279.822 -70 14.204
      vertex 521.118 -70 14.4889
      vertex 278.882 -70 14.4889
    endloop
  endfacet
  facet normal 0 -1 0
    outer loop
      vertex 279.822 -70 14.204
      vertex 520.178 -70 14.204
      vertex 521.118 -70 14.4889
    endloop
  endfacet
  facet normal 0 -1 0
    outer loop
      vertex 280.363 -70 14
      vertex 520.178 -70 14.204
      vertex 279.822 -70 14.204
    endloop
  endfacet
  facet normal 0 -1 0
    outer loop
      vertex 520.178 -70 14.204
      vertex 280.363 -70 14
      vertex 519.637 -70 14
    endloop
  endfacet
  facet normal 0 -1 0
    outer loop
      vertex 156 -70 70
      vertex 164 -70 20
      vertex 164 -70 70
    endloop
  endfacet
  facet normal 0 -1 0
    outer loop
      vertex 164 -70 20
      vertex 275 -70 15
      vertex 644 -70 20
    endloop
  endfacet
  facet normal 0 -1 0
    outer loop
      vertex 164 -70 20
      vertex 274.019 -70 14.9679
      vertex 275 -70 15
    endloop
  endfacet
  facet normal 0 -1 0
    outer loop
      vertex 164 -70 20
      vertex 273.042 -70 14.8717
      vertex 274.019 -70 14.9679
    endloop
  endfacet
  facet normal 0 -1 0
    outer loop
      vertex 164 -70 20
      vertex 272.074 -70 14.7118
      vertex 273.042 -70 14.8717
    endloop
  endfacet
  facet normal 0 -1 0
    outer loop
      vertex 164 -70 20
      vertex 271.118 -70 14.4889
      vertex 272.074 -70 14.7118
    endloop
  endfacet
  facet normal 0 -1 0
    outer loop
      vertex 164 -70 20
      vertex 270.178 -70 14.204
      vertex 271.118 -70 14.4889
    endloop
  endfacet
  facet normal 0 -1 0
    outer loop
      vertex 269.637 -70 14
      vertex 164 -70 20
      vertex 164 -70 14
    endloop
  endfacet
  facet normal 0 -1 0
    outer loop
      vertex 156 -70 70
      vertex 164 -70 14
      vertex 164 -70 20
    endloop
  endfacet
  facet normal 0 -1 0
    outer loop
      vertex 156 -70 70
      vertex 164 -70 -14
      vertex 164 -70 14
    endloop
  endfacet
  facet normal 0 -1 0
    outer loop
      vertex 164 -70 -20
      vertex 269.637 -70 -14
      vertex 164 -70 -14
    endloop
  endfacet
  facet normal 0 -1 -0
    outer loop
      vertex 269.637 -70 -14
      vertex 164 -70 -20
      vertex 270.178 -70 -14.204
    endloop
  endfacet
  facet normal 0 -1 -0
    outer loop
      vertex 270.178 -70 -14.204
      vertex 164 -70 -20
      vertex 271.118 -70 -14.4889
    endloop
  endfacet
  facet normal 0 -1 -0
    outer loop
      vertex 271.118 -70 -14.4889
      vertex 164 -70 -20
      vertex 272.074 -70 -14.7118
    endloop
  endfacet
  facet normal 0 -1 -0
    outer loop
      vertex 272.074 -70 -14.7118
      vertex 164 -70 -20
      vertex 273.042 -70 -14.8717
    endloop
  endfacet
  facet normal 0 -1 -0
    outer loop
      vertex 273.042 -70 -14.8717
      vertex 164 -70 -20
      vertex 274.019 -70 -14.9679
    endloop
  endfacet
  facet normal 0 -1 -0
    outer loop
      vertex 275 -70 -15
      vertex 164 -70 -20
      vertex 525 -70 -15
    endloop
  endfacet
  facet normal 0 -1 -0
    outer loop
      vertex 274.019 -70 -14.9679
      vertex 164 -70 -20
      vertex 275 -70 -15
    endloop
  endfacet
  facet normal 0 -1 0
    outer loop
      vertex 156 -70 -70
      vertex 164 -70 -14
      vertex 156 -70 70
    endloop
  endfacet
  facet normal 0 -1 -0
    outer loop
      vertex 164 -70 -14
      vertex 156 -70 -70
      vertex 164 -70 -20
    endloop
  endfacet
  facet normal 0 -1 -0
    outer loop
      vertex 164 -70 -20
      vertex 156 -70 -70
      vertex 164 -70 -70
    endloop
  endfacet
  facet normal 0 -1 0
    outer loop
      vertex 525 -70 15
      vertex 644 -70 20
      vertex 275 -70 15
    endloop
  endfacet
  facet normal 0 -1 0
    outer loop
      vertex 525.981 -70 14.9679
      vertex 644 -70 20
      vertex 525 -70 15
    endloop
  endfacet
  facet normal 0 -1 0
    outer loop
      vertex 526.958 -70 14.8717
      vertex 644 -70 20
      vertex 525.981 -70 14.9679
    endloop
  endfacet
  facet normal 0 -1 0
    outer loop
      vertex 527.926 -70 14.7118
      vertex 644 -70 20
      vertex 526.958 -70 14.8717
    endloop
  endfacet
  facet normal 0 -1 0
    outer loop
      vertex 528.882 -70 14.4889
      vertex 644 -70 20
      vertex 527.926 -70 14.7118
    endloop
  endfacet
  facet normal 0 -1 0
    outer loop
      vertex 529.822 -70 14.204
      vertex 644 -70 20
      vertex 528.882 -70 14.4889
    endloop
  endfacet
  facet normal 0 -1 0
    outer loop
      vertex 530.363 -70 14
      vertex 644 -70 20
      vertex 529.822 -70 14.204
    endloop
  endfacet
  facet normal 0 -1 -0
    outer loop
      vertex 644 -70 20
      vertex 530.363 -70 14
      vertex 644 -70 14
    endloop
  endfacet
  facet normal 0 -1 0
    outer loop
      vertex 164 -70 20
      vertex 269.637 -70 14
      vertex 270.178 -70 14.204
    endloop
  endfacet
  facet normal 0 -1 0
    outer loop
      vertex 279.822 -70 -14.204
      vertex 519.637 -70 -14
      vertex 280.363 -70 -14
    endloop
  endfacet
  facet normal 0 -1 0
    outer loop
      vertex 279.822 -70 -14.204
      vertex 520.178 -70 -14.204
      vertex 519.637 -70 -14
    endloop
  endfacet
  facet normal 0 -1 0
    outer loop
      vertex 278.882 -70 -14.4889
      vertex 520.178 -70 -14.204
      vertex 279.822 -70 -14.204
    endloop
  endfacet
  facet normal 0 -1 0
    outer loop
      vertex 278.882 -70 -14.4889
      vertex 521.118 -70 -14.4889
      vertex 520.178 -70 -14.204
    endloop
  endfacet
  facet normal 0 -1 0
    outer loop
      vertex 277.926 -70 -14.7118
      vertex 521.118 -70 -14.4889
      vertex 278.882 -70 -14.4889
    endloop
  endfacet
  facet normal 0 -1 0
    outer loop
      vertex 277.926 -70 -14.7118
      vertex 522.074 -70 -14.7118
      vertex 521.118 -70 -14.4889
    endloop
  endfacet
  facet normal 0 -1 0
    outer loop
      vertex 276.958 -70 -14.8717
      vertex 522.074 -70 -14.7118
      vertex 277.926 -70 -14.7118
    endloop
  endfacet
  facet normal 0 -1 0
    outer loop
      vertex 276.958 -70 -14.8717
      vertex 523.042 -70 -14.8717
      vertex 522.074 -70 -14.7118
    endloop
  endfacet
  facet normal 0 -1 0
    outer loop
      vertex 275.981 -70 -14.9679
      vertex 523.042 -70 -14.8717
      vertex 276.958 -70 -14.8717
    endloop
  endfacet
  facet normal 0 -1 0
    outer loop
      vertex 275.981 -70 -14.9679
      vertex 524.019 -70 -14.9679
      vertex 523.042 -70 -14.8717
    endloop
  endfacet
  facet normal 0 -1 0
    outer loop
      vertex 275 -70 -15
      vertex 524.019 -70 -14.9679
      vertex 275.981 -70 -14.9679
    endloop
  endfacet
  facet normal 0 -1 -0
    outer loop
      vertex 524.019 -70 -14.9679
      vertex 275 -70 -15
      vertex 525 -70 -15
    endloop
  endfacet
  facet normal 0 -1 0
    outer loop
      vertex 644 -70 -20
      vertex 530.363 -70 -14
      vertex 529.822 -70 -14.204
    endloop
  endfacet
  facet normal 0 -1 0
    outer loop
      vertex 644 -70 -20
      vertex 529.822 -70 -14.204
      vertex 528.882 -70 -14.4889
    endloop
  endfacet
  facet normal 0 -1 0
    outer loop
      vertex 644 -70 -20
      vertex 528.882 -70 -14.4889
      vertex 527.926 -70 -14.7118
    endloop
  endfacet
  facet normal 0 -1 0
    outer loop
      vertex 644 -70 -20
      vertex 527.926 -70 -14.7118
      vertex 526.958 -70 -14.8717
    endloop
  endfacet
  facet normal 0 -1 0
    outer loop
      vertex 644 -70 -20
      vertex 526.958 -70 -14.8717
      vertex 525.981 -70 -14.9679
    endloop
  endfacet
  facet normal 0 -1 0
    outer loop
      vertex 644 -70 -20
      vertex 525.981 -70 -14.9679
      vertex 525 -70 -15
    endloop
  endfacet
  facet normal 0 -1 0
    outer loop
      vertex 644 -70 -20
      vertex 525 -70 -15
      vertex 164 -70 -20
    endloop
  endfacet
  facet normal 0 -1 0
    outer loop
      vertex 530.363 -70 -14
      vertex 644 -70 -20
      vertex 644 -70 -14
    endloop
  endfacet
  facet normal 0 1 0
    outer loop
      vertex 281.634 -70 13.4531
      vertex 280.363 -70 14
      vertex 280.74 -70 13.8582
    endloop
  endfacet
  facet normal 0 1 0
    outer loop
      vertex 280.363 -70 14
      vertex 281.634 -70 13.4531
      vertex 269.637 -70 14
    endloop
  endfacet
  facet normal 0 1 0
    outer loop
      vertex 268.366 -70 13.4531
      vertex 269.637 -70 14
      vertex 281.634 -70 13.4531
    endloop
  endfacet
  facet normal 0 1 0
    outer loop
      vertex 269.637 -70 14
      vertex 268.366 -70 13.4531
      vertex 269.26 -70 13.8582
    endloop
  endfacet
  facet normal 0 1 0
    outer loop
      vertex 282.5 -70 12.9904
      vertex 268.366 -70 13.4531
      vertex 281.634 -70 13.4531
    endloop
  endfacet
  facet normal 0 1 0
    outer loop
      vertex 282.5 -70 12.9904
      vertex 267.5 -70 12.9904
      vertex 268.366 -70 13.4531
    endloop
  endfacet
  facet normal 0 1 0
    outer loop
      vertex 283.334 -70 12.472
      vertex 267.5 -70 12.9904
      vertex 282.5 -70 12.9904
    endloop
  endfacet
  facet normal 0 1 0
    outer loop
      vertex 283.334 -70 12.472
      vertex 266.666 -70 12.472
      vertex 267.5 -70 12.9904
    endloop
  endfacet
  facet normal 0 1 0
    outer loop
      vertex 284.131 -70 11.9003
      vertex 266.666 -70 12.472
      vertex 283.334 -70 12.472
    endloop
  endfacet
  facet normal 0 1 0
    outer loop
      vertex 284.131 -70 11.9003
      vertex 265.869 -70 11.9003
      vertex 266.666 -70 12.472
    endloop
  endfacet
  facet normal 0 1 0
    outer loop
      vertex 284.89 -70 11.2776
      vertex 265.869 -70 11.9003
      vertex 284.131 -70 11.9003
    endloop
  endfacet
  facet normal 0 1 0
    outer loop
      vertex 284.89 -70 11.2776
      vertex 265.11 -70 11.2776
      vertex 265.869 -70 11.9003
    endloop
  endfacet
  facet normal 0 1 0
    outer loop
      vertex 285.607 -70 10.6066
      vertex 265.11 -70 11.2776
      vertex 284.89 -70 11.2776
    endloop
  endfacet
  facet normal 0 1 0
    outer loop
      vertex 285.607 -70 10.6066
      vertex 264.393 -70 10.6066
      vertex 265.11 -70 11.2776
    endloop
  endfacet
  facet normal 0 1 0
    outer loop
      vertex 286.278 -70 9.89019
      vertex 264.393 -70 10.6066
      vertex 285.607 -70 10.6066
    endloop
  endfacet
  facet normal 0 1 0
    outer loop
      vertex 286.278 -70 9.89019
      vertex 263.722 -70 9.89019
      vertex 264.393 -70 10.6066
    endloop
  endfacet
  facet normal 0 1 0
    outer loop
      vertex 286.9 -70 9.13142
      vertex 263.722 -70 9.89019
      vertex 286.278 -70 9.89019
    endloop
  endfacet
  facet normal 0 1 0
    outer loop
      vertex 286.9 -70 9.13142
      vertex 263.1 -70 9.13142
      vertex 263.722 -70 9.89019
    endloop
  endfacet
  facet normal 0 1 0
    outer loop
      vertex 287.472 -70 8.33355
      vertex 263.1 -70 9.13142
      vertex 286.9 -70 9.13142
    endloop
  endfacet
  facet normal 0 1 0
    outer loop
      vertex 287.472 -70 8.33355
      vertex 262.528 -70 8.33355
      vertex 263.1 -70 9.13142
    endloop
  endfacet
  facet normal 0 1 0
    outer loop
      vertex 287.99 -70 7.5
      vertex 262.528 -70 8.33355
      vertex 287.472 -70 8.33355
    endloop
  endfacet
  facet normal 0 1 0
    outer loop
      vertex 287.99 -70 7.5
      vertex 262.01 -70 7.5
      vertex 262.528 -70 8.33355
    endloop
  endfacet
  facet normal 0 1 0
    outer loop
      vertex 288.453 -70 6.63433
      vertex 262.01 -70 7.5
      vertex 287.99 -70 7.5
    endloop
  endfacet
  facet normal 0 1 0
    outer loop
      vertex 288.453 -70 6.63433
      vertex 261.547 -70 6.63433
      vertex 262.01 -70 7.5
    endloop
  endfacet
  facet normal 0 1 0
    outer loop
      vertex 288.858 -70 5.74025
      vertex 261.547 -70 6.63433
      vertex 288.453 -70 6.63433
    endloop
  endfacet
  facet normal 0 1 0
    outer loop
      vertex 288.858 -70 5.74025
      vertex 261.142 -70 5.74025
      vertex 261.547 -70 6.63433
    endloop
  endfacet
  facet normal 0 1 0
    outer loop
      vertex 289.204 -70 4.82159
      vertex 261.142 -70 5.74025
      vertex 288.858 -70 5.74025
    endloop
  endfacet
  facet normal 0 1 0
    outer loop
      vertex 289.204 -70 4.82159
      vertex 260.796 -70 4.82159
      vertex 261.142 -70 5.74025
    endloop
  endfacet
  facet normal 0 1 0
    outer loop
      vertex 289.489 -70 3.88229
      vertex 260.796 -70 4.82159
      vertex 289.204 -70 4.82159
    endloop
  endfacet
  facet normal 0 1 0
    outer loop
      vertex 289.489 -70 3.88229
      vertex 260.511 -70 3.88229
      vertex 260.796 -70 4.82159
    endloop
  endfacet
  facet normal 0 1 0
    outer loop
      vertex 289.712 -70 2.92635
      vertex 260.511 -70 3.88229
      vertex 289.489 -70 3.88229
    endloop
  endfacet
  facet normal 0 1 0
    outer loop
      vertex 289.712 -70 2.92635
      vertex 260.288 -70 2.92635
      vertex 260.511 -70 3.88229
    endloop
  endfacet
  facet normal 0 1 0
    outer loop
      vertex 289.872 -70 1.95789
      vertex 260.288 -70 2.92635
      vertex 289.712 -70 2.92635
    endloop
  endfacet
  facet normal 0 1 0
    outer loop
      vertex 289.872 -70 1.95789
      vertex 260.128 -70 1.95789
      vertex 260.288 -70 2.92635
    endloop
  endfacet
  facet normal 0 1 0
    outer loop
      vertex 289.968 -70 0.981047
      vertex 260.128 -70 1.95789
      vertex 289.872 -70 1.95789
    endloop
  endfacet
  facet normal 0 1 0
    outer loop
      vertex 289.968 -70 0.981047
      vertex 260.032 -70 0.981047
      vertex 260.128 -70 1.95789
    endloop
  endfacet
  facet normal 0 1 0
    outer loop
      vertex 290 -70 0
      vertex 260.032 -70 0.981047
      vertex 289.968 -70 0.981047
    endloop
  endfacet
  facet normal 0 1 0
    outer loop
      vertex 290 -70 0
      vertex 260 -70 0
      vertex 260.032 -70 0.981047
    endloop
  endfacet
  facet normal 0 1 -0
    outer loop
      vertex 289.968 -70 -0.981047
      vertex 260 -70 0
      vertex 290 -70 0
    endloop
  endfacet
  facet normal 0 1 0
    outer loop
      vertex 289.968 -70 -0.981047
      vertex 260.032 -70 -0.981047
      vertex 260 -70 0
    endloop
  endfacet
  facet normal 0 1 -0
    outer loop
      vertex 289.872 -70 -1.95789
      vertex 260.032 -70 -0.981047
      vertex 289.968 -70 -0.981047
    endloop
  endfacet
  facet normal 0 1 0
    outer loop
      vertex 289.872 -70 -1.95789
      vertex 260.128 -70 -1.95789
      vertex 260.032 -70 -0.981047
    endloop
  endfacet
  facet normal 0 1 -0
    outer loop
      vertex 289.712 -70 -2.92635
      vertex 260.128 -70 -1.95789
      vertex 289.872 -70 -1.95789
    endloop
  endfacet
  facet normal 0 1 0
    outer loop
      vertex 289.712 -70 -2.92635
      vertex 260.288 -70 -2.92635
      vertex 260.128 -70 -1.95789
    endloop
  endfacet
  facet normal 0 1 -0
    outer loop
      vertex 289.489 -70 -3.88229
      vertex 260.288 -70 -2.92635
      vertex 289.712 -70 -2.92635
    endloop
  endfacet
  facet normal 0 1 0
    outer loop
      vertex 289.489 -70 -3.88229
      vertex 260.511 -70 -3.88229
      vertex 260.288 -70 -2.92635
    endloop
  endfacet
  facet normal 0 1 -0
    outer loop
      vertex 289.204 -70 -4.82159
      vertex 260.511 -70 -3.88229
      vertex 289.489 -70 -3.88229
    endloop
  endfacet
  facet normal 0 1 0
    outer loop
      vertex 289.204 -70 -4.82159
      vertex 260.796 -70 -4.82159
      vertex 260.511 -70 -3.88229
    endloop
  endfacet
  facet normal 0 1 -0
    outer loop
      vertex 288.858 -70 -5.74025
      vertex 260.796 -70 -4.82159
      vertex 289.204 -70 -4.82159
    endloop
  endfacet
  facet normal 0 1 0
    outer loop
      vertex 288.858 -70 -5.74025
      vertex 261.142 -70 -5.74025
      vertex 260.796 -70 -4.82159
    endloop
  endfacet
  facet normal 0 1 -0
    outer loop
      vertex 288.453 -70 -6.63433
      vertex 261.142 -70 -5.74025
      vertex 288.858 -70 -5.74025
    endloop
  endfacet
  facet normal 0 1 0
    outer loop
      vertex 288.453 -70 -6.63433
      vertex 261.547 -70 -6.63433
      vertex 261.142 -70 -5.74025
    endloop
  endfacet
  facet normal 0 1 -0
    outer loop
      vertex 287.99 -70 -7.5
      vertex 261.547 -70 -6.63433
      vertex 288.453 -70 -6.63433
    endloop
  endfacet
  facet normal 0 1 0
    outer loop
      vertex 287.99 -70 -7.5
      vertex 262.01 -70 -7.5
      vertex 261.547 -70 -6.63433
    endloop
  endfacet
  facet normal 0 1 -0
    outer loop
      vertex 287.472 -70 -8.33355
      vertex 262.01 -70 -7.5
      vertex 287.99 -70 -7.5
    endloop
  endfacet
  facet normal 0 1 0
    outer loop
      vertex 287.472 -70 -8.33355
      vertex 262.528 -70 -8.33355
      vertex 262.01 -70 -7.5
    endloop
  endfacet
  facet normal 0 1 -0
    outer loop
      vertex 286.9 -70 -9.13142
      vertex 262.528 -70 -8.33355
      vertex 287.472 -70 -8.33355
    endloop
  endfacet
  facet normal 0 1 0
    outer loop
      vertex 286.9 -70 -9.13142
      vertex 263.1 -70 -9.13142
      vertex 262.528 -70 -8.33355
    endloop
  endfacet
  facet normal 0 1 -0
    outer loop
      vertex 286.278 -70 -9.89019
      vertex 263.1 -70 -9.13142
      vertex 286.9 -70 -9.13142
    endloop
  endfacet
  facet normal 0 1 0
    outer loop
      vertex 286.278 -70 -9.89019
      vertex 263.722 -70 -9.89019
      vertex 263.1 -70 -9.13142
    endloop
  endfacet
  facet normal 0 1 -0
    outer loop
      vertex 285.607 -70 -10.6066
      vertex 263.722 -70 -9.89019
      vertex 286.278 -70 -9.89019
    endloop
  endfacet
  facet normal 0 1 0
    outer loop
      vertex 285.607 -70 -10.6066
      vertex 264.393 -70 -10.6066
      vertex 263.722 -70 -9.89019
    endloop
  endfacet
  facet normal 0 1 -0
    outer loop
      vertex 284.89 -70 -11.2776
      vertex 264.393 -70 -10.6066
      vertex 285.607 -70 -10.6066
    endloop
  endfacet
  facet normal 0 1 0
    outer loop
      vertex 284.89 -70 -11.2776
      vertex 265.11 -70 -11.2776
      vertex 264.393 -70 -10.6066
    endloop
  endfacet
  facet normal 0 1 -0
    outer loop
      vertex 284.131 -70 -11.9003
      vertex 265.11 -70 -11.2776
      vertex 284.89 -70 -11.2776
    endloop
  endfacet
  facet normal 0 1 0
    outer loop
      vertex 284.131 -70 -11.9003
      vertex 265.869 -70 -11.9003
      vertex 265.11 -70 -11.2776
    endloop
  endfacet
  facet normal 0 1 -0
    outer loop
      vertex 283.334 -70 -12.472
      vertex 265.869 -70 -11.9003
      vertex 284.131 -70 -11.9003
    endloop
  endfacet
  facet normal 0 1 0
    outer loop
      vertex 283.334 -70 -12.472
      vertex 266.666 -70 -12.472
      vertex 265.869 -70 -11.9003
    endloop
  endfacet
  facet normal 0 1 -0
    outer loop
      vertex 282.5 -70 -12.9904
      vertex 266.666 -70 -12.472
      vertex 283.334 -70 -12.472
    endloop
  endfacet
  facet normal 0 1 0
    outer loop
      vertex 282.5 -70 -12.9904
      vertex 267.5 -70 -12.9904
      vertex 266.666 -70 -12.472
    endloop
  endfacet
  facet normal 0 1 -0
    outer loop
      vertex 281.634 -70 -13.4531
      vertex 267.5 -70 -12.9904
      vertex 282.5 -70 -12.9904
    endloop
  endfacet
  facet normal 0 1 0
    outer loop
      vertex 281.634 -70 -13.4531
      vertex 268.366 -70 -13.4531
      vertex 267.5 -70 -12.9904
    endloop
  endfacet
  facet normal 0 1 0
    outer loop
      vertex 280.363 -70 -14
      vertex 281.634 -70 -13.4531
      vertex 280.74 -70 -13.8582
    endloop
  endfacet
  facet normal 0 1 0
    outer loop
      vertex 281.634 -70 -13.4531
      vertex 280.363 -70 -14
      vertex 268.366 -70 -13.4531
    endloop
  endfacet
  facet normal 0 1 -0
    outer loop
      vertex 269.637 -70 -14
      vertex 268.366 -70 -13.4531
      vertex 280.363 -70 -14
    endloop
  endfacet
  facet normal 0 1 0
    outer loop
      vertex 268.366 -70 -13.4531
      vertex 269.637 -70 -14
      vertex 269.26 -70 -13.8582
    endloop
  endfacet
  facet normal 0 1 0
    outer loop
      vertex 531.634 -70 13.4531
      vertex 530.363 -70 14
      vertex 530.74 -70 13.8582
    endloop
  endfacet
  facet normal 0 1 0
    outer loop
      vertex 530.363 -70 14
      vertex 531.634 -70 13.4531
      vertex 519.637 -70 14
    endloop
  endfacet
  facet normal 0 1 0
    outer loop
      vertex 518.366 -70 13.4531
      vertex 519.637 -70 14
      vertex 531.634 -70 13.4531
    endloop
  endfacet
  facet normal 0 1 0
    outer loop
      vertex 519.637 -70 14
      vertex 518.366 -70 13.4531
      vertex 519.26 -70 13.8582
    endloop
  endfacet
  facet normal 0 1 0
    outer loop
      vertex 532.5 -70 12.9904
      vertex 518.366 -70 13.4531
      vertex 531.634 -70 13.4531
    endloop
  endfacet
  facet normal 0 1 0
    outer loop
      vertex 532.5 -70 12.9904
      vertex 517.5 -70 12.9904
      vertex 518.366 -70 13.4531
    endloop
  endfacet
  facet normal 0 1 0
    outer loop
      vertex 533.334 -70 12.472
      vertex 517.5 -70 12.9904
      vertex 532.5 -70 12.9904
    endloop
  endfacet
  facet normal 0 1 0
    outer loop
      vertex 533.334 -70 12.472
      vertex 516.666 -70 12.472
      vertex 517.5 -70 12.9904
    endloop
  endfacet
  facet normal 0 1 0
    outer loop
      vertex 534.131 -70 11.9003
      vertex 516.666 -70 12.472
      vertex 533.334 -70 12.472
    endloop
  endfacet
  facet normal 0 1 0
    outer loop
      vertex 534.131 -70 11.9003
      vertex 515.869 -70 11.9003
      vertex 516.666 -70 12.472
    endloop
  endfacet
  facet normal 0 1 0
    outer loop
      vertex 534.89 -70 11.2776
      vertex 515.869 -70 11.9003
      vertex 534.131 -70 11.9003
    endloop
  endfacet
  facet normal 0 1 0
    outer loop
      vertex 534.89 -70 11.2776
      vertex 515.11 -70 11.2776
      vertex 515.869 -70 11.9003
    endloop
  endfacet
  facet normal 0 1 0
    outer loop
      vertex 535.607 -70 10.6066
      vertex 515.11 -70 11.2776
      vertex 534.89 -70 11.2776
    endloop
  endfacet
  facet normal 0 1 0
    outer loop
      vertex 535.607 -70 10.6066
      vertex 514.393 -70 10.6066
      vertex 515.11 -70 11.2776
    endloop
  endfacet
  facet normal 0 1 0
    outer loop
      vertex 536.278 -70 9.89019
      vertex 514.393 -70 10.6066
      vertex 535.607 -70 10.6066
    endloop
  endfacet
  facet normal 0 1 0
    outer loop
      vertex 536.278 -70 9.89019
      vertex 513.722 -70 9.89019
      vertex 514.393 -70 10.6066
    endloop
  endfacet
  facet normal 0 1 0
    outer loop
      vertex 536.9 -70 9.13142
      vertex 513.722 -70 9.89019
      vertex 536.278 -70 9.89019
    endloop
  endfacet
  facet normal 0 1 0
    outer loop
      vertex 536.9 -70 9.13142
      vertex 513.1 -70 9.13142
      vertex 513.722 -70 9.89019
    endloop
  endfacet
  facet normal 0 1 0
    outer loop
      vertex 537.472 -70 8.33355
      vertex 513.1 -70 9.13142
      vertex 536.9 -70 9.13142
    endloop
  endfacet
  facet normal 0 1 0
    outer loop
      vertex 537.472 -70 8.33355
      vertex 512.528 -70 8.33355
      vertex 513.1 -70 9.13142
    endloop
  endfacet
  facet normal 0 1 0
    outer loop
      vertex 537.99 -70 7.5
      vertex 512.528 -70 8.33355
      vertex 537.472 -70 8.33355
    endloop
  endfacet
  facet normal 0 1 0
    outer loop
      vertex 537.99 -70 7.5
      vertex 512.01 -70 7.5
      vertex 512.528 -70 8.33355
    endloop
  endfacet
  facet normal 0 1 0
    outer loop
      vertex 538.453 -70 6.63433
      vertex 512.01 -70 7.5
      vertex 537.99 -70 7.5
    endloop
  endfacet
  facet normal 0 1 0
    outer loop
      vertex 538.453 -70 6.63433
      vertex 511.547 -70 6.63433
      vertex 512.01 -70 7.5
    endloop
  endfacet
  facet normal 0 1 0
    outer loop
      vertex 538.858 -70 5.74025
      vertex 511.547 -70 6.63433
      vertex 538.453 -70 6.63433
    endloop
  endfacet
  facet normal 0 1 0
    outer loop
      vertex 538.858 -70 5.74025
      vertex 511.142 -70 5.74025
      vertex 511.547 -70 6.63433
    endloop
  endfacet
  facet normal 0 1 0
    outer loop
      vertex 539.204 -70 4.82159
      vertex 511.142 -70 5.74025
      vertex 538.858 -70 5.74025
    endloop
  endfacet
  facet normal 0 1 0
    outer loop
      vertex 539.204 -70 4.82159
      vertex 510.796 -70 4.82159
      vertex 511.142 -70 5.74025
    endloop
  endfacet
  facet normal 0 1 0
    outer loop
      vertex 539.489 -70 3.88229
      vertex 510.796 -70 4.82159
      vertex 539.204 -70 4.82159
    endloop
  endfacet
  facet normal 0 1 0
    outer loop
      vertex 539.489 -70 3.88229
      vertex 510.511 -70 3.88229
      vertex 510.796 -70 4.82159
    endloop
  endfacet
  facet normal 0 1 0
    outer loop
      vertex 539.712 -70 2.92635
      vertex 510.511 -70 3.88229
      vertex 539.489 -70 3.88229
    endloop
  endfacet
  facet normal 0 1 0
    outer loop
      vertex 539.712 -70 2.92635
      vertex 510.288 -70 2.92635
      vertex 510.511 -70 3.88229
    endloop
  endfacet
  facet normal 0 1 0
    outer loop
      vertex 539.872 -70 1.95789
      vertex 510.288 -70 2.92635
      vertex 539.712 -70 2.92635
    endloop
  endfacet
  facet normal 0 1 0
    outer loop
      vertex 539.872 -70 1.95789
      vertex 510.128 -70 1.95789
      vertex 510.288 -70 2.92635
    endloop
  endfacet
  facet normal 0 1 0
    outer loop
      vertex 539.968 -70 0.981047
      vertex 510.128 -70 1.95789
      vertex 539.872 -70 1.95789
    endloop
  endfacet
  facet normal 0 1 0
    outer loop
      vertex 539.968 -70 0.981047
      vertex 510.032 -70 0.981047
      vertex 510.128 -70 1.95789
    endloop
  endfacet
  facet normal 0 1 0
    outer loop
      vertex 540 -70 0
      vertex 510.032 -70 0.981047
      vertex 539.968 -70 0.981047
    endloop
  endfacet
  facet normal 0 1 0
    outer loop
      vertex 540 -70 0
      vertex 510 -70 0
      vertex 510.032 -70 0.981047
    endloop
  endfacet
  facet normal 0 1 -0
    outer loop
      vertex 539.968 -70 -0.981047
      vertex 510 -70 0
      vertex 540 -70 0
    endloop
  endfacet
  facet normal 0 1 0
    outer loop
      vertex 539.968 -70 -0.981047
      vertex 510.032 -70 -0.981047
      vertex 510 -70 0
    endloop
  endfacet
  facet normal 0 1 -0
    outer loop
      vertex 539.872 -70 -1.95789
      vertex 510.032 -70 -0.981047
      vertex 539.968 -70 -0.981047
    endloop
  endfacet
  facet normal 0 1 0
    outer loop
      vertex 539.872 -70 -1.95789
      vertex 510.128 -70 -1.95789
      vertex 510.032 -70 -0.981047
    endloop
  endfacet
  facet normal 0 1 -0
    outer loop
      vertex 539.712 -70 -2.92635
      vertex 510.128 -70 -1.95789
      vertex 539.872 -70 -1.95789
    endloop
  endfacet
  facet normal 0 1 0
    outer loop
      vertex 539.712 -70 -2.92635
      vertex 510.288 -70 -2.92635
      vertex 510.128 -70 -1.95789
    endloop
  endfacet
  facet normal 0 1 -0
    outer loop
      vertex 539.489 -70 -3.88229
      vertex 510.288 -70 -2.92635
      vertex 539.712 -70 -2.92635
    endloop
  endfacet
  facet normal 0 1 0
    outer loop
      vertex 539.489 -70 -3.88229
      vertex 510.511 -70 -3.88229
      vertex 510.288 -70 -2.92635
    endloop
  endfacet
  facet normal 0 1 -0
    outer loop
      vertex 539.204 -70 -4.82159
      vertex 510.511 -70 -3.88229
      vertex 539.489 -70 -3.88229
    endloop
  endfacet
  facet normal 0 1 0
    outer loop
      vertex 539.204 -70 -4.82159
      vertex 510.796 -70 -4.82159
      vertex 510.511 -70 -3.88229
    endloop
  endfacet
  facet normal 0 1 -0
    outer loop
      vertex 538.858 -70 -5.74025
      vertex 510.796 -70 -4.82159
      vertex 539.204 -70 -4.82159
    endloop
  endfacet
  facet normal 0 1 0
    outer loop
      vertex 538.858 -70 -5.74025
      vertex 511.142 -70 -5.74025
      vertex 510.796 -70 -4.82159
    endloop
  endfacet
  facet normal 0 1 -0
    outer loop
      vertex 538.453 -70 -6.63433
      vertex 511.142 -70 -5.74025
      vertex 538.858 -70 -5.74025
    endloop
  endfacet
  facet normal 0 1 0
    outer loop
      vertex 538.453 -70 -6.63433
      vertex 511.547 -70 -6.63433
      vertex 511.142 -70 -5.74025
    endloop
  endfacet
  facet normal 0 1 -0
    outer loop
      vertex 537.99 -70 -7.5
      vertex 511.547 -70 -6.63433
      vertex 538.453 -70 -6.63433
    endloop
  endfacet
  facet normal 0 1 0
    outer loop
      vertex 537.99 -70 -7.5
      vertex 512.01 -70 -7.5
      vertex 511.547 -70 -6.63433
    endloop
  endfacet
  facet normal 0 1 -0
    outer loop
      vertex 537.472 -70 -8.33355
      vertex 512.01 -70 -7.5
      vertex 537.99 -70 -7.5
    endloop
  endfacet
  facet normal 0 1 0
    outer loop
      vertex 537.472 -70 -8.33355
      vertex 512.528 -70 -8.33355
      vertex 512.01 -70 -7.5
    endloop
  endfacet
  facet normal 0 1 -0
    outer loop
      vertex 536.9 -70 -9.13142
      vertex 512.528 -70 -8.33355
      vertex 537.472 -70 -8.33355
    endloop
  endfacet
  facet normal 0 1 0
    outer loop
      vertex 536.9 -70 -9.13142
      vertex 513.1 -70 -9.13142
      vertex 512.528 -70 -8.33355
    endloop
  endfacet
  facet normal 0 1 -0
    outer loop
      vertex 536.278 -70 -9.89019
      vertex 513.1 -70 -9.13142
      vertex 536.9 -70 -9.13142
    endloop
  endfacet
  facet normal 0 1 0
    outer loop
      vertex 536.278 -70 -9.89019
      vertex 513.722 -70 -9.89019
      vertex 513.1 -70 -9.13142
    endloop
  endfacet
  facet normal 0 1 -0
    outer loop
      vertex 535.607 -70 -10.6066
      vertex 513.722 -70 -9.89019
      vertex 536.278 -70 -9.89019
    endloop
  endfacet
  facet normal 0 1 0
    outer loop
      vertex 535.607 -70 -10.6066
      vertex 514.393 -70 -10.6066
      vertex 513.722 -70 -9.89019
    endloop
  endfacet
  facet normal 0 1 -0
    outer loop
      vertex 534.89 -70 -11.2776
      vertex 514.393 -70 -10.6066
      vertex 535.607 -70 -10.6066
    endloop
  endfacet
  facet normal 0 1 0
    outer loop
      vertex 534.89 -70 -11.2776
      vertex 515.11 -70 -11.2776
      vertex 514.393 -70 -10.6066
    endloop
  endfacet
  facet normal 0 1 -0
    outer loop
      vertex 534.131 -70 -11.9003
      vertex 515.11 -70 -11.2776
      vertex 534.89 -70 -11.2776
    endloop
  endfacet
  facet normal 0 1 0
    outer loop
      vertex 534.131 -70 -11.9003
      vertex 515.869 -70 -11.9003
      vertex 515.11 -70 -11.2776
    endloop
  endfacet
  facet normal 0 1 -0
    outer loop
      vertex 533.334 -70 -12.472
      vertex 515.869 -70 -11.9003
      vertex 534.131 -70 -11.9003
    endloop
  endfacet
  facet normal 0 1 0
    outer loop
      vertex 533.334 -70 -12.472
      vertex 516.666 -70 -12.472
      vertex 515.869 -70 -11.9003
    endloop
  endfacet
  facet normal 0 1 -0
    outer loop
      vertex 532.5 -70 -12.9904
      vertex 516.666 -70 -12.472
      vertex 533.334 -70 -12.472
    endloop
  endfacet
  facet normal 0 1 0
    outer loop
      vertex 532.5 -70 -12.9904
      vertex 517.5 -70 -12.9904
      vertex 516.666 -70 -12.472
    endloop
  endfacet
  facet normal 0 1 -0
    outer loop
      vertex 531.634 -70 -13.4531
      vertex 517.5 -70 -12.9904
      vertex 532.5 -70 -12.9904
    endloop
  endfacet
  facet normal 0 1 0
    outer loop
      vertex 531.634 -70 -13.4531
      vertex 518.366 -70 -13.4531
      vertex 517.5 -70 -12.9904
    endloop
  endfacet
  facet normal 0 1 0
    outer loop
      vertex 530.363 -70 -14
      vertex 531.634 -70 -13.4531
      vertex 530.74 -70 -13.8582
    endloop
  endfacet
  facet normal 0 1 0
    outer loop
      vertex 531.634 -70 -13.4531
      vertex 530.363 -70 -14
      vertex 518.366 -70 -13.4531
    endloop
  endfacet
  facet normal 0 1 -0
    outer loop
      vertex 519.637 -70 -14
      vertex 518.366 -70 -13.4531
      vertex 530.363 -70 -14
    endloop
  endfacet
  facet normal 0 1 0
    outer loop
      vertex 518.366 -70 -13.4531
      vertex 519.637 -70 -14
      vertex 519.26 -70 -13.8582
    endloop
  endfacet
  facet normal 1 -0 0
    outer loop
      vertex 570 -45 14
      vertex 570 45 6
      vertex 570 45 14
    endloop
  endfacet
  facet normal 1 0 0
    outer loop
      vertex 570 45 6
      vertex 570 -45 14
      vertex 570 -45 6
    endloop
  endfacet
  facet normal 0 0 -1
    outer loop
      vertex 230 -45 6
      vertex 570 45 6
      vertex 570 -45 6
    endloop
  endfacet
  facet normal -0 0 -1
    outer loop
      vertex 570 45 6
      vertex 230 -45 6
      vertex 230 45 6
    endloop
  endfacet
  facet normal -1 0 0
    outer loop
      vertex 230 -45 6
      vertex 230 45 14
      vertex 230 45 6
    endloop
  endfacet
  facet normal -1 -0 0
    outer loop
      vertex 230 45 14
      vertex 230 -45 6
      vertex 230 -45 14
    endloop
  endfacet
  facet normal 0 1 -0
    outer loop
      vertex 570 45 6
      vertex 230 45 14
      vertex 570 45 14
    endloop
  endfacet
  facet normal 0 1 0
    outer loop
      vertex 230 45 14
      vertex 570 45 6
      vertex 230 45 6
    endloop
  endfacet
  facet normal 0 -1 0
    outer loop
      vertex 230 -45 6
      vertex 570 -45 14
      vertex 230 -45 14
    endloop
  endfacet
  facet normal 0 -1 -0
    outer loop
      vertex 570 -45 14
      vertex 230 -45 6
      vertex 570 -45 6
    endloop
  endfacet
  facet normal -0 0 1
    outer loop
      vertex 530.363 70 -14
      vertex 644 54 -14
      vertex 644 70 -14
    endloop
  endfacet
  facet normal -0 0 1
    outer loop
      vertex 519.637 70 -14
      vertex 644 54 -14
      vertex 530.363 70 -14
    endloop
  endfacet
  facet normal -0 0 1
    outer loop
      vertex 280.363 70 -14
      vertex 644 54 -14
      vertex 519.637 70 -14
    endloop
  endfacet
  facet normal 0 0 1
    outer loop
      vertex 164 54 -14
      vertex 280.363 70 -14
      vertex 269.637 70 -14
    endloop
  endfacet
  facet normal 0 0 1
    outer loop
      vertex 164 54 -14
      vertex 269.637 70 -14
      vertex 164 70 -14
    endloop
  endfacet
  facet normal 0 0 1
    outer loop
      vertex 280.363 70 -14
      vertex 164 54 -14
      vertex 644 54 -14
    endloop
  endfacet
  facet normal 0 0 1
    outer loop
      vertex 644 -54 -14
      vertex 530.363 -70 -14
      vertex 644 -70 -14
    endloop
  endfacet
  facet normal 0 0 1
    outer loop
      vertex 644 -54 -14
      vertex 519.637 -70 -14
      vertex 530.363 -70 -14
    endloop
  endfacet
  facet normal 0 0 1
    outer loop
      vertex 644 -54 -14
      vertex 280.363 -70 -14
      vertex 519.637 -70 -14
    endloop
  endfacet
  facet normal -0 0 1
    outer loop
      vertex 164 -54 -14
      vertex 280.363 -70 -14
      vertex 644 -54 -14
    endloop
  endfacet
  facet normal 0 0 1
    outer loop
      vertex 280.363 -70 -14
      vertex 164 -54 -14
      vertex 269.637 -70 -14
    endloop
  endfacet
  facet normal 0 0 1
    outer loop
      vertex 269.637 -70 -14
      vertex 164 -54 -14
      vertex 164 -70 -14
    endloop
  endfacet
  facet normal 0 0 1
    outer loop
      vertex 644 48 -14
      vertex 570 45 -14
      vertex 644 -48 -14
    endloop
  endfacet
  facet normal 0 0 1
    outer loop
      vertex 644 48 -14
      vertex 230 45 -14
      vertex 570 45 -14
    endloop
  endfacet
  facet normal 0 0 1
    outer loop
      vertex 230 45 -14
      vertex 164 48 -14
      vertex 230 -45 -14
    endloop
  endfacet
  facet normal -0 0 1
    outer loop
      vertex 164 48 -14
      vertex 230 45 -14
      vertex 644 48 -14
    endloop
  endfacet
  facet normal -0 0 1
    outer loop
      vertex 570 -45 -14
      vertex 644 -48 -14
      vertex 570 45 -14
    endloop
  endfacet
  facet normal -0 0 1
    outer loop
      vertex 230 -45 -14
      vertex 644 -48 -14
      vertex 570 -45 -14
    endloop
  endfacet
  facet normal 0 0 1
    outer loop
      vertex 230 -45 -14
      vertex 164 -48 -14
      vertex 644 -48 -14
    endloop
  endfacet
  facet normal 0 0 1
    outer loop
      vertex 164 -48 -14
      vertex 230 -45 -14
      vertex 164 48 -14
    endloop
  endfacet
  facet normal 0 0 -1
    outer loop
      vertex 164 -70 -20
      vertex 644 70 -20
      vertex 644 -70 -20
    endloop
  endfacet
  facet normal -0 0 -1
    outer loop
      vertex 644 70 -20
      vertex 164 -70 -20
      vertex 164 70 -20
    endloop
  endfacet
  facet normal 1 -0 0
    outer loop
      vertex 570 -45 -6
      vertex 570 45 -14
      vertex 570 45 -6
    endloop
  endfacet
  facet normal 1 0 0
    outer loop
      vertex 570 45 -14
      vertex 570 -45 -6
      vertex 570 -45 -14
    endloop
  endfacet
  facet normal -0 0 1
    outer loop
      vertex 230 45 -6
      vertex 570 -45 -6
      vertex 570 45 -6
    endloop
  endfacet
  facet normal 0 0 1
    outer loop
      vertex 570 -45 -6
      vertex 230 45 -6
      vertex 230 -45 -6
    endloop
  endfacet
  facet normal -1 0 0
    outer loop
      vertex 230 -45 -14
      vertex 230 45 -6
      vertex 230 45 -14
    endloop
  endfacet
  facet normal -1 -0 0
    outer loop
      vertex 230 45 -6
      vertex 230 -45 -14
      vertex 230 -45 -6
    endloop
  endfacet
  facet normal 0 1 -0
    outer loop
      vertex 570 45 -14
      vertex 230 45 -6
      vertex 570 45 -6
    endloop
  endfacet
  facet normal 0 1 0
    outer loop
      vertex 230 45 -6
      vertex 570 45 -14
      vertex 230 45 -14
    endloop
  endfacet
  facet normal 0 -1 0
    outer loop
      vertex 230 -45 -14
      vertex 570 -45 -6
      vertex 230 -45 -6
    endloop
  endfacet
  facet normal 0 -1 -0
    outer loop
      vertex 570 -45 -6
      vertex 230 -45 -14
      vertex 570 -45 -14
    endloop
  endfacet
  facet normal 0 1 -0
    outer loop
      vertex 644 54 -14
      vertex 164 54 14
      vertex 644 54 14
    endloop
  endfacet
  facet normal 0 1 0
    outer loop
      vertex 164 54 14
      vertex 644 54 -14
      vertex 164 54 -14
    endloop
  endfacet
  facet normal 0 -1 0
    outer loop
      vertex 164 48 -14
      vertex 644 48 14
      vertex 164 48 14
    endloop
  endfacet
  facet normal 0 -1 -0
    outer loop
      vertex 644 48 14
      vertex 164 48 -14
      vertex 644 48 -14
    endloop
  endfacet
  facet normal 0 1 -0
    outer loop
      vertex 644 -48 -14
      vertex 164 -48 14
      vertex 644 -48 14
    endloop
  endfacet
  facet normal 0 1 0
    outer loop
      vertex 164 -48 14
      vertex 644 -48 -14
      vertex 164 -48 -14
    endloop
  endfacet
  facet normal 0 -1 0
    outer loop
      vertex 164 -54 -14
      vertex 644 -54 14
      vertex 164 -54 14
    endloop
  endfacet
  facet normal 0 -1 -0
    outer loop
      vertex 644 -54 14
      vertex 164 -54 -14
      vertex 644 -54 -14
    endloop
  endfacet
  facet normal 0.995206 0 -0.0978046
    outer loop
      vertex 289.968 70 -0.981047
      vertex 289.872 86 -1.95789
      vertex 289.968 86 -0.981047
    endloop
  endfacet
  facet normal 0.995206 0 -0.0978046
    outer loop
      vertex 289.872 86 -1.95789
      vertex 289.968 70 -0.981047
      vertex 289.872 70 -1.95789
    endloop
  endfacet
  facet normal 0.999468 0 -0.0326009
    outer loop
      vertex 290 70 0
      vertex 289.968 86 -0.981047
      vertex 290 86 0
    endloop
  endfacet
  facet normal 0.999468 0 -0.0326009
    outer loop
      vertex 289.968 86 -0.981047
      vertex 290 70 0
      vertex 289.968 70 -0.981047
    endloop
  endfacet
  facet normal -0.986626 0 -0.163001
    outer loop
      vertex 260.288 70 -2.92635
      vertex 260.128 86 -1.95789
      vertex 260.288 86 -2.92635
    endloop
  endfacet
  facet normal -0.986626 -0 -0.163001
    outer loop
      vertex 260.128 86 -1.95789
      vertex 260.288 70 -2.92635
      vertex 260.128 70 -1.95789
    endloop
  endfacet
  facet normal 0.471249 0 0.882
    outer loop
      vertex 281.634 86 13.4531
      vertex 282.5 70 12.9904
      vertex 282.5 86 12.9904
    endloop
  endfacet
  facet normal 0.471249 0 0.882
    outer loop
      vertex 282.5 70 12.9904
      vertex 281.634 86 13.4531
      vertex 281.634 70 13.4531
    endloop
  endfacet
  facet normal -0.910903 0 -0.41262
    outer loop
      vertex 261.547 70 -6.63433
      vertex 261.142 86 -5.74025
      vertex 261.547 86 -6.63433
    endloop
  endfacet
  facet normal -0.910903 -0 -0.41262
    outer loop
      vertex 261.142 86 -5.74025
      vertex 261.547 70 -6.63433
      vertex 261.142 70 -5.74025
    endloop
  endfacet
  facet normal 0.72986 -0 0.683597
    outer loop
      vertex 285.607 70 10.6066
      vertex 286.278 86 9.89019
      vertex 285.607 86 10.6066
    endloop
  endfacet
  facet normal 0.72986 0 0.683597
    outer loop
      vertex 286.278 86 9.89019
      vertex 285.607 70 10.6066
      vertex 286.278 70 9.89019
    endloop
  endfacet
  facet normal -0.956922 0 0.290347
    outer loop
      vertex 260.511 70 3.88229
      vertex 260.796 86 4.82159
      vertex 260.511 86 3.88229
    endloop
  endfacet
  facet normal -0.956922 0 0.290347
    outer loop
      vertex 260.796 86 4.82159
      vertex 260.511 70 3.88229
      vertex 260.796 70 4.82159
    endloop
  endfacet
  facet normal 0.956922 0 -0.290347
    outer loop
      vertex 289.489 70 -3.88229
      vertex 289.204 86 -4.82159
      vertex 289.489 86 -3.88229
    endloop
  endfacet
  facet normal 0.956922 0 -0.290347
    outer loop
      vertex 289.204 86 -4.82159
      vertex 289.489 70 -3.88229
      vertex 289.204 70 -4.82159
    endloop
  endfacet
  facet normal -0.290055 0 0.95701
    outer loop
      vertex 270.178 86 14.204
      vertex 271.118 70 14.4889
      vertex 271.118 86 14.4889
    endloop
  endfacet
  facet normal -0.290055 0 0.95701
    outer loop
      vertex 271.118 70 14.4889
      vertex 270.178 86 14.204
      vertex 270.178 70 14.204
    endloop
  endfacet
  facet normal 0.582867 0 -0.812568
    outer loop
      vertex 283.334 70 -12.472
      vertex 284.131 86 -11.9003
      vertex 284.131 70 -11.9003
    endloop
  endfacet
  facet normal 0.582867 0 -0.812568
    outer loop
      vertex 284.131 86 -11.9003
      vertex 283.334 70 -12.472
      vertex 283.334 86 -12.472
    endloop
  endfacet
  facet normal -0.812724 0 0.582649
    outer loop
      vertex 262.528 70 8.33355
      vertex 263.1 86 9.13142
      vertex 262.528 86 8.33355
    endloop
  endfacet
  facet normal -0.812724 0 0.582649
    outer loop
      vertex 263.1 86 9.13142
      vertex 262.528 70 8.33355
      vertex 263.1 70 9.13142
    endloop
  endfacet
  facet normal 0.986626 -0 0.163001
    outer loop
      vertex 289.712 70 2.92635
      vertex 289.872 86 1.95789
      vertex 289.712 86 2.92635
    endloop
  endfacet
  facet normal 0.986626 0 0.163001
    outer loop
      vertex 289.872 86 1.95789
      vertex 289.712 70 2.92635
      vertex 289.872 70 1.95789
    endloop
  endfacet
  facet normal 0.634274 0 0.773108
    outer loop
      vertex 284.131 86 11.9003
      vertex 284.89 70 11.2776
      vertex 284.89 86 11.2776
    endloop
  endfacet
  facet normal 0.634274 0 0.773108
    outer loop
      vertex 284.89 70 11.2776
      vertex 284.131 86 11.9003
      vertex 284.131 70 11.9003
    endloop
  endfacet
  facet normal 0.881799 0 -0.471626
    outer loop
      vertex 288.453 70 -6.63433
      vertex 287.99 86 -7.5
      vertex 288.453 86 -6.63433
    endloop
  endfacet
  facet normal 0.881799 0 -0.471626
    outer loop
      vertex 287.99 86 -7.5
      vertex 288.453 70 -6.63433
      vertex 287.99 70 -7.5
    endloop
  endfacet
  facet normal -0.0979908 0 -0.995187
    outer loop
      vertex 273.042 70 -14.8717
      vertex 274.019 86 -14.9679
      vertex 274.019 70 -14.9679
    endloop
  endfacet
  facet normal -0.0979908 0 -0.995187
    outer loop
      vertex 274.019 86 -14.9679
      vertex 273.042 70 -14.8717
      vertex 273.042 86 -14.8717
    endloop
  endfacet
  facet normal -0.0327042 0 -0.999465
    outer loop
      vertex 274.019 70 -14.9679
      vertex 275 86 -15
      vertex 275 70 -15
    endloop
  endfacet
  facet normal -0.0327042 0 -0.999465
    outer loop
      vertex 275 86 -15
      vertex 274.019 70 -14.9679
      vertex 274.019 86 -14.9679
    endloop
  endfacet
  facet normal 0.0979908 0 -0.995187
    outer loop
      vertex 275.981 70 -14.9679
      vertex 276.958 86 -14.8717
      vertex 276.958 70 -14.8717
    endloop
  endfacet
  facet normal 0.0979908 0 -0.995187
    outer loop
      vertex 276.958 86 -14.8717
      vertex 275.981 70 -14.9679
      vertex 275.981 86 -14.9679
    endloop
  endfacet
  facet normal 0.995206 -0 0.0978046
    outer loop
      vertex 289.872 70 1.95789
      vertex 289.968 86 0.981047
      vertex 289.872 86 1.95789
    endloop
  endfacet
  facet normal 0.995206 0 0.0978046
    outer loop
      vertex 289.968 86 0.981047
      vertex 289.872 70 1.95789
      vertex 289.968 70 0.981047
    endloop
  endfacet
  facet normal -0.352829 0 -0.935688
    outer loop
      vertex 269.637 70 -14
      vertex 270.178 86 -14.204
      vertex 270.178 70 -14.204
    endloop
  endfacet
  facet normal -0.352048 -0 -0.935982
    outer loop
      vertex 269.26 86 -13.8582
      vertex 269.637 70 -14
      vertex 269.26 70 -13.8582
    endloop
  endfacet
  facet normal -0.352508 -1.2373e-05 -0.935809
    outer loop
      vertex 269.637 70 -14
      vertex 269.26 86 -13.8582
      vertex 270.178 86 -14.204
    endloop
  endfacet
  facet normal 0.582867 0 0.812568
    outer loop
      vertex 283.334 86 12.472
      vertex 284.131 70 11.9003
      vertex 284.131 86 11.9003
    endloop
  endfacet
  facet normal 0.582867 0 0.812568
    outer loop
      vertex 284.131 70 11.9003
      vertex 283.334 86 12.472
      vertex 283.334 70 12.472
    endloop
  endfacet
  facet normal -0.162977 0 -0.98663
    outer loop
      vertex 272.074 70 -14.7118
      vertex 273.042 86 -14.8717
      vertex 273.042 70 -14.8717
    endloop
  endfacet
  facet normal -0.162977 0 -0.98663
    outer loop
      vertex 273.042 86 -14.8717
      vertex 272.074 70 -14.7118
      vertex 272.074 86 -14.7118
    endloop
  endfacet
  facet normal 0.812724 0 -0.582649
    outer loop
      vertex 287.472 70 -8.33355
      vertex 286.9 86 -9.13142
      vertex 287.472 86 -8.33355
    endloop
  endfacet
  facet normal 0.812724 0 -0.582649
    outer loop
      vertex 286.9 86 -9.13142
      vertex 287.472 70 -8.33355
      vertex 286.9 70 -9.13142
    endloop
  endfacet
  facet normal -0.935825 0 -0.352465
    outer loop
      vertex 261.142 70 -5.74025
      vertex 260.796 86 -4.82159
      vertex 261.142 86 -5.74025
    endloop
  endfacet
  facet normal -0.935825 -0 -0.352465
    outer loop
      vertex 260.796 86 -4.82159
      vertex 261.142 70 -5.74025
      vertex 260.796 70 -4.82159
    endloop
  endfacet
  facet normal -0.582867 0 -0.812568
    outer loop
      vertex 265.869 70 -11.9003
      vertex 266.666 86 -12.472
      vertex 266.666 70 -12.472
    endloop
  endfacet
  facet normal -0.582867 0 -0.812568
    outer loop
      vertex 266.666 86 -12.472
      vertex 265.869 70 -11.9003
      vertex 265.869 86 -11.9003
    endloop
  endfacet
  facet normal 0.227069 0 0.973879
    outer loop
      vertex 277.926 86 14.7118
      vertex 278.882 70 14.4889
      vertex 278.882 86 14.4889
    endloop
  endfacet
  facet normal 0.227069 0 0.973879
    outer loop
      vertex 278.882 70 14.4889
      vertex 277.926 86 14.7118
      vertex 277.926 70 14.7118
    endloop
  endfacet
  facet normal 0.471249 0 -0.882
    outer loop
      vertex 281.634 70 -13.4531
      vertex 282.5 86 -12.9904
      vertex 282.5 70 -12.9904
    endloop
  endfacet
  facet normal 0.471249 0 -0.882
    outer loop
      vertex 282.5 86 -12.9904
      vertex 281.634 70 -13.4531
      vertex 281.634 86 -13.4531
    endloop
  endfacet
  facet normal -0.683297 0 0.73014
    outer loop
      vertex 264.393 86 10.6066
      vertex 265.11 70 11.2776
      vertex 265.11 86 11.2776
    endloop
  endfacet
  facet normal -0.683297 0 0.73014
    outer loop
      vertex 265.11 70 11.2776
      vertex 264.393 86 10.6066
      vertex 264.393 70 10.6066
    endloop
  endfacet
  facet normal -0.773363 0 -0.633963
    outer loop
      vertex 263.722 70 -9.89019
      vertex 263.1 86 -9.13142
      vertex 263.722 86 -9.89019
    endloop
  endfacet
  facet normal -0.773363 -0 -0.633963
    outer loop
      vertex 263.1 86 -9.13142
      vertex 263.722 70 -9.89019
      vertex 263.1 70 -9.13142
    endloop
  endfacet
  facet normal 0.0979908 0 0.995187
    outer loop
      vertex 275.981 86 14.9679
      vertex 276.958 70 14.8717
      vertex 276.958 86 14.8717
    endloop
  endfacet
  facet normal 0.0979908 0 0.995187
    outer loop
      vertex 276.958 70 14.8717
      vertex 275.981 86 14.9679
      vertex 275.981 70 14.9679
    endloop
  endfacet
  facet normal -0.0327042 0 0.999465
    outer loop
      vertex 274.019 86 14.9679
      vertex 275 70 15
      vertex 275 86 15
    endloop
  endfacet
  facet normal -0.0327042 0 0.999465
    outer loop
      vertex 275 70 15
      vertex 274.019 86 14.9679
      vertex 274.019 70 14.9679
    endloop
  endfacet
  facet normal -0.412736 0 0.910851
    outer loop
      vertex 268.366 86 13.4531
      vertex 269.26 70 13.8582
      vertex 269.26 86 13.8582
    endloop
  endfacet
  facet normal -0.412736 0 0.910851
    outer loop
      vertex 269.26 70 13.8582
      vertex 268.366 86 13.4531
      vertex 268.366 70 13.4531
    endloop
  endfacet
  facet normal 0.162977 0 0.98663
    outer loop
      vertex 276.958 86 14.8717
      vertex 277.926 70 14.7118
      vertex 277.926 86 14.7118
    endloop
  endfacet
  facet normal 0.162977 0 0.98663
    outer loop
      vertex 277.926 70 14.7118
      vertex 276.958 86 14.8717
      vertex 276.958 70 14.8717
    endloop
  endfacet
  facet normal 0.935825 0 -0.352465
    outer loop
      vertex 289.204 70 -4.82159
      vertex 288.858 86 -5.74025
      vertex 289.204 86 -4.82159
    endloop
  endfacet
  facet normal 0.935825 0 -0.352465
    outer loop
      vertex 288.858 86 -5.74025
      vertex 289.204 70 -4.82159
      vertex 288.858 70 -5.74025
    endloop
  endfacet
  facet normal 0.773363 -0 0.633963
    outer loop
      vertex 286.278 70 9.89019
      vertex 286.9 86 9.13142
      vertex 286.278 86 9.89019
    endloop
  endfacet
  facet normal 0.773363 0 0.633963
    outer loop
      vertex 286.9 86 9.13142
      vertex 286.278 70 9.89019
      vertex 286.9 70 9.13142
    endloop
  endfacet
  facet normal 0.881799 -0 0.471626
    outer loop
      vertex 287.99 70 7.5
      vertex 288.453 86 6.63433
      vertex 287.99 86 7.5
    endloop
  endfacet
  facet normal 0.881799 0 0.471626
    outer loop
      vertex 288.453 86 6.63433
      vertex 287.99 70 7.5
      vertex 288.453 70 6.63433
    endloop
  endfacet
  facet normal -0.956922 0 -0.290347
    outer loop
      vertex 260.796 70 -4.82159
      vertex 260.511 86 -3.88229
      vertex 260.796 86 -4.82159
    endloop
  endfacet
  facet normal -0.956922 -0 -0.290347
    outer loop
      vertex 260.511 86 -3.88229
      vertex 260.796 70 -4.82159
      vertex 260.511 70 -3.88229
    endloop
  endfacet
  facet normal -0.995206 0 0.0978046
    outer loop
      vertex 260.032 70 0.981047
      vertex 260.128 86 1.95789
      vertex 260.032 86 0.981047
    endloop
  endfacet
  facet normal -0.995206 0 0.0978046
    outer loop
      vertex 260.128 86 1.95789
      vertex 260.032 70 0.981047
      vertex 260.128 70 1.95789
    endloop
  endfacet
  facet normal 0.227069 0 -0.973879
    outer loop
      vertex 277.926 70 -14.7118
      vertex 278.882 86 -14.4889
      vertex 278.882 70 -14.4889
    endloop
  endfacet
  facet normal 0.227069 0 -0.973879
    outer loop
      vertex 278.882 86 -14.4889
      vertex 277.926 70 -14.7118
      vertex 277.926 86 -14.7118
    endloop
  endfacet
  facet normal 0.999468 -0 0.0326009
    outer loop
      vertex 289.968 70 0.981047
      vertex 290 86 0
      vertex 289.968 86 0.981047
    endloop
  endfacet
  facet normal 0.999468 0 0.0326009
    outer loop
      vertex 290 86 0
      vertex 289.968 70 0.981047
      vertex 290 70 0
    endloop
  endfacet
  facet normal 0.634274 0 -0.773108
    outer loop
      vertex 284.131 70 -11.9003
      vertex 284.89 86 -11.2776
      vertex 284.89 70 -11.2776
    endloop
  endfacet
  facet normal 0.634274 0 -0.773108
    outer loop
      vertex 284.89 86 -11.2776
      vertex 284.131 70 -11.9003
      vertex 284.131 86 -11.9003
    endloop
  endfacet
  facet normal 0.412736 0 0.910851
    outer loop
      vertex 280.74 86 13.8582
      vertex 281.634 70 13.4531
      vertex 281.634 86 13.4531
    endloop
  endfacet
  facet normal 0.412736 0 0.910851
    outer loop
      vertex 281.634 70 13.4531
      vertex 280.74 86 13.8582
      vertex 280.74 70 13.8582
    endloop
  endfacet
  facet normal -0.849355 0 0.527822
    outer loop
      vertex 262.01 70 7.5
      vertex 262.528 86 8.33355
      vertex 262.01 86 7.5
    endloop
  endfacet
  facet normal -0.849355 0 0.527822
    outer loop
      vertex 262.528 86 8.33355
      vertex 262.01 70 7.5
      vertex 262.528 70 8.33355
    endloop
  endfacet
  facet normal 0.910903 0 -0.41262
    outer loop
      vertex 288.858 70 -5.74025
      vertex 288.453 86 -6.63433
      vertex 288.858 86 -5.74025
    endloop
  endfacet
  facet normal 0.910903 0 -0.41262
    outer loop
      vertex 288.453 86 -6.63433
      vertex 288.858 70 -5.74025
      vertex 288.453 70 -6.63433
    endloop
  endfacet
  facet normal 0.773363 0 -0.633963
    outer loop
      vertex 286.9 70 -9.13142
      vertex 286.278 86 -9.89019
      vertex 286.9 86 -9.13142
    endloop
  endfacet
  facet normal 0.773363 0 -0.633963
    outer loop
      vertex 286.278 86 -9.89019
      vertex 286.9 70 -9.13142
      vertex 286.278 70 -9.89019
    endloop
  endfacet
  facet normal 0.352048 0 0.935982
    outer loop
      vertex 280.74 86 13.8582
      vertex 280.363 70 14
      vertex 280.74 70 13.8582
    endloop
  endfacet
  facet normal 0.352508 -1.2373e-05 0.935809
    outer loop
      vertex 279.822 86 14.204
      vertex 280.363 70 14
      vertex 280.74 86 13.8582
    endloop
  endfacet
  facet normal 0.352829 0 0.935688
    outer loop
      vertex 280.363 70 14
      vertex 279.822 86 14.204
      vertex 279.822 70 14.204
    endloop
  endfacet
  facet normal -0.72986 0 -0.683597
    outer loop
      vertex 264.393 70 -10.6066
      vertex 263.722 86 -9.89019
      vertex 264.393 86 -10.6066
    endloop
  endfacet
  facet normal -0.72986 -0 -0.683597
    outer loop
      vertex 263.722 86 -9.89019
      vertex 264.393 70 -10.6066
      vertex 263.722 70 -9.89019
    endloop
  endfacet
  facet normal 0.352048 0 -0.935982
    outer loop
      vertex 280.363 70 -14
      vertex 280.74 86 -13.8582
      vertex 280.74 70 -13.8582
    endloop
  endfacet
  facet normal 0.352829 0 -0.935688
    outer loop
      vertex 279.822 86 -14.204
      vertex 280.363 70 -14
      vertex 279.822 70 -14.204
    endloop
  endfacet
  facet normal 0.352508 -1.2373e-05 -0.935809
    outer loop
      vertex 280.363 70 -14
      vertex 279.822 86 -14.204
      vertex 280.74 86 -13.8582
    endloop
  endfacet
  facet normal 0.0327042 0 -0.999465
    outer loop
      vertex 275 70 -15
      vertex 275.981 86 -14.9679
      vertex 275.981 70 -14.9679
    endloop
  endfacet
  facet normal 0.0327042 0 -0.999465
    outer loop
      vertex 275.981 86 -14.9679
      vertex 275 70 -15
      vertex 275 86 -15
    endloop
  endfacet
  facet normal 0.683297 0 -0.73014
    outer loop
      vertex 284.89 70 -11.2776
      vertex 285.607 86 -10.6066
      vertex 285.607 70 -10.6066
    endloop
  endfacet
  facet normal 0.683297 0 -0.73014
    outer loop
      vertex 285.607 86 -10.6066
      vertex 284.89 70 -11.2776
      vertex 284.89 86 -11.2776
    endloop
  endfacet
  facet normal -0.290055 0 -0.95701
    outer loop
      vertex 270.178 70 -14.204
      vertex 271.118 86 -14.4889
      vertex 271.118 70 -14.4889
    endloop
  endfacet
  facet normal -0.290055 0 -0.95701
    outer loop
      vertex 271.118 86 -14.4889
      vertex 270.178 70 -14.204
      vertex 270.178 86 -14.204
    endloop
  endfacet
  facet normal -0.849355 0 -0.527822
    outer loop
      vertex 262.528 70 -8.33355
      vertex 262.01 86 -7.5
      vertex 262.528 86 -8.33355
    endloop
  endfacet
  facet normal -0.849355 -0 -0.527822
    outer loop
      vertex 262.01 86 -7.5
      vertex 262.528 70 -8.33355
      vertex 262.01 70 -7.5
    endloop
  endfacet
  facet normal 0.52791 0 0.8493
    outer loop
      vertex 282.5 86 12.9904
      vertex 283.334 70 12.472
      vertex 283.334 86 12.472
    endloop
  endfacet
  facet normal 0.52791 0 0.8493
    outer loop
      vertex 283.334 70 12.472
      vertex 282.5 86 12.9904
      vertex 282.5 70 12.9904
    endloop
  endfacet
  facet normal 0 1 0
    outer loop
      vertex 275.981 86 14.9679
      vertex 274.019 86 14.9679
      vertex 275 86 15
    endloop
  endfacet
  facet normal 0 1 0
    outer loop
      vertex 276.958 86 14.8717
      vertex 274.019 86 14.9679
      vertex 275.981 86 14.9679
    endloop
  endfacet
  facet normal 0 1 0
    outer loop
      vertex 276.958 86 14.8717
      vertex 273.042 86 14.8717
      vertex 274.019 86 14.9679
    endloop
  endfacet
  facet normal 0 1 0
    outer loop
      vertex 277.926 86 14.7118
      vertex 273.042 86 14.8717
      vertex 276.958 86 14.8717
    endloop
  endfacet
  facet normal 0 1 0
    outer loop
      vertex 277.926 86 14.7118
      vertex 272.074 86 14.7118
      vertex 273.042 86 14.8717
    endloop
  endfacet
  facet normal 0 1 0
    outer loop
      vertex 278.882 86 14.4889
      vertex 272.074 86 14.7118
      vertex 277.926 86 14.7118
    endloop
  endfacet
  facet normal 0 1 0
    outer loop
      vertex 278.882 86 14.4889
      vertex 271.118 86 14.4889
      vertex 272.074 86 14.7118
    endloop
  endfacet
  facet normal 0 1 0
    outer loop
      vertex 279.822 86 14.204
      vertex 271.118 86 14.4889
      vertex 278.882 86 14.4889
    endloop
  endfacet
  facet normal 0 1 0
    outer loop
      vertex 279.822 86 14.204
      vertex 270.178 86 14.204
      vertex 271.118 86 14.4889
    endloop
  endfacet
  facet normal 0 1 0
    outer loop
      vertex 280.74 86 13.8582
      vertex 270.178 86 14.204
      vertex 279.822 86 14.204
    endloop
  endfacet
  facet normal 0 1 0
    outer loop
      vertex 280.74 86 13.8582
      vertex 269.26 86 13.8582
      vertex 270.178 86 14.204
    endloop
  endfacet
  facet normal 0 1 0
    outer loop
      vertex 281.634 86 13.4531
      vertex 269.26 86 13.8582
      vertex 280.74 86 13.8582
    endloop
  endfacet
  facet normal 0 1 0
    outer loop
      vertex 281.634 86 13.4531
      vertex 268.366 86 13.4531
      vertex 269.26 86 13.8582
    endloop
  endfacet
  facet normal 0 1 0
    outer loop
      vertex 282.5 86 12.9904
      vertex 268.366 86 13.4531
      vertex 281.634 86 13.4531
    endloop
  endfacet
  facet normal 0 1 0
    outer loop
      vertex 282.5 86 12.9904
      vertex 267.5 86 12.9904
      vertex 268.366 86 13.4531
    endloop
  endfacet
  facet normal 0 1 0
    outer loop
      vertex 283.334 86 12.472
      vertex 267.5 86 12.9904
      vertex 282.5 86 12.9904
    endloop
  endfacet
  facet normal 0 1 0
    outer loop
      vertex 283.334 86 12.472
      vertex 266.666 86 12.472
      vertex 267.5 86 12.9904
    endloop
  endfacet
  facet normal 0 1 0
    outer loop
      vertex 284.131 86 11.9003
      vertex 266.666 86 12.472
      vertex 283.334 86 12.472
    endloop
  endfacet
  facet normal 0 1 0
    outer loop
      vertex 284.131 86 11.9003
      vertex 265.869 86 11.9003
      vertex 266.666 86 12.472
    endloop
  endfacet
  facet normal 0 1 0
    outer loop
      vertex 284.89 86 11.2776
      vertex 265.869 86 11.9003
      vertex 284.131 86 11.9003
    endloop
  endfacet
  facet normal 0 1 0
    outer loop
      vertex 284.89 86 11.2776
      vertex 265.11 86 11.2776
      vertex 265.869 86 11.9003
    endloop
  endfacet
  facet normal 0 1 0
    outer loop
      vertex 285.607 86 10.6066
      vertex 265.11 86 11.2776
      vertex 284.89 86 11.2776
    endloop
  endfacet
  facet normal 0 1 0
    outer loop
      vertex 285.607 86 10.6066
      vertex 264.393 86 10.6066
      vertex 265.11 86 11.2776
    endloop
  endfacet
  facet normal 0 1 0
    outer loop
      vertex 286.278 86 9.89019
      vertex 264.393 86 10.6066
      vertex 285.607 86 10.6066
    endloop
  endfacet
  facet normal 0 1 0
    outer loop
      vertex 286.278 86 9.89019
      vertex 263.722 86 9.89019
      vertex 264.393 86 10.6066
    endloop
  endfacet
  facet normal 0 1 0
    outer loop
      vertex 286.9 86 9.13142
      vertex 263.722 86 9.89019
      vertex 286.278 86 9.89019
    endloop
  endfacet
  facet normal 0 1 0
    outer loop
      vertex 286.9 86 9.13142
      vertex 263.1 86 9.13142
      vertex 263.722 86 9.89019
    endloop
  endfacet
  facet normal 0 1 0
    outer loop
      vertex 287.472 86 8.33355
      vertex 263.1 86 9.13142
      vertex 286.9 86 9.13142
    endloop
  endfacet
  facet normal 0 1 0
    outer loop
      vertex 287.472 86 8.33355
      vertex 262.528 86 8.33355
      vertex 263.1 86 9.13142
    endloop
  endfacet
  facet normal 0 1 0
    outer loop
      vertex 287.99 86 7.5
      vertex 262.528 86 8.33355
      vertex 287.472 86 8.33355
    endloop
  endfacet
  facet normal 0 1 0
    outer loop
      vertex 287.99 86 7.5
      vertex 262.01 86 7.5
      vertex 262.528 86 8.33355
    endloop
  endfacet
  facet normal 0 1 0
    outer loop
      vertex 288.453 86 6.63433
      vertex 262.01 86 7.5
      vertex 287.99 86 7.5
    endloop
  endfacet
  facet normal 0 1 0
    outer loop
      vertex 288.453 86 6.63433
      vertex 261.547 86 6.63433
      vertex 262.01 86 7.5
    endloop
  endfacet
  facet normal 0 1 0
    outer loop
      vertex 288.858 86 5.74025
      vertex 261.547 86 6.63433
      vertex 288.453 86 6.63433
    endloop
  endfacet
  facet normal 0 1 0
    outer loop
      vertex 288.858 86 5.74025
      vertex 261.142 86 5.74025
      vertex 261.547 86 6.63433
    endloop
  endfacet
  facet normal 0 1 0
    outer loop
      vertex 289.204 86 4.82159
      vertex 261.142 86 5.74025
      vertex 288.858 86 5.74025
    endloop
  endfacet
  facet normal 0 1 0
    outer loop
      vertex 289.204 86 4.82159
      vertex 260.796 86 4.82159
      vertex 261.142 86 5.74025
    endloop
  endfacet
  facet normal 0 1 0
    outer loop
      vertex 289.489 86 3.88229
      vertex 260.796 86 4.82159
      vertex 289.204 86 4.82159
    endloop
  endfacet
  facet normal 0 1 0
    outer loop
      vertex 289.489 86 3.88229
      vertex 260.511 86 3.88229
      vertex 260.796 86 4.82159
    endloop
  endfacet
  facet normal 0 1 0
    outer loop
      vertex 289.712 86 2.92635
      vertex 260.511 86 3.88229
      vertex 289.489 86 3.88229
    endloop
  endfacet
  facet normal 0 1 0
    outer loop
      vertex 289.712 86 2.92635
      vertex 260.288 86 2.92635
      vertex 260.511 86 3.88229
    endloop
  endfacet
  facet normal 0 1 0
    outer loop
      vertex 289.872 86 1.95789
      vertex 260.288 86 2.92635
      vertex 289.712 86 2.92635
    endloop
  endfacet
  facet normal 0 1 0
    outer loop
      vertex 289.872 86 1.95789
      vertex 260.128 86 1.95789
      vertex 260.288 86 2.92635
    endloop
  endfacet
  facet normal 0 1 0
    outer loop
      vertex 289.968 86 0.981047
      vertex 260.128 86 1.95789
      vertex 289.872 86 1.95789
    endloop
  endfacet
  facet normal 0 1 0
    outer loop
      vertex 289.968 86 0.981047
      vertex 260.032 86 0.981047
      vertex 260.128 86 1.95789
    endloop
  endfacet
  facet normal 0 1 0
    outer loop
      vertex 290 86 0
      vertex 260.032 86 0.981047
      vertex 289.968 86 0.981047
    endloop
  endfacet
  facet normal 0 1 0
    outer loop
      vertex 290 86 0
      vertex 260 86 0
      vertex 260.032 86 0.981047
    endloop
  endfacet
  facet normal 0 1 -0
    outer loop
      vertex 289.968 86 -0.981047
      vertex 260 86 0
      vertex 290 86 0
    endloop
  endfacet
  facet normal 0 1 0
    outer loop
      vertex 289.968 86 -0.981047
      vertex 260.032 86 -0.981047
      vertex 260 86 0
    endloop
  endfacet
  facet normal 0 1 -0
    outer loop
      vertex 289.872 86 -1.95789
      vertex 260.032 86 -0.981047
      vertex 289.968 86 -0.981047
    endloop
  endfacet
  facet normal 0 1 0
    outer loop
      vertex 289.872 86 -1.95789
      vertex 260.128 86 -1.95789
      vertex 260.032 86 -0.981047
    endloop
  endfacet
  facet normal 0 1 -0
    outer loop
      vertex 289.712 86 -2.92635
      vertex 260.128 86 -1.95789
      vertex 289.872 86 -1.95789
    endloop
  endfacet
  facet normal 0 1 0
    outer loop
      vertex 289.712 86 -2.92635
      vertex 260.288 86 -2.92635
      vertex 260.128 86 -1.95789
    endloop
  endfacet
  facet normal 0 1 -0
    outer loop
      vertex 289.489 86 -3.88229
      vertex 260.288 86 -2.92635
      vertex 289.712 86 -2.92635
    endloop
  endfacet
  facet normal 0 1 0
    outer loop
      vertex 289.489 86 -3.88229
      vertex 260.511 86 -3.88229
      vertex 260.288 86 -2.92635
    endloop
  endfacet
  facet normal 0 1 -0
    outer loop
      vertex 289.204 86 -4.82159
      vertex 260.511 86 -3.88229
      vertex 289.489 86 -3.88229
    endloop
  endfacet
  facet normal 0 1 0
    outer loop
      vertex 289.204 86 -4.82159
      vertex 260.796 86 -4.82159
      vertex 260.511 86 -3.88229
    endloop
  endfacet
  facet normal 0 1 -0
    outer loop
      vertex 288.858 86 -5.74025
      vertex 260.796 86 -4.82159
      vertex 289.204 86 -4.82159
    endloop
  endfacet
  facet normal 0 1 0
    outer loop
      vertex 288.858 86 -5.74025
      vertex 261.142 86 -5.74025
      vertex 260.796 86 -4.82159
    endloop
  endfacet
  facet normal 0 1 -0
    outer loop
      vertex 288.453 86 -6.63433
      vertex 261.142 86 -5.74025
      vertex 288.858 86 -5.74025
    endloop
  endfacet
  facet normal 0 1 0
    outer loop
      vertex 288.453 86 -6.63433
      vertex 261.547 86 -6.63433
      vertex 261.142 86 -5.74025
    endloop
  endfacet
  facet normal 0 1 -0
    outer loop
      vertex 287.99 86 -7.5
      vertex 261.547 86 -6.63433
      vertex 288.453 86 -6.63433
    endloop
  endfacet
  facet normal 0 1 0
    outer loop
      vertex 287.99 86 -7.5
      vertex 262.01 86 -7.5
      vertex 261.547 86 -6.63433
    endloop
  endfacet
  facet normal 0 1 -0
    outer loop
      vertex 287.472 86 -8.33355
      vertex 262.01 86 -7.5
      vertex 287.99 86 -7.5
    endloop
  endfacet
  facet normal 0 1 0
    outer loop
      vertex 287.472 86 -8.33355
      vertex 262.528 86 -8.33355
      vertex 262.01 86 -7.5
    endloop
  endfacet
  facet normal 0 1 -0
    outer loop
      vertex 286.9 86 -9.13142
      vertex 262.528 86 -8.33355
      vertex 287.472 86 -8.33355
    endloop
  endfacet
  facet normal 0 1 0
    outer loop
      vertex 286.9 86 -9.13142
      vertex 263.1 86 -9.13142
      vertex 262.528 86 -8.33355
    endloop
  endfacet
  facet normal 0 1 -0
    outer loop
      vertex 286.278 86 -9.89019
      vertex 263.1 86 -9.13142
      vertex 286.9 86 -9.13142
    endloop
  endfacet
  facet normal 0 1 0
    outer loop
      vertex 286.278 86 -9.89019
      vertex 263.722 86 -9.89019
      vertex 263.1 86 -9.13142
    endloop
  endfacet
  facet normal 0 1 -0
    outer loop
      vertex 285.607 86 -10.6066
      vertex 263.722 86 -9.89019
      vertex 286.278 86 -9.89019
    endloop
  endfacet
  facet normal 0 1 0
    outer loop
      vertex 285.607 86 -10.6066
      vertex 264.393 86 -10.6066
      vertex 263.722 86 -9.89019
    endloop
  endfacet
  facet normal 0 1 -0
    outer loop
      vertex 284.89 86 -11.2776
      vertex 264.393 86 -10.6066
      vertex 285.607 86 -10.6066
    endloop
  endfacet
  facet normal 0 1 0
    outer loop
      vertex 284.89 86 -11.2776
      vertex 265.11 86 -11.2776
      vertex 264.393 86 -10.6066
    endloop
  endfacet
  facet normal 0 1 -0
    outer loop
      vertex 284.131 86 -11.9003
      vertex 265.11 86 -11.2776
      vertex 284.89 86 -11.2776
    endloop
  endfacet
  facet normal 0 1 0
    outer loop
      vertex 284.131 86 -11.9003
      vertex 265.869 86 -11.9003
      vertex 265.11 86 -11.2776
    endloop
  endfacet
  facet normal 0 1 -0
    outer loop
      vertex 283.334 86 -12.472
      vertex 265.869 86 -11.9003
      vertex 284.131 86 -11.9003
    endloop
  endfacet
  facet normal 0 1 0
    outer loop
      vertex 283.334 86 -12.472
      vertex 266.666 86 -12.472
      vertex 265.869 86 -11.9003
    endloop
  endfacet
  facet normal 0 1 -0
    outer loop
      vertex 282.5 86 -12.9904
      vertex 266.666 86 -12.472
      vertex 283.334 86 -12.472
    endloop
  endfacet
  facet normal 0 1 0
    outer loop
      vertex 282.5 86 -12.9904
      vertex 267.5 86 -12.9904
      vertex 266.666 86 -12.472
    endloop
  endfacet
  facet normal 0 1 -0
    outer loop
      vertex 281.634 86 -13.4531
      vertex 267.5 86 -12.9904
      vertex 282.5 86 -12.9904
    endloop
  endfacet
  facet normal 0 1 0
    outer loop
      vertex 281.634 86 -13.4531
      vertex 268.366 86 -13.4531
      vertex 267.5 86 -12.9904
    endloop
  endfacet
  facet normal 0 1 -0
    outer loop
      vertex 280.74 86 -13.8582
      vertex 268.366 86 -13.4531
      vertex 281.634 86 -13.4531
    endloop
  endfacet
  facet normal 0 1 0
    outer loop
      vertex 280.74 86 -13.8582
      vertex 269.26 86 -13.8582
      vertex 268.366 86 -13.4531
    endloop
  endfacet
  facet normal 0 1 -0
    outer loop
      vertex 279.822 86 -14.204
      vertex 269.26 86 -13.8582
      vertex 280.74 86 -13.8582
    endloop
  endfacet
  facet normal 0 1 0
    outer loop
      vertex 279.822 86 -14.204
      vertex 270.178 86 -14.204
      vertex 269.26 86 -13.8582
    endloop
  endfacet
  facet normal 0 1 -0
    outer loop
      vertex 278.882 86 -14.4889
      vertex 270.178 86 -14.204
      vertex 279.822 86 -14.204
    endloop
  endfacet
  facet normal 0 1 0
    outer loop
      vertex 278.882 86 -14.4889
      vertex 271.118 86 -14.4889
      vertex 270.178 86 -14.204
    endloop
  endfacet
  facet normal 0 1 -0
    outer loop
      vertex 277.926 86 -14.7118
      vertex 271.118 86 -14.4889
      vertex 278.882 86 -14.4889
    endloop
  endfacet
  facet normal 0 1 0
    outer loop
      vertex 277.926 86 -14.7118
      vertex 272.074 86 -14.7118
      vertex 271.118 86 -14.4889
    endloop
  endfacet
  facet normal 0 1 -0
    outer loop
      vertex 276.958 86 -14.8717
      vertex 272.074 86 -14.7118
      vertex 277.926 86 -14.7118
    endloop
  endfacet
  facet normal 0 1 0
    outer loop
      vertex 276.958 86 -14.8717
      vertex 273.042 86 -14.8717
      vertex 272.074 86 -14.7118
    endloop
  endfacet
  facet normal 0 1 -0
    outer loop
      vertex 275.981 86 -14.9679
      vertex 273.042 86 -14.8717
      vertex 276.958 86 -14.8717
    endloop
  endfacet
  facet normal 0 1 0
    outer loop
      vertex 275.981 86 -14.9679
      vertex 274.019 86 -14.9679
      vertex 273.042 86 -14.8717
    endloop
  endfacet
  facet normal -0 1 0
    outer loop
      vertex 274.019 86 -14.9679
      vertex 275.981 86 -14.9679
      vertex 275 86 -15
    endloop
  endfacet
  facet normal 0.0327042 0 0.999465
    outer loop
      vertex 275 86 15
      vertex 275.981 70 14.9679
      vertex 275.981 86 14.9679
    endloop
  endfacet
  facet normal 0.0327042 0 0.999465
    outer loop
      vertex 275.981 70 14.9679
      vertex 275 86 15
      vertex 275 70 15
    endloop
  endfacet
  facet normal -0.986626 0 0.163001
    outer loop
      vertex 260.128 70 1.95789
      vertex 260.288 86 2.92635
      vertex 260.128 86 1.95789
    endloop
  endfacet
  facet normal -0.986626 0 0.163001
    outer loop
      vertex 260.288 86 2.92635
      vertex 260.128 70 1.95789
      vertex 260.288 70 2.92635
    endloop
  endfacet
  facet normal -0.634274 0 -0.773108
    outer loop
      vertex 265.11 70 -11.2776
      vertex 265.869 86 -11.9003
      vertex 265.869 70 -11.9003
    endloop
  endfacet
  facet normal -0.634274 0 -0.773108
    outer loop
      vertex 265.869 86 -11.9003
      vertex 265.11 70 -11.2776
      vertex 265.11 86 -11.2776
    endloop
  endfacet
  facet normal 0.412736 0 -0.910851
    outer loop
      vertex 280.74 70 -13.8582
      vertex 281.634 86 -13.4531
      vertex 281.634 70 -13.4531
    endloop
  endfacet
  facet normal 0.412736 0 -0.910851
    outer loop
      vertex 281.634 86 -13.4531
      vertex 280.74 70 -13.8582
      vertex 280.74 86 -13.8582
    endloop
  endfacet
  facet normal 0.973853 -0 0.227179
    outer loop
      vertex 289.489 70 3.88229
      vertex 289.712 86 2.92635
      vertex 289.489 86 3.88229
    endloop
  endfacet
  facet normal 0.973853 0 0.227179
    outer loop
      vertex 289.712 86 2.92635
      vertex 289.489 70 3.88229
      vertex 289.712 70 2.92635
    endloop
  endfacet
  facet normal -0.634274 0 0.773108
    outer loop
      vertex 265.11 86 11.2776
      vertex 265.869 70 11.9003
      vertex 265.869 86 11.9003
    endloop
  endfacet
  facet normal -0.634274 0 0.773108
    outer loop
      vertex 265.869 70 11.9003
      vertex 265.11 86 11.2776
      vertex 265.11 70 11.2776
    endloop
  endfacet
  facet normal 0.812724 -0 0.582649
    outer loop
      vertex 286.9 70 9.13142
      vertex 287.472 86 8.33355
      vertex 286.9 86 9.13142
    endloop
  endfacet
  facet normal 0.812724 0 0.582649
    outer loop
      vertex 287.472 86 8.33355
      vertex 286.9 70 9.13142
      vertex 287.472 70 8.33355
    endloop
  endfacet
  facet normal 0.52791 0 -0.8493
    outer loop
      vertex 282.5 70 -12.9904
      vertex 283.334 86 -12.472
      vertex 283.334 70 -12.472
    endloop
  endfacet
  facet normal 0.52791 0 -0.8493
    outer loop
      vertex 283.334 86 -12.472
      vertex 282.5 70 -12.9904
      vertex 282.5 86 -12.9904
    endloop
  endfacet
  facet normal 0.849355 -0 0.527822
    outer loop
      vertex 287.472 70 8.33355
      vertex 287.99 86 7.5
      vertex 287.472 86 8.33355
    endloop
  endfacet
  facet normal 0.849355 0 0.527822
    outer loop
      vertex 287.99 86 7.5
      vertex 287.472 70 8.33355
      vertex 287.99 70 7.5
    endloop
  endfacet
  facet normal 0.683297 0 0.73014
    outer loop
      vertex 284.89 86 11.2776
      vertex 285.607 70 10.6066
      vertex 285.607 86 10.6066
    endloop
  endfacet
  facet normal 0.683297 0 0.73014
    outer loop
      vertex 285.607 70 10.6066
      vertex 284.89 86 11.2776
      vertex 284.89 70 11.2776
    endloop
  endfacet
  facet normal -0.227069 0 -0.973879
    outer loop
      vertex 271.118 70 -14.4889
      vertex 272.074 86 -14.7118
      vertex 272.074 70 -14.7118
    endloop
  endfacet
  facet normal -0.227069 0 -0.973879
    outer loop
      vertex 272.074 86 -14.7118
      vertex 271.118 70 -14.4889
      vertex 271.118 86 -14.4889
    endloop
  endfacet
  facet normal 0.290055 0 0.95701
    outer loop
      vertex 278.882 86 14.4889
      vertex 279.822 70 14.204
      vertex 279.822 86 14.204
    endloop
  endfacet
  facet normal 0.290055 0 0.95701
    outer loop
      vertex 279.822 70 14.204
      vertex 278.882 86 14.4889
      vertex 278.882 70 14.4889
    endloop
  endfacet
  facet normal -0.412736 0 -0.910851
    outer loop
      vertex 268.366 70 -13.4531
      vertex 269.26 86 -13.8582
      vertex 269.26 70 -13.8582
    endloop
  endfacet
  facet normal -0.412736 0 -0.910851
    outer loop
      vertex 269.26 86 -13.8582
      vertex 268.366 70 -13.4531
      vertex 268.366 86 -13.4531
    endloop
  endfacet
  facet normal -0.999468 0 -0.0326009
    outer loop
      vertex 260.032 70 -0.981047
      vertex 260 86 0
      vertex 260.032 86 -0.981047
    endloop
  endfacet
  facet normal -0.999468 -0 -0.0326009
    outer loop
      vertex 260 86 0
      vertex 260.032 70 -0.981047
      vertex 260 70 0
    endloop
  endfacet
  facet normal 0.849355 0 -0.527822
    outer loop
      vertex 287.99 70 -7.5
      vertex 287.472 86 -8.33355
      vertex 287.99 86 -7.5
    endloop
  endfacet
  facet normal 0.849355 0 -0.527822
    outer loop
      vertex 287.472 86 -8.33355
      vertex 287.99 70 -7.5
      vertex 287.472 70 -8.33355
    endloop
  endfacet
  facet normal 0.973853 0 -0.227179
    outer loop
      vertex 289.712 70 -2.92635
      vertex 289.489 86 -3.88229
      vertex 289.712 86 -2.92635
    endloop
  endfacet
  facet normal 0.973853 0 -0.227179
    outer loop
      vertex 289.489 86 -3.88229
      vertex 289.712 70 -2.92635
      vertex 289.489 70 -3.88229
    endloop
  endfacet
  facet normal -0.227069 0 0.973879
    outer loop
      vertex 271.118 86 14.4889
      vertex 272.074 70 14.7118
      vertex 272.074 86 14.7118
    endloop
  endfacet
  facet normal -0.227069 0 0.973879
    outer loop
      vertex 272.074 70 14.7118
      vertex 271.118 86 14.4889
      vertex 271.118 70 14.4889
    endloop
  endfacet
  facet normal -0.973853 0 -0.227179
    outer loop
      vertex 260.511 70 -3.88229
      vertex 260.288 86 -2.92635
      vertex 260.511 86 -3.88229
    endloop
  endfacet
  facet normal -0.973853 -0 -0.227179
    outer loop
      vertex 260.288 86 -2.92635
      vertex 260.511 70 -3.88229
      vertex 260.288 70 -2.92635
    endloop
  endfacet
  facet normal -0.0979908 0 0.995187
    outer loop
      vertex 273.042 86 14.8717
      vertex 274.019 70 14.9679
      vertex 274.019 86 14.9679
    endloop
  endfacet
  facet normal -0.0979908 0 0.995187
    outer loop
      vertex 274.019 70 14.9679
      vertex 273.042 86 14.8717
      vertex 273.042 70 14.8717
    endloop
  endfacet
  facet normal 0.910903 -0 0.41262
    outer loop
      vertex 288.453 70 6.63433
      vertex 288.858 86 5.74025
      vertex 288.453 86 6.63433
    endloop
  endfacet
  facet normal 0.910903 0 0.41262
    outer loop
      vertex 288.858 86 5.74025
      vertex 288.453 70 6.63433
      vertex 288.858 70 5.74025
    endloop
  endfacet
  facet normal -0.72986 0 0.683597
    outer loop
      vertex 263.722 70 9.89019
      vertex 264.393 86 10.6066
      vertex 263.722 86 9.89019
    endloop
  endfacet
  facet normal -0.72986 0 0.683597
    outer loop
      vertex 264.393 86 10.6066
      vertex 263.722 70 9.89019
      vertex 264.393 70 10.6066
    endloop
  endfacet
  facet normal 0.986626 0 -0.163001
    outer loop
      vertex 289.872 70 -1.95789
      vertex 289.712 86 -2.92635
      vertex 289.872 86 -1.95789
    endloop
  endfacet
  facet normal 0.986626 0 -0.163001
    outer loop
      vertex 289.712 86 -2.92635
      vertex 289.872 70 -1.95789
      vertex 289.712 70 -2.92635
    endloop
  endfacet
  facet normal -0.352829 0 0.935688
    outer loop
      vertex 270.178 86 14.204
      vertex 269.637 70 14
      vertex 270.178 70 14.204
    endloop
  endfacet
  facet normal -0.352508 -1.2373e-05 0.935809
    outer loop
      vertex 269.26 86 13.8582
      vertex 269.637 70 14
      vertex 270.178 86 14.204
    endloop
  endfacet
  facet normal -0.352048 0 0.935982
    outer loop
      vertex 269.637 70 14
      vertex 269.26 86 13.8582
      vertex 269.26 70 13.8582
    endloop
  endfacet
  facet normal -0.773363 0 0.633963
    outer loop
      vertex 263.1 70 9.13142
      vertex 263.722 86 9.89019
      vertex 263.1 86 9.13142
    endloop
  endfacet
  facet normal -0.773363 0 0.633963
    outer loop
      vertex 263.722 86 9.89019
      vertex 263.1 70 9.13142
      vertex 263.722 70 9.89019
    endloop
  endfacet
  facet normal -0.973853 0 0.227179
    outer loop
      vertex 260.288 70 2.92635
      vertex 260.511 86 3.88229
      vertex 260.288 86 2.92635
    endloop
  endfacet
  facet normal -0.973853 0 0.227179
    outer loop
      vertex 260.511 86 3.88229
      vertex 260.288 70 2.92635
      vertex 260.511 70 3.88229
    endloop
  endfacet
  facet normal -0.881799 0 0.471626
    outer loop
      vertex 261.547 70 6.63433
      vertex 262.01 86 7.5
      vertex 261.547 86 6.63433
    endloop
  endfacet
  facet normal -0.881799 0 0.471626
    outer loop
      vertex 262.01 86 7.5
      vertex 261.547 70 6.63433
      vertex 262.01 70 7.5
    endloop
  endfacet
  facet normal 0.956922 -0 0.290347
    outer loop
      vertex 289.204 70 4.82159
      vertex 289.489 86 3.88229
      vertex 289.204 86 4.82159
    endloop
  endfacet
  facet normal 0.956922 0 0.290347
    outer loop
      vertex 289.489 86 3.88229
      vertex 289.204 70 4.82159
      vertex 289.489 70 3.88229
    endloop
  endfacet
  facet normal -0.995206 0 -0.0978046
    outer loop
      vertex 260.128 70 -1.95789
      vertex 260.032 86 -0.981047
      vertex 260.128 86 -1.95789
    endloop
  endfacet
  facet normal -0.995206 -0 -0.0978046
    outer loop
      vertex 260.032 86 -0.981047
      vertex 260.128 70 -1.95789
      vertex 260.032 70 -0.981047
    endloop
  endfacet
  facet normal -0.683297 0 -0.73014
    outer loop
      vertex 264.393 70 -10.6066
      vertex 265.11 86 -11.2776
      vertex 265.11 70 -11.2776
    endloop
  endfacet
  facet normal -0.683297 0 -0.73014
    outer loop
      vertex 265.11 86 -11.2776
      vertex 264.393 70 -10.6066
      vertex 264.393 86 -10.6066
    endloop
  endfacet
  facet normal -0.910903 0 0.41262
    outer loop
      vertex 261.142 70 5.74025
      vertex 261.547 86 6.63433
      vertex 261.142 86 5.74025
    endloop
  endfacet
  facet normal -0.910903 0 0.41262
    outer loop
      vertex 261.547 86 6.63433
      vertex 261.142 70 5.74025
      vertex 261.547 70 6.63433
    endloop
  endfacet
  facet normal 0.162977 0 -0.98663
    outer loop
      vertex 276.958 70 -14.8717
      vertex 277.926 86 -14.7118
      vertex 277.926 70 -14.7118
    endloop
  endfacet
  facet normal 0.162977 0 -0.98663
    outer loop
      vertex 277.926 86 -14.7118
      vertex 276.958 70 -14.8717
      vertex 276.958 86 -14.8717
    endloop
  endfacet
  facet normal -0.881799 0 -0.471626
    outer loop
      vertex 262.01 70 -7.5
      vertex 261.547 86 -6.63433
      vertex 262.01 86 -7.5
    endloop
  endfacet
  facet normal -0.881799 -0 -0.471626
    outer loop
      vertex 261.547 86 -6.63433
      vertex 262.01 70 -7.5
      vertex 261.547 70 -6.63433
    endloop
  endfacet
  facet normal 0.72986 0 -0.683597
    outer loop
      vertex 286.278 70 -9.89019
      vertex 285.607 86 -10.6066
      vertex 286.278 86 -9.89019
    endloop
  endfacet
  facet normal 0.72986 0 -0.683597
    outer loop
      vertex 285.607 86 -10.6066
      vertex 286.278 70 -9.89019
      vertex 285.607 70 -10.6066
    endloop
  endfacet
  facet normal -0.162977 0 0.98663
    outer loop
      vertex 272.074 86 14.7118
      vertex 273.042 70 14.8717
      vertex 273.042 86 14.8717
    endloop
  endfacet
  facet normal -0.162977 0 0.98663
    outer loop
      vertex 273.042 70 14.8717
      vertex 272.074 86 14.7118
      vertex 272.074 70 14.7118
    endloop
  endfacet
  facet normal -0.52791 0 0.8493
    outer loop
      vertex 266.666 86 12.472
      vertex 267.5 70 12.9904
      vertex 267.5 86 12.9904
    endloop
  endfacet
  facet normal -0.52791 0 0.8493
    outer loop
      vertex 267.5 70 12.9904
      vertex 266.666 86 12.472
      vertex 266.666 70 12.472
    endloop
  endfacet
  facet normal -0.582867 0 0.812568
    outer loop
      vertex 265.869 86 11.9003
      vertex 266.666 70 12.472
      vertex 266.666 86 12.472
    endloop
  endfacet
  facet normal -0.582867 0 0.812568
    outer loop
      vertex 266.666 70 12.472
      vertex 265.869 86 11.9003
      vertex 265.869 70 11.9003
    endloop
  endfacet
  facet normal -0.812724 0 -0.582649
    outer loop
      vertex 263.1 70 -9.13142
      vertex 262.528 86 -8.33355
      vertex 263.1 86 -9.13142
    endloop
  endfacet
  facet normal -0.812724 -0 -0.582649
    outer loop
      vertex 262.528 86 -8.33355
      vertex 263.1 70 -9.13142
      vertex 262.528 70 -8.33355
    endloop
  endfacet
  facet normal 0.290055 0 -0.95701
    outer loop
      vertex 278.882 70 -14.4889
      vertex 279.822 86 -14.204
      vertex 279.822 70 -14.204
    endloop
  endfacet
  facet normal 0.290055 0 -0.95701
    outer loop
      vertex 279.822 86 -14.204
      vertex 278.882 70 -14.4889
      vertex 278.882 86 -14.4889
    endloop
  endfacet
  facet normal -0.999468 0 0.0326009
    outer loop
      vertex 260 70 0
      vertex 260.032 86 0.981047
      vertex 260 86 0
    endloop
  endfacet
  facet normal -0.999468 0 0.0326009
    outer loop
      vertex 260.032 86 0.981047
      vertex 260 70 0
      vertex 260.032 70 0.981047
    endloop
  endfacet
  facet normal -0.471249 0 0.882
    outer loop
      vertex 267.5 86 12.9904
      vertex 268.366 70 13.4531
      vertex 268.366 86 13.4531
    endloop
  endfacet
  facet normal -0.471249 0 0.882
    outer loop
      vertex 268.366 70 13.4531
      vertex 267.5 86 12.9904
      vertex 267.5 70 12.9904
    endloop
  endfacet
  facet normal -0.471249 0 -0.882
    outer loop
      vertex 267.5 70 -12.9904
      vertex 268.366 86 -13.4531
      vertex 268.366 70 -13.4531
    endloop
  endfacet
  facet normal -0.471249 0 -0.882
    outer loop
      vertex 268.366 86 -13.4531
      vertex 267.5 70 -12.9904
      vertex 267.5 86 -12.9904
    endloop
  endfacet
  facet normal -0.935825 0 0.352465
    outer loop
      vertex 260.796 70 4.82159
      vertex 261.142 86 5.74025
      vertex 260.796 86 4.82159
    endloop
  endfacet
  facet normal -0.935825 0 0.352465
    outer loop
      vertex 261.142 86 5.74025
      vertex 260.796 70 4.82159
      vertex 261.142 70 5.74025
    endloop
  endfacet
  facet normal 0.935825 -0 0.352465
    outer loop
      vertex 288.858 70 5.74025
      vertex 289.204 86 4.82159
      vertex 288.858 86 5.74025
    endloop
  endfacet
  facet normal 0.935825 0 0.352465
    outer loop
      vertex 289.204 86 4.82159
      vertex 288.858 70 5.74025
      vertex 289.204 70 4.82159
    endloop
  endfacet
  facet normal -0.52791 0 -0.8493
    outer loop
      vertex 266.666 70 -12.472
      vertex 267.5 86 -12.9904
      vertex 267.5 70 -12.9904
    endloop
  endfacet
  facet normal -0.52791 0 -0.8493
    outer loop
      vertex 267.5 86 -12.9904
      vertex 266.666 70 -12.472
      vertex 266.666 86 -12.472
    endloop
  endfacet
  facet normal 0.995206 0 -0.0978046
    outer loop
      vertex 289.968 -86 -0.981047
      vertex 289.872 -70 -1.95789
      vertex 289.968 -70 -0.981047
    endloop
  endfacet
  facet normal 0.995206 0 -0.0978046
    outer loop
      vertex 289.872 -70 -1.95789
      vertex 289.968 -86 -0.981047
      vertex 289.872 -86 -1.95789
    endloop
  endfacet
  facet normal 0.999468 0 -0.0326009
    outer loop
      vertex 290 -86 0
      vertex 289.968 -70 -0.981047
      vertex 290 -70 0
    endloop
  endfacet
  facet normal 0.999468 0 -0.0326009
    outer loop
      vertex 289.968 -70 -0.981047
      vertex 290 -86 0
      vertex 289.968 -86 -0.981047
    endloop
  endfacet
  facet normal -0.986626 0 -0.163001
    outer loop
      vertex 260.288 -86 -2.92635
      vertex 260.128 -70 -1.95789
      vertex 260.288 -70 -2.92635
    endloop
  endfacet
  facet normal -0.986626 -0 -0.163001
    outer loop
      vertex 260.128 -70 -1.95789
      vertex 260.288 -86 -2.92635
      vertex 260.128 -86 -1.95789
    endloop
  endfacet
  facet normal 0.471249 0 0.882
    outer loop
      vertex 281.634 -70 13.4531
      vertex 282.5 -86 12.9904
      vertex 282.5 -70 12.9904
    endloop
  endfacet
  facet normal 0.471249 0 0.882
    outer loop
      vertex 282.5 -86 12.9904
      vertex 281.634 -70 13.4531
      vertex 281.634 -86 13.4531
    endloop
  endfacet
  facet normal -0.910903 0 -0.41262
    outer loop
      vertex 261.547 -86 -6.63433
      vertex 261.142 -70 -5.74025
      vertex 261.547 -70 -6.63433
    endloop
  endfacet
  facet normal -0.910903 -0 -0.41262
    outer loop
      vertex 261.142 -70 -5.74025
      vertex 261.547 -86 -6.63433
      vertex 261.142 -86 -5.74025
    endloop
  endfacet
  facet normal 0.72986 -0 0.683597
    outer loop
      vertex 285.607 -86 10.6066
      vertex 286.278 -70 9.89019
      vertex 285.607 -70 10.6066
    endloop
  endfacet
  facet normal 0.72986 0 0.683597
    outer loop
      vertex 286.278 -70 9.89019
      vertex 285.607 -86 10.6066
      vertex 286.278 -86 9.89019
    endloop
  endfacet
  facet normal 0.956922 0 -0.290347
    outer loop
      vertex 289.489 -86 -3.88229
      vertex 289.204 -70 -4.82159
      vertex 289.489 -70 -3.88229
    endloop
  endfacet
  facet normal 0.956922 0 -0.290347
    outer loop
      vertex 289.204 -70 -4.82159
      vertex 289.489 -86 -3.88229
      vertex 289.204 -86 -4.82159
    endloop
  endfacet
  facet normal -0.290055 0 0.95701
    outer loop
      vertex 270.178 -70 14.204
      vertex 271.118 -86 14.4889
      vertex 271.118 -70 14.4889
    endloop
  endfacet
  facet normal -0.290055 0 0.95701
    outer loop
      vertex 271.118 -86 14.4889
      vertex 270.178 -70 14.204
      vertex 270.178 -86 14.204
    endloop
  endfacet
  facet normal 0.582867 0 -0.812568
    outer loop
      vertex 283.334 -86 -12.472
      vertex 284.131 -70 -11.9003
      vertex 284.131 -86 -11.9003
    endloop
  endfacet
  facet normal 0.582867 0 -0.812568
    outer loop
      vertex 284.131 -70 -11.9003
      vertex 283.334 -86 -12.472
      vertex 283.334 -70 -12.472
    endloop
  endfacet
  facet normal -0.812724 0 0.582649
    outer loop
      vertex 262.528 -86 8.33355
      vertex 263.1 -70 9.13142
      vertex 262.528 -70 8.33355
    endloop
  endfacet
  facet normal -0.812724 0 0.582649
    outer loop
      vertex 263.1 -70 9.13142
      vertex 262.528 -86 8.33355
      vertex 263.1 -86 9.13142
    endloop
  endfacet
  facet normal 0.986626 -0 0.163001
    outer loop
      vertex 289.712 -86 2.92635
      vertex 289.872 -70 1.95789
      vertex 289.712 -70 2.92635
    endloop
  endfacet
  facet normal 0.986626 0 0.163001
    outer loop
      vertex 289.872 -70 1.95789
      vertex 289.712 -86 2.92635
      vertex 289.872 -86 1.95789
    endloop
  endfacet
  facet normal 0.290055 0 -0.95701
    outer loop
      vertex 278.882 -86 -14.4889
      vertex 279.822 -70 -14.204
      vertex 279.822 -86 -14.204
    endloop
  endfacet
  facet normal 0.290055 0 -0.95701
    outer loop
      vertex 279.822 -70 -14.204
      vertex 278.882 -86 -14.4889
      vertex 278.882 -70 -14.4889
    endloop
  endfacet
  facet normal 0.634274 0 0.773108
    outer loop
      vertex 284.131 -70 11.9003
      vertex 284.89 -86 11.2776
      vertex 284.89 -70 11.2776
    endloop
  endfacet
  facet normal 0.634274 0 0.773108
    outer loop
      vertex 284.89 -86 11.2776
      vertex 284.131 -70 11.9003
      vertex 284.131 -86 11.9003
    endloop
  endfacet
  facet normal 0.881799 0 -0.471626
    outer loop
      vertex 288.453 -86 -6.63433
      vertex 287.99 -70 -7.5
      vertex 288.453 -70 -6.63433
    endloop
  endfacet
  facet normal 0.881799 0 -0.471626
    outer loop
      vertex 287.99 -70 -7.5
      vertex 288.453 -86 -6.63433
      vertex 287.99 -86 -7.5
    endloop
  endfacet
  facet normal -0.0979908 0 -0.995187
    outer loop
      vertex 273.042 -86 -14.8717
      vertex 274.019 -70 -14.9679
      vertex 274.019 -86 -14.9679
    endloop
  endfacet
  facet normal -0.0979908 0 -0.995187
    outer loop
      vertex 274.019 -70 -14.9679
      vertex 273.042 -86 -14.8717
      vertex 273.042 -70 -14.8717
    endloop
  endfacet
  facet normal -0.0327042 0 -0.999465
    outer loop
      vertex 274.019 -86 -14.9679
      vertex 275 -70 -15
      vertex 275 -86 -15
    endloop
  endfacet
  facet normal -0.0327042 0 -0.999465
    outer loop
      vertex 275 -70 -15
      vertex 274.019 -86 -14.9679
      vertex 274.019 -70 -14.9679
    endloop
  endfacet
  facet normal 0.0979908 0 -0.995187
    outer loop
      vertex 275.981 -86 -14.9679
      vertex 276.958 -70 -14.8717
      vertex 276.958 -86 -14.8717
    endloop
  endfacet
  facet normal 0.0979908 0 -0.995187
    outer loop
      vertex 276.958 -70 -14.8717
      vertex 275.981 -86 -14.9679
      vertex 275.981 -70 -14.9679
    endloop
  endfacet
  facet normal 0.995206 -0 0.0978046
    outer loop
      vertex 289.872 -86 1.95789
      vertex 289.968 -70 0.981047
      vertex 289.872 -70 1.95789
    endloop
  endfacet
  facet normal 0.995206 0 0.0978046
    outer loop
      vertex 289.968 -70 0.981047
      vertex 289.872 -86 1.95789
      vertex 289.968 -86 0.981047
    endloop
  endfacet
  facet normal -0.352829 0 -0.935688
    outer loop
      vertex 270.178 -86 -14.204
      vertex 269.637 -70 -14
      vertex 270.178 -70 -14.204
    endloop
  endfacet
  facet normal -0.352508 1.2373e-05 -0.935809
    outer loop
      vertex 269.26 -86 -13.8582
      vertex 269.637 -70 -14
      vertex 270.178 -86 -14.204
    endloop
  endfacet
  facet normal -0.352048 0 -0.935982
    outer loop
      vertex 269.637 -70 -14
      vertex 269.26 -86 -13.8582
      vertex 269.26 -70 -13.8582
    endloop
  endfacet
  facet normal 0.582867 0 0.812568
    outer loop
      vertex 283.334 -70 12.472
      vertex 284.131 -86 11.9003
      vertex 284.131 -70 11.9003
    endloop
  endfacet
  facet normal 0.582867 0 0.812568
    outer loop
      vertex 284.131 -86 11.9003
      vertex 283.334 -70 12.472
      vertex 283.334 -86 12.472
    endloop
  endfacet
  facet normal -0.162977 0 -0.98663
    outer loop
      vertex 272.074 -86 -14.7118
      vertex 273.042 -70 -14.8717
      vertex 273.042 -86 -14.8717
    endloop
  endfacet
  facet normal -0.162977 0 -0.98663
    outer loop
      vertex 273.042 -70 -14.8717
      vertex 272.074 -86 -14.7118
      vertex 272.074 -70 -14.7118
    endloop
  endfacet
  facet normal 0.812724 0 -0.582649
    outer loop
      vertex 287.472 -86 -8.33355
      vertex 286.9 -70 -9.13142
      vertex 287.472 -70 -8.33355
    endloop
  endfacet
  facet normal 0.812724 0 -0.582649
    outer loop
      vertex 286.9 -70 -9.13142
      vertex 287.472 -86 -8.33355
      vertex 286.9 -86 -9.13142
    endloop
  endfacet
  facet normal -0.935825 0 -0.352465
    outer loop
      vertex 261.142 -86 -5.74025
      vertex 260.796 -70 -4.82159
      vertex 261.142 -70 -5.74025
    endloop
  endfacet
  facet normal -0.935825 -0 -0.352465
    outer loop
      vertex 260.796 -70 -4.82159
      vertex 261.142 -86 -5.74025
      vertex 260.796 -86 -4.82159
    endloop
  endfacet
  facet normal -0.582867 0 -0.812568
    outer loop
      vertex 265.869 -86 -11.9003
      vertex 266.666 -70 -12.472
      vertex 266.666 -86 -12.472
    endloop
  endfacet
  facet normal -0.582867 0 -0.812568
    outer loop
      vertex 266.666 -70 -12.472
      vertex 265.869 -86 -11.9003
      vertex 265.869 -70 -11.9003
    endloop
  endfacet
  facet normal 0.227069 0 0.973879
    outer loop
      vertex 277.926 -70 14.7118
      vertex 278.882 -86 14.4889
      vertex 278.882 -70 14.4889
    endloop
  endfacet
  facet normal 0.227069 0 0.973879
    outer loop
      vertex 278.882 -86 14.4889
      vertex 277.926 -70 14.7118
      vertex 277.926 -86 14.7118
    endloop
  endfacet
  facet normal 0.471249 0 -0.882
    outer loop
      vertex 281.634 -86 -13.4531
      vertex 282.5 -70 -12.9904
      vertex 282.5 -86 -12.9904
    endloop
  endfacet
  facet normal 0.471249 0 -0.882
    outer loop
      vertex 282.5 -70 -12.9904
      vertex 281.634 -86 -13.4531
      vertex 281.634 -70 -13.4531
    endloop
  endfacet
  facet normal -0.683297 0 0.73014
    outer loop
      vertex 264.393 -70 10.6066
      vertex 265.11 -86 11.2776
      vertex 265.11 -70 11.2776
    endloop
  endfacet
  facet normal -0.683297 0 0.73014
    outer loop
      vertex 265.11 -86 11.2776
      vertex 264.393 -70 10.6066
      vertex 264.393 -86 10.6066
    endloop
  endfacet
  facet normal 0.0979908 0 0.995187
    outer loop
      vertex 275.981 -70 14.9679
      vertex 276.958 -86 14.8717
      vertex 276.958 -70 14.8717
    endloop
  endfacet
  facet normal 0.0979908 0 0.995187
    outer loop
      vertex 276.958 -86 14.8717
      vertex 275.981 -70 14.9679
      vertex 275.981 -86 14.9679
    endloop
  endfacet
  facet normal -0.0327042 0 0.999465
    outer loop
      vertex 274.019 -70 14.9679
      vertex 275 -86 15
      vertex 275 -70 15
    endloop
  endfacet
  facet normal -0.0327042 0 0.999465
    outer loop
      vertex 275 -86 15
      vertex 274.019 -70 14.9679
      vertex 274.019 -86 14.9679
    endloop
  endfacet
  facet normal -0.412736 0 0.910851
    outer loop
      vertex 268.366 -70 13.4531
      vertex 269.26 -86 13.8582
      vertex 269.26 -70 13.8582
    endloop
  endfacet
  facet normal -0.412736 0 0.910851
    outer loop
      vertex 269.26 -86 13.8582
      vertex 268.366 -70 13.4531
      vertex 268.366 -86 13.4531
    endloop
  endfacet
  facet normal 0.162977 0 0.98663
    outer loop
      vertex 276.958 -70 14.8717
      vertex 277.926 -86 14.7118
      vertex 277.926 -70 14.7118
    endloop
  endfacet
  facet normal 0.162977 0 0.98663
    outer loop
      vertex 277.926 -86 14.7118
      vertex 276.958 -70 14.8717
      vertex 276.958 -86 14.8717
    endloop
  endfacet
  facet normal 0.935825 0 -0.352465
    outer loop
      vertex 289.204 -86 -4.82159
      vertex 288.858 -70 -5.74025
      vertex 289.204 -70 -4.82159
    endloop
  endfacet
  facet normal 0.935825 0 -0.352465
    outer loop
      vertex 288.858 -70 -5.74025
      vertex 289.204 -86 -4.82159
      vertex 288.858 -86 -5.74025
    endloop
  endfacet
  facet normal 0.773363 -0 0.633963
    outer loop
      vertex 286.278 -86 9.89019
      vertex 286.9 -70 9.13142
      vertex 286.278 -70 9.89019
    endloop
  endfacet
  facet normal 0.773363 0 0.633963
    outer loop
      vertex 286.9 -70 9.13142
      vertex 286.278 -86 9.89019
      vertex 286.9 -86 9.13142
    endloop
  endfacet
  facet normal 0.881799 -0 0.471626
    outer loop
      vertex 287.99 -86 7.5
      vertex 288.453 -70 6.63433
      vertex 287.99 -70 7.5
    endloop
  endfacet
  facet normal 0.881799 0 0.471626
    outer loop
      vertex 288.453 -70 6.63433
      vertex 287.99 -86 7.5
      vertex 288.453 -86 6.63433
    endloop
  endfacet
  facet normal -0.956922 0 -0.290347
    outer loop
      vertex 260.796 -86 -4.82159
      vertex 260.511 -70 -3.88229
      vertex 260.796 -70 -4.82159
    endloop
  endfacet
  facet normal -0.956922 -0 -0.290347
    outer loop
      vertex 260.511 -70 -3.88229
      vertex 260.796 -86 -4.82159
      vertex 260.511 -86 -3.88229
    endloop
  endfacet
  facet normal -0.995206 0 0.0978046
    outer loop
      vertex 260.032 -86 0.981047
      vertex 260.128 -70 1.95789
      vertex 260.032 -70 0.981047
    endloop
  endfacet
  facet normal -0.995206 0 0.0978046
    outer loop
      vertex 260.128 -70 1.95789
      vertex 260.032 -86 0.981047
      vertex 260.128 -86 1.95789
    endloop
  endfacet
  facet normal 0.227069 0 -0.973879
    outer loop
      vertex 277.926 -86 -14.7118
      vertex 278.882 -70 -14.4889
      vertex 278.882 -86 -14.4889
    endloop
  endfacet
  facet normal 0.227069 0 -0.973879
    outer loop
      vertex 278.882 -70 -14.4889
      vertex 277.926 -86 -14.7118
      vertex 277.926 -70 -14.7118
    endloop
  endfacet
  facet normal 0.999468 -0 0.0326009
    outer loop
      vertex 289.968 -86 0.981047
      vertex 290 -70 0
      vertex 289.968 -70 0.981047
    endloop
  endfacet
  facet normal 0.999468 0 0.0326009
    outer loop
      vertex 290 -70 0
      vertex 289.968 -86 0.981047
      vertex 290 -86 0
    endloop
  endfacet
  facet normal 0.634274 0 -0.773108
    outer loop
      vertex 284.131 -86 -11.9003
      vertex 284.89 -70 -11.2776
      vertex 284.89 -86 -11.2776
    endloop
  endfacet
  facet normal 0.634274 0 -0.773108
    outer loop
      vertex 284.89 -70 -11.2776
      vertex 284.131 -86 -11.9003
      vertex 284.131 -70 -11.9003
    endloop
  endfacet
  facet normal 0.412736 0 0.910851
    outer loop
      vertex 280.74 -70 13.8582
      vertex 281.634 -86 13.4531
      vertex 281.634 -70 13.4531
    endloop
  endfacet
  facet normal 0.412736 0 0.910851
    outer loop
      vertex 281.634 -86 13.4531
      vertex 280.74 -70 13.8582
      vertex 280.74 -86 13.8582
    endloop
  endfacet
  facet normal -0.849355 0 0.527822
    outer loop
      vertex 262.01 -86 7.5
      vertex 262.528 -70 8.33355
      vertex 262.01 -70 7.5
    endloop
  endfacet
  facet normal -0.849355 0 0.527822
    outer loop
      vertex 262.528 -70 8.33355
      vertex 262.01 -86 7.5
      vertex 262.528 -86 8.33355
    endloop
  endfacet
  facet normal -0.290055 0 -0.95701
    outer loop
      vertex 270.178 -86 -14.204
      vertex 271.118 -70 -14.4889
      vertex 271.118 -86 -14.4889
    endloop
  endfacet
  facet normal -0.290055 0 -0.95701
    outer loop
      vertex 271.118 -70 -14.4889
      vertex 270.178 -86 -14.204
      vertex 270.178 -70 -14.204
    endloop
  endfacet
  facet normal -0.812724 0 -0.582649
    outer loop
      vertex 263.1 -86 -9.13142
      vertex 262.528 -70 -8.33355
      vertex 263.1 -70 -9.13142
    endloop
  endfacet
  facet normal -0.812724 -0 -0.582649
    outer loop
      vertex 262.528 -70 -8.33355
      vertex 263.1 -86 -9.13142
      vertex 262.528 -86 -8.33355
    endloop
  endfacet
  facet normal 0.910903 0 -0.41262
    outer loop
      vertex 288.858 -86 -5.74025
      vertex 288.453 -70 -6.63433
      vertex 288.858 -70 -5.74025
    endloop
  endfacet
  facet normal 0.910903 0 -0.41262
    outer loop
      vertex 288.453 -70 -6.63433
      vertex 288.858 -86 -5.74025
      vertex 288.453 -86 -6.63433
    endloop
  endfacet
  facet normal 0.773363 0 -0.633963
    outer loop
      vertex 286.9 -86 -9.13142
      vertex 286.278 -70 -9.89019
      vertex 286.9 -70 -9.13142
    endloop
  endfacet
  facet normal 0.773363 0 -0.633963
    outer loop
      vertex 286.278 -70 -9.89019
      vertex 286.9 -86 -9.13142
      vertex 286.278 -86 -9.89019
    endloop
  endfacet
  facet normal 0.352048 0 0.935982
    outer loop
      vertex 280.363 -70 14
      vertex 280.74 -86 13.8582
      vertex 280.74 -70 13.8582
    endloop
  endfacet
  facet normal 0.352829 -0 0.935688
    outer loop
      vertex 279.822 -86 14.204
      vertex 280.363 -70 14
      vertex 279.822 -70 14.204
    endloop
  endfacet
  facet normal 0.352508 1.2373e-05 0.935809
    outer loop
      vertex 280.363 -70 14
      vertex 279.822 -86 14.204
      vertex 280.74 -86 13.8582
    endloop
  endfacet
  facet normal -0.72986 0 -0.683597
    outer loop
      vertex 264.393 -86 -10.6066
      vertex 263.722 -70 -9.89019
      vertex 264.393 -70 -10.6066
    endloop
  endfacet
  facet normal -0.72986 -0 -0.683597
    outer loop
      vertex 263.722 -70 -9.89019
      vertex 264.393 -86 -10.6066
      vertex 263.722 -86 -9.89019
    endloop
  endfacet
  facet normal 0.352048 0 -0.935982
    outer loop
      vertex 280.74 -86 -13.8582
      vertex 280.363 -70 -14
      vertex 280.74 -70 -13.8582
    endloop
  endfacet
  facet normal 0.352508 1.2373e-05 -0.935809
    outer loop
      vertex 279.822 -86 -14.204
      vertex 280.363 -70 -14
      vertex 280.74 -86 -13.8582
    endloop
  endfacet
  facet normal 0.352829 0 -0.935688
    outer loop
      vertex 280.363 -70 -14
      vertex 279.822 -86 -14.204
      vertex 279.822 -70 -14.204
    endloop
  endfacet
  facet normal 0.0327042 0 -0.999465
    outer loop
      vertex 275 -86 -15
      vertex 275.981 -70 -14.9679
      vertex 275.981 -86 -14.9679
    endloop
  endfacet
  facet normal 0.0327042 0 -0.999465
    outer loop
      vertex 275.981 -70 -14.9679
      vertex 275 -86 -15
      vertex 275 -70 -15
    endloop
  endfacet
  facet normal 0.683297 0 -0.73014
    outer loop
      vertex 284.89 -86 -11.2776
      vertex 285.607 -70 -10.6066
      vertex 285.607 -86 -10.6066
    endloop
  endfacet
  facet normal 0.683297 0 -0.73014
    outer loop
      vertex 285.607 -70 -10.6066
      vertex 284.89 -86 -11.2776
      vertex 284.89 -70 -11.2776
    endloop
  endfacet
  facet normal -0.849355 0 -0.527822
    outer loop
      vertex 262.528 -86 -8.33355
      vertex 262.01 -70 -7.5
      vertex 262.528 -70 -8.33355
    endloop
  endfacet
  facet normal -0.849355 -0 -0.527822
    outer loop
      vertex 262.01 -70 -7.5
      vertex 262.528 -86 -8.33355
      vertex 262.01 -86 -7.5
    endloop
  endfacet
  facet normal 0.52791 0 0.8493
    outer loop
      vertex 282.5 -70 12.9904
      vertex 283.334 -86 12.472
      vertex 283.334 -70 12.472
    endloop
  endfacet
  facet normal 0.52791 0 0.8493
    outer loop
      vertex 283.334 -86 12.472
      vertex 282.5 -70 12.9904
      vertex 282.5 -86 12.9904
    endloop
  endfacet
  facet normal 0.0327042 0 0.999465
    outer loop
      vertex 275 -70 15
      vertex 275.981 -86 14.9679
      vertex 275.981 -70 14.9679
    endloop
  endfacet
  facet normal 0.0327042 0 0.999465
    outer loop
      vertex 275.981 -86 14.9679
      vertex 275 -70 15
      vertex 275 -86 15
    endloop
  endfacet
  facet normal -0.986626 0 0.163001
    outer loop
      vertex 260.128 -86 1.95789
      vertex 260.288 -70 2.92635
      vertex 260.128 -70 1.95789
    endloop
  endfacet
  facet normal -0.986626 0 0.163001
    outer loop
      vertex 260.288 -70 2.92635
      vertex 260.128 -86 1.95789
      vertex 260.288 -86 2.92635
    endloop
  endfacet
  facet normal -0.634274 0 -0.773108
    outer loop
      vertex 265.11 -86 -11.2776
      vertex 265.869 -70 -11.9003
      vertex 265.869 -86 -11.9003
    endloop
  endfacet
  facet normal -0.634274 0 -0.773108
    outer loop
      vertex 265.869 -70 -11.9003
      vertex 265.11 -86 -11.2776
      vertex 265.11 -70 -11.2776
    endloop
  endfacet
  facet normal 0.412736 0 -0.910851
    outer loop
      vertex 280.74 -86 -13.8582
      vertex 281.634 -70 -13.4531
      vertex 281.634 -86 -13.4531
    endloop
  endfacet
  facet normal 0.412736 0 -0.910851
    outer loop
      vertex 281.634 -70 -13.4531
      vertex 280.74 -86 -13.8582
      vertex 280.74 -70 -13.8582
    endloop
  endfacet
  facet normal 0.973853 -0 0.227179
    outer loop
      vertex 289.489 -86 3.88229
      vertex 289.712 -70 2.92635
      vertex 289.489 -70 3.88229
    endloop
  endfacet
  facet normal 0.973853 0 0.227179
    outer loop
      vertex 289.712 -70 2.92635
      vertex 289.489 -86 3.88229
      vertex 289.712 -86 2.92635
    endloop
  endfacet
  facet normal -0.634274 0 0.773108
    outer loop
      vertex 265.11 -70 11.2776
      vertex 265.869 -86 11.9003
      vertex 265.869 -70 11.9003
    endloop
  endfacet
  facet normal -0.634274 0 0.773108
    outer loop
      vertex 265.869 -86 11.9003
      vertex 265.11 -70 11.2776
      vertex 265.11 -86 11.2776
    endloop
  endfacet
  facet normal 0.812724 -0 0.582649
    outer loop
      vertex 286.9 -86 9.13142
      vertex 287.472 -70 8.33355
      vertex 286.9 -70 9.13142
    endloop
  endfacet
  facet normal 0.812724 0 0.582649
    outer loop
      vertex 287.472 -70 8.33355
      vertex 286.9 -86 9.13142
      vertex 287.472 -86 8.33355
    endloop
  endfacet
  facet normal 0.52791 0 -0.8493
    outer loop
      vertex 282.5 -86 -12.9904
      vertex 283.334 -70 -12.472
      vertex 283.334 -86 -12.472
    endloop
  endfacet
  facet normal 0.52791 0 -0.8493
    outer loop
      vertex 283.334 -70 -12.472
      vertex 282.5 -86 -12.9904
      vertex 282.5 -70 -12.9904
    endloop
  endfacet
  facet normal 0.849355 -0 0.527822
    outer loop
      vertex 287.472 -86 8.33355
      vertex 287.99 -70 7.5
      vertex 287.472 -70 8.33355
    endloop
  endfacet
  facet normal 0.849355 0 0.527822
    outer loop
      vertex 287.99 -70 7.5
      vertex 287.472 -86 8.33355
      vertex 287.99 -86 7.5
    endloop
  endfacet
  facet normal 0.683297 0 0.73014
    outer loop
      vertex 284.89 -70 11.2776
      vertex 285.607 -86 10.6066
      vertex 285.607 -70 10.6066
    endloop
  endfacet
  facet normal 0.683297 0 0.73014
    outer loop
      vertex 285.607 -86 10.6066
      vertex 284.89 -70 11.2776
      vertex 284.89 -86 11.2776
    endloop
  endfacet
  facet normal -0.227069 0 -0.973879
    outer loop
      vertex 271.118 -86 -14.4889
      vertex 272.074 -70 -14.7118
      vertex 272.074 -86 -14.7118
    endloop
  endfacet
  facet normal -0.227069 0 -0.973879
    outer loop
      vertex 272.074 -70 -14.7118
      vertex 271.118 -86 -14.4889
      vertex 271.118 -70 -14.4889
    endloop
  endfacet
  facet normal 0.290055 0 0.95701
    outer loop
      vertex 278.882 -70 14.4889
      vertex 279.822 -86 14.204
      vertex 279.822 -70 14.204
    endloop
  endfacet
  facet normal 0.290055 0 0.95701
    outer loop
      vertex 279.822 -86 14.204
      vertex 278.882 -70 14.4889
      vertex 278.882 -86 14.4889
    endloop
  endfacet
  facet normal -0.412736 0 -0.910851
    outer loop
      vertex 268.366 -86 -13.4531
      vertex 269.26 -70 -13.8582
      vertex 269.26 -86 -13.8582
    endloop
  endfacet
  facet normal -0.412736 0 -0.910851
    outer loop
      vertex 269.26 -70 -13.8582
      vertex 268.366 -86 -13.4531
      vertex 268.366 -70 -13.4531
    endloop
  endfacet
  facet normal -0.999468 0 -0.0326009
    outer loop
      vertex 260.032 -86 -0.981047
      vertex 260 -70 0
      vertex 260.032 -70 -0.981047
    endloop
  endfacet
  facet normal -0.999468 -0 -0.0326009
    outer loop
      vertex 260 -70 0
      vertex 260.032 -86 -0.981047
      vertex 260 -86 0
    endloop
  endfacet
  facet normal 0.849355 0 -0.527822
    outer loop
      vertex 287.99 -86 -7.5
      vertex 287.472 -70 -8.33355
      vertex 287.99 -70 -7.5
    endloop
  endfacet
  facet normal 0.849355 0 -0.527822
    outer loop
      vertex 287.472 -70 -8.33355
      vertex 287.99 -86 -7.5
      vertex 287.472 -86 -8.33355
    endloop
  endfacet
  facet normal 0.973853 0 -0.227179
    outer loop
      vertex 289.712 -86 -2.92635
      vertex 289.489 -70 -3.88229
      vertex 289.712 -70 -2.92635
    endloop
  endfacet
  facet normal 0.973853 0 -0.227179
    outer loop
      vertex 289.489 -70 -3.88229
      vertex 289.712 -86 -2.92635
      vertex 289.489 -86 -3.88229
    endloop
  endfacet
  facet normal -0.227069 0 0.973879
    outer loop
      vertex 271.118 -70 14.4889
      vertex 272.074 -86 14.7118
      vertex 272.074 -70 14.7118
    endloop
  endfacet
  facet normal -0.227069 0 0.973879
    outer loop
      vertex 272.074 -86 14.7118
      vertex 271.118 -70 14.4889
      vertex 271.118 -86 14.4889
    endloop
  endfacet
  facet normal -0.973853 0 -0.227179
    outer loop
      vertex 260.511 -86 -3.88229
      vertex 260.288 -70 -2.92635
      vertex 260.511 -70 -3.88229
    endloop
  endfacet
  facet normal -0.973853 -0 -0.227179
    outer loop
      vertex 260.288 -70 -2.92635
      vertex 260.511 -86 -3.88229
      vertex 260.288 -86 -2.92635
    endloop
  endfacet
  facet normal 0.910903 -0 0.41262
    outer loop
      vertex 288.453 -86 6.63433
      vertex 288.858 -70 5.74025
      vertex 288.453 -70 6.63433
    endloop
  endfacet
  facet normal 0.910903 0 0.41262
    outer loop
      vertex 288.858 -70 5.74025
      vertex 288.453 -86 6.63433
      vertex 288.858 -86 5.74025
    endloop
  endfacet
  facet normal -0.72986 0 0.683597
    outer loop
      vertex 263.722 -86 9.89019
      vertex 264.393 -70 10.6066
      vertex 263.722 -70 9.89019
    endloop
  endfacet
  facet normal -0.72986 0 0.683597
    outer loop
      vertex 264.393 -70 10.6066
      vertex 263.722 -86 9.89019
      vertex 264.393 -86 10.6066
    endloop
  endfacet
  facet normal 0.986626 0 -0.163001
    outer loop
      vertex 289.872 -86 -1.95789
      vertex 289.712 -70 -2.92635
      vertex 289.872 -70 -1.95789
    endloop
  endfacet
  facet normal 0.986626 0 -0.163001
    outer loop
      vertex 289.712 -70 -2.92635
      vertex 289.872 -86 -1.95789
      vertex 289.712 -86 -2.92635
    endloop
  endfacet
  facet normal -0.352829 0 0.935688
    outer loop
      vertex 269.637 -70 14
      vertex 270.178 -86 14.204
      vertex 270.178 -70 14.204
    endloop
  endfacet
  facet normal -0.352048 0 0.935982
    outer loop
      vertex 269.26 -86 13.8582
      vertex 269.637 -70 14
      vertex 269.26 -70 13.8582
    endloop
  endfacet
  facet normal -0.352508 1.2373e-05 0.935809
    outer loop
      vertex 269.637 -70 14
      vertex 269.26 -86 13.8582
      vertex 270.178 -86 14.204
    endloop
  endfacet
  facet normal -0.773363 0 0.633963
    outer loop
      vertex 263.1 -86 9.13142
      vertex 263.722 -70 9.89019
      vertex 263.1 -70 9.13142
    endloop
  endfacet
  facet normal -0.773363 0 0.633963
    outer loop
      vertex 263.722 -70 9.89019
      vertex 263.1 -86 9.13142
      vertex 263.722 -86 9.89019
    endloop
  endfacet
  facet normal -0.973853 0 0.227179
    outer loop
      vertex 260.288 -86 2.92635
      vertex 260.511 -70 3.88229
      vertex 260.288 -70 2.92635
    endloop
  endfacet
  facet normal -0.973853 0 0.227179
    outer loop
      vertex 260.511 -70 3.88229
      vertex 260.288 -86 2.92635
      vertex 260.511 -86 3.88229
    endloop
  endfacet
  facet normal -0.881799 0 0.471626
    outer loop
      vertex 261.547 -86 6.63433
      vertex 262.01 -70 7.5
      vertex 261.547 -70 6.63433
    endloop
  endfacet
  facet normal -0.881799 0 0.471626
    outer loop
      vertex 262.01 -70 7.5
      vertex 261.547 -86 6.63433
      vertex 262.01 -86 7.5
    endloop
  endfacet
  facet normal 0.956922 -0 0.290347
    outer loop
      vertex 289.204 -86 4.82159
      vertex 289.489 -70 3.88229
      vertex 289.204 -70 4.82159
    endloop
  endfacet
  facet normal 0.956922 0 0.290347
    outer loop
      vertex 289.489 -70 3.88229
      vertex 289.204 -86 4.82159
      vertex 289.489 -86 3.88229
    endloop
  endfacet
  facet normal -0.956922 0 0.290347
    outer loop
      vertex 260.511 -86 3.88229
      vertex 260.796 -70 4.82159
      vertex 260.511 -70 3.88229
    endloop
  endfacet
  facet normal -0.956922 0 0.290347
    outer loop
      vertex 260.796 -70 4.82159
      vertex 260.511 -86 3.88229
      vertex 260.796 -86 4.82159
    endloop
  endfacet
  facet normal -0.995206 0 -0.0978046
    outer loop
      vertex 260.128 -86 -1.95789
      vertex 260.032 -70 -0.981047
      vertex 260.128 -70 -1.95789
    endloop
  endfacet
  facet normal -0.995206 -0 -0.0978046
    outer loop
      vertex 260.032 -70 -0.981047
      vertex 260.128 -86 -1.95789
      vertex 260.032 -86 -0.981047
    endloop
  endfacet
  facet normal -0.0979908 0 0.995187
    outer loop
      vertex 273.042 -70 14.8717
      vertex 274.019 -86 14.9679
      vertex 274.019 -70 14.9679
    endloop
  endfacet
  facet normal -0.0979908 0 0.995187
    outer loop
      vertex 274.019 -86 14.9679
      vertex 273.042 -70 14.8717
      vertex 273.042 -86 14.8717
    endloop
  endfacet
  facet normal -0.683297 0 -0.73014
    outer loop
      vertex 264.393 -86 -10.6066
      vertex 265.11 -70 -11.2776
      vertex 265.11 -86 -11.2776
    endloop
  endfacet
  facet normal -0.683297 0 -0.73014
    outer loop
      vertex 265.11 -70 -11.2776
      vertex 264.393 -86 -10.6066
      vertex 264.393 -70 -10.6066
    endloop
  endfacet
  facet normal -0.910903 0 0.41262
    outer loop
      vertex 261.142 -86 5.74025
      vertex 261.547 -70 6.63433
      vertex 261.142 -70 5.74025
    endloop
  endfacet
  facet normal -0.910903 0 0.41262
    outer loop
      vertex 261.547 -70 6.63433
      vertex 261.142 -86 5.74025
      vertex 261.547 -86 6.63433
    endloop
  endfacet
  facet normal 0.162977 0 -0.98663
    outer loop
      vertex 276.958 -86 -14.8717
      vertex 277.926 -70 -14.7118
      vertex 277.926 -86 -14.7118
    endloop
  endfacet
  facet normal 0.162977 0 -0.98663
    outer loop
      vertex 277.926 -70 -14.7118
      vertex 276.958 -86 -14.8717
      vertex 276.958 -70 -14.8717
    endloop
  endfacet
  facet normal -0.881799 0 -0.471626
    outer loop
      vertex 262.01 -86 -7.5
      vertex 261.547 -70 -6.63433
      vertex 262.01 -70 -7.5
    endloop
  endfacet
  facet normal -0.881799 -0 -0.471626
    outer loop
      vertex 261.547 -70 -6.63433
      vertex 262.01 -86 -7.5
      vertex 261.547 -86 -6.63433
    endloop
  endfacet
  facet normal 0.72986 0 -0.683597
    outer loop
      vertex 286.278 -86 -9.89019
      vertex 285.607 -70 -10.6066
      vertex 286.278 -70 -9.89019
    endloop
  endfacet
  facet normal 0.72986 0 -0.683597
    outer loop
      vertex 285.607 -70 -10.6066
      vertex 286.278 -86 -9.89019
      vertex 285.607 -86 -10.6066
    endloop
  endfacet
  facet normal -0.162977 0 0.98663
    outer loop
      vertex 272.074 -70 14.7118
      vertex 273.042 -86 14.8717
      vertex 273.042 -70 14.8717
    endloop
  endfacet
  facet normal -0.162977 0 0.98663
    outer loop
      vertex 273.042 -86 14.8717
      vertex 272.074 -70 14.7118
      vertex 272.074 -86 14.7118
    endloop
  endfacet
  facet normal -0.52791 0 0.8493
    outer loop
      vertex 266.666 -70 12.472
      vertex 267.5 -86 12.9904
      vertex 267.5 -70 12.9904
    endloop
  endfacet
  facet normal -0.52791 0 0.8493
    outer loop
      vertex 267.5 -86 12.9904
      vertex 266.666 -70 12.472
      vertex 266.666 -86 12.472
    endloop
  endfacet
  facet normal -0.773363 0 -0.633963
    outer loop
      vertex 263.722 -86 -9.89019
      vertex 263.1 -70 -9.13142
      vertex 263.722 -70 -9.89019
    endloop
  endfacet
  facet normal -0.773363 -0 -0.633963
    outer loop
      vertex 263.1 -70 -9.13142
      vertex 263.722 -86 -9.89019
      vertex 263.1 -86 -9.13142
    endloop
  endfacet
  facet normal -0.582867 0 0.812568
    outer loop
      vertex 265.869 -70 11.9003
      vertex 266.666 -86 12.472
      vertex 266.666 -70 12.472
    endloop
  endfacet
  facet normal -0.582867 0 0.812568
    outer loop
      vertex 266.666 -86 12.472
      vertex 265.869 -70 11.9003
      vertex 265.869 -86 11.9003
    endloop
  endfacet
  facet normal -0.999468 0 0.0326009
    outer loop
      vertex 260 -86 0
      vertex 260.032 -70 0.981047
      vertex 260 -70 0
    endloop
  endfacet
  facet normal -0.999468 0 0.0326009
    outer loop
      vertex 260.032 -70 0.981047
      vertex 260 -86 0
      vertex 260.032 -86 0.981047
    endloop
  endfacet
  facet normal -0.471249 0 0.882
    outer loop
      vertex 267.5 -70 12.9904
      vertex 268.366 -86 13.4531
      vertex 268.366 -70 13.4531
    endloop
  endfacet
  facet normal -0.471249 0 0.882
    outer loop
      vertex 268.366 -86 13.4531
      vertex 267.5 -70 12.9904
      vertex 267.5 -86 12.9904
    endloop
  endfacet
  facet normal -0.471249 0 -0.882
    outer loop
      vertex 267.5 -86 -12.9904
      vertex 268.366 -70 -13.4531
      vertex 268.366 -86 -13.4531
    endloop
  endfacet
  facet normal -0.471249 0 -0.882
    outer loop
      vertex 268.366 -70 -13.4531
      vertex 267.5 -86 -12.9904
      vertex 267.5 -70 -12.9904
    endloop
  endfacet
  facet normal -0.935825 0 0.352465
    outer loop
      vertex 260.796 -86 4.82159
      vertex 261.142 -70 5.74025
      vertex 260.796 -70 4.82159
    endloop
  endfacet
  facet normal -0.935825 0 0.352465
    outer loop
      vertex 261.142 -70 5.74025
      vertex 260.796 -86 4.82159
      vertex 261.142 -86 5.74025
    endloop
  endfacet
  facet normal 0.935825 -0 0.352465
    outer loop
      vertex 288.858 -86 5.74025
      vertex 289.204 -70 4.82159
      vertex 288.858 -70 5.74025
    endloop
  endfacet
  facet normal 0.935825 0 0.352465
    outer loop
      vertex 289.204 -70 4.82159
      vertex 288.858 -86 5.74025
      vertex 289.204 -86 4.82159
    endloop
  endfacet
  facet normal -0.52791 0 -0.8493
    outer loop
      vertex 266.666 -86 -12.472
      vertex 267.5 -70 -12.9904
      vertex 267.5 -86 -12.9904
    endloop
  endfacet
  facet normal -0.52791 0 -0.8493
    outer loop
      vertex 267.5 -70 -12.9904
      vertex 266.666 -86 -12.472
      vertex 266.666 -70 -12.472
    endloop
  endfacet
  facet normal 0 -1 0
    outer loop
      vertex 274.019 -86 14.9679
      vertex 275.981 -86 14.9679
      vertex 275 -86 15
    endloop
  endfacet
  facet normal 0 -1 0
    outer loop
      vertex 273.042 -86 14.8717
      vertex 275.981 -86 14.9679
      vertex 274.019 -86 14.9679
    endloop
  endfacet
  facet normal 0 -1 0
    outer loop
      vertex 273.042 -86 14.8717
      vertex 276.958 -86 14.8717
      vertex 275.981 -86 14.9679
    endloop
  endfacet
  facet normal 0 -1 0
    outer loop
      vertex 272.074 -86 14.7118
      vertex 276.958 -86 14.8717
      vertex 273.042 -86 14.8717
    endloop
  endfacet
  facet normal 0 -1 0
    outer loop
      vertex 272.074 -86 14.7118
      vertex 277.926 -86 14.7118
      vertex 276.958 -86 14.8717
    endloop
  endfacet
  facet normal 0 -1 0
    outer loop
      vertex 271.118 -86 14.4889
      vertex 277.926 -86 14.7118
      vertex 272.074 -86 14.7118
    endloop
  endfacet
  facet normal 0 -1 0
    outer loop
      vertex 271.118 -86 14.4889
      vertex 278.882 -86 14.4889
      vertex 277.926 -86 14.7118
    endloop
  endfacet
  facet normal 0 -1 0
    outer loop
      vertex 270.178 -86 14.204
      vertex 278.882 -86 14.4889
      vertex 271.118 -86 14.4889
    endloop
  endfacet
  facet normal 0 -1 0
    outer loop
      vertex 270.178 -86 14.204
      vertex 279.822 -86 14.204
      vertex 278.882 -86 14.4889
    endloop
  endfacet
  facet normal 0 -1 0
    outer loop
      vertex 269.26 -86 13.8582
      vertex 279.822 -86 14.204
      vertex 270.178 -86 14.204
    endloop
  endfacet
  facet normal 0 -1 0
    outer loop
      vertex 269.26 -86 13.8582
      vertex 280.74 -86 13.8582
      vertex 279.822 -86 14.204
    endloop
  endfacet
  facet normal 0 -1 0
    outer loop
      vertex 268.366 -86 13.4531
      vertex 280.74 -86 13.8582
      vertex 269.26 -86 13.8582
    endloop
  endfacet
  facet normal 0 -1 0
    outer loop
      vertex 268.366 -86 13.4531
      vertex 281.634 -86 13.4531
      vertex 280.74 -86 13.8582
    endloop
  endfacet
  facet normal 0 -1 0
    outer loop
      vertex 267.5 -86 12.9904
      vertex 281.634 -86 13.4531
      vertex 268.366 -86 13.4531
    endloop
  endfacet
  facet normal 0 -1 0
    outer loop
      vertex 267.5 -86 12.9904
      vertex 282.5 -86 12.9904
      vertex 281.634 -86 13.4531
    endloop
  endfacet
  facet normal 0 -1 0
    outer loop
      vertex 266.666 -86 12.472
      vertex 282.5 -86 12.9904
      vertex 267.5 -86 12.9904
    endloop
  endfacet
  facet normal 0 -1 0
    outer loop
      vertex 266.666 -86 12.472
      vertex 283.334 -86 12.472
      vertex 282.5 -86 12.9904
    endloop
  endfacet
  facet normal 0 -1 0
    outer loop
      vertex 265.869 -86 11.9003
      vertex 283.334 -86 12.472
      vertex 266.666 -86 12.472
    endloop
  endfacet
  facet normal 0 -1 0
    outer loop
      vertex 265.869 -86 11.9003
      vertex 284.131 -86 11.9003
      vertex 283.334 -86 12.472
    endloop
  endfacet
  facet normal 0 -1 0
    outer loop
      vertex 265.11 -86 11.2776
      vertex 284.131 -86 11.9003
      vertex 265.869 -86 11.9003
    endloop
  endfacet
  facet normal 0 -1 0
    outer loop
      vertex 265.11 -86 11.2776
      vertex 284.89 -86 11.2776
      vertex 284.131 -86 11.9003
    endloop
  endfacet
  facet normal 0 -1 0
    outer loop
      vertex 264.393 -86 10.6066
      vertex 284.89 -86 11.2776
      vertex 265.11 -86 11.2776
    endloop
  endfacet
  facet normal 0 -1 0
    outer loop
      vertex 264.393 -86 10.6066
      vertex 285.607 -86 10.6066
      vertex 284.89 -86 11.2776
    endloop
  endfacet
  facet normal 0 -1 0
    outer loop
      vertex 263.722 -86 9.89019
      vertex 285.607 -86 10.6066
      vertex 264.393 -86 10.6066
    endloop
  endfacet
  facet normal 0 -1 0
    outer loop
      vertex 263.722 -86 9.89019
      vertex 286.278 -86 9.89019
      vertex 285.607 -86 10.6066
    endloop
  endfacet
  facet normal 0 -1 0
    outer loop
      vertex 263.1 -86 9.13142
      vertex 286.278 -86 9.89019
      vertex 263.722 -86 9.89019
    endloop
  endfacet
  facet normal 0 -1 0
    outer loop
      vertex 263.1 -86 9.13142
      vertex 286.9 -86 9.13142
      vertex 286.278 -86 9.89019
    endloop
  endfacet
  facet normal 0 -1 0
    outer loop
      vertex 262.528 -86 8.33355
      vertex 286.9 -86 9.13142
      vertex 263.1 -86 9.13142
    endloop
  endfacet
  facet normal 0 -1 0
    outer loop
      vertex 262.528 -86 8.33355
      vertex 287.472 -86 8.33355
      vertex 286.9 -86 9.13142
    endloop
  endfacet
  facet normal 0 -1 0
    outer loop
      vertex 262.01 -86 7.5
      vertex 287.472 -86 8.33355
      vertex 262.528 -86 8.33355
    endloop
  endfacet
  facet normal 0 -1 0
    outer loop
      vertex 262.01 -86 7.5
      vertex 287.99 -86 7.5
      vertex 287.472 -86 8.33355
    endloop
  endfacet
  facet normal 0 -1 0
    outer loop
      vertex 261.547 -86 6.63433
      vertex 287.99 -86 7.5
      vertex 262.01 -86 7.5
    endloop
  endfacet
  facet normal 0 -1 0
    outer loop
      vertex 261.547 -86 6.63433
      vertex 288.453 -86 6.63433
      vertex 287.99 -86 7.5
    endloop
  endfacet
  facet normal 0 -1 0
    outer loop
      vertex 261.142 -86 5.74025
      vertex 288.453 -86 6.63433
      vertex 261.547 -86 6.63433
    endloop
  endfacet
  facet normal 0 -1 0
    outer loop
      vertex 261.142 -86 5.74025
      vertex 288.858 -86 5.74025
      vertex 288.453 -86 6.63433
    endloop
  endfacet
  facet normal 0 -1 0
    outer loop
      vertex 260.796 -86 4.82159
      vertex 288.858 -86 5.74025
      vertex 261.142 -86 5.74025
    endloop
  endfacet
  facet normal 0 -1 0
    outer loop
      vertex 260.796 -86 4.82159
      vertex 289.204 -86 4.82159
      vertex 288.858 -86 5.74025
    endloop
  endfacet
  facet normal 0 -1 0
    outer loop
      vertex 260.511 -86 3.88229
      vertex 289.204 -86 4.82159
      vertex 260.796 -86 4.82159
    endloop
  endfacet
  facet normal 0 -1 0
    outer loop
      vertex 260.511 -86 3.88229
      vertex 289.489 -86 3.88229
      vertex 289.204 -86 4.82159
    endloop
  endfacet
  facet normal 0 -1 0
    outer loop
      vertex 260.288 -86 2.92635
      vertex 289.489 -86 3.88229
      vertex 260.511 -86 3.88229
    endloop
  endfacet
  facet normal 0 -1 0
    outer loop
      vertex 260.288 -86 2.92635
      vertex 289.712 -86 2.92635
      vertex 289.489 -86 3.88229
    endloop
  endfacet
  facet normal 0 -1 0
    outer loop
      vertex 260.128 -86 1.95789
      vertex 289.712 -86 2.92635
      vertex 260.288 -86 2.92635
    endloop
  endfacet
  facet normal 0 -1 0
    outer loop
      vertex 260.128 -86 1.95789
      vertex 289.872 -86 1.95789
      vertex 289.712 -86 2.92635
    endloop
  endfacet
  facet normal 0 -1 0
    outer loop
      vertex 260.032 -86 0.981047
      vertex 289.872 -86 1.95789
      vertex 260.128 -86 1.95789
    endloop
  endfacet
  facet normal 0 -1 0
    outer loop
      vertex 260.032 -86 0.981047
      vertex 289.968 -86 0.981047
      vertex 289.872 -86 1.95789
    endloop
  endfacet
  facet normal 0 -1 0
    outer loop
      vertex 260 -86 0
      vertex 289.968 -86 0.981047
      vertex 260.032 -86 0.981047
    endloop
  endfacet
  facet normal 0 -1 0
    outer loop
      vertex 260 -86 0
      vertex 290 -86 0
      vertex 289.968 -86 0.981047
    endloop
  endfacet
  facet normal 0 -1 0
    outer loop
      vertex 260.032 -86 -0.981047
      vertex 290 -86 0
      vertex 260 -86 0
    endloop
  endfacet
  facet normal 0 -1 0
    outer loop
      vertex 260.032 -86 -0.981047
      vertex 289.968 -86 -0.981047
      vertex 290 -86 0
    endloop
  endfacet
  facet normal 0 -1 0
    outer loop
      vertex 260.128 -86 -1.95789
      vertex 289.968 -86 -0.981047
      vertex 260.032 -86 -0.981047
    endloop
  endfacet
  facet normal 0 -1 0
    outer loop
      vertex 260.128 -86 -1.95789
      vertex 289.872 -86 -1.95789
      vertex 289.968 -86 -0.981047
    endloop
  endfacet
  facet normal 0 -1 0
    outer loop
      vertex 260.288 -86 -2.92635
      vertex 289.872 -86 -1.95789
      vertex 260.128 -86 -1.95789
    endloop
  endfacet
  facet normal 0 -1 0
    outer loop
      vertex 260.288 -86 -2.92635
      vertex 289.712 -86 -2.92635
      vertex 289.872 -86 -1.95789
    endloop
  endfacet
  facet normal 0 -1 0
    outer loop
      vertex 260.511 -86 -3.88229
      vertex 289.712 -86 -2.92635
      vertex 260.288 -86 -2.92635
    endloop
  endfacet
  facet normal 0 -1 0
    outer loop
      vertex 260.511 -86 -3.88229
      vertex 289.489 -86 -3.88229
      vertex 289.712 -86 -2.92635
    endloop
  endfacet
  facet normal 0 -1 0
    outer loop
      vertex 260.796 -86 -4.82159
      vertex 289.489 -86 -3.88229
      vertex 260.511 -86 -3.88229
    endloop
  endfacet
  facet normal 0 -1 0
    outer loop
      vertex 260.796 -86 -4.82159
      vertex 289.204 -86 -4.82159
      vertex 289.489 -86 -3.88229
    endloop
  endfacet
  facet normal 0 -1 0
    outer loop
      vertex 261.142 -86 -5.74025
      vertex 289.204 -86 -4.82159
      vertex 260.796 -86 -4.82159
    endloop
  endfacet
  facet normal 0 -1 0
    outer loop
      vertex 261.142 -86 -5.74025
      vertex 288.858 -86 -5.74025
      vertex 289.204 -86 -4.82159
    endloop
  endfacet
  facet normal 0 -1 0
    outer loop
      vertex 261.547 -86 -6.63433
      vertex 288.858 -86 -5.74025
      vertex 261.142 -86 -5.74025
    endloop
  endfacet
  facet normal 0 -1 0
    outer loop
      vertex 261.547 -86 -6.63433
      vertex 288.453 -86 -6.63433
      vertex 288.858 -86 -5.74025
    endloop
  endfacet
  facet normal 0 -1 0
    outer loop
      vertex 262.01 -86 -7.5
      vertex 288.453 -86 -6.63433
      vertex 261.547 -86 -6.63433
    endloop
  endfacet
  facet normal 0 -1 0
    outer loop
      vertex 262.01 -86 -7.5
      vertex 287.99 -86 -7.5
      vertex 288.453 -86 -6.63433
    endloop
  endfacet
  facet normal 0 -1 0
    outer loop
      vertex 262.528 -86 -8.33355
      vertex 287.99 -86 -7.5
      vertex 262.01 -86 -7.5
    endloop
  endfacet
  facet normal 0 -1 0
    outer loop
      vertex 262.528 -86 -8.33355
      vertex 287.472 -86 -8.33355
      vertex 287.99 -86 -7.5
    endloop
  endfacet
  facet normal 0 -1 0
    outer loop
      vertex 263.1 -86 -9.13142
      vertex 287.472 -86 -8.33355
      vertex 262.528 -86 -8.33355
    endloop
  endfacet
  facet normal 0 -1 0
    outer loop
      vertex 263.1 -86 -9.13142
      vertex 286.9 -86 -9.13142
      vertex 287.472 -86 -8.33355
    endloop
  endfacet
  facet normal 0 -1 0
    outer loop
      vertex 263.722 -86 -9.89019
      vertex 286.9 -86 -9.13142
      vertex 263.1 -86 -9.13142
    endloop
  endfacet
  facet normal 0 -1 0
    outer loop
      vertex 263.722 -86 -9.89019
      vertex 286.278 -86 -9.89019
      vertex 286.9 -86 -9.13142
    endloop
  endfacet
  facet normal 0 -1 0
    outer loop
      vertex 264.393 -86 -10.6066
      vertex 286.278 -86 -9.89019
      vertex 263.722 -86 -9.89019
    endloop
  endfacet
  facet normal 0 -1 0
    outer loop
      vertex 264.393 -86 -10.6066
      vertex 285.607 -86 -10.6066
      vertex 286.278 -86 -9.89019
    endloop
  endfacet
  facet normal 0 -1 0
    outer loop
      vertex 265.11 -86 -11.2776
      vertex 285.607 -86 -10.6066
      vertex 264.393 -86 -10.6066
    endloop
  endfacet
  facet normal 0 -1 0
    outer loop
      vertex 265.11 -86 -11.2776
      vertex 284.89 -86 -11.2776
      vertex 285.607 -86 -10.6066
    endloop
  endfacet
  facet normal 0 -1 0
    outer loop
      vertex 265.869 -86 -11.9003
      vertex 284.89 -86 -11.2776
      vertex 265.11 -86 -11.2776
    endloop
  endfacet
  facet normal 0 -1 0
    outer loop
      vertex 265.869 -86 -11.9003
      vertex 284.131 -86 -11.9003
      vertex 284.89 -86 -11.2776
    endloop
  endfacet
  facet normal 0 -1 0
    outer loop
      vertex 266.666 -86 -12.472
      vertex 284.131 -86 -11.9003
      vertex 265.869 -86 -11.9003
    endloop
  endfacet
  facet normal 0 -1 0
    outer loop
      vertex 266.666 -86 -12.472
      vertex 283.334 -86 -12.472
      vertex 284.131 -86 -11.9003
    endloop
  endfacet
  facet normal 0 -1 0
    outer loop
      vertex 267.5 -86 -12.9904
      vertex 283.334 -86 -12.472
      vertex 266.666 -86 -12.472
    endloop
  endfacet
  facet normal 0 -1 0
    outer loop
      vertex 267.5 -86 -12.9904
      vertex 282.5 -86 -12.9904
      vertex 283.334 -86 -12.472
    endloop
  endfacet
  facet normal 0 -1 0
    outer loop
      vertex 268.366 -86 -13.4531
      vertex 282.5 -86 -12.9904
      vertex 267.5 -86 -12.9904
    endloop
  endfacet
  facet normal 0 -1 0
    outer loop
      vertex 268.366 -86 -13.4531
      vertex 281.634 -86 -13.4531
      vertex 282.5 -86 -12.9904
    endloop
  endfacet
  facet normal 0 -1 0
    outer loop
      vertex 269.26 -86 -13.8582
      vertex 281.634 -86 -13.4531
      vertex 268.366 -86 -13.4531
    endloop
  endfacet
  facet normal 0 -1 0
    outer loop
      vertex 269.26 -86 -13.8582
      vertex 280.74 -86 -13.8582
      vertex 281.634 -86 -13.4531
    endloop
  endfacet
  facet normal 0 -1 0
    outer loop
      vertex 270.178 -86 -14.204
      vertex 280.74 -86 -13.8582
      vertex 269.26 -86 -13.8582
    endloop
  endfacet
  facet normal 0 -1 0
    outer loop
      vertex 270.178 -86 -14.204
      vertex 279.822 -86 -14.204
      vertex 280.74 -86 -13.8582
    endloop
  endfacet
  facet normal 0 -1 0
    outer loop
      vertex 271.118 -86 -14.4889
      vertex 279.822 -86 -14.204
      vertex 270.178 -86 -14.204
    endloop
  endfacet
  facet normal 0 -1 0
    outer loop
      vertex 271.118 -86 -14.4889
      vertex 278.882 -86 -14.4889
      vertex 279.822 -86 -14.204
    endloop
  endfacet
  facet normal 0 -1 0
    outer loop
      vertex 272.074 -86 -14.7118
      vertex 278.882 -86 -14.4889
      vertex 271.118 -86 -14.4889
    endloop
  endfacet
  facet normal 0 -1 0
    outer loop
      vertex 272.074 -86 -14.7118
      vertex 277.926 -86 -14.7118
      vertex 278.882 -86 -14.4889
    endloop
  endfacet
  facet normal 0 -1 0
    outer loop
      vertex 273.042 -86 -14.8717
      vertex 277.926 -86 -14.7118
      vertex 272.074 -86 -14.7118
    endloop
  endfacet
  facet normal 0 -1 0
    outer loop
      vertex 273.042 -86 -14.8717
      vertex 276.958 -86 -14.8717
      vertex 277.926 -86 -14.7118
    endloop
  endfacet
  facet normal 0 -1 0
    outer loop
      vertex 274.019 -86 -14.9679
      vertex 276.958 -86 -14.8717
      vertex 273.042 -86 -14.8717
    endloop
  endfacet
  facet normal 0 -1 0
    outer loop
      vertex 274.019 -86 -14.9679
      vertex 275.981 -86 -14.9679
      vertex 276.958 -86 -14.8717
    endloop
  endfacet
  facet normal -0 -1 0
    outer loop
      vertex 275.981 -86 -14.9679
      vertex 274.019 -86 -14.9679
      vertex 275 -86 -15
    endloop
  endfacet
  facet normal 0.995206 0 -0.0978046
    outer loop
      vertex 539.968 70 -0.981047
      vertex 539.872 86 -1.95789
      vertex 539.968 86 -0.981047
    endloop
  endfacet
  facet normal 0.995206 0 -0.0978046
    outer loop
      vertex 539.872 86 -1.95789
      vertex 539.968 70 -0.981047
      vertex 539.872 70 -1.95789
    endloop
  endfacet
  facet normal 0.999468 0 -0.0326009
    outer loop
      vertex 540 70 0
      vertex 539.968 86 -0.981047
      vertex 540 86 0
    endloop
  endfacet
  facet normal 0.999468 0 -0.0326009
    outer loop
      vertex 539.968 86 -0.981047
      vertex 540 70 0
      vertex 539.968 70 -0.981047
    endloop
  endfacet
  facet normal -0.986626 0 -0.163001
    outer loop
      vertex 510.288 70 -2.92635
      vertex 510.128 86 -1.95789
      vertex 510.288 86 -2.92635
    endloop
  endfacet
  facet normal -0.986626 -0 -0.163001
    outer loop
      vertex 510.128 86 -1.95789
      vertex 510.288 70 -2.92635
      vertex 510.128 70 -1.95789
    endloop
  endfacet
  facet normal 0.471249 0 0.882
    outer loop
      vertex 531.634 86 13.4531
      vertex 532.5 70 12.9904
      vertex 532.5 86 12.9904
    endloop
  endfacet
  facet normal 0.471249 0 0.882
    outer loop
      vertex 532.5 70 12.9904
      vertex 531.634 86 13.4531
      vertex 531.634 70 13.4531
    endloop
  endfacet
  facet normal -0.910903 0 -0.41262
    outer loop
      vertex 511.547 70 -6.63433
      vertex 511.142 86 -5.74025
      vertex 511.547 86 -6.63433
    endloop
  endfacet
  facet normal -0.910903 -0 -0.41262
    outer loop
      vertex 511.142 86 -5.74025
      vertex 511.547 70 -6.63433
      vertex 511.142 70 -5.74025
    endloop
  endfacet
  facet normal 0.72986 -0 0.683597
    outer loop
      vertex 535.607 70 10.6066
      vertex 536.278 86 9.89019
      vertex 535.607 86 10.6066
    endloop
  endfacet
  facet normal 0.72986 0 0.683597
    outer loop
      vertex 536.278 86 9.89019
      vertex 535.607 70 10.6066
      vertex 536.278 70 9.89019
    endloop
  endfacet
  facet normal 0.956922 0 -0.290347
    outer loop
      vertex 539.489 70 -3.88229
      vertex 539.204 86 -4.82159
      vertex 539.489 86 -3.88229
    endloop
  endfacet
  facet normal 0.956922 0 -0.290347
    outer loop
      vertex 539.204 86 -4.82159
      vertex 539.489 70 -3.88229
      vertex 539.204 70 -4.82159
    endloop
  endfacet
  facet normal -0.290055 0 0.95701
    outer loop
      vertex 520.178 86 14.204
      vertex 521.118 70 14.4889
      vertex 521.118 86 14.4889
    endloop
  endfacet
  facet normal -0.290055 0 0.95701
    outer loop
      vertex 521.118 70 14.4889
      vertex 520.178 86 14.204
      vertex 520.178 70 14.204
    endloop
  endfacet
  facet normal 0.582867 0 -0.812568
    outer loop
      vertex 533.334 70 -12.472
      vertex 534.131 86 -11.9003
      vertex 534.131 70 -11.9003
    endloop
  endfacet
  facet normal 0.582867 0 -0.812568
    outer loop
      vertex 534.131 86 -11.9003
      vertex 533.334 70 -12.472
      vertex 533.334 86 -12.472
    endloop
  endfacet
  facet normal -0.812724 0 0.582649
    outer loop
      vertex 512.528 70 8.33355
      vertex 513.1 86 9.13142
      vertex 512.528 86 8.33355
    endloop
  endfacet
  facet normal -0.812724 0 0.582649
    outer loop
      vertex 513.1 86 9.13142
      vertex 512.528 70 8.33355
      vertex 513.1 70 9.13142
    endloop
  endfacet
  facet normal 0.986626 -0 0.163001
    outer loop
      vertex 539.712 70 2.92635
      vertex 539.872 86 1.95789
      vertex 539.712 86 2.92635
    endloop
  endfacet
  facet normal 0.986626 0 0.163001
    outer loop
      vertex 539.872 86 1.95789
      vertex 539.712 70 2.92635
      vertex 539.872 70 1.95789
    endloop
  endfacet
  facet normal 0.634274 0 0.773108
    outer loop
      vertex 534.131 86 11.9003
      vertex 534.89 70 11.2776
      vertex 534.89 86 11.2776
    endloop
  endfacet
  facet normal 0.634274 0 0.773108
    outer loop
      vertex 534.89 70 11.2776
      vertex 534.131 86 11.9003
      vertex 534.131 70 11.9003
    endloop
  endfacet
  facet normal 0.881799 0 -0.471626
    outer loop
      vertex 538.453 70 -6.63433
      vertex 537.99 86 -7.5
      vertex 538.453 86 -6.63433
    endloop
  endfacet
  facet normal 0.881799 0 -0.471626
    outer loop
      vertex 537.99 86 -7.5
      vertex 538.453 70 -6.63433
      vertex 537.99 70 -7.5
    endloop
  endfacet
  facet normal -0.0979908 0 -0.995187
    outer loop
      vertex 523.042 70 -14.8717
      vertex 524.019 86 -14.9679
      vertex 524.019 70 -14.9679
    endloop
  endfacet
  facet normal -0.0979908 0 -0.995187
    outer loop
      vertex 524.019 86 -14.9679
      vertex 523.042 70 -14.8717
      vertex 523.042 86 -14.8717
    endloop
  endfacet
  facet normal -0.0327042 0 -0.999465
    outer loop
      vertex 524.019 70 -14.9679
      vertex 525 86 -15
      vertex 525 70 -15
    endloop
  endfacet
  facet normal -0.0327042 0 -0.999465
    outer loop
      vertex 525 86 -15
      vertex 524.019 70 -14.9679
      vertex 524.019 86 -14.9679
    endloop
  endfacet
  facet normal 0.0979908 0 -0.995187
    outer loop
      vertex 525.981 70 -14.9679
      vertex 526.958 86 -14.8717
      vertex 526.958 70 -14.8717
    endloop
  endfacet
  facet normal 0.0979908 0 -0.995187
    outer loop
      vertex 526.958 86 -14.8717
      vertex 525.981 70 -14.9679
      vertex 525.981 86 -14.9679
    endloop
  endfacet
  facet normal 0.995206 -0 0.0978046
    outer loop
      vertex 539.872 70 1.95789
      vertex 539.968 86 0.981047
      vertex 539.872 86 1.95789
    endloop
  endfacet
  facet normal 0.995206 0 0.0978046
    outer loop
      vertex 539.968 86 0.981047
      vertex 539.872 70 1.95789
      vertex 539.968 70 0.981047
    endloop
  endfacet
  facet normal -0.352829 0 -0.935688
    outer loop
      vertex 519.637 70 -14
      vertex 520.178 86 -14.204
      vertex 520.178 70 -14.204
    endloop
  endfacet
  facet normal -0.352048 -0 -0.935982
    outer loop
      vertex 519.26 86 -13.8582
      vertex 519.637 70 -14
      vertex 519.26 70 -13.8582
    endloop
  endfacet
  facet normal -0.352508 -1.2373e-05 -0.935809
    outer loop
      vertex 519.637 70 -14
      vertex 519.26 86 -13.8582
      vertex 520.178 86 -14.204
    endloop
  endfacet
  facet normal 0.582867 0 0.812568
    outer loop
      vertex 533.334 86 12.472
      vertex 534.131 70 11.9003
      vertex 534.131 86 11.9003
    endloop
  endfacet
  facet normal 0.582867 0 0.812568
    outer loop
      vertex 534.131 70 11.9003
      vertex 533.334 86 12.472
      vertex 533.334 70 12.472
    endloop
  endfacet
  facet normal -0.162977 0 -0.98663
    outer loop
      vertex 522.074 70 -14.7118
      vertex 523.042 86 -14.8717
      vertex 523.042 70 -14.8717
    endloop
  endfacet
  facet normal -0.162977 0 -0.98663
    outer loop
      vertex 523.042 86 -14.8717
      vertex 522.074 70 -14.7118
      vertex 522.074 86 -14.7118
    endloop
  endfacet
  facet normal 0.812724 0 -0.582649
    outer loop
      vertex 537.472 70 -8.33355
      vertex 536.9 86 -9.13142
      vertex 537.472 86 -8.33355
    endloop
  endfacet
  facet normal 0.812724 0 -0.582649
    outer loop
      vertex 536.9 86 -9.13142
      vertex 537.472 70 -8.33355
      vertex 536.9 70 -9.13142
    endloop
  endfacet
  facet normal -0.582867 0 -0.812568
    outer loop
      vertex 515.869 70 -11.9003
      vertex 516.666 86 -12.472
      vertex 516.666 70 -12.472
    endloop
  endfacet
  facet normal -0.582867 0 -0.812568
    outer loop
      vertex 516.666 86 -12.472
      vertex 515.869 70 -11.9003
      vertex 515.869 86 -11.9003
    endloop
  endfacet
  facet normal -0.773363 0 0.633963
    outer loop
      vertex 513.1 70 9.13142
      vertex 513.722 86 9.89019
      vertex 513.1 86 9.13142
    endloop
  endfacet
  facet normal -0.773363 0 0.633963
    outer loop
      vertex 513.722 86 9.89019
      vertex 513.1 70 9.13142
      vertex 513.722 70 9.89019
    endloop
  endfacet
  facet normal 0.227069 0 0.973879
    outer loop
      vertex 527.926 86 14.7118
      vertex 528.882 70 14.4889
      vertex 528.882 86 14.4889
    endloop
  endfacet
  facet normal 0.227069 0 0.973879
    outer loop
      vertex 528.882 70 14.4889
      vertex 527.926 86 14.7118
      vertex 527.926 70 14.7118
    endloop
  endfacet
  facet normal 0.471249 0 -0.882
    outer loop
      vertex 531.634 70 -13.4531
      vertex 532.5 86 -12.9904
      vertex 532.5 70 -12.9904
    endloop
  endfacet
  facet normal 0.471249 0 -0.882
    outer loop
      vertex 532.5 86 -12.9904
      vertex 531.634 70 -13.4531
      vertex 531.634 86 -13.4531
    endloop
  endfacet
  facet normal -0.683297 0 0.73014
    outer loop
      vertex 514.393 86 10.6066
      vertex 515.11 70 11.2776
      vertex 515.11 86 11.2776
    endloop
  endfacet
  facet normal -0.683297 0 0.73014
    outer loop
      vertex 515.11 70 11.2776
      vertex 514.393 86 10.6066
      vertex 514.393 70 10.6066
    endloop
  endfacet
  facet normal -0.773363 0 -0.633963
    outer loop
      vertex 513.722 70 -9.89019
      vertex 513.1 86 -9.13142
      vertex 513.722 86 -9.89019
    endloop
  endfacet
  facet normal -0.773363 -0 -0.633963
    outer loop
      vertex 513.1 86 -9.13142
      vertex 513.722 70 -9.89019
      vertex 513.1 70 -9.13142
    endloop
  endfacet
  facet normal 0.0979908 0 0.995187
    outer loop
      vertex 525.981 86 14.9679
      vertex 526.958 70 14.8717
      vertex 526.958 86 14.8717
    endloop
  endfacet
  facet normal 0.0979908 0 0.995187
    outer loop
      vertex 526.958 70 14.8717
      vertex 525.981 86 14.9679
      vertex 525.981 70 14.9679
    endloop
  endfacet
  facet normal -0.0327042 0 0.999465
    outer loop
      vertex 524.019 86 14.9679
      vertex 525 70 15
      vertex 525 86 15
    endloop
  endfacet
  facet normal -0.0327042 0 0.999465
    outer loop
      vertex 525 70 15
      vertex 524.019 86 14.9679
      vertex 524.019 70 14.9679
    endloop
  endfacet
  facet normal -0.412736 0 0.910851
    outer loop
      vertex 518.366 86 13.4531
      vertex 519.26 70 13.8582
      vertex 519.26 86 13.8582
    endloop
  endfacet
  facet normal -0.412736 0 0.910851
    outer loop
      vertex 519.26 70 13.8582
      vertex 518.366 86 13.4531
      vertex 518.366 70 13.4531
    endloop
  endfacet
  facet normal 0.162977 0 0.98663
    outer loop
      vertex 526.958 86 14.8717
      vertex 527.926 70 14.7118
      vertex 527.926 86 14.7118
    endloop
  endfacet
  facet normal 0.162977 0 0.98663
    outer loop
      vertex 527.926 70 14.7118
      vertex 526.958 86 14.8717
      vertex 526.958 70 14.8717
    endloop
  endfacet
  facet normal 0.935825 0 -0.352465
    outer loop
      vertex 539.204 70 -4.82159
      vertex 538.858 86 -5.74025
      vertex 539.204 86 -4.82159
    endloop
  endfacet
  facet normal 0.935825 0 -0.352465
    outer loop
      vertex 538.858 86 -5.74025
      vertex 539.204 70 -4.82159
      vertex 538.858 70 -5.74025
    endloop
  endfacet
  facet normal 0.773363 -0 0.633963
    outer loop
      vertex 536.278 70 9.89019
      vertex 536.9 86 9.13142
      vertex 536.278 86 9.89019
    endloop
  endfacet
  facet normal 0.773363 0 0.633963
    outer loop
      vertex 536.9 86 9.13142
      vertex 536.278 70 9.89019
      vertex 536.9 70 9.13142
    endloop
  endfacet
  facet normal 0.881799 -0 0.471626
    outer loop
      vertex 537.99 70 7.5
      vertex 538.453 86 6.63433
      vertex 537.99 86 7.5
    endloop
  endfacet
  facet normal 0.881799 0 0.471626
    outer loop
      vertex 538.453 86 6.63433
      vertex 537.99 70 7.5
      vertex 538.453 70 6.63433
    endloop
  endfacet
  facet normal -0.956922 0 -0.290347
    outer loop
      vertex 510.796 70 -4.82159
      vertex 510.511 86 -3.88229
      vertex 510.796 86 -4.82159
    endloop
  endfacet
  facet normal -0.956922 -0 -0.290347
    outer loop
      vertex 510.511 86 -3.88229
      vertex 510.796 70 -4.82159
      vertex 510.511 70 -3.88229
    endloop
  endfacet
  facet normal -0.995206 0 0.0978046
    outer loop
      vertex 510.032 70 0.981047
      vertex 510.128 86 1.95789
      vertex 510.032 86 0.981047
    endloop
  endfacet
  facet normal -0.995206 0 0.0978046
    outer loop
      vertex 510.128 86 1.95789
      vertex 510.032 70 0.981047
      vertex 510.128 70 1.95789
    endloop
  endfacet
  facet normal 0.227069 0 -0.973879
    outer loop
      vertex 527.926 70 -14.7118
      vertex 528.882 86 -14.4889
      vertex 528.882 70 -14.4889
    endloop
  endfacet
  facet normal 0.227069 0 -0.973879
    outer loop
      vertex 528.882 86 -14.4889
      vertex 527.926 70 -14.7118
      vertex 527.926 86 -14.7118
    endloop
  endfacet
  facet normal 0.999468 -0 0.0326009
    outer loop
      vertex 539.968 70 0.981047
      vertex 540 86 0
      vertex 539.968 86 0.981047
    endloop
  endfacet
  facet normal 0.999468 0 0.0326009
    outer loop
      vertex 540 86 0
      vertex 539.968 70 0.981047
      vertex 540 70 0
    endloop
  endfacet
  facet normal 0.634274 0 -0.773108
    outer loop
      vertex 534.131 70 -11.9003
      vertex 534.89 86 -11.2776
      vertex 534.89 70 -11.2776
    endloop
  endfacet
  facet normal 0.634274 0 -0.773108
    outer loop
      vertex 534.89 86 -11.2776
      vertex 534.131 70 -11.9003
      vertex 534.131 86 -11.9003
    endloop
  endfacet
  facet normal 0.412736 0 0.910851
    outer loop
      vertex 530.74 86 13.8582
      vertex 531.634 70 13.4531
      vertex 531.634 86 13.4531
    endloop
  endfacet
  facet normal 0.412736 0 0.910851
    outer loop
      vertex 531.634 70 13.4531
      vertex 530.74 86 13.8582
      vertex 530.74 70 13.8582
    endloop
  endfacet
  facet normal -0.849355 0 0.527822
    outer loop
      vertex 512.01 70 7.5
      vertex 512.528 86 8.33355
      vertex 512.01 86 7.5
    endloop
  endfacet
  facet normal -0.849355 0 0.527822
    outer loop
      vertex 512.528 86 8.33355
      vertex 512.01 70 7.5
      vertex 512.528 70 8.33355
    endloop
  endfacet
  facet normal 0.910903 0 -0.41262
    outer loop
      vertex 538.858 70 -5.74025
      vertex 538.453 86 -6.63433
      vertex 538.858 86 -5.74025
    endloop
  endfacet
  facet normal 0.910903 0 -0.41262
    outer loop
      vertex 538.453 86 -6.63433
      vertex 538.858 70 -5.74025
      vertex 538.453 70 -6.63433
    endloop
  endfacet
  facet normal 0.773363 0 -0.633963
    outer loop
      vertex 536.9 70 -9.13142
      vertex 536.278 86 -9.89019
      vertex 536.9 86 -9.13142
    endloop
  endfacet
  facet normal 0.773363 0 -0.633963
    outer loop
      vertex 536.278 86 -9.89019
      vertex 536.9 70 -9.13142
      vertex 536.278 70 -9.89019
    endloop
  endfacet
  facet normal 0.352048 0 0.935982
    outer loop
      vertex 530.74 86 13.8582
      vertex 530.363 70 14
      vertex 530.74 70 13.8582
    endloop
  endfacet
  facet normal 0.352508 -1.2373e-05 0.935809
    outer loop
      vertex 529.822 86 14.204
      vertex 530.363 70 14
      vertex 530.74 86 13.8582
    endloop
  endfacet
  facet normal 0.352829 0 0.935688
    outer loop
      vertex 530.363 70 14
      vertex 529.822 86 14.204
      vertex 529.822 70 14.204
    endloop
  endfacet
  facet normal -0.72986 0 -0.683597
    outer loop
      vertex 514.393 70 -10.6066
      vertex 513.722 86 -9.89019
      vertex 514.393 86 -10.6066
    endloop
  endfacet
  facet normal -0.72986 -0 -0.683597
    outer loop
      vertex 513.722 86 -9.89019
      vertex 514.393 70 -10.6066
      vertex 513.722 70 -9.89019
    endloop
  endfacet
  facet normal 0.352048 0 -0.935982
    outer loop
      vertex 530.363 70 -14
      vertex 530.74 86 -13.8582
      vertex 530.74 70 -13.8582
    endloop
  endfacet
  facet normal 0.352829 0 -0.935688
    outer loop
      vertex 529.822 86 -14.204
      vertex 530.363 70 -14
      vertex 529.822 70 -14.204
    endloop
  endfacet
  facet normal 0.352508 -1.2373e-05 -0.935809
    outer loop
      vertex 530.363 70 -14
      vertex 529.822 86 -14.204
      vertex 530.74 86 -13.8582
    endloop
  endfacet
  facet normal 0.0327042 0 -0.999465
    outer loop
      vertex 525 70 -15
      vertex 525.981 86 -14.9679
      vertex 525.981 70 -14.9679
    endloop
  endfacet
  facet normal 0.0327042 0 -0.999465
    outer loop
      vertex 525.981 86 -14.9679
      vertex 525 70 -15
      vertex 525 86 -15
    endloop
  endfacet
  facet normal 0.683297 0 -0.73014
    outer loop
      vertex 534.89 70 -11.2776
      vertex 535.607 86 -10.6066
      vertex 535.607 70 -10.6066
    endloop
  endfacet
  facet normal 0.683297 0 -0.73014
    outer loop
      vertex 535.607 86 -10.6066
      vertex 534.89 70 -11.2776
      vertex 534.89 86 -11.2776
    endloop
  endfacet
  facet normal -0.290055 0 -0.95701
    outer loop
      vertex 520.178 70 -14.204
      vertex 521.118 86 -14.4889
      vertex 521.118 70 -14.4889
    endloop
  endfacet
  facet normal -0.290055 0 -0.95701
    outer loop
      vertex 521.118 86 -14.4889
      vertex 520.178 70 -14.204
      vertex 520.178 86 -14.204
    endloop
  endfacet
  facet normal -0.849355 0 -0.527822
    outer loop
      vertex 512.528 70 -8.33355
      vertex 512.01 86 -7.5
      vertex 512.528 86 -8.33355
    endloop
  endfacet
  facet normal -0.849355 -0 -0.527822
    outer loop
      vertex 512.01 86 -7.5
      vertex 512.528 70 -8.33355
      vertex 512.01 70 -7.5
    endloop
  endfacet
  facet normal 0.52791 0 0.8493
    outer loop
      vertex 532.5 86 12.9904
      vertex 533.334 70 12.472
      vertex 533.334 86 12.472
    endloop
  endfacet
  facet normal 0.52791 0 0.8493
    outer loop
      vertex 533.334 70 12.472
      vertex 532.5 86 12.9904
      vertex 532.5 70 12.9904
    endloop
  endfacet
  facet normal 0 1 0
    outer loop
      vertex 525.981 86 14.9679
      vertex 524.019 86 14.9679
      vertex 525 86 15
    endloop
  endfacet
  facet normal 0 1 0
    outer loop
      vertex 526.958 86 14.8717
      vertex 524.019 86 14.9679
      vertex 525.981 86 14.9679
    endloop
  endfacet
  facet normal 0 1 0
    outer loop
      vertex 526.958 86 14.8717
      vertex 523.042 86 14.8717
      vertex 524.019 86 14.9679
    endloop
  endfacet
  facet normal 0 1 0
    outer loop
      vertex 527.926 86 14.7118
      vertex 523.042 86 14.8717
      vertex 526.958 86 14.8717
    endloop
  endfacet
  facet normal 0 1 0
    outer loop
      vertex 527.926 86 14.7118
      vertex 522.074 86 14.7118
      vertex 523.042 86 14.8717
    endloop
  endfacet
  facet normal 0 1 0
    outer loop
      vertex 528.882 86 14.4889
      vertex 522.074 86 14.7118
      vertex 527.926 86 14.7118
    endloop
  endfacet
  facet normal 0 1 0
    outer loop
      vertex 528.882 86 14.4889
      vertex 521.118 86 14.4889
      vertex 522.074 86 14.7118
    endloop
  endfacet
  facet normal 0 1 0
    outer loop
      vertex 529.822 86 14.204
      vertex 521.118 86 14.4889
      vertex 528.882 86 14.4889
    endloop
  endfacet
  facet normal 0 1 0
    outer loop
      vertex 529.822 86 14.204
      vertex 520.178 86 14.204
      vertex 521.118 86 14.4889
    endloop
  endfacet
  facet normal 0 1 0
    outer loop
      vertex 530.74 86 13.8582
      vertex 520.178 86 14.204
      vertex 529.822 86 14.204
    endloop
  endfacet
  facet normal 0 1 0
    outer loop
      vertex 530.74 86 13.8582
      vertex 519.26 86 13.8582
      vertex 520.178 86 14.204
    endloop
  endfacet
  facet normal 0 1 0
    outer loop
      vertex 531.634 86 13.4531
      vertex 519.26 86 13.8582
      vertex 530.74 86 13.8582
    endloop
  endfacet
  facet normal 0 1 0
    outer loop
      vertex 531.634 86 13.4531
      vertex 518.366 86 13.4531
      vertex 519.26 86 13.8582
    endloop
  endfacet
  facet normal 0 1 0
    outer loop
      vertex 532.5 86 12.9904
      vertex 518.366 86 13.4531
      vertex 531.634 86 13.4531
    endloop
  endfacet
  facet normal 0 1 0
    outer loop
      vertex 532.5 86 12.9904
      vertex 517.5 86 12.9904
      vertex 518.366 86 13.4531
    endloop
  endfacet
  facet normal 0 1 0
    outer loop
      vertex 533.334 86 12.472
      vertex 517.5 86 12.9904
      vertex 532.5 86 12.9904
    endloop
  endfacet
  facet normal 0 1 0
    outer loop
      vertex 533.334 86 12.472
      vertex 516.666 86 12.472
      vertex 517.5 86 12.9904
    endloop
  endfacet
  facet normal 0 1 0
    outer loop
      vertex 534.131 86 11.9003
      vertex 516.666 86 12.472
      vertex 533.334 86 12.472
    endloop
  endfacet
  facet normal 0 1 0
    outer loop
      vertex 534.131 86 11.9003
      vertex 515.869 86 11.9003
      vertex 516.666 86 12.472
    endloop
  endfacet
  facet normal 0 1 0
    outer loop
      vertex 534.89 86 11.2776
      vertex 515.869 86 11.9003
      vertex 534.131 86 11.9003
    endloop
  endfacet
  facet normal 0 1 0
    outer loop
      vertex 534.89 86 11.2776
      vertex 515.11 86 11.2776
      vertex 515.869 86 11.9003
    endloop
  endfacet
  facet normal 0 1 0
    outer loop
      vertex 535.607 86 10.6066
      vertex 515.11 86 11.2776
      vertex 534.89 86 11.2776
    endloop
  endfacet
  facet normal 0 1 0
    outer loop
      vertex 535.607 86 10.6066
      vertex 514.393 86 10.6066
      vertex 515.11 86 11.2776
    endloop
  endfacet
  facet normal 0 1 0
    outer loop
      vertex 536.278 86 9.89019
      vertex 514.393 86 10.6066
      vertex 535.607 86 10.6066
    endloop
  endfacet
  facet normal 0 1 0
    outer loop
      vertex 536.278 86 9.89019
      vertex 513.722 86 9.89019
      vertex 514.393 86 10.6066
    endloop
  endfacet
  facet normal 0 1 0
    outer loop
      vertex 536.9 86 9.13142
      vertex 513.722 86 9.89019
      vertex 536.278 86 9.89019
    endloop
  endfacet
  facet normal 0 1 0
    outer loop
      vertex 536.9 86 9.13142
      vertex 513.1 86 9.13142
      vertex 513.722 86 9.89019
    endloop
  endfacet
  facet normal 0 1 0
    outer loop
      vertex 537.472 86 8.33355
      vertex 513.1 86 9.13142
      vertex 536.9 86 9.13142
    endloop
  endfacet
  facet normal 0 1 0
    outer loop
      vertex 537.472 86 8.33355
      vertex 512.528 86 8.33355
      vertex 513.1 86 9.13142
    endloop
  endfacet
  facet normal 0 1 0
    outer loop
      vertex 537.99 86 7.5
      vertex 512.528 86 8.33355
      vertex 537.472 86 8.33355
    endloop
  endfacet
  facet normal 0 1 0
    outer loop
      vertex 537.99 86 7.5
      vertex 512.01 86 7.5
      vertex 512.528 86 8.33355
    endloop
  endfacet
  facet normal 0 1 0
    outer loop
      vertex 538.453 86 6.63433
      vertex 512.01 86 7.5
      vertex 537.99 86 7.5
    endloop
  endfacet
  facet normal 0 1 0
    outer loop
      vertex 538.453 86 6.63433
      vertex 511.547 86 6.63433
      vertex 512.01 86 7.5
    endloop
  endfacet
  facet normal 0 1 0
    outer loop
      vertex 538.858 86 5.74025
      vertex 511.547 86 6.63433
      vertex 538.453 86 6.63433
    endloop
  endfacet
  facet normal 0 1 0
    outer loop
      vertex 538.858 86 5.74025
      vertex 511.142 86 5.74025
      vertex 511.547 86 6.63433
    endloop
  endfacet
  facet normal 0 1 0
    outer loop
      vertex 539.204 86 4.82159
      vertex 511.142 86 5.74025
      vertex 538.858 86 5.74025
    endloop
  endfacet
  facet normal 0 1 0
    outer loop
      vertex 539.204 86 4.82159
      vertex 510.796 86 4.82159
      vertex 511.142 86 5.74025
    endloop
  endfacet
  facet normal 0 1 0
    outer loop
      vertex 539.489 86 3.88229
      vertex 510.796 86 4.82159
      vertex 539.204 86 4.82159
    endloop
  endfacet
  facet normal 0 1 0
    outer loop
      vertex 539.489 86 3.88229
      vertex 510.511 86 3.88229
      vertex 510.796 86 4.82159
    endloop
  endfacet
  facet normal 0 1 0
    outer loop
      vertex 539.712 86 2.92635
      vertex 510.511 86 3.88229
      vertex 539.489 86 3.88229
    endloop
  endfacet
  facet normal 0 1 0
    outer loop
      vertex 539.712 86 2.92635
      vertex 510.288 86 2.92635
      vertex 510.511 86 3.88229
    endloop
  endfacet
  facet normal 0 1 0
    outer loop
      vertex 539.872 86 1.95789
      vertex 510.288 86 2.92635
      vertex 539.712 86 2.92635
    endloop
  endfacet
  facet normal 0 1 0
    outer loop
      vertex 539.872 86 1.95789
      vertex 510.128 86 1.95789
      vertex 510.288 86 2.92635
    endloop
  endfacet
  facet normal 0 1 0
    outer loop
      vertex 539.968 86 0.981047
      vertex 510.128 86 1.95789
      vertex 539.872 86 1.95789
    endloop
  endfacet
  facet normal 0 1 0
    outer loop
      vertex 539.968 86 0.981047
      vertex 510.032 86 0.981047
      vertex 510.128 86 1.95789
    endloop
  endfacet
  facet normal 0 1 0
    outer loop
      vertex 540 86 0
      vertex 510.032 86 0.981047
      vertex 539.968 86 0.981047
    endloop
  endfacet
  facet normal 0 1 0
    outer loop
      vertex 540 86 0
      vertex 510 86 0
      vertex 510.032 86 0.981047
    endloop
  endfacet
  facet normal 0 1 -0
    outer loop
      vertex 539.968 86 -0.981047
      vertex 510 86 0
      vertex 540 86 0
    endloop
  endfacet
  facet normal 0 1 0
    outer loop
      vertex 539.968 86 -0.981047
      vertex 510.032 86 -0.981047
      vertex 510 86 0
    endloop
  endfacet
  facet normal 0 1 -0
    outer loop
      vertex 539.872 86 -1.95789
      vertex 510.032 86 -0.981047
      vertex 539.968 86 -0.981047
    endloop
  endfacet
  facet normal 0 1 0
    outer loop
      vertex 539.872 86 -1.95789
      vertex 510.128 86 -1.95789
      vertex 510.032 86 -0.981047
    endloop
  endfacet
  facet normal 0 1 -0
    outer loop
      vertex 539.712 86 -2.92635
      vertex 510.128 86 -1.95789
      vertex 539.872 86 -1.95789
    endloop
  endfacet
  facet normal 0 1 0
    outer loop
      vertex 539.712 86 -2.92635
      vertex 510.288 86 -2.92635
      vertex 510.128 86 -1.95789
    endloop
  endfacet
  facet normal 0 1 -0
    outer loop
      vertex 539.489 86 -3.88229
      vertex 510.288 86 -2.92635
      vertex 539.712 86 -2.92635
    endloop
  endfacet
  facet normal 0 1 0
    outer loop
      vertex 539.489 86 -3.88229
      vertex 510.511 86 -3.88229
      vertex 510.288 86 -2.92635
    endloop
  endfacet
  facet normal 0 1 -0
    outer loop
      vertex 539.204 86 -4.82159
      vertex 510.511 86 -3.88229
      vertex 539.489 86 -3.88229
    endloop
  endfacet
  facet normal 0 1 0
    outer loop
      vertex 539.204 86 -4.82159
      vertex 510.796 86 -4.82159
      vertex 510.511 86 -3.88229
    endloop
  endfacet
  facet normal 0 1 -0
    outer loop
      vertex 538.858 86 -5.74025
      vertex 510.796 86 -4.82159
      vertex 539.204 86 -4.82159
    endloop
  endfacet
  facet normal 0 1 0
    outer loop
      vertex 538.858 86 -5.74025
      vertex 511.142 86 -5.74025
      vertex 510.796 86 -4.82159
    endloop
  endfacet
  facet normal 0 1 -0
    outer loop
      vertex 538.453 86 -6.63433
      vertex 511.142 86 -5.74025
      vertex 538.858 86 -5.74025
    endloop
  endfacet
  facet normal 0 1 0
    outer loop
      vertex 538.453 86 -6.63433
      vertex 511.547 86 -6.63433
      vertex 511.142 86 -5.74025
    endloop
  endfacet
  facet normal 0 1 -0
    outer loop
      vertex 537.99 86 -7.5
      vertex 511.547 86 -6.63433
      vertex 538.453 86 -6.63433
    endloop
  endfacet
  facet normal 0 1 0
    outer loop
      vertex 537.99 86 -7.5
      vertex 512.01 86 -7.5
      vertex 511.547 86 -6.63433
    endloop
  endfacet
  facet normal 0 1 -0
    outer loop
      vertex 537.472 86 -8.33355
      vertex 512.01 86 -7.5
      vertex 537.99 86 -7.5
    endloop
  endfacet
  facet normal 0 1 0
    outer loop
      vertex 537.472 86 -8.33355
      vertex 512.528 86 -8.33355
      vertex 512.01 86 -7.5
    endloop
  endfacet
  facet normal 0 1 -0
    outer loop
      vertex 536.9 86 -9.13142
      vertex 512.528 86 -8.33355
      vertex 537.472 86 -8.33355
    endloop
  endfacet
  facet normal 0 1 0
    outer loop
      vertex 536.9 86 -9.13142
      vertex 513.1 86 -9.13142
      vertex 512.528 86 -8.33355
    endloop
  endfacet
  facet normal 0 1 -0
    outer loop
      vertex 536.278 86 -9.89019
      vertex 513.1 86 -9.13142
      vertex 536.9 86 -9.13142
    endloop
  endfacet
  facet normal 0 1 0
    outer loop
      vertex 536.278 86 -9.89019
      vertex 513.722 86 -9.89019
      vertex 513.1 86 -9.13142
    endloop
  endfacet
  facet normal 0 1 -0
    outer loop
      vertex 535.607 86 -10.6066
      vertex 513.722 86 -9.89019
      vertex 536.278 86 -9.89019
    endloop
  endfacet
  facet normal 0 1 0
    outer loop
      vertex 535.607 86 -10.6066
      vertex 514.393 86 -10.6066
      vertex 513.722 86 -9.89019
    endloop
  endfacet
  facet normal 0 1 -0
    outer loop
      vertex 534.89 86 -11.2776
      vertex 514.393 86 -10.6066
      vertex 535.607 86 -10.6066
    endloop
  endfacet
  facet normal 0 1 0
    outer loop
      vertex 534.89 86 -11.2776
      vertex 515.11 86 -11.2776
      vertex 514.393 86 -10.6066
    endloop
  endfacet
  facet normal 0 1 -0
    outer loop
      vertex 534.131 86 -11.9003
      vertex 515.11 86 -11.2776
      vertex 534.89 86 -11.2776
    endloop
  endfacet
  facet normal 0 1 0
    outer loop
      vertex 534.131 86 -11.9003
      vertex 515.869 86 -11.9003
      vertex 515.11 86 -11.2776
    endloop
  endfacet
  facet normal 0 1 -0
    outer loop
      vertex 533.334 86 -12.472
      vertex 515.869 86 -11.9003
      vertex 534.131 86 -11.9003
    endloop
  endfacet
  facet normal 0 1 0
    outer loop
      vertex 533.334 86 -12.472
      vertex 516.666 86 -12.472
      vertex 515.869 86 -11.9003
    endloop
  endfacet
  facet normal 0 1 -0
    outer loop
      vertex 532.5 86 -12.9904
      vertex 516.666 86 -12.472
      vertex 533.334 86 -12.472
    endloop
  endfacet
  facet normal 0 1 0
    outer loop
      vertex 532.5 86 -12.9904
      vertex 517.5 86 -12.9904
      vertex 516.666 86 -12.472
    endloop
  endfacet
  facet normal 0 1 -0
    outer loop
      vertex 531.634 86 -13.4531
      vertex 517.5 86 -12.9904
      vertex 532.5 86 -12.9904
    endloop
  endfacet
  facet normal 0 1 0
    outer loop
      vertex 531.634 86 -13.4531
      vertex 518.366 86 -13.4531
      vertex 517.5 86 -12.9904
    endloop
  endfacet
  facet normal 0 1 -0
    outer loop
      vertex 530.74 86 -13.8582
      vertex 518.366 86 -13.4531
      vertex 531.634 86 -13.4531
    endloop
  endfacet
  facet normal 0 1 0
    outer loop
      vertex 530.74 86 -13.8582
      vertex 519.26 86 -13.8582
      vertex 518.366 86 -13.4531
    endloop
  endfacet
  facet normal 0 1 -0
    outer loop
      vertex 529.822 86 -14.204
      vertex 519.26 86 -13.8582
      vertex 530.74 86 -13.8582
    endloop
  endfacet
  facet normal 0 1 0
    outer loop
      vertex 529.822 86 -14.204
      vertex 520.178 86 -14.204
      vertex 519.26 86 -13.8582
    endloop
  endfacet
  facet normal 0 1 -0
    outer loop
      vertex 528.882 86 -14.4889
      vertex 520.178 86 -14.204
      vertex 529.822 86 -14.204
    endloop
  endfacet
  facet normal 0 1 0
    outer loop
      vertex 528.882 86 -14.4889
      vertex 521.118 86 -14.4889
      vertex 520.178 86 -14.204
    endloop
  endfacet
  facet normal 0 1 -0
    outer loop
      vertex 527.926 86 -14.7118
      vertex 521.118 86 -14.4889
      vertex 528.882 86 -14.4889
    endloop
  endfacet
  facet normal 0 1 0
    outer loop
      vertex 527.926 86 -14.7118
      vertex 522.074 86 -14.7118
      vertex 521.118 86 -14.4889
    endloop
  endfacet
  facet normal 0 1 -0
    outer loop
      vertex 526.958 86 -14.8717
      vertex 522.074 86 -14.7118
      vertex 527.926 86 -14.7118
    endloop
  endfacet
  facet normal 0 1 0
    outer loop
      vertex 526.958 86 -14.8717
      vertex 523.042 86 -14.8717
      vertex 522.074 86 -14.7118
    endloop
  endfacet
  facet normal 0 1 -0
    outer loop
      vertex 525.981 86 -14.9679
      vertex 523.042 86 -14.8717
      vertex 526.958 86 -14.8717
    endloop
  endfacet
  facet normal 0 1 0
    outer loop
      vertex 525.981 86 -14.9679
      vertex 524.019 86 -14.9679
      vertex 523.042 86 -14.8717
    endloop
  endfacet
  facet normal -0 1 0
    outer loop
      vertex 524.019 86 -14.9679
      vertex 525.981 86 -14.9679
      vertex 525 86 -15
    endloop
  endfacet
  facet normal 0.0327042 0 0.999465
    outer loop
      vertex 525 86 15
      vertex 525.981 70 14.9679
      vertex 525.981 86 14.9679
    endloop
  endfacet
  facet normal 0.0327042 0 0.999465
    outer loop
      vertex 525.981 70 14.9679
      vertex 525 86 15
      vertex 525 70 15
    endloop
  endfacet
  facet normal -0.986626 0 0.163001
    outer loop
      vertex 510.128 70 1.95789
      vertex 510.288 86 2.92635
      vertex 510.128 86 1.95789
    endloop
  endfacet
  facet normal -0.986626 0 0.163001
    outer loop
      vertex 510.288 86 2.92635
      vertex 510.128 70 1.95789
      vertex 510.288 70 2.92635
    endloop
  endfacet
  facet normal -0.634274 0 -0.773108
    outer loop
      vertex 515.11 70 -11.2776
      vertex 515.869 86 -11.9003
      vertex 515.869 70 -11.9003
    endloop
  endfacet
  facet normal -0.634274 0 -0.773108
    outer loop
      vertex 515.869 86 -11.9003
      vertex 515.11 70 -11.2776
      vertex 515.11 86 -11.2776
    endloop
  endfacet
  facet normal 0.412736 0 -0.910851
    outer loop
      vertex 530.74 70 -13.8582
      vertex 531.634 86 -13.4531
      vertex 531.634 70 -13.4531
    endloop
  endfacet
  facet normal 0.412736 0 -0.910851
    outer loop
      vertex 531.634 86 -13.4531
      vertex 530.74 70 -13.8582
      vertex 530.74 86 -13.8582
    endloop
  endfacet
  facet normal 0.973853 -0 0.227179
    outer loop
      vertex 539.489 70 3.88229
      vertex 539.712 86 2.92635
      vertex 539.489 86 3.88229
    endloop
  endfacet
  facet normal 0.973853 0 0.227179
    outer loop
      vertex 539.712 86 2.92635
      vertex 539.489 70 3.88229
      vertex 539.712 70 2.92635
    endloop
  endfacet
  facet normal -0.634274 0 0.773108
    outer loop
      vertex 515.11 86 11.2776
      vertex 515.869 70 11.9003
      vertex 515.869 86 11.9003
    endloop
  endfacet
  facet normal -0.634274 0 0.773108
    outer loop
      vertex 515.869 70 11.9003
      vertex 515.11 86 11.2776
      vertex 515.11 70 11.2776
    endloop
  endfacet
  facet normal 0.812724 -0 0.582649
    outer loop
      vertex 536.9 70 9.13142
      vertex 537.472 86 8.33355
      vertex 536.9 86 9.13142
    endloop
  endfacet
  facet normal 0.812724 0 0.582649
    outer loop
      vertex 537.472 86 8.33355
      vertex 536.9 70 9.13142
      vertex 537.472 70 8.33355
    endloop
  endfacet
  facet normal 0.52791 0 -0.8493
    outer loop
      vertex 532.5 70 -12.9904
      vertex 533.334 86 -12.472
      vertex 533.334 70 -12.472
    endloop
  endfacet
  facet normal 0.52791 0 -0.8493
    outer loop
      vertex 533.334 86 -12.472
      vertex 532.5 70 -12.9904
      vertex 532.5 86 -12.9904
    endloop
  endfacet
  facet normal 0.849355 -0 0.527822
    outer loop
      vertex 537.472 70 8.33355
      vertex 537.99 86 7.5
      vertex 537.472 86 8.33355
    endloop
  endfacet
  facet normal 0.849355 0 0.527822
    outer loop
      vertex 537.99 86 7.5
      vertex 537.472 70 8.33355
      vertex 537.99 70 7.5
    endloop
  endfacet
  facet normal -0.227069 0 -0.973879
    outer loop
      vertex 521.118 70 -14.4889
      vertex 522.074 86 -14.7118
      vertex 522.074 70 -14.7118
    endloop
  endfacet
  facet normal -0.227069 0 -0.973879
    outer loop
      vertex 522.074 86 -14.7118
      vertex 521.118 70 -14.4889
      vertex 521.118 86 -14.4889
    endloop
  endfacet
  facet normal 0.290055 0 0.95701
    outer loop
      vertex 528.882 86 14.4889
      vertex 529.822 70 14.204
      vertex 529.822 86 14.204
    endloop
  endfacet
  facet normal 0.290055 0 0.95701
    outer loop
      vertex 529.822 70 14.204
      vertex 528.882 86 14.4889
      vertex 528.882 70 14.4889
    endloop
  endfacet
  facet normal -0.412736 0 -0.910851
    outer loop
      vertex 518.366 70 -13.4531
      vertex 519.26 86 -13.8582
      vertex 519.26 70 -13.8582
    endloop
  endfacet
  facet normal -0.412736 0 -0.910851
    outer loop
      vertex 519.26 86 -13.8582
      vertex 518.366 70 -13.4531
      vertex 518.366 86 -13.4531
    endloop
  endfacet
  facet normal -0.999468 0 -0.0326009
    outer loop
      vertex 510.032 70 -0.981047
      vertex 510 86 0
      vertex 510.032 86 -0.981047
    endloop
  endfacet
  facet normal -0.999468 -0 -0.0326009
    outer loop
      vertex 510 86 0
      vertex 510.032 70 -0.981047
      vertex 510 70 0
    endloop
  endfacet
  facet normal 0.849355 0 -0.527822
    outer loop
      vertex 537.99 70 -7.5
      vertex 537.472 86 -8.33355
      vertex 537.99 86 -7.5
    endloop
  endfacet
  facet normal 0.849355 0 -0.527822
    outer loop
      vertex 537.472 86 -8.33355
      vertex 537.99 70 -7.5
      vertex 537.472 70 -8.33355
    endloop
  endfacet
  facet normal 0.973853 0 -0.227179
    outer loop
      vertex 539.712 70 -2.92635
      vertex 539.489 86 -3.88229
      vertex 539.712 86 -2.92635
    endloop
  endfacet
  facet normal 0.973853 0 -0.227179
    outer loop
      vertex 539.489 86 -3.88229
      vertex 539.712 70 -2.92635
      vertex 539.489 70 -3.88229
    endloop
  endfacet
  facet normal -0.227069 0 0.973879
    outer loop
      vertex 521.118 86 14.4889
      vertex 522.074 70 14.7118
      vertex 522.074 86 14.7118
    endloop
  endfacet
  facet normal -0.227069 0 0.973879
    outer loop
      vertex 522.074 70 14.7118
      vertex 521.118 86 14.4889
      vertex 521.118 70 14.4889
    endloop
  endfacet
  facet normal -0.973853 0 -0.227179
    outer loop
      vertex 510.511 70 -3.88229
      vertex 510.288 86 -2.92635
      vertex 510.511 86 -3.88229
    endloop
  endfacet
  facet normal -0.973853 -0 -0.227179
    outer loop
      vertex 510.288 86 -2.92635
      vertex 510.511 70 -3.88229
      vertex 510.288 70 -2.92635
    endloop
  endfacet
  facet normal -0.0979908 0 0.995187
    outer loop
      vertex 523.042 86 14.8717
      vertex 524.019 70 14.9679
      vertex 524.019 86 14.9679
    endloop
  endfacet
  facet normal -0.0979908 0 0.995187
    outer loop
      vertex 524.019 70 14.9679
      vertex 523.042 86 14.8717
      vertex 523.042 70 14.8717
    endloop
  endfacet
  facet normal 0.910903 -0 0.41262
    outer loop
      vertex 538.453 70 6.63433
      vertex 538.858 86 5.74025
      vertex 538.453 86 6.63433
    endloop
  endfacet
  facet normal 0.910903 0 0.41262
    outer loop
      vertex 538.858 86 5.74025
      vertex 538.453 70 6.63433
      vertex 538.858 70 5.74025
    endloop
  endfacet
  facet normal -0.72986 0 0.683597
    outer loop
      vertex 513.722 70 9.89019
      vertex 514.393 86 10.6066
      vertex 513.722 86 9.89019
    endloop
  endfacet
  facet normal -0.72986 0 0.683597
    outer loop
      vertex 514.393 86 10.6066
      vertex 513.722 70 9.89019
      vertex 514.393 70 10.6066
    endloop
  endfacet
  facet normal 0.986626 0 -0.163001
    outer loop
      vertex 539.872 70 -1.95789
      vertex 539.712 86 -2.92635
      vertex 539.872 86 -1.95789
    endloop
  endfacet
  facet normal 0.986626 0 -0.163001
    outer loop
      vertex 539.712 86 -2.92635
      vertex 539.872 70 -1.95789
      vertex 539.712 70 -2.92635
    endloop
  endfacet
  facet normal -0.352829 0 0.935688
    outer loop
      vertex 520.178 86 14.204
      vertex 519.637 70 14
      vertex 520.178 70 14.204
    endloop
  endfacet
  facet normal -0.352508 -1.2373e-05 0.935809
    outer loop
      vertex 519.26 86 13.8582
      vertex 519.637 70 14
      vertex 520.178 86 14.204
    endloop
  endfacet
  facet normal -0.352048 0 0.935982
    outer loop
      vertex 519.637 70 14
      vertex 519.26 86 13.8582
      vertex 519.26 70 13.8582
    endloop
  endfacet
  facet normal -0.973853 0 0.227179
    outer loop
      vertex 510.288 70 2.92635
      vertex 510.511 86 3.88229
      vertex 510.288 86 2.92635
    endloop
  endfacet
  facet normal -0.973853 0 0.227179
    outer loop
      vertex 510.511 86 3.88229
      vertex 510.288 70 2.92635
      vertex 510.511 70 3.88229
    endloop
  endfacet
  facet normal -0.881799 0 0.471626
    outer loop
      vertex 511.547 70 6.63433
      vertex 512.01 86 7.5
      vertex 511.547 86 6.63433
    endloop
  endfacet
  facet normal -0.881799 0 0.471626
    outer loop
      vertex 512.01 86 7.5
      vertex 511.547 70 6.63433
      vertex 512.01 70 7.5
    endloop
  endfacet
  facet normal 0.956922 -0 0.290347
    outer loop
      vertex 539.204 70 4.82159
      vertex 539.489 86 3.88229
      vertex 539.204 86 4.82159
    endloop
  endfacet
  facet normal 0.956922 0 0.290347
    outer loop
      vertex 539.489 86 3.88229
      vertex 539.204 70 4.82159
      vertex 539.489 70 3.88229
    endloop
  endfacet
  facet normal -0.956922 0 0.290347
    outer loop
      vertex 510.511 70 3.88229
      vertex 510.796 86 4.82159
      vertex 510.511 86 3.88229
    endloop
  endfacet
  facet normal -0.956922 0 0.290347
    outer loop
      vertex 510.796 86 4.82159
      vertex 510.511 70 3.88229
      vertex 510.796 70 4.82159
    endloop
  endfacet
  facet normal -0.995206 0 -0.0978046
    outer loop
      vertex 510.128 70 -1.95789
      vertex 510.032 86 -0.981047
      vertex 510.128 86 -1.95789
    endloop
  endfacet
  facet normal -0.995206 -0 -0.0978046
    outer loop
      vertex 510.032 86 -0.981047
      vertex 510.128 70 -1.95789
      vertex 510.032 70 -0.981047
    endloop
  endfacet
  facet normal -0.683297 0 -0.73014
    outer loop
      vertex 514.393 70 -10.6066
      vertex 515.11 86 -11.2776
      vertex 515.11 70 -11.2776
    endloop
  endfacet
  facet normal -0.683297 0 -0.73014
    outer loop
      vertex 515.11 86 -11.2776
      vertex 514.393 70 -10.6066
      vertex 514.393 86 -10.6066
    endloop
  endfacet
  facet normal -0.910903 0 0.41262
    outer loop
      vertex 511.142 70 5.74025
      vertex 511.547 86 6.63433
      vertex 511.142 86 5.74025
    endloop
  endfacet
  facet normal -0.910903 0 0.41262
    outer loop
      vertex 511.547 86 6.63433
      vertex 511.142 70 5.74025
      vertex 511.547 70 6.63433
    endloop
  endfacet
  facet normal -0.935825 0 -0.352465
    outer loop
      vertex 511.142 70 -5.74025
      vertex 510.796 86 -4.82159
      vertex 511.142 86 -5.74025
    endloop
  endfacet
  facet normal -0.935825 -0 -0.352465
    outer loop
      vertex 510.796 86 -4.82159
      vertex 511.142 70 -5.74025
      vertex 510.796 70 -4.82159
    endloop
  endfacet
  facet normal 0.162977 0 -0.98663
    outer loop
      vertex 526.958 70 -14.8717
      vertex 527.926 86 -14.7118
      vertex 527.926 70 -14.7118
    endloop
  endfacet
  facet normal 0.162977 0 -0.98663
    outer loop
      vertex 527.926 86 -14.7118
      vertex 526.958 70 -14.8717
      vertex 526.958 86 -14.8717
    endloop
  endfacet
  facet normal -0.881799 0 -0.471626
    outer loop
      vertex 512.01 70 -7.5
      vertex 511.547 86 -6.63433
      vertex 512.01 86 -7.5
    endloop
  endfacet
  facet normal -0.881799 -0 -0.471626
    outer loop
      vertex 511.547 86 -6.63433
      vertex 512.01 70 -7.5
      vertex 511.547 70 -6.63433
    endloop
  endfacet
  facet normal 0.72986 0 -0.683597
    outer loop
      vertex 536.278 70 -9.89019
      vertex 535.607 86 -10.6066
      vertex 536.278 86 -9.89019
    endloop
  endfacet
  facet normal 0.72986 0 -0.683597
    outer loop
      vertex 535.607 86 -10.6066
      vertex 536.278 70 -9.89019
      vertex 535.607 70 -10.6066
    endloop
  endfacet
  facet normal -0.162977 0 0.98663
    outer loop
      vertex 522.074 86 14.7118
      vertex 523.042 70 14.8717
      vertex 523.042 86 14.8717
    endloop
  endfacet
  facet normal -0.162977 0 0.98663
    outer loop
      vertex 523.042 70 14.8717
      vertex 522.074 86 14.7118
      vertex 522.074 70 14.7118
    endloop
  endfacet
  facet normal -0.52791 0 0.8493
    outer loop
      vertex 516.666 86 12.472
      vertex 517.5 70 12.9904
      vertex 517.5 86 12.9904
    endloop
  endfacet
  facet normal -0.52791 0 0.8493
    outer loop
      vertex 517.5 70 12.9904
      vertex 516.666 86 12.472
      vertex 516.666 70 12.472
    endloop
  endfacet
  facet normal -0.582867 0 0.812568
    outer loop
      vertex 515.869 86 11.9003
      vertex 516.666 70 12.472
      vertex 516.666 86 12.472
    endloop
  endfacet
  facet normal -0.582867 0 0.812568
    outer loop
      vertex 516.666 70 12.472
      vertex 515.869 86 11.9003
      vertex 515.869 70 11.9003
    endloop
  endfacet
  facet normal -0.812724 0 -0.582649
    outer loop
      vertex 513.1 70 -9.13142
      vertex 512.528 86 -8.33355
      vertex 513.1 86 -9.13142
    endloop
  endfacet
  facet normal -0.812724 -0 -0.582649
    outer loop
      vertex 512.528 86 -8.33355
      vertex 513.1 70 -9.13142
      vertex 512.528 70 -8.33355
    endloop
  endfacet
  facet normal 0.290055 0 -0.95701
    outer loop
      vertex 528.882 70 -14.4889
      vertex 529.822 86 -14.204
      vertex 529.822 70 -14.204
    endloop
  endfacet
  facet normal 0.290055 0 -0.95701
    outer loop
      vertex 529.822 86 -14.204
      vertex 528.882 70 -14.4889
      vertex 528.882 86 -14.4889
    endloop
  endfacet
  facet normal -0.999468 0 0.0326009
    outer loop
      vertex 510 70 0
      vertex 510.032 86 0.981047
      vertex 510 86 0
    endloop
  endfacet
  facet normal -0.999468 0 0.0326009
    outer loop
      vertex 510.032 86 0.981047
      vertex 510 70 0
      vertex 510.032 70 0.981047
    endloop
  endfacet
  facet normal -0.471249 0 0.882
    outer loop
      vertex 517.5 86 12.9904
      vertex 518.366 70 13.4531
      vertex 518.366 86 13.4531
    endloop
  endfacet
  facet normal -0.471249 0 0.882
    outer loop
      vertex 518.366 70 13.4531
      vertex 517.5 86 12.9904
      vertex 517.5 70 12.9904
    endloop
  endfacet
  facet normal -0.471249 0 -0.882
    outer loop
      vertex 517.5 70 -12.9904
      vertex 518.366 86 -13.4531
      vertex 518.366 70 -13.4531
    endloop
  endfacet
  facet normal -0.471249 0 -0.882
    outer loop
      vertex 518.366 86 -13.4531
      vertex 517.5 70 -12.9904
      vertex 517.5 86 -12.9904
    endloop
  endfacet
  facet normal -0.935825 0 0.352465
    outer loop
      vertex 510.796 70 4.82159
      vertex 511.142 86 5.74025
      vertex 510.796 86 4.82159
    endloop
  endfacet
  facet normal -0.935825 0 0.352465
    outer loop
      vertex 511.142 86 5.74025
      vertex 510.796 70 4.82159
      vertex 511.142 70 5.74025
    endloop
  endfacet
  facet normal 0.935825 -0 0.352465
    outer loop
      vertex 538.858 70 5.74025
      vertex 539.204 86 4.82159
      vertex 538.858 86 5.74025
    endloop
  endfacet
  facet normal 0.935825 0 0.352465
    outer loop
      vertex 539.204 86 4.82159
      vertex 538.858 70 5.74025
      vertex 539.204 70 4.82159
    endloop
  endfacet
  facet normal 0.683297 0 0.73014
    outer loop
      vertex 534.89 86 11.2776
      vertex 535.607 70 10.6066
      vertex 535.607 86 10.6066
    endloop
  endfacet
  facet normal 0.683297 0 0.73014
    outer loop
      vertex 535.607 70 10.6066
      vertex 534.89 86 11.2776
      vertex 534.89 70 11.2776
    endloop
  endfacet
  facet normal -0.52791 0 -0.8493
    outer loop
      vertex 516.666 70 -12.472
      vertex 517.5 86 -12.9904
      vertex 517.5 70 -12.9904
    endloop
  endfacet
  facet normal -0.52791 0 -0.8493
    outer loop
      vertex 517.5 86 -12.9904
      vertex 516.666 70 -12.472
      vertex 516.666 86 -12.472
    endloop
  endfacet
  facet normal 0.995206 0 -0.0978046
    outer loop
      vertex 539.968 -86 -0.981047
      vertex 539.872 -70 -1.95789
      vertex 539.968 -70 -0.981047
    endloop
  endfacet
  facet normal 0.995206 0 -0.0978046
    outer loop
      vertex 539.872 -70 -1.95789
      vertex 539.968 -86 -0.981047
      vertex 539.872 -86 -1.95789
    endloop
  endfacet
  facet normal 0.999468 0 -0.0326009
    outer loop
      vertex 540 -86 0
      vertex 539.968 -70 -0.981047
      vertex 540 -70 0
    endloop
  endfacet
  facet normal 0.999468 0 -0.0326009
    outer loop
      vertex 539.968 -70 -0.981047
      vertex 540 -86 0
      vertex 539.968 -86 -0.981047
    endloop
  endfacet
  facet normal -0.986626 0 -0.163001
    outer loop
      vertex 510.288 -86 -2.92635
      vertex 510.128 -70 -1.95789
      vertex 510.288 -70 -2.92635
    endloop
  endfacet
  facet normal -0.986626 -0 -0.163001
    outer loop
      vertex 510.128 -70 -1.95789
      vertex 510.288 -86 -2.92635
      vertex 510.128 -86 -1.95789
    endloop
  endfacet
  facet normal 0.471249 0 0.882
    outer loop
      vertex 531.634 -70 13.4531
      vertex 532.5 -86 12.9904
      vertex 532.5 -70 12.9904
    endloop
  endfacet
  facet normal 0.471249 0 0.882
    outer loop
      vertex 532.5 -86 12.9904
      vertex 531.634 -70 13.4531
      vertex 531.634 -86 13.4531
    endloop
  endfacet
  facet normal -0.910903 0 -0.41262
    outer loop
      vertex 511.547 -86 -6.63433
      vertex 511.142 -70 -5.74025
      vertex 511.547 -70 -6.63433
    endloop
  endfacet
  facet normal -0.910903 -0 -0.41262
    outer loop
      vertex 511.142 -70 -5.74025
      vertex 511.547 -86 -6.63433
      vertex 511.142 -86 -5.74025
    endloop
  endfacet
  facet normal 0.72986 -0 0.683597
    outer loop
      vertex 535.607 -86 10.6066
      vertex 536.278 -70 9.89019
      vertex 535.607 -70 10.6066
    endloop
  endfacet
  facet normal 0.72986 0 0.683597
    outer loop
      vertex 536.278 -70 9.89019
      vertex 535.607 -86 10.6066
      vertex 536.278 -86 9.89019
    endloop
  endfacet
  facet normal 0.956922 0 -0.290347
    outer loop
      vertex 539.489 -86 -3.88229
      vertex 539.204 -70 -4.82159
      vertex 539.489 -70 -3.88229
    endloop
  endfacet
  facet normal 0.956922 0 -0.290347
    outer loop
      vertex 539.204 -70 -4.82159
      vertex 539.489 -86 -3.88229
      vertex 539.204 -86 -4.82159
    endloop
  endfacet
  facet normal -0.290055 0 0.95701
    outer loop
      vertex 520.178 -70 14.204
      vertex 521.118 -86 14.4889
      vertex 521.118 -70 14.4889
    endloop
  endfacet
  facet normal -0.290055 0 0.95701
    outer loop
      vertex 521.118 -86 14.4889
      vertex 520.178 -70 14.204
      vertex 520.178 -86 14.204
    endloop
  endfacet
  facet normal 0.582867 0 -0.812568
    outer loop
      vertex 533.334 -86 -12.472
      vertex 534.131 -70 -11.9003
      vertex 534.131 -86 -11.9003
    endloop
  endfacet
  facet normal 0.582867 0 -0.812568
    outer loop
      vertex 534.131 -70 -11.9003
      vertex 533.334 -86 -12.472
      vertex 533.334 -70 -12.472
    endloop
  endfacet
  facet normal -0.812724 0 0.582649
    outer loop
      vertex 512.528 -86 8.33355
      vertex 513.1 -70 9.13142
      vertex 512.528 -70 8.33355
    endloop
  endfacet
  facet normal -0.812724 0 0.582649
    outer loop
      vertex 513.1 -70 9.13142
      vertex 512.528 -86 8.33355
      vertex 513.1 -86 9.13142
    endloop
  endfacet
  facet normal 0.986626 -0 0.163001
    outer loop
      vertex 539.712 -86 2.92635
      vertex 539.872 -70 1.95789
      vertex 539.712 -70 2.92635
    endloop
  endfacet
  facet normal 0.986626 0 0.163001
    outer loop
      vertex 539.872 -70 1.95789
      vertex 539.712 -86 2.92635
      vertex 539.872 -86 1.95789
    endloop
  endfacet
  facet normal 0.634274 0 0.773108
    outer loop
      vertex 534.131 -70 11.9003
      vertex 534.89 -86 11.2776
      vertex 534.89 -70 11.2776
    endloop
  endfacet
  facet normal 0.634274 0 0.773108
    outer loop
      vertex 534.89 -86 11.2776
      vertex 534.131 -70 11.9003
      vertex 534.131 -86 11.9003
    endloop
  endfacet
  facet normal 0.881799 0 -0.471626
    outer loop
      vertex 538.453 -86 -6.63433
      vertex 537.99 -70 -7.5
      vertex 538.453 -70 -6.63433
    endloop
  endfacet
  facet normal 0.881799 0 -0.471626
    outer loop
      vertex 537.99 -70 -7.5
      vertex 538.453 -86 -6.63433
      vertex 537.99 -86 -7.5
    endloop
  endfacet
  facet normal -0.0979908 0 -0.995187
    outer loop
      vertex 523.042 -86 -14.8717
      vertex 524.019 -70 -14.9679
      vertex 524.019 -86 -14.9679
    endloop
  endfacet
  facet normal -0.0979908 0 -0.995187
    outer loop
      vertex 524.019 -70 -14.9679
      vertex 523.042 -86 -14.8717
      vertex 523.042 -70 -14.8717
    endloop
  endfacet
  facet normal -0.0327042 0 -0.999465
    outer loop
      vertex 524.019 -86 -14.9679
      vertex 525 -70 -15
      vertex 525 -86 -15
    endloop
  endfacet
  facet normal -0.0327042 0 -0.999465
    outer loop
      vertex 525 -70 -15
      vertex 524.019 -86 -14.9679
      vertex 524.019 -70 -14.9679
    endloop
  endfacet
  facet normal 0.0979908 0 -0.995187
    outer loop
      vertex 525.981 -86 -14.9679
      vertex 526.958 -70 -14.8717
      vertex 526.958 -86 -14.8717
    endloop
  endfacet
  facet normal 0.0979908 0 -0.995187
    outer loop
      vertex 526.958 -70 -14.8717
      vertex 525.981 -86 -14.9679
      vertex 525.981 -70 -14.9679
    endloop
  endfacet
  facet normal 0.995206 -0 0.0978046
    outer loop
      vertex 539.872 -86 1.95789
      vertex 539.968 -70 0.981047
      vertex 539.872 -70 1.95789
    endloop
  endfacet
  facet normal 0.995206 0 0.0978046
    outer loop
      vertex 539.968 -70 0.981047
      vertex 539.872 -86 1.95789
      vertex 539.968 -86 0.981047
    endloop
  endfacet
  facet normal -0.352829 0 -0.935688
    outer loop
      vertex 520.178 -86 -14.204
      vertex 519.637 -70 -14
      vertex 520.178 -70 -14.204
    endloop
  endfacet
  facet normal -0.352508 1.2373e-05 -0.935809
    outer loop
      vertex 519.26 -86 -13.8582
      vertex 519.637 -70 -14
      vertex 520.178 -86 -14.204
    endloop
  endfacet
  facet normal -0.352048 0 -0.935982
    outer loop
      vertex 519.637 -70 -14
      vertex 519.26 -86 -13.8582
      vertex 519.26 -70 -13.8582
    endloop
  endfacet
  facet normal 0.582867 0 0.812568
    outer loop
      vertex 533.334 -70 12.472
      vertex 534.131 -86 11.9003
      vertex 534.131 -70 11.9003
    endloop
  endfacet
  facet normal 0.582867 0 0.812568
    outer loop
      vertex 534.131 -86 11.9003
      vertex 533.334 -70 12.472
      vertex 533.334 -86 12.472
    endloop
  endfacet
  facet normal -0.162977 0 -0.98663
    outer loop
      vertex 522.074 -86 -14.7118
      vertex 523.042 -70 -14.8717
      vertex 523.042 -86 -14.8717
    endloop
  endfacet
  facet normal -0.162977 0 -0.98663
    outer loop
      vertex 523.042 -70 -14.8717
      vertex 522.074 -86 -14.7118
      vertex 522.074 -70 -14.7118
    endloop
  endfacet
  facet normal 0.812724 0 -0.582649
    outer loop
      vertex 537.472 -86 -8.33355
      vertex 536.9 -70 -9.13142
      vertex 537.472 -70 -8.33355
    endloop
  endfacet
  facet normal 0.812724 0 -0.582649
    outer loop
      vertex 536.9 -70 -9.13142
      vertex 537.472 -86 -8.33355
      vertex 536.9 -86 -9.13142
    endloop
  endfacet
  facet normal -0.935825 0 -0.352465
    outer loop
      vertex 511.142 -86 -5.74025
      vertex 510.796 -70 -4.82159
      vertex 511.142 -70 -5.74025
    endloop
  endfacet
  facet normal -0.935825 -0 -0.352465
    outer loop
      vertex 510.796 -70 -4.82159
      vertex 511.142 -86 -5.74025
      vertex 510.796 -86 -4.82159
    endloop
  endfacet
  facet normal -0.582867 0 -0.812568
    outer loop
      vertex 515.869 -86 -11.9003
      vertex 516.666 -70 -12.472
      vertex 516.666 -86 -12.472
    endloop
  endfacet
  facet normal -0.582867 0 -0.812568
    outer loop
      vertex 516.666 -70 -12.472
      vertex 515.869 -86 -11.9003
      vertex 515.869 -70 -11.9003
    endloop
  endfacet
  facet normal 0.227069 0 0.973879
    outer loop
      vertex 527.926 -70 14.7118
      vertex 528.882 -86 14.4889
      vertex 528.882 -70 14.4889
    endloop
  endfacet
  facet normal 0.227069 0 0.973879
    outer loop
      vertex 528.882 -86 14.4889
      vertex 527.926 -70 14.7118
      vertex 527.926 -86 14.7118
    endloop
  endfacet
  facet normal 0.471249 0 -0.882
    outer loop
      vertex 531.634 -86 -13.4531
      vertex 532.5 -70 -12.9904
      vertex 532.5 -86 -12.9904
    endloop
  endfacet
  facet normal 0.471249 0 -0.882
    outer loop
      vertex 532.5 -70 -12.9904
      vertex 531.634 -86 -13.4531
      vertex 531.634 -70 -13.4531
    endloop
  endfacet
  facet normal -0.683297 0 0.73014
    outer loop
      vertex 514.393 -70 10.6066
      vertex 515.11 -86 11.2776
      vertex 515.11 -70 11.2776
    endloop
  endfacet
  facet normal -0.683297 0 0.73014
    outer loop
      vertex 515.11 -86 11.2776
      vertex 514.393 -70 10.6066
      vertex 514.393 -86 10.6066
    endloop
  endfacet
  facet normal -0.773363 0 -0.633963
    outer loop
      vertex 513.722 -86 -9.89019
      vertex 513.1 -70 -9.13142
      vertex 513.722 -70 -9.89019
    endloop
  endfacet
  facet normal -0.773363 -0 -0.633963
    outer loop
      vertex 513.1 -70 -9.13142
      vertex 513.722 -86 -9.89019
      vertex 513.1 -86 -9.13142
    endloop
  endfacet
  facet normal 0.0979908 0 0.995187
    outer loop
      vertex 525.981 -70 14.9679
      vertex 526.958 -86 14.8717
      vertex 526.958 -70 14.8717
    endloop
  endfacet
  facet normal 0.0979908 0 0.995187
    outer loop
      vertex 526.958 -86 14.8717
      vertex 525.981 -70 14.9679
      vertex 525.981 -86 14.9679
    endloop
  endfacet
  facet normal -0.0327042 0 0.999465
    outer loop
      vertex 524.019 -70 14.9679
      vertex 525 -86 15
      vertex 525 -70 15
    endloop
  endfacet
  facet normal -0.0327042 0 0.999465
    outer loop
      vertex 525 -86 15
      vertex 524.019 -70 14.9679
      vertex 524.019 -86 14.9679
    endloop
  endfacet
  facet normal -0.412736 0 0.910851
    outer loop
      vertex 518.366 -70 13.4531
      vertex 519.26 -86 13.8582
      vertex 519.26 -70 13.8582
    endloop
  endfacet
  facet normal -0.412736 0 0.910851
    outer loop
      vertex 519.26 -86 13.8582
      vertex 518.366 -70 13.4531
      vertex 518.366 -86 13.4531
    endloop
  endfacet
  facet normal 0.162977 0 0.98663
    outer loop
      vertex 526.958 -70 14.8717
      vertex 527.926 -86 14.7118
      vertex 527.926 -70 14.7118
    endloop
  endfacet
  facet normal 0.162977 0 0.98663
    outer loop
      vertex 527.926 -86 14.7118
      vertex 526.958 -70 14.8717
      vertex 526.958 -86 14.8717
    endloop
  endfacet
  facet normal 0.935825 0 -0.352465
    outer loop
      vertex 539.204 -86 -4.82159
      vertex 538.858 -70 -5.74025
      vertex 539.204 -70 -4.82159
    endloop
  endfacet
  facet normal 0.935825 0 -0.352465
    outer loop
      vertex 538.858 -70 -5.74025
      vertex 539.204 -86 -4.82159
      vertex 538.858 -86 -5.74025
    endloop
  endfacet
  facet normal 0.773363 -0 0.633963
    outer loop
      vertex 536.278 -86 9.89019
      vertex 536.9 -70 9.13142
      vertex 536.278 -70 9.89019
    endloop
  endfacet
  facet normal 0.773363 0 0.633963
    outer loop
      vertex 536.9 -70 9.13142
      vertex 536.278 -86 9.89019
      vertex 536.9 -86 9.13142
    endloop
  endfacet
  facet normal 0.881799 -0 0.471626
    outer loop
      vertex 537.99 -86 7.5
      vertex 538.453 -70 6.63433
      vertex 537.99 -70 7.5
    endloop
  endfacet
  facet normal 0.881799 0 0.471626
    outer loop
      vertex 538.453 -70 6.63433
      vertex 537.99 -86 7.5
      vertex 538.453 -86 6.63433
    endloop
  endfacet
  facet normal -0.956922 0 -0.290347
    outer loop
      vertex 510.796 -86 -4.82159
      vertex 510.511 -70 -3.88229
      vertex 510.796 -70 -4.82159
    endloop
  endfacet
  facet normal -0.956922 -0 -0.290347
    outer loop
      vertex 510.511 -70 -3.88229
      vertex 510.796 -86 -4.82159
      vertex 510.511 -86 -3.88229
    endloop
  endfacet
  facet normal -0.995206 0 0.0978046
    outer loop
      vertex 510.032 -86 0.981047
      vertex 510.128 -70 1.95789
      vertex 510.032 -70 0.981047
    endloop
  endfacet
  facet normal -0.995206 0 0.0978046
    outer loop
      vertex 510.128 -70 1.95789
      vertex 510.032 -86 0.981047
      vertex 510.128 -86 1.95789
    endloop
  endfacet
  facet normal 0.227069 0 -0.973879
    outer loop
      vertex 527.926 -86 -14.7118
      vertex 528.882 -70 -14.4889
      vertex 528.882 -86 -14.4889
    endloop
  endfacet
  facet normal 0.227069 0 -0.973879
    outer loop
      vertex 528.882 -70 -14.4889
      vertex 527.926 -86 -14.7118
      vertex 527.926 -70 -14.7118
    endloop
  endfacet
  facet normal 0.999468 -0 0.0326009
    outer loop
      vertex 539.968 -86 0.981047
      vertex 540 -70 0
      vertex 539.968 -70 0.981047
    endloop
  endfacet
  facet normal 0.999468 0 0.0326009
    outer loop
      vertex 540 -70 0
      vertex 539.968 -86 0.981047
      vertex 540 -86 0
    endloop
  endfacet
  facet normal 0.634274 0 -0.773108
    outer loop
      vertex 534.131 -86 -11.9003
      vertex 534.89 -70 -11.2776
      vertex 534.89 -86 -11.2776
    endloop
  endfacet
  facet normal 0.634274 0 -0.773108
    outer loop
      vertex 534.89 -70 -11.2776
      vertex 534.131 -86 -11.9003
      vertex 534.131 -70 -11.9003
    endloop
  endfacet
  facet normal 0.412736 0 0.910851
    outer loop
      vertex 530.74 -70 13.8582
      vertex 531.634 -86 13.4531
      vertex 531.634 -70 13.4531
    endloop
  endfacet
  facet normal 0.412736 0 0.910851
    outer loop
      vertex 531.634 -86 13.4531
      vertex 530.74 -70 13.8582
      vertex 530.74 -86 13.8582
    endloop
  endfacet
  facet normal -0.849355 0 0.527822
    outer loop
      vertex 512.01 -86 7.5
      vertex 512.528 -70 8.33355
      vertex 512.01 -70 7.5
    endloop
  endfacet
  facet normal -0.849355 0 0.527822
    outer loop
      vertex 512.528 -70 8.33355
      vertex 512.01 -86 7.5
      vertex 512.528 -86 8.33355
    endloop
  endfacet
  facet normal -0.290055 0 -0.95701
    outer loop
      vertex 520.178 -86 -14.204
      vertex 521.118 -70 -14.4889
      vertex 521.118 -86 -14.4889
    endloop
  endfacet
  facet normal -0.290055 0 -0.95701
    outer loop
      vertex 521.118 -70 -14.4889
      vertex 520.178 -86 -14.204
      vertex 520.178 -70 -14.204
    endloop
  endfacet
  facet normal -0.812724 0 -0.582649
    outer loop
      vertex 513.1 -86 -9.13142
      vertex 512.528 -70 -8.33355
      vertex 513.1 -70 -9.13142
    endloop
  endfacet
  facet normal -0.812724 -0 -0.582649
    outer loop
      vertex 512.528 -70 -8.33355
      vertex 513.1 -86 -9.13142
      vertex 512.528 -86 -8.33355
    endloop
  endfacet
  facet normal 0.910903 0 -0.41262
    outer loop
      vertex 538.858 -86 -5.74025
      vertex 538.453 -70 -6.63433
      vertex 538.858 -70 -5.74025
    endloop
  endfacet
  facet normal 0.910903 0 -0.41262
    outer loop
      vertex 538.453 -70 -6.63433
      vertex 538.858 -86 -5.74025
      vertex 538.453 -86 -6.63433
    endloop
  endfacet
  facet normal 0.773363 0 -0.633963
    outer loop
      vertex 536.9 -86 -9.13142
      vertex 536.278 -70 -9.89019
      vertex 536.9 -70 -9.13142
    endloop
  endfacet
  facet normal 0.773363 0 -0.633963
    outer loop
      vertex 536.278 -70 -9.89019
      vertex 536.9 -86 -9.13142
      vertex 536.278 -86 -9.89019
    endloop
  endfacet
  facet normal 0.352048 0 0.935982
    outer loop
      vertex 530.363 -70 14
      vertex 530.74 -86 13.8582
      vertex 530.74 -70 13.8582
    endloop
  endfacet
  facet normal 0.352829 -0 0.935688
    outer loop
      vertex 529.822 -86 14.204
      vertex 530.363 -70 14
      vertex 529.822 -70 14.204
    endloop
  endfacet
  facet normal 0.352508 1.2373e-05 0.935809
    outer loop
      vertex 530.363 -70 14
      vertex 529.822 -86 14.204
      vertex 530.74 -86 13.8582
    endloop
  endfacet
  facet normal -0.72986 0 -0.683597
    outer loop
      vertex 514.393 -86 -10.6066
      vertex 513.722 -70 -9.89019
      vertex 514.393 -70 -10.6066
    endloop
  endfacet
  facet normal -0.72986 -0 -0.683597
    outer loop
      vertex 513.722 -70 -9.89019
      vertex 514.393 -86 -10.6066
      vertex 513.722 -86 -9.89019
    endloop
  endfacet
  facet normal 0.352048 0 -0.935982
    outer loop
      vertex 530.74 -86 -13.8582
      vertex 530.363 -70 -14
      vertex 530.74 -70 -13.8582
    endloop
  endfacet
  facet normal 0.352508 1.2373e-05 -0.935809
    outer loop
      vertex 529.822 -86 -14.204
      vertex 530.363 -70 -14
      vertex 530.74 -86 -13.8582
    endloop
  endfacet
  facet normal 0.352829 0 -0.935688
    outer loop
      vertex 530.363 -70 -14
      vertex 529.822 -86 -14.204
      vertex 529.822 -70 -14.204
    endloop
  endfacet
  facet normal 0.0327042 0 -0.999465
    outer loop
      vertex 525 -86 -15
      vertex 525.981 -70 -14.9679
      vertex 525.981 -86 -14.9679
    endloop
  endfacet
  facet normal 0.0327042 0 -0.999465
    outer loop
      vertex 525.981 -70 -14.9679
      vertex 525 -86 -15
      vertex 525 -70 -15
    endloop
  endfacet
  facet normal 0.683297 0 -0.73014
    outer loop
      vertex 534.89 -86 -11.2776
      vertex 535.607 -70 -10.6066
      vertex 535.607 -86 -10.6066
    endloop
  endfacet
  facet normal 0.683297 0 -0.73014
    outer loop
      vertex 535.607 -70 -10.6066
      vertex 534.89 -86 -11.2776
      vertex 534.89 -70 -11.2776
    endloop
  endfacet
  facet normal -0.849355 0 -0.527822
    outer loop
      vertex 512.528 -86 -8.33355
      vertex 512.01 -70 -7.5
      vertex 512.528 -70 -8.33355
    endloop
  endfacet
  facet normal -0.849355 -0 -0.527822
    outer loop
      vertex 512.01 -70 -7.5
      vertex 512.528 -86 -8.33355
      vertex 512.01 -86 -7.5
    endloop
  endfacet
  facet normal 0.52791 0 0.8493
    outer loop
      vertex 532.5 -70 12.9904
      vertex 533.334 -86 12.472
      vertex 533.334 -70 12.472
    endloop
  endfacet
  facet normal 0.52791 0 0.8493
    outer loop
      vertex 533.334 -86 12.472
      vertex 532.5 -70 12.9904
      vertex 532.5 -86 12.9904
    endloop
  endfacet
  facet normal 0.0327042 0 0.999465
    outer loop
      vertex 525 -70 15
      vertex 525.981 -86 14.9679
      vertex 525.981 -70 14.9679
    endloop
  endfacet
  facet normal 0.0327042 0 0.999465
    outer loop
      vertex 525.981 -86 14.9679
      vertex 525 -70 15
      vertex 525 -86 15
    endloop
  endfacet
  facet normal -0.986626 0 0.163001
    outer loop
      vertex 510.128 -86 1.95789
      vertex 510.288 -70 2.92635
      vertex 510.128 -70 1.95789
    endloop
  endfacet
  facet normal -0.986626 0 0.163001
    outer loop
      vertex 510.288 -70 2.92635
      vertex 510.128 -86 1.95789
      vertex 510.288 -86 2.92635
    endloop
  endfacet
  facet normal -0.634274 0 -0.773108
    outer loop
      vertex 515.11 -86 -11.2776
      vertex 515.869 -70 -11.9003
      vertex 515.869 -86 -11.9003
    endloop
  endfacet
  facet normal -0.634274 0 -0.773108
    outer loop
      vertex 515.869 -70 -11.9003
      vertex 515.11 -86 -11.2776
      vertex 515.11 -70 -11.2776
    endloop
  endfacet
  facet normal 0.412736 0 -0.910851
    outer loop
      vertex 530.74 -86 -13.8582
      vertex 531.634 -70 -13.4531
      vertex 531.634 -86 -13.4531
    endloop
  endfacet
  facet normal 0.412736 0 -0.910851
    outer loop
      vertex 531.634 -70 -13.4531
      vertex 530.74 -86 -13.8582
      vertex 530.74 -70 -13.8582
    endloop
  endfacet
  facet normal 0.973853 -0 0.227179
    outer loop
      vertex 539.489 -86 3.88229
      vertex 539.712 -70 2.92635
      vertex 539.489 -70 3.88229
    endloop
  endfacet
  facet normal 0.973853 0 0.227179
    outer loop
      vertex 539.712 -70 2.92635
      vertex 539.489 -86 3.88229
      vertex 539.712 -86 2.92635
    endloop
  endfacet
  facet normal -0.634274 0 0.773108
    outer loop
      vertex 515.11 -70 11.2776
      vertex 515.869 -86 11.9003
      vertex 515.869 -70 11.9003
    endloop
  endfacet
  facet normal -0.634274 0 0.773108
    outer loop
      vertex 515.869 -86 11.9003
      vertex 515.11 -70 11.2776
      vertex 515.11 -86 11.2776
    endloop
  endfacet
  facet normal 0.812724 -0 0.582649
    outer loop
      vertex 536.9 -86 9.13142
      vertex 537.472 -70 8.33355
      vertex 536.9 -70 9.13142
    endloop
  endfacet
  facet normal 0.812724 0 0.582649
    outer loop
      vertex 537.472 -70 8.33355
      vertex 536.9 -86 9.13142
      vertex 537.472 -86 8.33355
    endloop
  endfacet
  facet normal 0.52791 0 -0.8493
    outer loop
      vertex 532.5 -86 -12.9904
      vertex 533.334 -70 -12.472
      vertex 533.334 -86 -12.472
    endloop
  endfacet
  facet normal 0.52791 0 -0.8493
    outer loop
      vertex 533.334 -70 -12.472
      vertex 532.5 -86 -12.9904
      vertex 532.5 -70 -12.9904
    endloop
  endfacet
  facet normal 0.849355 -0 0.527822
    outer loop
      vertex 537.472 -86 8.33355
      vertex 537.99 -70 7.5
      vertex 537.472 -70 8.33355
    endloop
  endfacet
  facet normal 0.849355 0 0.527822
    outer loop
      vertex 537.99 -70 7.5
      vertex 537.472 -86 8.33355
      vertex 537.99 -86 7.5
    endloop
  endfacet
  facet normal -0.227069 0 -0.973879
    outer loop
      vertex 521.118 -86 -14.4889
      vertex 522.074 -70 -14.7118
      vertex 522.074 -86 -14.7118
    endloop
  endfacet
  facet normal -0.227069 0 -0.973879
    outer loop
      vertex 522.074 -70 -14.7118
      vertex 521.118 -86 -14.4889
      vertex 521.118 -70 -14.4889
    endloop
  endfacet
  facet normal 0.290055 0 0.95701
    outer loop
      vertex 528.882 -70 14.4889
      vertex 529.822 -86 14.204
      vertex 529.822 -70 14.204
    endloop
  endfacet
  facet normal 0.290055 0 0.95701
    outer loop
      vertex 529.822 -86 14.204
      vertex 528.882 -70 14.4889
      vertex 528.882 -86 14.4889
    endloop
  endfacet
  facet normal -0.412736 0 -0.910851
    outer loop
      vertex 518.366 -86 -13.4531
      vertex 519.26 -70 -13.8582
      vertex 519.26 -86 -13.8582
    endloop
  endfacet
  facet normal -0.412736 0 -0.910851
    outer loop
      vertex 519.26 -70 -13.8582
      vertex 518.366 -86 -13.4531
      vertex 518.366 -70 -13.4531
    endloop
  endfacet
  facet normal -0.999468 0 -0.0326009
    outer loop
      vertex 510.032 -86 -0.981047
      vertex 510 -70 0
      vertex 510.032 -70 -0.981047
    endloop
  endfacet
  facet normal -0.999468 -0 -0.0326009
    outer loop
      vertex 510 -70 0
      vertex 510.032 -86 -0.981047
      vertex 510 -86 0
    endloop
  endfacet
  facet normal 0.849355 0 -0.527822
    outer loop
      vertex 537.99 -86 -7.5
      vertex 537.472 -70 -8.33355
      vertex 537.99 -70 -7.5
    endloop
  endfacet
  facet normal 0.849355 0 -0.527822
    outer loop
      vertex 537.472 -70 -8.33355
      vertex 537.99 -86 -7.5
      vertex 537.472 -86 -8.33355
    endloop
  endfacet
  facet normal 0.973853 0 -0.227179
    outer loop
      vertex 539.712 -86 -2.92635
      vertex 539.489 -70 -3.88229
      vertex 539.712 -70 -2.92635
    endloop
  endfacet
  facet normal 0.973853 0 -0.227179
    outer loop
      vertex 539.489 -70 -3.88229
      vertex 539.712 -86 -2.92635
      vertex 539.489 -86 -3.88229
    endloop
  endfacet
  facet normal -0.227069 0 0.973879
    outer loop
      vertex 521.118 -70 14.4889
      vertex 522.074 -86 14.7118
      vertex 522.074 -70 14.7118
    endloop
  endfacet
  facet normal -0.227069 0 0.973879
    outer loop
      vertex 522.074 -86 14.7118
      vertex 521.118 -70 14.4889
      vertex 521.118 -86 14.4889
    endloop
  endfacet
  facet normal -0.973853 0 -0.227179
    outer loop
      vertex 510.511 -86 -3.88229
      vertex 510.288 -70 -2.92635
      vertex 510.511 -70 -3.88229
    endloop
  endfacet
  facet normal -0.973853 -0 -0.227179
    outer loop
      vertex 510.288 -70 -2.92635
      vertex 510.511 -86 -3.88229
      vertex 510.288 -86 -2.92635
    endloop
  endfacet
  facet normal -0.0979908 0 0.995187
    outer loop
      vertex 523.042 -70 14.8717
      vertex 524.019 -86 14.9679
      vertex 524.019 -70 14.9679
    endloop
  endfacet
  facet normal -0.0979908 0 0.995187
    outer loop
      vertex 524.019 -86 14.9679
      vertex 523.042 -70 14.8717
      vertex 523.042 -86 14.8717
    endloop
  endfacet
  facet normal 0.910903 -0 0.41262
    outer loop
      vertex 538.453 -86 6.63433
      vertex 538.858 -70 5.74025
      vertex 538.453 -70 6.63433
    endloop
  endfacet
  facet normal 0.910903 0 0.41262
    outer loop
      vertex 538.858 -70 5.74025
      vertex 538.453 -86 6.63433
      vertex 538.858 -86 5.74025
    endloop
  endfacet
  facet normal -0.72986 0 0.683597
    outer loop
      vertex 513.722 -86 9.89019
      vertex 514.393 -70 10.6066
      vertex 513.722 -70 9.89019
    endloop
  endfacet
  facet normal -0.72986 0 0.683597
    outer loop
      vertex 514.393 -70 10.6066
      vertex 513.722 -86 9.89019
      vertex 514.393 -86 10.6066
    endloop
  endfacet
  facet normal 0.986626 0 -0.163001
    outer loop
      vertex 539.872 -86 -1.95789
      vertex 539.712 -70 -2.92635
      vertex 539.872 -70 -1.95789
    endloop
  endfacet
  facet normal 0.986626 0 -0.163001
    outer loop
      vertex 539.712 -70 -2.92635
      vertex 539.872 -86 -1.95789
      vertex 539.712 -86 -2.92635
    endloop
  endfacet
  facet normal -0.352829 0 0.935688
    outer loop
      vertex 519.637 -70 14
      vertex 520.178 -86 14.204
      vertex 520.178 -70 14.204
    endloop
  endfacet
  facet normal -0.352048 0 0.935982
    outer loop
      vertex 519.26 -86 13.8582
      vertex 519.637 -70 14
      vertex 519.26 -70 13.8582
    endloop
  endfacet
  facet normal -0.352508 1.2373e-05 0.935809
    outer loop
      vertex 519.637 -70 14
      vertex 519.26 -86 13.8582
      vertex 520.178 -86 14.204
    endloop
  endfacet
  facet normal -0.773363 0 0.633963
    outer loop
      vertex 513.1 -86 9.13142
      vertex 513.722 -70 9.89019
      vertex 513.1 -70 9.13142
    endloop
  endfacet
  facet normal -0.773363 0 0.633963
    outer loop
      vertex 513.722 -70 9.89019
      vertex 513.1 -86 9.13142
      vertex 513.722 -86 9.89019
    endloop
  endfacet
  facet normal -0.973853 0 0.227179
    outer loop
      vertex 510.288 -86 2.92635
      vertex 510.511 -70 3.88229
      vertex 510.288 -70 2.92635
    endloop
  endfacet
  facet normal -0.973853 0 0.227179
    outer loop
      vertex 510.511 -70 3.88229
      vertex 510.288 -86 2.92635
      vertex 510.511 -86 3.88229
    endloop
  endfacet
  facet normal -0.881799 0 0.471626
    outer loop
      vertex 511.547 -86 6.63433
      vertex 512.01 -70 7.5
      vertex 511.547 -70 6.63433
    endloop
  endfacet
  facet normal -0.881799 0 0.471626
    outer loop
      vertex 512.01 -70 7.5
      vertex 511.547 -86 6.63433
      vertex 512.01 -86 7.5
    endloop
  endfacet
  facet normal 0.956922 -0 0.290347
    outer loop
      vertex 539.204 -86 4.82159
      vertex 539.489 -70 3.88229
      vertex 539.204 -70 4.82159
    endloop
  endfacet
  facet normal 0.956922 0 0.290347
    outer loop
      vertex 539.489 -70 3.88229
      vertex 539.204 -86 4.82159
      vertex 539.489 -86 3.88229
    endloop
  endfacet
  facet normal -0.956922 0 0.290347
    outer loop
      vertex 510.511 -86 3.88229
      vertex 510.796 -70 4.82159
      vertex 510.511 -70 3.88229
    endloop
  endfacet
  facet normal -0.956922 0 0.290347
    outer loop
      vertex 510.796 -70 4.82159
      vertex 510.511 -86 3.88229
      vertex 510.796 -86 4.82159
    endloop
  endfacet
  facet normal -0.995206 0 -0.0978046
    outer loop
      vertex 510.128 -86 -1.95789
      vertex 510.032 -70 -0.981047
      vertex 510.128 -70 -1.95789
    endloop
  endfacet
  facet normal -0.995206 -0 -0.0978046
    outer loop
      vertex 510.032 -70 -0.981047
      vertex 510.128 -86 -1.95789
      vertex 510.032 -86 -0.981047
    endloop
  endfacet
  facet normal -0.683297 0 -0.73014
    outer loop
      vertex 514.393 -86 -10.6066
      vertex 515.11 -70 -11.2776
      vertex 515.11 -86 -11.2776
    endloop
  endfacet
  facet normal -0.683297 0 -0.73014
    outer loop
      vertex 515.11 -70 -11.2776
      vertex 514.393 -86 -10.6066
      vertex 514.393 -70 -10.6066
    endloop
  endfacet
  facet normal -0.910903 0 0.41262
    outer loop
      vertex 511.142 -86 5.74025
      vertex 511.547 -70 6.63433
      vertex 511.142 -70 5.74025
    endloop
  endfacet
  facet normal -0.910903 0 0.41262
    outer loop
      vertex 511.547 -70 6.63433
      vertex 511.142 -86 5.74025
      vertex 511.547 -86 6.63433
    endloop
  endfacet
  facet normal 0.162977 0 -0.98663
    outer loop
      vertex 526.958 -86 -14.8717
      vertex 527.926 -70 -14.7118
      vertex 527.926 -86 -14.7118
    endloop
  endfacet
  facet normal 0.162977 0 -0.98663
    outer loop
      vertex 527.926 -70 -14.7118
      vertex 526.958 -86 -14.8717
      vertex 526.958 -70 -14.8717
    endloop
  endfacet
  facet normal -0.881799 0 -0.471626
    outer loop
      vertex 512.01 -86 -7.5
      vertex 511.547 -70 -6.63433
      vertex 512.01 -70 -7.5
    endloop
  endfacet
  facet normal -0.881799 -0 -0.471626
    outer loop
      vertex 511.547 -70 -6.63433
      vertex 512.01 -86 -7.5
      vertex 511.547 -86 -6.63433
    endloop
  endfacet
  facet normal 0.72986 0 -0.683597
    outer loop
      vertex 536.278 -86 -9.89019
      vertex 535.607 -70 -10.6066
      vertex 536.278 -70 -9.89019
    endloop
  endfacet
  facet normal 0.72986 0 -0.683597
    outer loop
      vertex 535.607 -70 -10.6066
      vertex 536.278 -86 -9.89019
      vertex 535.607 -86 -10.6066
    endloop
  endfacet
  facet normal -0.162977 0 0.98663
    outer loop
      vertex 522.074 -70 14.7118
      vertex 523.042 -86 14.8717
      vertex 523.042 -70 14.8717
    endloop
  endfacet
  facet normal -0.162977 0 0.98663
    outer loop
      vertex 523.042 -86 14.8717
      vertex 522.074 -70 14.7118
      vertex 522.074 -86 14.7118
    endloop
  endfacet
  facet normal -0.52791 0 0.8493
    outer loop
      vertex 516.666 -70 12.472
      vertex 517.5 -86 12.9904
      vertex 517.5 -70 12.9904
    endloop
  endfacet
  facet normal -0.52791 0 0.8493
    outer loop
      vertex 517.5 -86 12.9904
      vertex 516.666 -70 12.472
      vertex 516.666 -86 12.472
    endloop
  endfacet
  facet normal -0.582867 0 0.812568
    outer loop
      vertex 515.869 -70 11.9003
      vertex 516.666 -86 12.472
      vertex 516.666 -70 12.472
    endloop
  endfacet
  facet normal -0.582867 0 0.812568
    outer loop
      vertex 516.666 -86 12.472
      vertex 515.869 -70 11.9003
      vertex 515.869 -86 11.9003
    endloop
  endfacet
  facet normal 0.290055 0 -0.95701
    outer loop
      vertex 528.882 -86 -14.4889
      vertex 529.822 -70 -14.204
      vertex 529.822 -86 -14.204
    endloop
  endfacet
  facet normal 0.290055 0 -0.95701
    outer loop
      vertex 529.822 -70 -14.204
      vertex 528.882 -86 -14.4889
      vertex 528.882 -70 -14.4889
    endloop
  endfacet
  facet normal -0.999468 0 0.0326009
    outer loop
      vertex 510 -86 0
      vertex 510.032 -70 0.981047
      vertex 510 -70 0
    endloop
  endfacet
  facet normal -0.999468 0 0.0326009
    outer loop
      vertex 510.032 -70 0.981047
      vertex 510 -86 0
      vertex 510.032 -86 0.981047
    endloop
  endfacet
  facet normal -0.471249 0 0.882
    outer loop
      vertex 517.5 -70 12.9904
      vertex 518.366 -86 13.4531
      vertex 518.366 -70 13.4531
    endloop
  endfacet
  facet normal -0.471249 0 0.882
    outer loop
      vertex 518.366 -86 13.4531
      vertex 517.5 -70 12.9904
      vertex 517.5 -86 12.9904
    endloop
  endfacet
  facet normal -0.471249 0 -0.882
    outer loop
      vertex 517.5 -86 -12.9904
      vertex 518.366 -70 -13.4531
      vertex 518.366 -86 -13.4531
    endloop
  endfacet
  facet normal -0.471249 0 -0.882
    outer loop
      vertex 518.366 -70 -13.4531
      vertex 517.5 -86 -12.9904
      vertex 517.5 -70 -12.9904
    endloop
  endfacet
  facet normal -0.935825 0 0.352465
    outer loop
      vertex 510.796 -86 4.82159
      vertex 511.142 -70 5.74025
      vertex 510.796 -70 4.82159
    endloop
  endfacet
  facet normal -0.935825 0 0.352465
    outer loop
      vertex 511.142 -70 5.74025
      vertex 510.796 -86 4.82159
      vertex 511.142 -86 5.74025
    endloop
  endfacet
  facet normal 0.935825 -0 0.352465
    outer loop
      vertex 538.858 -86 5.74025
      vertex 539.204 -70 4.82159
      vertex 538.858 -70 5.74025
    endloop
  endfacet
  facet normal 0.935825 0 0.352465
    outer loop
      vertex 539.204 -70 4.82159
      vertex 538.858 -86 5.74025
      vertex 539.204 -86 4.82159
    endloop
  endfacet
  facet normal 0.683297 0 0.73014
    outer loop
      vertex 534.89 -70 11.2776
      vertex 535.607 -86 10.6066
      vertex 535.607 -70 10.6066
    endloop
  endfacet
  facet normal 0.683297 0 0.73014
    outer loop
      vertex 535.607 -86 10.6066
      vertex 534.89 -70 11.2776
      vertex 534.89 -86 11.2776
    endloop
  endfacet
  facet normal -0.52791 0 -0.8493
    outer loop
      vertex 516.666 -86 -12.472
      vertex 517.5 -70 -12.9904
      vertex 517.5 -86 -12.9904
    endloop
  endfacet
  facet normal -0.52791 0 -0.8493
    outer loop
      vertex 517.5 -70 -12.9904
      vertex 516.666 -86 -12.472
      vertex 516.666 -70 -12.472
    endloop
  endfacet
  facet normal 0 -1 0
    outer loop
      vertex 524.019 -86 14.9679
      vertex 525.981 -86 14.9679
      vertex 525 -86 15
    endloop
  endfacet
  facet normal 0 -1 0
    outer loop
      vertex 523.042 -86 14.8717
      vertex 525.981 -86 14.9679
      vertex 524.019 -86 14.9679
    endloop
  endfacet
  facet normal 0 -1 0
    outer loop
      vertex 523.042 -86 14.8717
      vertex 526.958 -86 14.8717
      vertex 525.981 -86 14.9679
    endloop
  endfacet
  facet normal 0 -1 0
    outer loop
      vertex 522.074 -86 14.7118
      vertex 526.958 -86 14.8717
      vertex 523.042 -86 14.8717
    endloop
  endfacet
  facet normal 0 -1 0
    outer loop
      vertex 522.074 -86 14.7118
      vertex 527.926 -86 14.7118
      vertex 526.958 -86 14.8717
    endloop
  endfacet
  facet normal 0 -1 0
    outer loop
      vertex 521.118 -86 14.4889
      vertex 527.926 -86 14.7118
      vertex 522.074 -86 14.7118
    endloop
  endfacet
  facet normal 0 -1 0
    outer loop
      vertex 521.118 -86 14.4889
      vertex 528.882 -86 14.4889
      vertex 527.926 -86 14.7118
    endloop
  endfacet
  facet normal 0 -1 0
    outer loop
      vertex 520.178 -86 14.204
      vertex 528.882 -86 14.4889
      vertex 521.118 -86 14.4889
    endloop
  endfacet
  facet normal 0 -1 0
    outer loop
      vertex 520.178 -86 14.204
      vertex 529.822 -86 14.204
      vertex 528.882 -86 14.4889
    endloop
  endfacet
  facet normal 0 -1 0
    outer loop
      vertex 519.26 -86 13.8582
      vertex 529.822 -86 14.204
      vertex 520.178 -86 14.204
    endloop
  endfacet
  facet normal 0 -1 0
    outer loop
      vertex 519.26 -86 13.8582
      vertex 530.74 -86 13.8582
      vertex 529.822 -86 14.204
    endloop
  endfacet
  facet normal 0 -1 0
    outer loop
      vertex 518.366 -86 13.4531
      vertex 530.74 -86 13.8582
      vertex 519.26 -86 13.8582
    endloop
  endfacet
  facet normal 0 -1 0
    outer loop
      vertex 518.366 -86 13.4531
      vertex 531.634 -86 13.4531
      vertex 530.74 -86 13.8582
    endloop
  endfacet
  facet normal 0 -1 0
    outer loop
      vertex 517.5 -86 12.9904
      vertex 531.634 -86 13.4531
      vertex 518.366 -86 13.4531
    endloop
  endfacet
  facet normal 0 -1 0
    outer loop
      vertex 517.5 -86 12.9904
      vertex 532.5 -86 12.9904
      vertex 531.634 -86 13.4531
    endloop
  endfacet
  facet normal 0 -1 0
    outer loop
      vertex 516.666 -86 12.472
      vertex 532.5 -86 12.9904
      vertex 517.5 -86 12.9904
    endloop
  endfacet
  facet normal 0 -1 0
    outer loop
      vertex 516.666 -86 12.472
      vertex 533.334 -86 12.472
      vertex 532.5 -86 12.9904
    endloop
  endfacet
  facet normal 0 -1 0
    outer loop
      vertex 515.869 -86 11.9003
      vertex 533.334 -86 12.472
      vertex 516.666 -86 12.472
    endloop
  endfacet
  facet normal 0 -1 0
    outer loop
      vertex 515.869 -86 11.9003
      vertex 534.131 -86 11.9003
      vertex 533.334 -86 12.472
    endloop
  endfacet
  facet normal 0 -1 0
    outer loop
      vertex 515.11 -86 11.2776
      vertex 534.131 -86 11.9003
      vertex 515.869 -86 11.9003
    endloop
  endfacet
  facet normal 0 -1 0
    outer loop
      vertex 515.11 -86 11.2776
      vertex 534.89 -86 11.2776
      vertex 534.131 -86 11.9003
    endloop
  endfacet
  facet normal 0 -1 0
    outer loop
      vertex 514.393 -86 10.6066
      vertex 534.89 -86 11.2776
      vertex 515.11 -86 11.2776
    endloop
  endfacet
  facet normal 0 -1 0
    outer loop
      vertex 514.393 -86 10.6066
      vertex 535.607 -86 10.6066
      vertex 534.89 -86 11.2776
    endloop
  endfacet
  facet normal 0 -1 0
    outer loop
      vertex 513.722 -86 9.89019
      vertex 535.607 -86 10.6066
      vertex 514.393 -86 10.6066
    endloop
  endfacet
  facet normal 0 -1 0
    outer loop
      vertex 513.722 -86 9.89019
      vertex 536.278 -86 9.89019
      vertex 535.607 -86 10.6066
    endloop
  endfacet
  facet normal 0 -1 0
    outer loop
      vertex 513.1 -86 9.13142
      vertex 536.278 -86 9.89019
      vertex 513.722 -86 9.89019
    endloop
  endfacet
  facet normal 0 -1 0
    outer loop
      vertex 513.1 -86 9.13142
      vertex 536.9 -86 9.13142
      vertex 536.278 -86 9.89019
    endloop
  endfacet
  facet normal 0 -1 0
    outer loop
      vertex 512.528 -86 8.33355
      vertex 536.9 -86 9.13142
      vertex 513.1 -86 9.13142
    endloop
  endfacet
  facet normal 0 -1 0
    outer loop
      vertex 512.528 -86 8.33355
      vertex 537.472 -86 8.33355
      vertex 536.9 -86 9.13142
    endloop
  endfacet
  facet normal 0 -1 0
    outer loop
      vertex 512.01 -86 7.5
      vertex 537.472 -86 8.33355
      vertex 512.528 -86 8.33355
    endloop
  endfacet
  facet normal 0 -1 0
    outer loop
      vertex 512.01 -86 7.5
      vertex 537.99 -86 7.5
      vertex 537.472 -86 8.33355
    endloop
  endfacet
  facet normal 0 -1 0
    outer loop
      vertex 511.547 -86 6.63433
      vertex 537.99 -86 7.5
      vertex 512.01 -86 7.5
    endloop
  endfacet
  facet normal 0 -1 0
    outer loop
      vertex 511.547 -86 6.63433
      vertex 538.453 -86 6.63433
      vertex 537.99 -86 7.5
    endloop
  endfacet
  facet normal 0 -1 0
    outer loop
      vertex 511.142 -86 5.74025
      vertex 538.453 -86 6.63433
      vertex 511.547 -86 6.63433
    endloop
  endfacet
  facet normal 0 -1 0
    outer loop
      vertex 511.142 -86 5.74025
      vertex 538.858 -86 5.74025
      vertex 538.453 -86 6.63433
    endloop
  endfacet
  facet normal 0 -1 0
    outer loop
      vertex 510.796 -86 4.82159
      vertex 538.858 -86 5.74025
      vertex 511.142 -86 5.74025
    endloop
  endfacet
  facet normal 0 -1 0
    outer loop
      vertex 510.796 -86 4.82159
      vertex 539.204 -86 4.82159
      vertex 538.858 -86 5.74025
    endloop
  endfacet
  facet normal 0 -1 0
    outer loop
      vertex 510.511 -86 3.88229
      vertex 539.204 -86 4.82159
      vertex 510.796 -86 4.82159
    endloop
  endfacet
  facet normal 0 -1 0
    outer loop
      vertex 510.511 -86 3.88229
      vertex 539.489 -86 3.88229
      vertex 539.204 -86 4.82159
    endloop
  endfacet
  facet normal 0 -1 0
    outer loop
      vertex 510.288 -86 2.92635
      vertex 539.489 -86 3.88229
      vertex 510.511 -86 3.88229
    endloop
  endfacet
  facet normal 0 -1 0
    outer loop
      vertex 510.288 -86 2.92635
      vertex 539.712 -86 2.92635
      vertex 539.489 -86 3.88229
    endloop
  endfacet
  facet normal 0 -1 0
    outer loop
      vertex 510.128 -86 1.95789
      vertex 539.712 -86 2.92635
      vertex 510.288 -86 2.92635
    endloop
  endfacet
  facet normal 0 -1 0
    outer loop
      vertex 510.128 -86 1.95789
      vertex 539.872 -86 1.95789
      vertex 539.712 -86 2.92635
    endloop
  endfacet
  facet normal 0 -1 0
    outer loop
      vertex 510.032 -86 0.981047
      vertex 539.872 -86 1.95789
      vertex 510.128 -86 1.95789
    endloop
  endfacet
  facet normal 0 -1 0
    outer loop
      vertex 510.032 -86 0.981047
      vertex 539.968 -86 0.981047
      vertex 539.872 -86 1.95789
    endloop
  endfacet
  facet normal 0 -1 0
    outer loop
      vertex 510 -86 0
      vertex 539.968 -86 0.981047
      vertex 510.032 -86 0.981047
    endloop
  endfacet
  facet normal 0 -1 0
    outer loop
      vertex 510 -86 0
      vertex 540 -86 0
      vertex 539.968 -86 0.981047
    endloop
  endfacet
  facet normal 0 -1 0
    outer loop
      vertex 510.032 -86 -0.981047
      vertex 540 -86 0
      vertex 510 -86 0
    endloop
  endfacet
  facet normal 0 -1 0
    outer loop
      vertex 510.032 -86 -0.981047
      vertex 539.968 -86 -0.981047
      vertex 540 -86 0
    endloop
  endfacet
  facet normal 0 -1 0
    outer loop
      vertex 510.128 -86 -1.95789
      vertex 539.968 -86 -0.981047
      vertex 510.032 -86 -0.981047
    endloop
  endfacet
  facet normal 0 -1 0
    outer loop
      vertex 510.128 -86 -1.95789
      vertex 539.872 -86 -1.95789
      vertex 539.968 -86 -0.981047
    endloop
  endfacet
  facet normal 0 -1 0
    outer loop
      vertex 510.288 -86 -2.92635
      vertex 539.872 -86 -1.95789
      vertex 510.128 -86 -1.95789
    endloop
  endfacet
  facet normal 0 -1 0
    outer loop
      vertex 510.288 -86 -2.92635
      vertex 539.712 -86 -2.92635
      vertex 539.872 -86 -1.95789
    endloop
  endfacet
  facet normal 0 -1 0
    outer loop
      vertex 510.511 -86 -3.88229
      vertex 539.712 -86 -2.92635
      vertex 510.288 -86 -2.92635
    endloop
  endfacet
  facet normal 0 -1 0
    outer loop
      vertex 510.511 -86 -3.88229
      vertex 539.489 -86 -3.88229
      vertex 539.712 -86 -2.92635
    endloop
  endfacet
  facet normal 0 -1 0
    outer loop
      vertex 510.796 -86 -4.82159
      vertex 539.489 -86 -3.88229
      vertex 510.511 -86 -3.88229
    endloop
  endfacet
  facet normal 0 -1 0
    outer loop
      vertex 510.796 -86 -4.82159
      vertex 539.204 -86 -4.82159
      vertex 539.489 -86 -3.88229
    endloop
  endfacet
  facet normal 0 -1 0
    outer loop
      vertex 511.142 -86 -5.74025
      vertex 539.204 -86 -4.82159
      vertex 510.796 -86 -4.82159
    endloop
  endfacet
  facet normal 0 -1 0
    outer loop
      vertex 511.142 -86 -5.74025
      vertex 538.858 -86 -5.74025
      vertex 539.204 -86 -4.82159
    endloop
  endfacet
  facet normal 0 -1 0
    outer loop
      vertex 511.547 -86 -6.63433
      vertex 538.858 -86 -5.74025
      vertex 511.142 -86 -5.74025
    endloop
  endfacet
  facet normal 0 -1 0
    outer loop
      vertex 511.547 -86 -6.63433
      vertex 538.453 -86 -6.63433
      vertex 538.858 -86 -5.74025
    endloop
  endfacet
  facet normal 0 -1 0
    outer loop
      vertex 512.01 -86 -7.5
      vertex 538.453 -86 -6.63433
      vertex 511.547 -86 -6.63433
    endloop
  endfacet
  facet normal 0 -1 0
    outer loop
      vertex 512.01 -86 -7.5
      vertex 537.99 -86 -7.5
      vertex 538.453 -86 -6.63433
    endloop
  endfacet
  facet normal 0 -1 0
    outer loop
      vertex 512.528 -86 -8.33355
      vertex 537.99 -86 -7.5
      vertex 512.01 -86 -7.5
    endloop
  endfacet
  facet normal 0 -1 0
    outer loop
      vertex 512.528 -86 -8.33355
      vertex 537.472 -86 -8.33355
      vertex 537.99 -86 -7.5
    endloop
  endfacet
  facet normal 0 -1 0
    outer loop
      vertex 513.1 -86 -9.13142
      vertex 537.472 -86 -8.33355
      vertex 512.528 -86 -8.33355
    endloop
  endfacet
  facet normal 0 -1 0
    outer loop
      vertex 513.1 -86 -9.13142
      vertex 536.9 -86 -9.13142
      vertex 537.472 -86 -8.33355
    endloop
  endfacet
  facet normal 0 -1 0
    outer loop
      vertex 513.722 -86 -9.89019
      vertex 536.9 -86 -9.13142
      vertex 513.1 -86 -9.13142
    endloop
  endfacet
  facet normal 0 -1 0
    outer loop
      vertex 513.722 -86 -9.89019
      vertex 536.278 -86 -9.89019
      vertex 536.9 -86 -9.13142
    endloop
  endfacet
  facet normal 0 -1 0
    outer loop
      vertex 514.393 -86 -10.6066
      vertex 536.278 -86 -9.89019
      vertex 513.722 -86 -9.89019
    endloop
  endfacet
  facet normal 0 -1 0
    outer loop
      vertex 514.393 -86 -10.6066
      vertex 535.607 -86 -10.6066
      vertex 536.278 -86 -9.89019
    endloop
  endfacet
  facet normal 0 -1 0
    outer loop
      vertex 515.11 -86 -11.2776
      vertex 535.607 -86 -10.6066
      vertex 514.393 -86 -10.6066
    endloop
  endfacet
  facet normal 0 -1 0
    outer loop
      vertex 515.11 -86 -11.2776
      vertex 534.89 -86 -11.2776
      vertex 535.607 -86 -10.6066
    endloop
  endfacet
  facet normal 0 -1 0
    outer loop
      vertex 515.869 -86 -11.9003
      vertex 534.89 -86 -11.2776
      vertex 515.11 -86 -11.2776
    endloop
  endfacet
  facet normal 0 -1 0
    outer loop
      vertex 515.869 -86 -11.9003
      vertex 534.131 -86 -11.9003
      vertex 534.89 -86 -11.2776
    endloop
  endfacet
  facet normal 0 -1 0
    outer loop
      vertex 516.666 -86 -12.472
      vertex 534.131 -86 -11.9003
      vertex 515.869 -86 -11.9003
    endloop
  endfacet
  facet normal 0 -1 0
    outer loop
      vertex 516.666 -86 -12.472
      vertex 533.334 -86 -12.472
      vertex 534.131 -86 -11.9003
    endloop
  endfacet
  facet normal 0 -1 0
    outer loop
      vertex 517.5 -86 -12.9904
      vertex 533.334 -86 -12.472
      vertex 516.666 -86 -12.472
    endloop
  endfacet
  facet normal 0 -1 0
    outer loop
      vertex 517.5 -86 -12.9904
      vertex 532.5 -86 -12.9904
      vertex 533.334 -86 -12.472
    endloop
  endfacet
  facet normal 0 -1 0
    outer loop
      vertex 518.366 -86 -13.4531
      vertex 532.5 -86 -12.9904
      vertex 517.5 -86 -12.9904
    endloop
  endfacet
  facet normal 0 -1 0
    outer loop
      vertex 518.366 -86 -13.4531
      vertex 531.634 -86 -13.4531
      vertex 532.5 -86 -12.9904
    endloop
  endfacet
  facet normal 0 -1 0
    outer loop
      vertex 519.26 -86 -13.8582
      vertex 531.634 -86 -13.4531
      vertex 518.366 -86 -13.4531
    endloop
  endfacet
  facet normal 0 -1 0
    outer loop
      vertex 519.26 -86 -13.8582
      vertex 530.74 -86 -13.8582
      vertex 531.634 -86 -13.4531
    endloop
  endfacet
  facet normal 0 -1 0
    outer loop
      vertex 520.178 -86 -14.204
      vertex 530.74 -86 -13.8582
      vertex 519.26 -86 -13.8582
    endloop
  endfacet
  facet normal 0 -1 0
    outer loop
      vertex 520.178 -86 -14.204
      vertex 529.822 -86 -14.204
      vertex 530.74 -86 -13.8582
    endloop
  endfacet
  facet normal 0 -1 0
    outer loop
      vertex 521.118 -86 -14.4889
      vertex 529.822 -86 -14.204
      vertex 520.178 -86 -14.204
    endloop
  endfacet
  facet normal 0 -1 0
    outer loop
      vertex 521.118 -86 -14.4889
      vertex 528.882 -86 -14.4889
      vertex 529.822 -86 -14.204
    endloop
  endfacet
  facet normal 0 -1 0
    outer loop
      vertex 522.074 -86 -14.7118
      vertex 528.882 -86 -14.4889
      vertex 521.118 -86 -14.4889
    endloop
  endfacet
  facet normal 0 -1 0
    outer loop
      vertex 522.074 -86 -14.7118
      vertex 527.926 -86 -14.7118
      vertex 528.882 -86 -14.4889
    endloop
  endfacet
  facet normal 0 -1 0
    outer loop
      vertex 523.042 -86 -14.8717
      vertex 527.926 -86 -14.7118
      vertex 522.074 -86 -14.7118
    endloop
  endfacet
  facet normal 0 -1 0
    outer loop
      vertex 523.042 -86 -14.8717
      vertex 526.958 -86 -14.8717
      vertex 527.926 -86 -14.7118
    endloop
  endfacet
  facet normal 0 -1 0
    outer loop
      vertex 524.019 -86 -14.9679
      vertex 526.958 -86 -14.8717
      vertex 523.042 -86 -14.8717
    endloop
  endfacet
  facet normal 0 -1 0
    outer loop
      vertex 524.019 -86 -14.9679
      vertex 525.981 -86 -14.9679
      vertex 526.958 -86 -14.8717
    endloop
  endfacet
  facet normal -0 -1 0
    outer loop
      vertex 525.981 -86 -14.9679
      vertex 524.019 -86 -14.9679
      vertex 525 -86 -15
    endloop
  endfacet
  facet normal 1 -0 0
    outer loop
      vertex 164 -70 70
      vertex 164 70 20
      vertex 164 70 70
    endloop
  endfacet
  facet normal 1 0 0
    outer loop
      vertex 164 70 20
      vertex 164 -70 70
      vertex 164 -70 20
    endloop
  endfacet
  facet normal 1 -0 0
    outer loop
      vertex 164 -70 -20
      vertex 164 70 -70
      vertex 164 70 -20
    endloop
  endfacet
  facet normal 1 0 0
    outer loop
      vertex 164 70 -70
      vertex 164 -70 -20
      vertex 164 -70 -70
    endloop
  endfacet
  facet normal 1 -0 0
    outer loop
      vertex 164 -70 14
      vertex 164 -54 -14
      vertex 164 -54 14
    endloop
  endfacet
  facet normal 1 0 0
    outer loop
      vertex 164 -54 -14
      vertex 164 -70 14
      vertex 164 -70 -14
    endloop
  endfacet
  facet normal 1 -0 0
    outer loop
      vertex 164 54 14
      vertex 164 70 -14
      vertex 164 70 14
    endloop
  endfacet
  facet normal 1 0 0
    outer loop
      vertex 164 70 -14
      vertex 164 54 14
      vertex 164 54 -14
    endloop
  endfacet
  facet normal 1 -0 0
    outer loop
      vertex 164 -48 14
      vertex 164 48 -14
      vertex 164 48 14
    endloop
  endfacet
  facet normal 1 0 0
    outer loop
      vertex 164 48 -14
      vertex 164 -48 14
      vertex 164 -48 -14
    endloop
  endfacet
  facet normal -0 0 1
    outer loop
      vertex 156 70 70
      vertex 164 -70 70
      vertex 164 70 70
    endloop
  endfacet
  facet normal 0 0 1
    outer loop
      vertex 164 -70 70
      vertex 156 70 70
      vertex 156 -70 70
    endloop
  endfacet
  facet normal 0 0 -1
    outer loop
      vertex 156 -70 -70
      vertex 164 70 -70
      vertex 164 -70 -70
    endloop
  endfacet
  facet normal -0 0 -1
    outer loop
      vertex 164 70 -70
      vertex 156 -70 -70
      vertex 156 70 -70
    endloop
  endfacet
endsolid OpenSCAD_Model
