solid OpenSCAD_Model
  facet normal 1 -0 0
    outer loop
      vertex 7 -45 5
      vertex 7 45 -5
      vertex 7 45 5
    endloop
  endfacet
  facet normal 1 0 0
    outer loop
      vertex 7 45 -5
      vertex 7 -45 5
      vertex 7 -45 -5
    endloop
  endfacet
  facet normal -0 0 1
    outer loop
      vertex 0 45 5
      vertex 7 -45 5
      vertex 7 45 5
    endloop
  endfacet
  facet normal 0 0 1
    outer loop
      vertex 7 -45 5
      vertex 0 45 5
      vertex 0 -45 5
    endloop
  endfacet
  facet normal 0 0 -1
    outer loop
      vertex 0 -45 -5
      vertex 7 45 -5
      vertex 7 -45 -5
    endloop
  endfacet
  facet normal -0 0 -1
    outer loop
      vertex 7 45 -5
      vertex 0 -45 -5
      vertex 0 45 -5
    endloop
  endfacet
  facet normal -1 0 0
    outer loop
      vertex 0 -45 -5
      vertex 0 45 5
      vertex 0 45 -5
    endloop
  endfacet
  facet normal -1 -0 0
    outer loop
      vertex 0 45 5
      vertex 0 -45 -5
      vertex 0 -45 5
    endloop
  endfacet
  facet normal 0 1 -0
    outer loop
      vertex 7 45 -5
      vertex 0 45 5
      vertex 7 45 5
    endloop
  endfacet
  facet normal 0 1 0
    outer loop
      vertex 0 45 5
      vertex 7 45 -5
      vertex 0 45 -5
    endloop
  endfacet
  facet normal 0 -1 0
    outer loop
      vertex 0 -45 -5
      vertex 7 -45 5
      vertex 0 -45 5
    endloop
  endfacet
  facet normal 0 -1 -0
    outer loop
      vertex 7 -45 5
      vertex 0 -45 -5
      vertex 7 -45 -5
    endloop
  endfacet
  facet normal 1 -0 0
    outer loop
      vertex 15 -45 5
      vertex 15 45 -5
      vertex 15 45 5
    endloop
  endfacet
  facet normal 1 0 0
    outer loop
      vertex 15 45 -5
      vertex 15 -45 5
      vertex 15 -45 -5
    endloop
  endfacet
  facet normal -0 0 1
    outer loop
      vertex 8 45 5
      vertex 15 -45 5
      vertex 15 45 5
    endloop
  endfacet
  facet normal 0 0 1
    outer loop
      vertex 15 -45 5
      vertex 8 45 5
      vertex 8 -45 5
    endloop
  endfacet
  facet normal 0 0 -1
    outer loop
      vertex 8 -45 -5
      vertex 15 45 -5
      vertex 15 -45 -5
    endloop
  endfacet
  facet normal -0 0 -1
    outer loop
      vertex 15 45 -5
      vertex 8 -45 -5
      vertex 8 45 -5
    endloop
  endfacet
  facet normal -1 0 0
    outer loop
      vertex 8 -45 -5
      vertex 8 45 5
      vertex 8 45 -5
    endloop
  endfacet
  facet normal -1 -0 0
    outer loop
      vertex 8 45 5
      vertex 8 -45 -5
      vertex 8 -45 5
    endloop
  endfacet
  facet normal 0 1 -0
    outer loop
      vertex 15 45 -5
      vertex 8 45 5
      vertex 15 45 5
    endloop
  endfacet
  facet normal 0 1 0
    outer loop
      vertex 8 45 5
      vertex 15 45 -5
      vertex 8 45 -5
    endloop
  endfacet
  facet normal 0 -1 0
    outer loop
      vertex 8 -45 -5
      vertex 15 -45 5
      vertex 8 -45 5
    endloop
  endfacet
  facet normal 0 -1 -0
    outer loop
      vertex 15 -45 5
      vertex 8 -45 -5
      vertex 15 -45 -5
    endloop
  endfacet
  facet normal 1 -0 0
    outer loop
      vertex 23 -45 5
      vertex 23 45 -5
      vertex 23 45 5
    endloop
  endfacet
  facet normal 1 0 0
    outer loop
      vertex 23 45 -5
      vertex 23 -45 5
      vertex 23 -45 -5
    endloop
  endfacet
  facet normal -0 0 1
    outer loop
      vertex 16 45 5
      vertex 23 -45 5
      vertex 23 45 5
    endloop
  endfacet
  facet normal 0 0 1
    outer loop
      vertex 23 -45 5
      vertex 16 45 5
      vertex 16 -45 5
    endloop
  endfacet
  facet normal 0 0 -1
    outer loop
      vertex 16 -45 -5
      vertex 23 45 -5
      vertex 23 -45 -5
    endloop
  endfacet
  facet normal -0 0 -1
    outer loop
      vertex 23 45 -5
      vertex 16 -45 -5
      vertex 16 45 -5
    endloop
  endfacet
  facet normal -1 0 0
    outer loop
      vertex 16 -45 -5
      vertex 16 45 5
      vertex 16 45 -5
    endloop
  endfacet
  facet normal -1 -0 0
    outer loop
      vertex 16 45 5
      vertex 16 -45 -5
      vertex 16 -45 5
    endloop
  endfacet
  facet normal 0 1 -0
    outer loop
      vertex 23 45 -5
      vertex 16 45 5
      vertex 23 45 5
    endloop
  endfacet
  facet normal 0 1 0
    outer loop
      vertex 16 45 5
      vertex 23 45 -5
      vertex 16 45 -5
    endloop
  endfacet
  facet normal 0 -1 0
    outer loop
      vertex 16 -45 -5
      vertex 23 -45 5
      vertex 16 -45 5
    endloop
  endfacet
  facet normal 0 -1 -0
    outer loop
      vertex 23 -45 5
      vertex 16 -45 -5
      vertex 23 -45 -5
    endloop
  endfacet
  facet normal 1 -0 0
    outer loop
      vertex 31 -45 5
      vertex 31 45 -5
      vertex 31 45 5
    endloop
  endfacet
  facet normal 1 0 0
    outer loop
      vertex 31 45 -5
      vertex 31 -45 5
      vertex 31 -45 -5
    endloop
  endfacet
  facet normal -0 0 1
    outer loop
      vertex 24 45 5
      vertex 31 -45 5
      vertex 31 45 5
    endloop
  endfacet
  facet normal 0 0 1
    outer loop
      vertex 31 -45 5
      vertex 24 45 5
      vertex 24 -45 5
    endloop
  endfacet
  facet normal 0 0 -1
    outer loop
      vertex 24 -45 -5
      vertex 31 45 -5
      vertex 31 -45 -5
    endloop
  endfacet
  facet normal -0 0 -1
    outer loop
      vertex 31 45 -5
      vertex 24 -45 -5
      vertex 24 45 -5
    endloop
  endfacet
  facet normal -1 0 0
    outer loop
      vertex 24 -45 -5
      vertex 24 45 5
      vertex 24 45 -5
    endloop
  endfacet
  facet normal -1 -0 0
    outer loop
      vertex 24 45 5
      vertex 24 -45 -5
      vertex 24 -45 5
    endloop
  endfacet
  facet normal 0 1 -0
    outer loop
      vertex 31 45 -5
      vertex 24 45 5
      vertex 31 45 5
    endloop
  endfacet
  facet normal 0 1 0
    outer loop
      vertex 24 45 5
      vertex 31 45 -5
      vertex 24 45 -5
    endloop
  endfacet
  facet normal 0 -1 0
    outer loop
      vertex 24 -45 -5
      vertex 31 -45 5
      vertex 24 -45 5
    endloop
  endfacet
  facet normal 0 -1 -0
    outer loop
      vertex 31 -45 5
      vertex 24 -45 -5
      vertex 31 -45 -5
    endloop
  endfacet
  facet normal 1 -0 0
    outer loop
      vertex 39 -45 5
      vertex 39 45 -5
      vertex 39 45 5
    endloop
  endfacet
  facet normal 1 0 0
    outer loop
      vertex 39 45 -5
      vertex 39 -45 5
      vertex 39 -45 -5
    endloop
  endfacet
  facet normal -0 0 1
    outer loop
      vertex 32 45 5
      vertex 39 -45 5
      vertex 39 45 5
    endloop
  endfacet
  facet normal 0 0 1
    outer loop
      vertex 39 -45 5
      vertex 32 45 5
      vertex 32 -45 5
    endloop
  endfacet
  facet normal 0 0 -1
    outer loop
      vertex 32 -45 -5
      vertex 39 45 -5
      vertex 39 -45 -5
    endloop
  endfacet
  facet normal -0 0 -1
    outer loop
      vertex 39 45 -5
      vertex 32 -45 -5
      vertex 32 45 -5
    endloop
  endfacet
  facet normal -1 0 0
    outer loop
      vertex 32 -45 -5
      vertex 32 45 5
      vertex 32 45 -5
    endloop
  endfacet
  facet normal -1 -0 0
    outer loop
      vertex 32 45 5
      vertex 32 -45 -5
      vertex 32 -45 5
    endloop
  endfacet
  facet normal 0 1 -0
    outer loop
      vertex 39 45 -5
      vertex 32 45 5
      vertex 39 45 5
    endloop
  endfacet
  facet normal 0 1 0
    outer loop
      vertex 32 45 5
      vertex 39 45 -5
      vertex 32 45 -5
    endloop
  endfacet
  facet normal 0 -1 0
    outer loop
      vertex 32 -45 -5
      vertex 39 -45 5
      vertex 32 -45 5
    endloop
  endfacet
  facet normal 0 -1 -0
    outer loop
      vertex 39 -45 5
      vertex 32 -45 -5
      vertex 39 -45 -5
    endloop
  endfacet
  facet normal 1 -0 0
    outer loop
      vertex 47 -45 5
      vertex 47 45 -5
      vertex 47 45 5
    endloop
  endfacet
  facet normal 1 0 0
    outer loop
      vertex 47 45 -5
      vertex 47 -45 5
      vertex 47 -45 -5
    endloop
  endfacet
  facet normal -0 0 1
    outer loop
      vertex 40 45 5
      vertex 47 -45 5
      vertex 47 45 5
    endloop
  endfacet
  facet normal 0 0 1
    outer loop
      vertex 47 -45 5
      vertex 40 45 5
      vertex 40 -45 5
    endloop
  endfacet
  facet normal 0 0 -1
    outer loop
      vertex 40 -45 -5
      vertex 47 45 -5
      vertex 47 -45 -5
    endloop
  endfacet
  facet normal -0 0 -1
    outer loop
      vertex 47 45 -5
      vertex 40 -45 -5
      vertex 40 45 -5
    endloop
  endfacet
  facet normal -1 0 0
    outer loop
      vertex 40 -45 -5
      vertex 40 45 5
      vertex 40 45 -5
    endloop
  endfacet
  facet normal -1 -0 0
    outer loop
      vertex 40 45 5
      vertex 40 -45 -5
      vertex 40 -45 5
    endloop
  endfacet
  facet normal 0 1 -0
    outer loop
      vertex 47 45 -5
      vertex 40 45 5
      vertex 47 45 5
    endloop
  endfacet
  facet normal 0 1 0
    outer loop
      vertex 40 45 5
      vertex 47 45 -5
      vertex 40 45 -5
    endloop
  endfacet
  facet normal 0 -1 0
    outer loop
      vertex 40 -45 -5
      vertex 47 -45 5
      vertex 40 -45 5
    endloop
  endfacet
  facet normal 0 -1 -0
    outer loop
      vertex 47 -45 5
      vertex 40 -45 -5
      vertex 47 -45 -5
    endloop
  endfacet
  facet normal 1 -0 0
    outer loop
      vertex 55 -45 5
      vertex 55 45 -5
      vertex 55 45 5
    endloop
  endfacet
  facet normal 1 0 0
    outer loop
      vertex 55 45 -5
      vertex 55 -45 5
      vertex 55 -45 -5
    endloop
  endfacet
  facet normal -0 0 1
    outer loop
      vertex 48 45 5
      vertex 55 -45 5
      vertex 55 45 5
    endloop
  endfacet
  facet normal 0 0 1
    outer loop
      vertex 55 -45 5
      vertex 48 45 5
      vertex 48 -45 5
    endloop
  endfacet
  facet normal 0 0 -1
    outer loop
      vertex 48 -45 -5
      vertex 55 45 -5
      vertex 55 -45 -5
    endloop
  endfacet
  facet normal -0 0 -1
    outer loop
      vertex 55 45 -5
      vertex 48 -45 -5
      vertex 48 45 -5
    endloop
  endfacet
  facet normal -1 0 0
    outer loop
      vertex 48 -45 -5
      vertex 48 45 5
      vertex 48 45 -5
    endloop
  endfacet
  facet normal -1 -0 0
    outer loop
      vertex 48 45 5
      vertex 48 -45 -5
      vertex 48 -45 5
    endloop
  endfacet
  facet normal 0 1 -0
    outer loop
      vertex 55 45 -5
      vertex 48 45 5
      vertex 55 45 5
    endloop
  endfacet
  facet normal 0 1 0
    outer loop
      vertex 48 45 5
      vertex 55 45 -5
      vertex 48 45 -5
    endloop
  endfacet
  facet normal 0 -1 0
    outer loop
      vertex 48 -45 -5
      vertex 55 -45 5
      vertex 48 -45 5
    endloop
  endfacet
  facet normal 0 -1 -0
    outer loop
      vertex 55 -45 5
      vertex 48 -45 -5
      vertex 55 -45 -5
    endloop
  endfacet
  facet normal 1 -0 0
    outer loop
      vertex 63 -45 5
      vertex 63 45 -5
      vertex 63 45 5
    endloop
  endfacet
  facet normal 1 0 0
    outer loop
      vertex 63 45 -5
      vertex 63 -45 5
      vertex 63 -45 -5
    endloop
  endfacet
  facet normal -0 0 1
    outer loop
      vertex 56 45 5
      vertex 63 -45 5
      vertex 63 45 5
    endloop
  endfacet
  facet normal 0 0 1
    outer loop
      vertex 63 -45 5
      vertex 56 45 5
      vertex 56 -45 5
    endloop
  endfacet
  facet normal 0 0 -1
    outer loop
      vertex 56 -45 -5
      vertex 63 45 -5
      vertex 63 -45 -5
    endloop
  endfacet
  facet normal -0 0 -1
    outer loop
      vertex 63 45 -5
      vertex 56 -45 -5
      vertex 56 45 -5
    endloop
  endfacet
  facet normal -1 0 0
    outer loop
      vertex 56 -45 -5
      vertex 56 45 5
      vertex 56 45 -5
    endloop
  endfacet
  facet normal -1 -0 0
    outer loop
      vertex 56 45 5
      vertex 56 -45 -5
      vertex 56 -45 5
    endloop
  endfacet
  facet normal 0 1 -0
    outer loop
      vertex 63 45 -5
      vertex 56 45 5
      vertex 63 45 5
    endloop
  endfacet
  facet normal 0 1 0
    outer loop
      vertex 56 45 5
      vertex 63 45 -5
      vertex 56 45 -5
    endloop
  endfacet
  facet normal 0 -1 0
    outer loop
      vertex 56 -45 -5
      vertex 63 -45 5
      vertex 56 -45 5
    endloop
  endfacet
  facet normal 0 -1 -0
    outer loop
      vertex 63 -45 5
      vertex 56 -45 -5
      vertex 63 -45 -5
    endloop
  endfacet
  facet normal 1 -0 0
    outer loop
      vertex 71 -45 5
      vertex 71 45 -5
      vertex 71 45 5
    endloop
  endfacet
  facet normal 1 0 0
    outer loop
      vertex 71 45 -5
      vertex 71 -45 5
      vertex 71 -45 -5
    endloop
  endfacet
  facet normal -0 0 1
    outer loop
      vertex 64 45 5
      vertex 71 -45 5
      vertex 71 45 5
    endloop
  endfacet
  facet normal 0 0 1
    outer loop
      vertex 71 -45 5
      vertex 64 45 5
      vertex 64 -45 5
    endloop
  endfacet
  facet normal 0 0 -1
    outer loop
      vertex 64 -45 -5
      vertex 71 45 -5
      vertex 71 -45 -5
    endloop
  endfacet
  facet normal -0 0 -1
    outer loop
      vertex 71 45 -5
      vertex 64 -45 -5
      vertex 64 45 -5
    endloop
  endfacet
  facet normal -1 0 0
    outer loop
      vertex 64 -45 -5
      vertex 64 45 5
      vertex 64 45 -5
    endloop
  endfacet
  facet normal -1 -0 0
    outer loop
      vertex 64 45 5
      vertex 64 -45 -5
      vertex 64 -45 5
    endloop
  endfacet
  facet normal 0 1 -0
    outer loop
      vertex 71 45 -5
      vertex 64 45 5
      vertex 71 45 5
    endloop
  endfacet
  facet normal 0 1 0
    outer loop
      vertex 64 45 5
      vertex 71 45 -5
      vertex 64 45 -5
    endloop
  endfacet
  facet normal 0 -1 0
    outer loop
      vertex 64 -45 -5
      vertex 71 -45 5
      vertex 64 -45 5
    endloop
  endfacet
  facet normal 0 -1 -0
    outer loop
      vertex 71 -45 5
      vertex 64 -45 -5
      vertex 71 -45 -5
    endloop
  endfacet
  facet normal 1 -0 0
    outer loop
      vertex 79 -45 5
      vertex 79 45 -5
      vertex 79 45 5
    endloop
  endfacet
  facet normal 1 0 0
    outer loop
      vertex 79 45 -5
      vertex 79 -45 5
      vertex 79 -45 -5
    endloop
  endfacet
  facet normal -0 0 1
    outer loop
      vertex 72 45 5
      vertex 79 -45 5
      vertex 79 45 5
    endloop
  endfacet
  facet normal 0 0 1
    outer loop
      vertex 79 -45 5
      vertex 72 45 5
      vertex 72 -45 5
    endloop
  endfacet
  facet normal 0 0 -1
    outer loop
      vertex 72 -45 -5
      vertex 79 45 -5
      vertex 79 -45 -5
    endloop
  endfacet
  facet normal -0 0 -1
    outer loop
      vertex 79 45 -5
      vertex 72 -45 -5
      vertex 72 45 -5
    endloop
  endfacet
  facet normal -1 0 0
    outer loop
      vertex 72 -45 -5
      vertex 72 45 5
      vertex 72 45 -5
    endloop
  endfacet
  facet normal -1 -0 0
    outer loop
      vertex 72 45 5
      vertex 72 -45 -5
      vertex 72 -45 5
    endloop
  endfacet
  facet normal 0 1 -0
    outer loop
      vertex 79 45 -5
      vertex 72 45 5
      vertex 79 45 5
    endloop
  endfacet
  facet normal 0 1 0
    outer loop
      vertex 72 45 5
      vertex 79 45 -5
      vertex 72 45 -5
    endloop
  endfacet
  facet normal 0 -1 0
    outer loop
      vertex 72 -45 -5
      vertex 79 -45 5
      vertex 72 -45 5
    endloop
  endfacet
  facet normal 0 -1 -0
    outer loop
      vertex 79 -45 5
      vertex 72 -45 -5
      vertex 79 -45 -5
    endloop
  endfacet
  facet normal 1 -0 0
    outer loop
      vertex 87 -45 5
      vertex 87 45 -5
      vertex 87 45 5
    endloop
  endfacet
  facet normal 1 0 0
    outer loop
      vertex 87 45 -5
      vertex 87 -45 5
      vertex 87 -45 -5
    endloop
  endfacet
  facet normal -0 0 1
    outer loop
      vertex 80 45 5
      vertex 87 -45 5
      vertex 87 45 5
    endloop
  endfacet
  facet normal 0 0 1
    outer loop
      vertex 87 -45 5
      vertex 80 45 5
      vertex 80 -45 5
    endloop
  endfacet
  facet normal 0 0 -1
    outer loop
      vertex 80 -45 -5
      vertex 87 45 -5
      vertex 87 -45 -5
    endloop
  endfacet
  facet normal -0 0 -1
    outer loop
      vertex 87 45 -5
      vertex 80 -45 -5
      vertex 80 45 -5
    endloop
  endfacet
  facet normal -1 0 0
    outer loop
      vertex 80 -45 -5
      vertex 80 45 5
      vertex 80 45 -5
    endloop
  endfacet
  facet normal -1 -0 0
    outer loop
      vertex 80 45 5
      vertex 80 -45 -5
      vertex 80 -45 5
    endloop
  endfacet
  facet normal 0 1 -0
    outer loop
      vertex 87 45 -5
      vertex 80 45 5
      vertex 87 45 5
    endloop
  endfacet
  facet normal 0 1 0
    outer loop
      vertex 80 45 5
      vertex 87 45 -5
      vertex 80 45 -5
    endloop
  endfacet
  facet normal 0 -1 0
    outer loop
      vertex 80 -45 -5
      vertex 87 -45 5
      vertex 80 -45 5
    endloop
  endfacet
  facet normal 0 -1 -0
    outer loop
      vertex 87 -45 5
      vertex 80 -45 -5
      vertex 87 -45 -5
    endloop
  endfacet
  facet normal 1 -0 0
    outer loop
      vertex 95 -45 5
      vertex 95 45 -5
      vertex 95 45 5
    endloop
  endfacet
  facet normal 1 0 0
    outer loop
      vertex 95 45 -5
      vertex 95 -45 5
      vertex 95 -45 -5
    endloop
  endfacet
  facet normal -0 0 1
    outer loop
      vertex 88 45 5
      vertex 95 -45 5
      vertex 95 45 5
    endloop
  endfacet
  facet normal 0 0 1
    outer loop
      vertex 95 -45 5
      vertex 88 45 5
      vertex 88 -45 5
    endloop
  endfacet
  facet normal 0 0 -1
    outer loop
      vertex 88 -45 -5
      vertex 95 45 -5
      vertex 95 -45 -5
    endloop
  endfacet
  facet normal -0 0 -1
    outer loop
      vertex 95 45 -5
      vertex 88 -45 -5
      vertex 88 45 -5
    endloop
  endfacet
  facet normal -1 0 0
    outer loop
      vertex 88 -45 -5
      vertex 88 45 5
      vertex 88 45 -5
    endloop
  endfacet
  facet normal -1 -0 0
    outer loop
      vertex 88 45 5
      vertex 88 -45 -5
      vertex 88 -45 5
    endloop
  endfacet
  facet normal 0 1 -0
    outer loop
      vertex 95 45 -5
      vertex 88 45 5
      vertex 95 45 5
    endloop
  endfacet
  facet normal 0 1 0
    outer loop
      vertex 88 45 5
      vertex 95 45 -5
      vertex 88 45 -5
    endloop
  endfacet
  facet normal 0 -1 0
    outer loop
      vertex 88 -45 -5
      vertex 95 -45 5
      vertex 88 -45 5
    endloop
  endfacet
  facet normal 0 -1 -0
    outer loop
      vertex 95 -45 5
      vertex 88 -45 -5
      vertex 95 -45 -5
    endloop
  endfacet
  facet normal 1 -0 0
    outer loop
      vertex 103 -45 5
      vertex 103 45 -5
      vertex 103 45 5
    endloop
  endfacet
  facet normal 1 0 0
    outer loop
      vertex 103 45 -5
      vertex 103 -45 5
      vertex 103 -45 -5
    endloop
  endfacet
  facet normal -0 0 1
    outer loop
      vertex 96 45 5
      vertex 103 -45 5
      vertex 103 45 5
    endloop
  endfacet
  facet normal 0 0 1
    outer loop
      vertex 103 -45 5
      vertex 96 45 5
      vertex 96 -45 5
    endloop
  endfacet
  facet normal 0 0 -1
    outer loop
      vertex 96 -45 -5
      vertex 103 45 -5
      vertex 103 -45 -5
    endloop
  endfacet
  facet normal -0 0 -1
    outer loop
      vertex 103 45 -5
      vertex 96 -45 -5
      vertex 96 45 -5
    endloop
  endfacet
  facet normal -1 0 0
    outer loop
      vertex 96 -45 -5
      vertex 96 45 5
      vertex 96 45 -5
    endloop
  endfacet
  facet normal -1 -0 0
    outer loop
      vertex 96 45 5
      vertex 96 -45 -5
      vertex 96 -45 5
    endloop
  endfacet
  facet normal 0 1 -0
    outer loop
      vertex 103 45 -5
      vertex 96 45 5
      vertex 103 45 5
    endloop
  endfacet
  facet normal 0 1 0
    outer loop
      vertex 96 45 5
      vertex 103 45 -5
      vertex 96 45 -5
    endloop
  endfacet
  facet normal 0 -1 0
    outer loop
      vertex 96 -45 -5
      vertex 103 -45 5
      vertex 96 -45 5
    endloop
  endfacet
  facet normal 0 -1 -0
    outer loop
      vertex 103 -45 5
      vertex 96 -45 -5
      vertex 103 -45 -5
    endloop
  endfacet
  facet normal 1 -0 0
    outer loop
      vertex 111 -45 5
      vertex 111 45 -5
      vertex 111 45 5
    endloop
  endfacet
  facet normal 1 0 0
    outer loop
      vertex 111 45 -5
      vertex 111 -45 5
      vertex 111 -45 -5
    endloop
  endfacet
  facet normal -0 0 1
    outer loop
      vertex 104 45 5
      vertex 111 -45 5
      vertex 111 45 5
    endloop
  endfacet
  facet normal 0 0 1
    outer loop
      vertex 111 -45 5
      vertex 104 45 5
      vertex 104 -45 5
    endloop
  endfacet
  facet normal 0 0 -1
    outer loop
      vertex 104 -45 -5
      vertex 111 45 -5
      vertex 111 -45 -5
    endloop
  endfacet
  facet normal -0 0 -1
    outer loop
      vertex 111 45 -5
      vertex 104 -45 -5
      vertex 104 45 -5
    endloop
  endfacet
  facet normal -1 0 0
    outer loop
      vertex 104 -45 -5
      vertex 104 45 5
      vertex 104 45 -5
    endloop
  endfacet
  facet normal -1 -0 0
    outer loop
      vertex 104 45 5
      vertex 104 -45 -5
      vertex 104 -45 5
    endloop
  endfacet
  facet normal 0 1 -0
    outer loop
      vertex 111 45 -5
      vertex 104 45 5
      vertex 111 45 5
    endloop
  endfacet
  facet normal 0 1 0
    outer loop
      vertex 104 45 5
      vertex 111 45 -5
      vertex 104 45 -5
    endloop
  endfacet
  facet normal 0 -1 0
    outer loop
      vertex 104 -45 -5
      vertex 111 -45 5
      vertex 104 -45 5
    endloop
  endfacet
  facet normal 0 -1 -0
    outer loop
      vertex 111 -45 5
      vertex 104 -45 -5
      vertex 111 -45 -5
    endloop
  endfacet
  facet normal 1 -0 0
    outer loop
      vertex 119 -45 5
      vertex 119 45 -5
      vertex 119 45 5
    endloop
  endfacet
  facet normal 1 0 0
    outer loop
      vertex 119 45 -5
      vertex 119 -45 5
      vertex 119 -45 -5
    endloop
  endfacet
  facet normal -0 0 1
    outer loop
      vertex 112 45 5
      vertex 119 -45 5
      vertex 119 45 5
    endloop
  endfacet
  facet normal 0 0 1
    outer loop
      vertex 119 -45 5
      vertex 112 45 5
      vertex 112 -45 5
    endloop
  endfacet
  facet normal 0 0 -1
    outer loop
      vertex 112 -45 -5
      vertex 119 45 -5
      vertex 119 -45 -5
    endloop
  endfacet
  facet normal -0 0 -1
    outer loop
      vertex 119 45 -5
      vertex 112 -45 -5
      vertex 112 45 -5
    endloop
  endfacet
  facet normal -1 0 0
    outer loop
      vertex 112 -45 -5
      vertex 112 45 5
      vertex 112 45 -5
    endloop
  endfacet
  facet normal -1 -0 0
    outer loop
      vertex 112 45 5
      vertex 112 -45 -5
      vertex 112 -45 5
    endloop
  endfacet
  facet normal 0 1 -0
    outer loop
      vertex 119 45 -5
      vertex 112 45 5
      vertex 119 45 5
    endloop
  endfacet
  facet normal 0 1 0
    outer loop
      vertex 112 45 5
      vertex 119 45 -5
      vertex 112 45 -5
    endloop
  endfacet
  facet normal 0 -1 0
    outer loop
      vertex 112 -45 -5
      vertex 119 -45 5
      vertex 112 -45 5
    endloop
  endfacet
  facet normal 0 -1 -0
    outer loop
      vertex 119 -45 5
      vertex 112 -45 -5
      vertex 119 -45 -5
    endloop
  endfacet
  facet normal 1 -0 0
    outer loop
      vertex 127 -45 5
      vertex 127 45 -5
      vertex 127 45 5
    endloop
  endfacet
  facet normal 1 0 0
    outer loop
      vertex 127 45 -5
      vertex 127 -45 5
      vertex 127 -45 -5
    endloop
  endfacet
  facet normal -0 0 1
    outer loop
      vertex 120 45 5
      vertex 127 -45 5
      vertex 127 45 5
    endloop
  endfacet
  facet normal 0 0 1
    outer loop
      vertex 127 -45 5
      vertex 120 45 5
      vertex 120 -45 5
    endloop
  endfacet
  facet normal 0 0 -1
    outer loop
      vertex 120 -45 -5
      vertex 127 45 -5
      vertex 127 -45 -5
    endloop
  endfacet
  facet normal -0 0 -1
    outer loop
      vertex 127 45 -5
      vertex 120 -45 -5
      vertex 120 45 -5
    endloop
  endfacet
  facet normal -1 0 0
    outer loop
      vertex 120 -45 -5
      vertex 120 45 5
      vertex 120 45 -5
    endloop
  endfacet
  facet normal -1 -0 0
    outer loop
      vertex 120 45 5
      vertex 120 -45 -5
      vertex 120 -45 5
    endloop
  endfacet
  facet normal 0 1 -0
    outer loop
      vertex 127 45 -5
      vertex 120 45 5
      vertex 127 45 5
    endloop
  endfacet
  facet normal 0 1 0
    outer loop
      vertex 120 45 5
      vertex 127 45 -5
      vertex 120 45 -5
    endloop
  endfacet
  facet normal 0 -1 0
    outer loop
      vertex 120 -45 -5
      vertex 127 -45 5
      vertex 120 -45 5
    endloop
  endfacet
  facet normal 0 -1 -0
    outer loop
      vertex 127 -45 5
      vertex 120 -45 -5
      vertex 127 -45 -5
    endloop
  endfacet
  facet normal 1 -0 0
    outer loop
      vertex 135 -45 5
      vertex 135 45 -5
      vertex 135 45 5
    endloop
  endfacet
  facet normal 1 0 0
    outer loop
      vertex 135 45 -5
      vertex 135 -45 5
      vertex 135 -45 -5
    endloop
  endfacet
  facet normal -0 0 1
    outer loop
      vertex 128 45 5
      vertex 135 -45 5
      vertex 135 45 5
    endloop
  endfacet
  facet normal 0 0 1
    outer loop
      vertex 135 -45 5
      vertex 128 45 5
      vertex 128 -45 5
    endloop
  endfacet
  facet normal 0 0 -1
    outer loop
      vertex 128 -45 -5
      vertex 135 45 -5
      vertex 135 -45 -5
    endloop
  endfacet
  facet normal -0 0 -1
    outer loop
      vertex 135 45 -5
      vertex 128 -45 -5
      vertex 128 45 -5
    endloop
  endfacet
  facet normal -1 0 0
    outer loop
      vertex 128 -45 -5
      vertex 128 45 5
      vertex 128 45 -5
    endloop
  endfacet
  facet normal -1 -0 0
    outer loop
      vertex 128 45 5
      vertex 128 -45 -5
      vertex 128 -45 5
    endloop
  endfacet
  facet normal 0 1 -0
    outer loop
      vertex 135 45 -5
      vertex 128 45 5
      vertex 135 45 5
    endloop
  endfacet
  facet normal 0 1 0
    outer loop
      vertex 128 45 5
      vertex 135 45 -5
      vertex 128 45 -5
    endloop
  endfacet
  facet normal 0 -1 0
    outer loop
      vertex 128 -45 -5
      vertex 135 -45 5
      vertex 128 -45 5
    endloop
  endfacet
  facet normal 0 -1 -0
    outer loop
      vertex 135 -45 5
      vertex 128 -45 -5
      vertex 135 -45 -5
    endloop
  endfacet
  facet normal 1 -0 0
    outer loop
      vertex 143 -45 5
      vertex 143 45 -5
      vertex 143 45 5
    endloop
  endfacet
  facet normal 1 0 0
    outer loop
      vertex 143 45 -5
      vertex 143 -45 5
      vertex 143 -45 -5
    endloop
  endfacet
  facet normal -0 0 1
    outer loop
      vertex 136 45 5
      vertex 143 -45 5
      vertex 143 45 5
    endloop
  endfacet
  facet normal 0 0 1
    outer loop
      vertex 143 -45 5
      vertex 136 45 5
      vertex 136 -45 5
    endloop
  endfacet
  facet normal 0 0 -1
    outer loop
      vertex 136 -45 -5
      vertex 143 45 -5
      vertex 143 -45 -5
    endloop
  endfacet
  facet normal -0 0 -1
    outer loop
      vertex 143 45 -5
      vertex 136 -45 -5
      vertex 136 45 -5
    endloop
  endfacet
  facet normal -1 0 0
    outer loop
      vertex 136 -45 -5
      vertex 136 45 5
      vertex 136 45 -5
    endloop
  endfacet
  facet normal -1 -0 0
    outer loop
      vertex 136 45 5
      vertex 136 -45 -5
      vertex 136 -45 5
    endloop
  endfacet
  facet normal 0 1 -0
    outer loop
      vertex 143 45 -5
      vertex 136 45 5
      vertex 143 45 5
    endloop
  endfacet
  facet normal 0 1 0
    outer loop
      vertex 136 45 5
      vertex 143 45 -5
      vertex 136 45 -5
    endloop
  endfacet
  facet normal 0 -1 0
    outer loop
      vertex 136 -45 -5
      vertex 143 -45 5
      vertex 136 -45 5
    endloop
  endfacet
  facet normal 0 -1 -0
    outer loop
      vertex 143 -45 5
      vertex 136 -45 -5
      vertex 143 -45 -5
    endloop
  endfacet
  facet normal 1 -0 0
    outer loop
      vertex 151 -45 5
      vertex 151 45 -5
      vertex 151 45 5
    endloop
  endfacet
  facet normal 1 0 0
    outer loop
      vertex 151 45 -5
      vertex 151 -45 5
      vertex 151 -45 -5
    endloop
  endfacet
  facet normal -0 0 1
    outer loop
      vertex 144 45 5
      vertex 151 -45 5
      vertex 151 45 5
    endloop
  endfacet
  facet normal 0 0 1
    outer loop
      vertex 151 -45 5
      vertex 144 45 5
      vertex 144 -45 5
    endloop
  endfacet
  facet normal 0 0 -1
    outer loop
      vertex 144 -45 -5
      vertex 151 45 -5
      vertex 151 -45 -5
    endloop
  endfacet
  facet normal -0 0 -1
    outer loop
      vertex 151 45 -5
      vertex 144 -45 -5
      vertex 144 45 -5
    endloop
  endfacet
  facet normal -1 0 0
    outer loop
      vertex 144 -45 -5
      vertex 144 45 5
      vertex 144 45 -5
    endloop
  endfacet
  facet normal -1 -0 0
    outer loop
      vertex 144 45 5
      vertex 144 -45 -5
      vertex 144 -45 5
    endloop
  endfacet
  facet normal 0 1 -0
    outer loop
      vertex 151 45 -5
      vertex 144 45 5
      vertex 151 45 5
    endloop
  endfacet
  facet normal 0 1 0
    outer loop
      vertex 144 45 5
      vertex 151 45 -5
      vertex 144 45 -5
    endloop
  endfacet
  facet normal 0 -1 0
    outer loop
      vertex 144 -45 -5
      vertex 151 -45 5
      vertex 144 -45 5
    endloop
  endfacet
  facet normal 0 -1 -0
    outer loop
      vertex 151 -45 5
      vertex 144 -45 -5
      vertex 151 -45 -5
    endloop
  endfacet
  facet normal 1 -0 0
    outer loop
      vertex 159 -45 5
      vertex 159 45 -5
      vertex 159 45 5
    endloop
  endfacet
  facet normal 1 0 0
    outer loop
      vertex 159 45 -5
      vertex 159 -45 5
      vertex 159 -45 -5
    endloop
  endfacet
  facet normal -0 0 1
    outer loop
      vertex 152 45 5
      vertex 159 -45 5
      vertex 159 45 5
    endloop
  endfacet
  facet normal 0 0 1
    outer loop
      vertex 159 -45 5
      vertex 152 45 5
      vertex 152 -45 5
    endloop
  endfacet
  facet normal 0 0 -1
    outer loop
      vertex 152 -45 -5
      vertex 159 45 -5
      vertex 159 -45 -5
    endloop
  endfacet
  facet normal -0 0 -1
    outer loop
      vertex 159 45 -5
      vertex 152 -45 -5
      vertex 152 45 -5
    endloop
  endfacet
  facet normal -1 0 0
    outer loop
      vertex 152 -45 -5
      vertex 152 45 5
      vertex 152 45 -5
    endloop
  endfacet
  facet normal -1 -0 0
    outer loop
      vertex 152 45 5
      vertex 152 -45 -5
      vertex 152 -45 5
    endloop
  endfacet
  facet normal 0 1 -0
    outer loop
      vertex 159 45 -5
      vertex 152 45 5
      vertex 159 45 5
    endloop
  endfacet
  facet normal 0 1 0
    outer loop
      vertex 152 45 5
      vertex 159 45 -5
      vertex 152 45 -5
    endloop
  endfacet
  facet normal 0 -1 0
    outer loop
      vertex 152 -45 -5
      vertex 159 -45 5
      vertex 152 -45 5
    endloop
  endfacet
  facet normal 0 -1 -0
    outer loop
      vertex 159 -45 5
      vertex 152 -45 -5
      vertex 159 -45 -5
    endloop
  endfacet
  facet normal 1 -0 0
    outer loop
      vertex 167 -45 5
      vertex 167 45 -5
      vertex 167 45 5
    endloop
  endfacet
  facet normal 1 0 0
    outer loop
      vertex 167 45 -5
      vertex 167 -45 5
      vertex 167 -45 -5
    endloop
  endfacet
  facet normal -0 0 1
    outer loop
      vertex 160 45 5
      vertex 167 -45 5
      vertex 167 45 5
    endloop
  endfacet
  facet normal 0 0 1
    outer loop
      vertex 167 -45 5
      vertex 160 45 5
      vertex 160 -45 5
    endloop
  endfacet
  facet normal 0 0 -1
    outer loop
      vertex 160 -45 -5
      vertex 167 45 -5
      vertex 167 -45 -5
    endloop
  endfacet
  facet normal -0 0 -1
    outer loop
      vertex 167 45 -5
      vertex 160 -45 -5
      vertex 160 45 -5
    endloop
  endfacet
  facet normal -1 0 0
    outer loop
      vertex 160 -45 -5
      vertex 160 45 5
      vertex 160 45 -5
    endloop
  endfacet
  facet normal -1 -0 0
    outer loop
      vertex 160 45 5
      vertex 160 -45 -5
      vertex 160 -45 5
    endloop
  endfacet
  facet normal 0 1 -0
    outer loop
      vertex 167 45 -5
      vertex 160 45 5
      vertex 167 45 5
    endloop
  endfacet
  facet normal 0 1 0
    outer loop
      vertex 160 45 5
      vertex 167 45 -5
      vertex 160 45 -5
    endloop
  endfacet
  facet normal 0 -1 0
    outer loop
      vertex 160 -45 -5
      vertex 167 -45 5
      vertex 160 -45 5
    endloop
  endfacet
  facet normal 0 -1 -0
    outer loop
      vertex 167 -45 5
      vertex 160 -45 -5
      vertex 167 -45 -5
    endloop
  endfacet
  facet normal 1 -0 0
    outer loop
      vertex 175 -45 5
      vertex 175 45 -5
      vertex 175 45 5
    endloop
  endfacet
  facet normal 1 0 0
    outer loop
      vertex 175 45 -5
      vertex 175 -45 5
      vertex 175 -45 -5
    endloop
  endfacet
  facet normal -0 0 1
    outer loop
      vertex 168 45 5
      vertex 175 -45 5
      vertex 175 45 5
    endloop
  endfacet
  facet normal 0 0 1
    outer loop
      vertex 175 -45 5
      vertex 168 45 5
      vertex 168 -45 5
    endloop
  endfacet
  facet normal 0 0 -1
    outer loop
      vertex 168 -45 -5
      vertex 175 45 -5
      vertex 175 -45 -5
    endloop
  endfacet
  facet normal -0 0 -1
    outer loop
      vertex 175 45 -5
      vertex 168 -45 -5
      vertex 168 45 -5
    endloop
  endfacet
  facet normal -1 0 0
    outer loop
      vertex 168 -45 -5
      vertex 168 45 5
      vertex 168 45 -5
    endloop
  endfacet
  facet normal -1 -0 0
    outer loop
      vertex 168 45 5
      vertex 168 -45 -5
      vertex 168 -45 5
    endloop
  endfacet
  facet normal 0 1 -0
    outer loop
      vertex 175 45 -5
      vertex 168 45 5
      vertex 175 45 5
    endloop
  endfacet
  facet normal 0 1 0
    outer loop
      vertex 168 45 5
      vertex 175 45 -5
      vertex 168 45 -5
    endloop
  endfacet
  facet normal 0 -1 0
    outer loop
      vertex 168 -45 -5
      vertex 175 -45 5
      vertex 168 -45 5
    endloop
  endfacet
  facet normal 0 -1 -0
    outer loop
      vertex 175 -45 5
      vertex 168 -45 -5
      vertex 175 -45 -5
    endloop
  endfacet
  facet normal 1 -0 0
    outer loop
      vertex 183 -45 5
      vertex 183 45 -5
      vertex 183 45 5
    endloop
  endfacet
  facet normal 1 0 0
    outer loop
      vertex 183 45 -5
      vertex 183 -45 5
      vertex 183 -45 -5
    endloop
  endfacet
  facet normal -0 0 1
    outer loop
      vertex 176 45 5
      vertex 183 -45 5
      vertex 183 45 5
    endloop
  endfacet
  facet normal 0 0 1
    outer loop
      vertex 183 -45 5
      vertex 176 45 5
      vertex 176 -45 5
    endloop
  endfacet
  facet normal 0 0 -1
    outer loop
      vertex 176 -45 -5
      vertex 183 45 -5
      vertex 183 -45 -5
    endloop
  endfacet
  facet normal -0 0 -1
    outer loop
      vertex 183 45 -5
      vertex 176 -45 -5
      vertex 176 45 -5
    endloop
  endfacet
  facet normal -1 0 0
    outer loop
      vertex 176 -45 -5
      vertex 176 45 5
      vertex 176 45 -5
    endloop
  endfacet
  facet normal -1 -0 0
    outer loop
      vertex 176 45 5
      vertex 176 -45 -5
      vertex 176 -45 5
    endloop
  endfacet
  facet normal 0 1 -0
    outer loop
      vertex 183 45 -5
      vertex 176 45 5
      vertex 183 45 5
    endloop
  endfacet
  facet normal 0 1 0
    outer loop
      vertex 176 45 5
      vertex 183 45 -5
      vertex 176 45 -5
    endloop
  endfacet
  facet normal 0 -1 0
    outer loop
      vertex 176 -45 -5
      vertex 183 -45 5
      vertex 176 -45 5
    endloop
  endfacet
  facet normal 0 -1 -0
    outer loop
      vertex 183 -45 5
      vertex 176 -45 -5
      vertex 183 -45 -5
    endloop
  endfacet
  facet normal 1 -0 0
    outer loop
      vertex 191 -45 5
      vertex 191 45 -5
      vertex 191 45 5
    endloop
  endfacet
  facet normal 1 0 0
    outer loop
      vertex 191 45 -5
      vertex 191 -45 5
      vertex 191 -45 -5
    endloop
  endfacet
  facet normal -0 0 1
    outer loop
      vertex 184 45 5
      vertex 191 -45 5
      vertex 191 45 5
    endloop
  endfacet
  facet normal 0 0 1
    outer loop
      vertex 191 -45 5
      vertex 184 45 5
      vertex 184 -45 5
    endloop
  endfacet
  facet normal 0 0 -1
    outer loop
      vertex 184 -45 -5
      vertex 191 45 -5
      vertex 191 -45 -5
    endloop
  endfacet
  facet normal -0 0 -1
    outer loop
      vertex 191 45 -5
      vertex 184 -45 -5
      vertex 184 45 -5
    endloop
  endfacet
  facet normal -1 0 0
    outer loop
      vertex 184 -45 -5
      vertex 184 45 5
      vertex 184 45 -5
    endloop
  endfacet
  facet normal -1 -0 0
    outer loop
      vertex 184 45 5
      vertex 184 -45 -5
      vertex 184 -45 5
    endloop
  endfacet
  facet normal 0 1 -0
    outer loop
      vertex 191 45 -5
      vertex 184 45 5
      vertex 191 45 5
    endloop
  endfacet
  facet normal 0 1 0
    outer loop
      vertex 184 45 5
      vertex 191 45 -5
      vertex 184 45 -5
    endloop
  endfacet
  facet normal 0 -1 0
    outer loop
      vertex 184 -45 -5
      vertex 191 -45 5
      vertex 184 -45 5
    endloop
  endfacet
  facet normal 0 -1 -0
    outer loop
      vertex 191 -45 5
      vertex 184 -45 -5
      vertex 191 -45 -5
    endloop
  endfacet
  facet normal 1 -0 0
    outer loop
      vertex 199 -45 5
      vertex 199 45 -5
      vertex 199 45 5
    endloop
  endfacet
  facet normal 1 0 0
    outer loop
      vertex 199 45 -5
      vertex 199 -45 5
      vertex 199 -45 -5
    endloop
  endfacet
  facet normal -0 0 1
    outer loop
      vertex 192 45 5
      vertex 199 -45 5
      vertex 199 45 5
    endloop
  endfacet
  facet normal 0 0 1
    outer loop
      vertex 199 -45 5
      vertex 192 45 5
      vertex 192 -45 5
    endloop
  endfacet
  facet normal 0 0 -1
    outer loop
      vertex 192 -45 -5
      vertex 199 45 -5
      vertex 199 -45 -5
    endloop
  endfacet
  facet normal -0 0 -1
    outer loop
      vertex 199 45 -5
      vertex 192 -45 -5
      vertex 192 45 -5
    endloop
  endfacet
  facet normal -1 0 0
    outer loop
      vertex 192 -45 -5
      vertex 192 45 5
      vertex 192 45 -5
    endloop
  endfacet
  facet normal -1 -0 0
    outer loop
      vertex 192 45 5
      vertex 192 -45 -5
      vertex 192 -45 5
    endloop
  endfacet
  facet normal 0 1 -0
    outer loop
      vertex 199 45 -5
      vertex 192 45 5
      vertex 199 45 5
    endloop
  endfacet
  facet normal 0 1 0
    outer loop
      vertex 192 45 5
      vertex 199 45 -5
      vertex 192 45 -5
    endloop
  endfacet
  facet normal 0 -1 0
    outer loop
      vertex 192 -45 -5
      vertex 199 -45 5
      vertex 192 -45 5
    endloop
  endfacet
  facet normal 0 -1 -0
    outer loop
      vertex 199 -45 5
      vertex 192 -45 -5
      vertex 199 -45 -5
    endloop
  endfacet
  facet normal 1 -0 0
    outer loop
      vertex 207 -45 5
      vertex 207 45 -5
      vertex 207 45 5
    endloop
  endfacet
  facet normal 1 0 0
    outer loop
      vertex 207 45 -5
      vertex 207 -45 5
      vertex 207 -45 -5
    endloop
  endfacet
  facet normal -0 0 1
    outer loop
      vertex 200 45 5
      vertex 207 -45 5
      vertex 207 45 5
    endloop
  endfacet
  facet normal 0 0 1
    outer loop
      vertex 207 -45 5
      vertex 200 45 5
      vertex 200 -45 5
    endloop
  endfacet
  facet normal 0 0 -1
    outer loop
      vertex 200 -45 -5
      vertex 207 45 -5
      vertex 207 -45 -5
    endloop
  endfacet
  facet normal -0 0 -1
    outer loop
      vertex 207 45 -5
      vertex 200 -45 -5
      vertex 200 45 -5
    endloop
  endfacet
  facet normal -1 0 0
    outer loop
      vertex 200 -45 -5
      vertex 200 45 5
      vertex 200 45 -5
    endloop
  endfacet
  facet normal -1 -0 0
    outer loop
      vertex 200 45 5
      vertex 200 -45 -5
      vertex 200 -45 5
    endloop
  endfacet
  facet normal 0 1 -0
    outer loop
      vertex 207 45 -5
      vertex 200 45 5
      vertex 207 45 5
    endloop
  endfacet
  facet normal 0 1 0
    outer loop
      vertex 200 45 5
      vertex 207 45 -5
      vertex 200 45 -5
    endloop
  endfacet
  facet normal 0 -1 0
    outer loop
      vertex 200 -45 -5
      vertex 207 -45 5
      vertex 200 -45 5
    endloop
  endfacet
  facet normal 0 -1 -0
    outer loop
      vertex 207 -45 5
      vertex 200 -45 -5
      vertex 207 -45 -5
    endloop
  endfacet
  facet normal 1 -0 0
    outer loop
      vertex 215 -45 5
      vertex 215 45 -5
      vertex 215 45 5
    endloop
  endfacet
  facet normal 1 0 0
    outer loop
      vertex 215 45 -5
      vertex 215 -45 5
      vertex 215 -45 -5
    endloop
  endfacet
  facet normal -0 0 1
    outer loop
      vertex 208 45 5
      vertex 215 -45 5
      vertex 215 45 5
    endloop
  endfacet
  facet normal 0 0 1
    outer loop
      vertex 215 -45 5
      vertex 208 45 5
      vertex 208 -45 5
    endloop
  endfacet
  facet normal 0 0 -1
    outer loop
      vertex 208 -45 -5
      vertex 215 45 -5
      vertex 215 -45 -5
    endloop
  endfacet
  facet normal -0 0 -1
    outer loop
      vertex 215 45 -5
      vertex 208 -45 -5
      vertex 208 45 -5
    endloop
  endfacet
  facet normal -1 0 0
    outer loop
      vertex 208 -45 -5
      vertex 208 45 5
      vertex 208 45 -5
    endloop
  endfacet
  facet normal -1 -0 0
    outer loop
      vertex 208 45 5
      vertex 208 -45 -5
      vertex 208 -45 5
    endloop
  endfacet
  facet normal 0 1 -0
    outer loop
      vertex 215 45 -5
      vertex 208 45 5
      vertex 215 45 5
    endloop
  endfacet
  facet normal 0 1 0
    outer loop
      vertex 208 45 5
      vertex 215 45 -5
      vertex 208 45 -5
    endloop
  endfacet
  facet normal 0 -1 0
    outer loop
      vertex 208 -45 -5
      vertex 215 -45 5
      vertex 208 -45 5
    endloop
  endfacet
  facet normal 0 -1 -0
    outer loop
      vertex 215 -45 5
      vertex 208 -45 -5
      vertex 215 -45 -5
    endloop
  endfacet
  facet normal 1 -0 0
    outer loop
      vertex 223 -45 5
      vertex 223 45 -5
      vertex 223 45 5
    endloop
  endfacet
  facet normal 1 0 0
    outer loop
      vertex 223 45 -5
      vertex 223 -45 5
      vertex 223 -45 -5
    endloop
  endfacet
  facet normal -0 0 1
    outer loop
      vertex 216 45 5
      vertex 223 -45 5
      vertex 223 45 5
    endloop
  endfacet
  facet normal 0 0 1
    outer loop
      vertex 223 -45 5
      vertex 216 45 5
      vertex 216 -45 5
    endloop
  endfacet
  facet normal 0 0 -1
    outer loop
      vertex 216 -45 -5
      vertex 223 45 -5
      vertex 223 -45 -5
    endloop
  endfacet
  facet normal -0 0 -1
    outer loop
      vertex 223 45 -5
      vertex 216 -45 -5
      vertex 216 45 -5
    endloop
  endfacet
  facet normal -1 0 0
    outer loop
      vertex 216 -45 -5
      vertex 216 45 5
      vertex 216 45 -5
    endloop
  endfacet
  facet normal -1 -0 0
    outer loop
      vertex 216 45 5
      vertex 216 -45 -5
      vertex 216 -45 5
    endloop
  endfacet
  facet normal 0 1 -0
    outer loop
      vertex 223 45 -5
      vertex 216 45 5
      vertex 223 45 5
    endloop
  endfacet
  facet normal 0 1 0
    outer loop
      vertex 216 45 5
      vertex 223 45 -5
      vertex 216 45 -5
    endloop
  endfacet
  facet normal 0 -1 0
    outer loop
      vertex 216 -45 -5
      vertex 223 -45 5
      vertex 216 -45 5
    endloop
  endfacet
  facet normal 0 -1 -0
    outer loop
      vertex 223 -45 5
      vertex 216 -45 -5
      vertex 223 -45 -5
    endloop
  endfacet
  facet normal 1 -0 0
    outer loop
      vertex 231 -45 5
      vertex 231 45 -5
      vertex 231 45 5
    endloop
  endfacet
  facet normal 1 0 0
    outer loop
      vertex 231 45 -5
      vertex 231 -45 5
      vertex 231 -45 -5
    endloop
  endfacet
  facet normal -0 0 1
    outer loop
      vertex 224 45 5
      vertex 231 -45 5
      vertex 231 45 5
    endloop
  endfacet
  facet normal 0 0 1
    outer loop
      vertex 231 -45 5
      vertex 224 45 5
      vertex 224 -45 5
    endloop
  endfacet
  facet normal 0 0 -1
    outer loop
      vertex 224 -45 -5
      vertex 231 45 -5
      vertex 231 -45 -5
    endloop
  endfacet
  facet normal -0 0 -1
    outer loop
      vertex 231 45 -5
      vertex 224 -45 -5
      vertex 224 45 -5
    endloop
  endfacet
  facet normal -1 0 0
    outer loop
      vertex 224 -45 -5
      vertex 224 45 5
      vertex 224 45 -5
    endloop
  endfacet
  facet normal -1 -0 0
    outer loop
      vertex 224 45 5
      vertex 224 -45 -5
      vertex 224 -45 5
    endloop
  endfacet
  facet normal 0 1 -0
    outer loop
      vertex 231 45 -5
      vertex 224 45 5
      vertex 231 45 5
    endloop
  endfacet
  facet normal 0 1 0
    outer loop
      vertex 224 45 5
      vertex 231 45 -5
      vertex 224 45 -5
    endloop
  endfacet
  facet normal 0 -1 0
    outer loop
      vertex 224 -45 -5
      vertex 231 -45 5
      vertex 224 -45 5
    endloop
  endfacet
  facet normal 0 -1 -0
    outer loop
      vertex 231 -45 5
      vertex 224 -45 -5
      vertex 231 -45 -5
    endloop
  endfacet
  facet normal 1 -0 0
    outer loop
      vertex 239 -45 5
      vertex 239 45 -5
      vertex 239 45 5
    endloop
  endfacet
  facet normal 1 0 0
    outer loop
      vertex 239 45 -5
      vertex 239 -45 5
      vertex 239 -45 -5
    endloop
  endfacet
  facet normal -0 0 1
    outer loop
      vertex 232 45 5
      vertex 239 -45 5
      vertex 239 45 5
    endloop
  endfacet
  facet normal 0 0 1
    outer loop
      vertex 239 -45 5
      vertex 232 45 5
      vertex 232 -45 5
    endloop
  endfacet
  facet normal 0 0 -1
    outer loop
      vertex 232 -45 -5
      vertex 239 45 -5
      vertex 239 -45 -5
    endloop
  endfacet
  facet normal -0 0 -1
    outer loop
      vertex 239 45 -5
      vertex 232 -45 -5
      vertex 232 45 -5
    endloop
  endfacet
  facet normal -1 0 0
    outer loop
      vertex 232 -45 -5
      vertex 232 45 5
      vertex 232 45 -5
    endloop
  endfacet
  facet normal -1 -0 0
    outer loop
      vertex 232 45 5
      vertex 232 -45 -5
      vertex 232 -45 5
    endloop
  endfacet
  facet normal 0 1 -0
    outer loop
      vertex 239 45 -5
      vertex 232 45 5
      vertex 239 45 5
    endloop
  endfacet
  facet normal 0 1 0
    outer loop
      vertex 232 45 5
      vertex 239 45 -5
      vertex 232 45 -5
    endloop
  endfacet
  facet normal 0 -1 0
    outer loop
      vertex 232 -45 -5
      vertex 239 -45 5
      vertex 232 -45 5
    endloop
  endfacet
  facet normal 0 -1 -0
    outer loop
      vertex 239 -45 5
      vertex 232 -45 -5
      vertex 239 -45 -5
    endloop
  endfacet
  facet normal 1 -0 0
    outer loop
      vertex 247 -45 5
      vertex 247 45 -5
      vertex 247 45 5
    endloop
  endfacet
  facet normal 1 0 0
    outer loop
      vertex 247 45 -5
      vertex 247 -45 5
      vertex 247 -45 -5
    endloop
  endfacet
  facet normal -0 0 1
    outer loop
      vertex 240 45 5
      vertex 247 -45 5
      vertex 247 45 5
    endloop
  endfacet
  facet normal 0 0 1
    outer loop
      vertex 247 -45 5
      vertex 240 45 5
      vertex 240 -45 5
    endloop
  endfacet
  facet normal 0 0 -1
    outer loop
      vertex 240 -45 -5
      vertex 247 45 -5
      vertex 247 -45 -5
    endloop
  endfacet
  facet normal -0 0 -1
    outer loop
      vertex 247 45 -5
      vertex 240 -45 -5
      vertex 240 45 -5
    endloop
  endfacet
  facet normal -1 0 0
    outer loop
      vertex 240 -45 -5
      vertex 240 45 5
      vertex 240 45 -5
    endloop
  endfacet
  facet normal -1 -0 0
    outer loop
      vertex 240 45 5
      vertex 240 -45 -5
      vertex 240 -45 5
    endloop
  endfacet
  facet normal 0 1 -0
    outer loop
      vertex 247 45 -5
      vertex 240 45 5
      vertex 247 45 5
    endloop
  endfacet
  facet normal 0 1 0
    outer loop
      vertex 240 45 5
      vertex 247 45 -5
      vertex 240 45 -5
    endloop
  endfacet
  facet normal 0 -1 0
    outer loop
      vertex 240 -45 -5
      vertex 247 -45 5
      vertex 240 -45 5
    endloop
  endfacet
  facet normal 0 -1 -0
    outer loop
      vertex 247 -45 5
      vertex 240 -45 -5
      vertex 247 -45 -5
    endloop
  endfacet
  facet normal 1 -0 0
    outer loop
      vertex 255 -45 5
      vertex 255 45 -5
      vertex 255 45 5
    endloop
  endfacet
  facet normal 1 0 0
    outer loop
      vertex 255 45 -5
      vertex 255 -45 5
      vertex 255 -45 -5
    endloop
  endfacet
  facet normal -0 0 1
    outer loop
      vertex 248 45 5
      vertex 255 -45 5
      vertex 255 45 5
    endloop
  endfacet
  facet normal 0 0 1
    outer loop
      vertex 255 -45 5
      vertex 248 45 5
      vertex 248 -45 5
    endloop
  endfacet
  facet normal 0 0 -1
    outer loop
      vertex 248 -45 -5
      vertex 255 45 -5
      vertex 255 -45 -5
    endloop
  endfacet
  facet normal -0 0 -1
    outer loop
      vertex 255 45 -5
      vertex 248 -45 -5
      vertex 248 45 -5
    endloop
  endfacet
  facet normal -1 0 0
    outer loop
      vertex 248 -45 -5
      vertex 248 45 5
      vertex 248 45 -5
    endloop
  endfacet
  facet normal -1 -0 0
    outer loop
      vertex 248 45 5
      vertex 248 -45 -5
      vertex 248 -45 5
    endloop
  endfacet
  facet normal 0 1 -0
    outer loop
      vertex 255 45 -5
      vertex 248 45 5
      vertex 255 45 5
    endloop
  endfacet
  facet normal 0 1 0
    outer loop
      vertex 248 45 5
      vertex 255 45 -5
      vertex 248 45 -5
    endloop
  endfacet
  facet normal 0 -1 0
    outer loop
      vertex 248 -45 -5
      vertex 255 -45 5
      vertex 248 -45 5
    endloop
  endfacet
  facet normal 0 -1 -0
    outer loop
      vertex 255 -45 5
      vertex 248 -45 -5
      vertex 255 -45 -5
    endloop
  endfacet
  facet normal 1 -0 0
    outer loop
      vertex 263 -45 5
      vertex 263 45 -5
      vertex 263 45 5
    endloop
  endfacet
  facet normal 1 0 0
    outer loop
      vertex 263 45 -5
      vertex 263 -45 5
      vertex 263 -45 -5
    endloop
  endfacet
  facet normal -0 0 1
    outer loop
      vertex 256 45 5
      vertex 263 -45 5
      vertex 263 45 5
    endloop
  endfacet
  facet normal 0 0 1
    outer loop
      vertex 263 -45 5
      vertex 256 45 5
      vertex 256 -45 5
    endloop
  endfacet
  facet normal 0 0 -1
    outer loop
      vertex 256 -45 -5
      vertex 263 45 -5
      vertex 263 -45 -5
    endloop
  endfacet
  facet normal -0 0 -1
    outer loop
      vertex 263 45 -5
      vertex 256 -45 -5
      vertex 256 45 -5
    endloop
  endfacet
  facet normal -1 0 0
    outer loop
      vertex 256 -45 -5
      vertex 256 45 5
      vertex 256 45 -5
    endloop
  endfacet
  facet normal -1 -0 0
    outer loop
      vertex 256 45 5
      vertex 256 -45 -5
      vertex 256 -45 5
    endloop
  endfacet
  facet normal 0 1 -0
    outer loop
      vertex 263 45 -5
      vertex 256 45 5
      vertex 263 45 5
    endloop
  endfacet
  facet normal 0 1 0
    outer loop
      vertex 256 45 5
      vertex 263 45 -5
      vertex 256 45 -5
    endloop
  endfacet
  facet normal 0 -1 0
    outer loop
      vertex 256 -45 -5
      vertex 263 -45 5
      vertex 256 -45 5
    endloop
  endfacet
  facet normal 0 -1 -0
    outer loop
      vertex 263 -45 5
      vertex 256 -45 -5
      vertex 263 -45 -5
    endloop
  endfacet
  facet normal 1 -0 0
    outer loop
      vertex 271 -45 5
      vertex 271 45 -5
      vertex 271 45 5
    endloop
  endfacet
  facet normal 1 0 0
    outer loop
      vertex 271 45 -5
      vertex 271 -45 5
      vertex 271 -45 -5
    endloop
  endfacet
  facet normal -0 0 1
    outer loop
      vertex 264 45 5
      vertex 271 -45 5
      vertex 271 45 5
    endloop
  endfacet
  facet normal 0 0 1
    outer loop
      vertex 271 -45 5
      vertex 264 45 5
      vertex 264 -45 5
    endloop
  endfacet
  facet normal 0 0 -1
    outer loop
      vertex 264 -45 -5
      vertex 271 45 -5
      vertex 271 -45 -5
    endloop
  endfacet
  facet normal -0 0 -1
    outer loop
      vertex 271 45 -5
      vertex 264 -45 -5
      vertex 264 45 -5
    endloop
  endfacet
  facet normal -1 0 0
    outer loop
      vertex 264 -45 -5
      vertex 264 45 5
      vertex 264 45 -5
    endloop
  endfacet
  facet normal -1 -0 0
    outer loop
      vertex 264 45 5
      vertex 264 -45 -5
      vertex 264 -45 5
    endloop
  endfacet
  facet normal 0 1 -0
    outer loop
      vertex 271 45 -5
      vertex 264 45 5
      vertex 271 45 5
    endloop
  endfacet
  facet normal 0 1 0
    outer loop
      vertex 264 45 5
      vertex 271 45 -5
      vertex 264 45 -5
    endloop
  endfacet
  facet normal 0 -1 0
    outer loop
      vertex 264 -45 -5
      vertex 271 -45 5
      vertex 264 -45 5
    endloop
  endfacet
  facet normal 0 -1 -0
    outer loop
      vertex 271 -45 5
      vertex 264 -45 -5
      vertex 271 -45 -5
    endloop
  endfacet
  facet normal 1 -0 0
    outer loop
      vertex 279 -45 5
      vertex 279 45 -5
      vertex 279 45 5
    endloop
  endfacet
  facet normal 1 0 0
    outer loop
      vertex 279 45 -5
      vertex 279 -45 5
      vertex 279 -45 -5
    endloop
  endfacet
  facet normal -0 0 1
    outer loop
      vertex 272 45 5
      vertex 279 -45 5
      vertex 279 45 5
    endloop
  endfacet
  facet normal 0 0 1
    outer loop
      vertex 279 -45 5
      vertex 272 45 5
      vertex 272 -45 5
    endloop
  endfacet
  facet normal 0 0 -1
    outer loop
      vertex 272 -45 -5
      vertex 279 45 -5
      vertex 279 -45 -5
    endloop
  endfacet
  facet normal -0 0 -1
    outer loop
      vertex 279 45 -5
      vertex 272 -45 -5
      vertex 272 45 -5
    endloop
  endfacet
  facet normal -1 0 0
    outer loop
      vertex 272 -45 -5
      vertex 272 45 5
      vertex 272 45 -5
    endloop
  endfacet
  facet normal -1 -0 0
    outer loop
      vertex 272 45 5
      vertex 272 -45 -5
      vertex 272 -45 5
    endloop
  endfacet
  facet normal 0 1 -0
    outer loop
      vertex 279 45 -5
      vertex 272 45 5
      vertex 279 45 5
    endloop
  endfacet
  facet normal 0 1 0
    outer loop
      vertex 272 45 5
      vertex 279 45 -5
      vertex 272 45 -5
    endloop
  endfacet
  facet normal 0 -1 0
    outer loop
      vertex 272 -45 -5
      vertex 279 -45 5
      vertex 272 -45 5
    endloop
  endfacet
  facet normal 0 -1 -0
    outer loop
      vertex 279 -45 5
      vertex 272 -45 -5
      vertex 279 -45 -5
    endloop
  endfacet
  facet normal 1 -0 0
    outer loop
      vertex 287 -45 5
      vertex 287 45 -5
      vertex 287 45 5
    endloop
  endfacet
  facet normal 1 0 0
    outer loop
      vertex 287 45 -5
      vertex 287 -45 5
      vertex 287 -45 -5
    endloop
  endfacet
  facet normal -0 0 1
    outer loop
      vertex 280 45 5
      vertex 287 -45 5
      vertex 287 45 5
    endloop
  endfacet
  facet normal 0 0 1
    outer loop
      vertex 287 -45 5
      vertex 280 45 5
      vertex 280 -45 5
    endloop
  endfacet
  facet normal 0 0 -1
    outer loop
      vertex 280 -45 -5
      vertex 287 45 -5
      vertex 287 -45 -5
    endloop
  endfacet
  facet normal -0 0 -1
    outer loop
      vertex 287 45 -5
      vertex 280 -45 -5
      vertex 280 45 -5
    endloop
  endfacet
  facet normal -1 0 0
    outer loop
      vertex 280 -45 -5
      vertex 280 45 5
      vertex 280 45 -5
    endloop
  endfacet
  facet normal -1 -0 0
    outer loop
      vertex 280 45 5
      vertex 280 -45 -5
      vertex 280 -45 5
    endloop
  endfacet
  facet normal 0 1 -0
    outer loop
      vertex 287 45 -5
      vertex 280 45 5
      vertex 287 45 5
    endloop
  endfacet
  facet normal 0 1 0
    outer loop
      vertex 280 45 5
      vertex 287 45 -5
      vertex 280 45 -5
    endloop
  endfacet
  facet normal 0 -1 0
    outer loop
      vertex 280 -45 -5
      vertex 287 -45 5
      vertex 280 -45 5
    endloop
  endfacet
  facet normal 0 -1 -0
    outer loop
      vertex 287 -45 5
      vertex 280 -45 -5
      vertex 287 -45 -5
    endloop
  endfacet
  facet normal 1 -0 0
    outer loop
      vertex 295 -45 5
      vertex 295 45 -5
      vertex 295 45 5
    endloop
  endfacet
  facet normal 1 0 0
    outer loop
      vertex 295 45 -5
      vertex 295 -45 5
      vertex 295 -45 -5
    endloop
  endfacet
  facet normal -0 0 1
    outer loop
      vertex 288 45 5
      vertex 295 -45 5
      vertex 295 45 5
    endloop
  endfacet
  facet normal 0 0 1
    outer loop
      vertex 295 -45 5
      vertex 288 45 5
      vertex 288 -45 5
    endloop
  endfacet
  facet normal 0 0 -1
    outer loop
      vertex 288 -45 -5
      vertex 295 45 -5
      vertex 295 -45 -5
    endloop
  endfacet
  facet normal -0 0 -1
    outer loop
      vertex 295 45 -5
      vertex 288 -45 -5
      vertex 288 45 -5
    endloop
  endfacet
  facet normal -1 0 0
    outer loop
      vertex 288 -45 -5
      vertex 288 45 5
      vertex 288 45 -5
    endloop
  endfacet
  facet normal -1 -0 0
    outer loop
      vertex 288 45 5
      vertex 288 -45 -5
      vertex 288 -45 5
    endloop
  endfacet
  facet normal 0 1 -0
    outer loop
      vertex 295 45 -5
      vertex 288 45 5
      vertex 295 45 5
    endloop
  endfacet
  facet normal 0 1 0
    outer loop
      vertex 288 45 5
      vertex 295 45 -5
      vertex 288 45 -5
    endloop
  endfacet
  facet normal 0 -1 0
    outer loop
      vertex 288 -45 -5
      vertex 295 -45 5
      vertex 288 -45 5
    endloop
  endfacet
  facet normal 0 -1 -0
    outer loop
      vertex 295 -45 5
      vertex 288 -45 -5
      vertex 295 -45 -5
    endloop
  endfacet
  facet normal 1 -0 0
    outer loop
      vertex 303 -45 5
      vertex 303 45 -5
      vertex 303 45 5
    endloop
  endfacet
  facet normal 1 0 0
    outer loop
      vertex 303 45 -5
      vertex 303 -45 5
      vertex 303 -45 -5
    endloop
  endfacet
  facet normal -0 0 1
    outer loop
      vertex 296 45 5
      vertex 303 -45 5
      vertex 303 45 5
    endloop
  endfacet
  facet normal 0 0 1
    outer loop
      vertex 303 -45 5
      vertex 296 45 5
      vertex 296 -45 5
    endloop
  endfacet
  facet normal 0 0 -1
    outer loop
      vertex 296 -45 -5
      vertex 303 45 -5
      vertex 303 -45 -5
    endloop
  endfacet
  facet normal -0 0 -1
    outer loop
      vertex 303 45 -5
      vertex 296 -45 -5
      vertex 296 45 -5
    endloop
  endfacet
  facet normal -1 0 0
    outer loop
      vertex 296 -45 -5
      vertex 296 45 5
      vertex 296 45 -5
    endloop
  endfacet
  facet normal -1 -0 0
    outer loop
      vertex 296 45 5
      vertex 296 -45 -5
      vertex 296 -45 5
    endloop
  endfacet
  facet normal 0 1 -0
    outer loop
      vertex 303 45 -5
      vertex 296 45 5
      vertex 303 45 5
    endloop
  endfacet
  facet normal 0 1 0
    outer loop
      vertex 296 45 5
      vertex 303 45 -5
      vertex 296 45 -5
    endloop
  endfacet
  facet normal 0 -1 0
    outer loop
      vertex 296 -45 -5
      vertex 303 -45 5
      vertex 296 -45 5
    endloop
  endfacet
  facet normal 0 -1 -0
    outer loop
      vertex 303 -45 5
      vertex 296 -45 -5
      vertex 303 -45 -5
    endloop
  endfacet
  facet normal 1 -0 0
    outer loop
      vertex 311 -45 5
      vertex 311 45 -5
      vertex 311 45 5
    endloop
  endfacet
  facet normal 1 0 0
    outer loop
      vertex 311 45 -5
      vertex 311 -45 5
      vertex 311 -45 -5
    endloop
  endfacet
  facet normal -0 0 1
    outer loop
      vertex 304 45 5
      vertex 311 -45 5
      vertex 311 45 5
    endloop
  endfacet
  facet normal 0 0 1
    outer loop
      vertex 311 -45 5
      vertex 304 45 5
      vertex 304 -45 5
    endloop
  endfacet
  facet normal 0 0 -1
    outer loop
      vertex 304 -45 -5
      vertex 311 45 -5
      vertex 311 -45 -5
    endloop
  endfacet
  facet normal -0 0 -1
    outer loop
      vertex 311 45 -5
      vertex 304 -45 -5
      vertex 304 45 -5
    endloop
  endfacet
  facet normal -1 0 0
    outer loop
      vertex 304 -45 -5
      vertex 304 45 5
      vertex 304 45 -5
    endloop
  endfacet
  facet normal -1 -0 0
    outer loop
      vertex 304 45 5
      vertex 304 -45 -5
      vertex 304 -45 5
    endloop
  endfacet
  facet normal 0 1 -0
    outer loop
      vertex 311 45 -5
      vertex 304 45 5
      vertex 311 45 5
    endloop
  endfacet
  facet normal 0 1 0
    outer loop
      vertex 304 45 5
      vertex 311 45 -5
      vertex 304 45 -5
    endloop
  endfacet
  facet normal 0 -1 0
    outer loop
      vertex 304 -45 -5
      vertex 311 -45 5
      vertex 304 -45 5
    endloop
  endfacet
  facet normal 0 -1 -0
    outer loop
      vertex 311 -45 5
      vertex 304 -45 -5
      vertex 311 -45 -5
    endloop
  endfacet
  facet normal 1 -0 0
    outer loop
      vertex 319 -45 5
      vertex 319 45 -5
      vertex 319 45 5
    endloop
  endfacet
  facet normal 1 0 0
    outer loop
      vertex 319 45 -5
      vertex 319 -45 5
      vertex 319 -45 -5
    endloop
  endfacet
  facet normal -0 0 1
    outer loop
      vertex 312 45 5
      vertex 319 -45 5
      vertex 319 45 5
    endloop
  endfacet
  facet normal 0 0 1
    outer loop
      vertex 319 -45 5
      vertex 312 45 5
      vertex 312 -45 5
    endloop
  endfacet
  facet normal 0 0 -1
    outer loop
      vertex 312 -45 -5
      vertex 319 45 -5
      vertex 319 -45 -5
    endloop
  endfacet
  facet normal -0 0 -1
    outer loop
      vertex 319 45 -5
      vertex 312 -45 -5
      vertex 312 45 -5
    endloop
  endfacet
  facet normal -1 0 0
    outer loop
      vertex 312 -45 -5
      vertex 312 45 5
      vertex 312 45 -5
    endloop
  endfacet
  facet normal -1 -0 0
    outer loop
      vertex 312 45 5
      vertex 312 -45 -5
      vertex 312 -45 5
    endloop
  endfacet
  facet normal 0 1 -0
    outer loop
      vertex 319 45 -5
      vertex 312 45 5
      vertex 319 45 5
    endloop
  endfacet
  facet normal 0 1 0
    outer loop
      vertex 312 45 5
      vertex 319 45 -5
      vertex 312 45 -5
    endloop
  endfacet
  facet normal 0 -1 0
    outer loop
      vertex 312 -45 -5
      vertex 319 -45 5
      vertex 312 -45 5
    endloop
  endfacet
  facet normal 0 -1 -0
    outer loop
      vertex 319 -45 5
      vertex 312 -45 -5
      vertex 319 -45 -5
    endloop
  endfacet
  facet normal 1 -0 0
    outer loop
      vertex 327 -45 5
      vertex 327 45 -5
      vertex 327 45 5
    endloop
  endfacet
  facet normal 1 0 0
    outer loop
      vertex 327 45 -5
      vertex 327 -45 5
      vertex 327 -45 -5
    endloop
  endfacet
  facet normal -0 0 1
    outer loop
      vertex 320 45 5
      vertex 327 -45 5
      vertex 327 45 5
    endloop
  endfacet
  facet normal 0 0 1
    outer loop
      vertex 327 -45 5
      vertex 320 45 5
      vertex 320 -45 5
    endloop
  endfacet
  facet normal 0 0 -1
    outer loop
      vertex 320 -45 -5
      vertex 327 45 -5
      vertex 327 -45 -5
    endloop
  endfacet
  facet normal -0 0 -1
    outer loop
      vertex 327 45 -5
      vertex 320 -45 -5
      vertex 320 45 -5
    endloop
  endfacet
  facet normal -1 0 0
    outer loop
      vertex 320 -45 -5
      vertex 320 45 5
      vertex 320 45 -5
    endloop
  endfacet
  facet normal -1 -0 0
    outer loop
      vertex 320 45 5
      vertex 320 -45 -5
      vertex 320 -45 5
    endloop
  endfacet
  facet normal 0 1 -0
    outer loop
      vertex 327 45 -5
      vertex 320 45 5
      vertex 327 45 5
    endloop
  endfacet
  facet normal 0 1 0
    outer loop
      vertex 320 45 5
      vertex 327 45 -5
      vertex 320 45 -5
    endloop
  endfacet
  facet normal 0 -1 0
    outer loop
      vertex 320 -45 -5
      vertex 327 -45 5
      vertex 320 -45 5
    endloop
  endfacet
  facet normal 0 -1 -0
    outer loop
      vertex 327 -45 5
      vertex 320 -45 -5
      vertex 327 -45 -5
    endloop
  endfacet
  facet normal 1 -0 0
    outer loop
      vertex 335 -45 5
      vertex 335 45 -5
      vertex 335 45 5
    endloop
  endfacet
  facet normal 1 0 0
    outer loop
      vertex 335 45 -5
      vertex 335 -45 5
      vertex 335 -45 -5
    endloop
  endfacet
  facet normal -0 0 1
    outer loop
      vertex 328 45 5
      vertex 335 -45 5
      vertex 335 45 5
    endloop
  endfacet
  facet normal 0 0 1
    outer loop
      vertex 335 -45 5
      vertex 328 45 5
      vertex 328 -45 5
    endloop
  endfacet
  facet normal 0 0 -1
    outer loop
      vertex 328 -45 -5
      vertex 335 45 -5
      vertex 335 -45 -5
    endloop
  endfacet
  facet normal -0 0 -1
    outer loop
      vertex 335 45 -5
      vertex 328 -45 -5
      vertex 328 45 -5
    endloop
  endfacet
  facet normal -1 0 0
    outer loop
      vertex 328 -45 -5
      vertex 328 45 5
      vertex 328 45 -5
    endloop
  endfacet
  facet normal -1 -0 0
    outer loop
      vertex 328 45 5
      vertex 328 -45 -5
      vertex 328 -45 5
    endloop
  endfacet
  facet normal 0 1 -0
    outer loop
      vertex 335 45 -5
      vertex 328 45 5
      vertex 335 45 5
    endloop
  endfacet
  facet normal 0 1 0
    outer loop
      vertex 328 45 5
      vertex 335 45 -5
      vertex 328 45 -5
    endloop
  endfacet
  facet normal 0 -1 0
    outer loop
      vertex 328 -45 -5
      vertex 335 -45 5
      vertex 328 -45 5
    endloop
  endfacet
  facet normal 0 -1 -0
    outer loop
      vertex 335 -45 5
      vertex 328 -45 -5
      vertex 335 -45 -5
    endloop
  endfacet
  facet normal 1 -0 0
    outer loop
      vertex 343 -45 5
      vertex 343 45 -5
      vertex 343 45 5
    endloop
  endfacet
  facet normal 1 0 0
    outer loop
      vertex 343 45 -5
      vertex 343 -45 5
      vertex 343 -45 -5
    endloop
  endfacet
  facet normal -0 0 1
    outer loop
      vertex 336 45 5
      vertex 343 -45 5
      vertex 343 45 5
    endloop
  endfacet
  facet normal 0 0 1
    outer loop
      vertex 343 -45 5
      vertex 336 45 5
      vertex 336 -45 5
    endloop
  endfacet
  facet normal 0 0 -1
    outer loop
      vertex 336 -45 -5
      vertex 343 45 -5
      vertex 343 -45 -5
    endloop
  endfacet
  facet normal -0 0 -1
    outer loop
      vertex 343 45 -5
      vertex 336 -45 -5
      vertex 336 45 -5
    endloop
  endfacet
  facet normal -1 0 0
    outer loop
      vertex 336 -45 -5
      vertex 336 45 5
      vertex 336 45 -5
    endloop
  endfacet
  facet normal -1 -0 0
    outer loop
      vertex 336 45 5
      vertex 336 -45 -5
      vertex 336 -45 5
    endloop
  endfacet
  facet normal 0 1 -0
    outer loop
      vertex 343 45 -5
      vertex 336 45 5
      vertex 343 45 5
    endloop
  endfacet
  facet normal 0 1 0
    outer loop
      vertex 336 45 5
      vertex 343 45 -5
      vertex 336 45 -5
    endloop
  endfacet
  facet normal 0 -1 0
    outer loop
      vertex 336 -45 -5
      vertex 343 -45 5
      vertex 336 -45 5
    endloop
  endfacet
  facet normal 0 -1 -0
    outer loop
      vertex 343 -45 5
      vertex 336 -45 -5
      vertex 343 -45 -5
    endloop
  endfacet
  facet normal 1 -0 0
    outer loop
      vertex 351 -45 5
      vertex 351 45 -5
      vertex 351 45 5
    endloop
  endfacet
  facet normal 1 0 0
    outer loop
      vertex 351 45 -5
      vertex 351 -45 5
      vertex 351 -45 -5
    endloop
  endfacet
  facet normal -0 0 1
    outer loop
      vertex 344 45 5
      vertex 351 -45 5
      vertex 351 45 5
    endloop
  endfacet
  facet normal 0 0 1
    outer loop
      vertex 351 -45 5
      vertex 344 45 5
      vertex 344 -45 5
    endloop
  endfacet
  facet normal 0 0 -1
    outer loop
      vertex 344 -45 -5
      vertex 351 45 -5
      vertex 351 -45 -5
    endloop
  endfacet
  facet normal -0 0 -1
    outer loop
      vertex 351 45 -5
      vertex 344 -45 -5
      vertex 344 45 -5
    endloop
  endfacet
  facet normal -1 0 0
    outer loop
      vertex 344 -45 -5
      vertex 344 45 5
      vertex 344 45 -5
    endloop
  endfacet
  facet normal -1 -0 0
    outer loop
      vertex 344 45 5
      vertex 344 -45 -5
      vertex 344 -45 5
    endloop
  endfacet
  facet normal 0 1 -0
    outer loop
      vertex 351 45 -5
      vertex 344 45 5
      vertex 351 45 5
    endloop
  endfacet
  facet normal 0 1 0
    outer loop
      vertex 344 45 5
      vertex 351 45 -5
      vertex 344 45 -5
    endloop
  endfacet
  facet normal 0 -1 0
    outer loop
      vertex 344 -45 -5
      vertex 351 -45 5
      vertex 344 -45 5
    endloop
  endfacet
  facet normal 0 -1 -0
    outer loop
      vertex 351 -45 5
      vertex 344 -45 -5
      vertex 351 -45 -5
    endloop
  endfacet
  facet normal 1 -0 0
    outer loop
      vertex 359 -45 5
      vertex 359 45 -5
      vertex 359 45 5
    endloop
  endfacet
  facet normal 1 0 0
    outer loop
      vertex 359 45 -5
      vertex 359 -45 5
      vertex 359 -45 -5
    endloop
  endfacet
  facet normal -0 0 1
    outer loop
      vertex 352 45 5
      vertex 359 -45 5
      vertex 359 45 5
    endloop
  endfacet
  facet normal 0 0 1
    outer loop
      vertex 359 -45 5
      vertex 352 45 5
      vertex 352 -45 5
    endloop
  endfacet
  facet normal 0 0 -1
    outer loop
      vertex 352 -45 -5
      vertex 359 45 -5
      vertex 359 -45 -5
    endloop
  endfacet
  facet normal -0 0 -1
    outer loop
      vertex 359 45 -5
      vertex 352 -45 -5
      vertex 352 45 -5
    endloop
  endfacet
  facet normal -1 0 0
    outer loop
      vertex 352 -45 -5
      vertex 352 45 5
      vertex 352 45 -5
    endloop
  endfacet
  facet normal -1 -0 0
    outer loop
      vertex 352 45 5
      vertex 352 -45 -5
      vertex 352 -45 5
    endloop
  endfacet
  facet normal 0 1 -0
    outer loop
      vertex 359 45 -5
      vertex 352 45 5
      vertex 359 45 5
    endloop
  endfacet
  facet normal 0 1 0
    outer loop
      vertex 352 45 5
      vertex 359 45 -5
      vertex 352 45 -5
    endloop
  endfacet
  facet normal 0 -1 0
    outer loop
      vertex 352 -45 -5
      vertex 359 -45 5
      vertex 352 -45 5
    endloop
  endfacet
  facet normal 0 -1 -0
    outer loop
      vertex 359 -45 5
      vertex 352 -45 -5
      vertex 359 -45 -5
    endloop
  endfacet
  facet normal 1 -0 0
    outer loop
      vertex 367 -45 5
      vertex 367 45 -5
      vertex 367 45 5
    endloop
  endfacet
  facet normal 1 0 0
    outer loop
      vertex 367 45 -5
      vertex 367 -45 5
      vertex 367 -45 -5
    endloop
  endfacet
  facet normal -0 0 1
    outer loop
      vertex 360 45 5
      vertex 367 -45 5
      vertex 367 45 5
    endloop
  endfacet
  facet normal 0 0 1
    outer loop
      vertex 367 -45 5
      vertex 360 45 5
      vertex 360 -45 5
    endloop
  endfacet
  facet normal 0 0 -1
    outer loop
      vertex 360 -45 -5
      vertex 367 45 -5
      vertex 367 -45 -5
    endloop
  endfacet
  facet normal -0 0 -1
    outer loop
      vertex 367 45 -5
      vertex 360 -45 -5
      vertex 360 45 -5
    endloop
  endfacet
  facet normal -1 0 0
    outer loop
      vertex 360 -45 -5
      vertex 360 45 5
      vertex 360 45 -5
    endloop
  endfacet
  facet normal -1 -0 0
    outer loop
      vertex 360 45 5
      vertex 360 -45 -5
      vertex 360 -45 5
    endloop
  endfacet
  facet normal 0 1 -0
    outer loop
      vertex 367 45 -5
      vertex 360 45 5
      vertex 367 45 5
    endloop
  endfacet
  facet normal 0 1 0
    outer loop
      vertex 360 45 5
      vertex 367 45 -5
      vertex 360 45 -5
    endloop
  endfacet
  facet normal 0 -1 0
    outer loop
      vertex 360 -45 -5
      vertex 367 -45 5
      vertex 360 -45 5
    endloop
  endfacet
  facet normal 0 -1 -0
    outer loop
      vertex 367 -45 5
      vertex 360 -45 -5
      vertex 367 -45 -5
    endloop
  endfacet
  facet normal 1 -0 0
    outer loop
      vertex 375 -45 5
      vertex 375 45 -5
      vertex 375 45 5
    endloop
  endfacet
  facet normal 1 0 0
    outer loop
      vertex 375 45 -5
      vertex 375 -45 5
      vertex 375 -45 -5
    endloop
  endfacet
  facet normal -0 0 1
    outer loop
      vertex 368 45 5
      vertex 375 -45 5
      vertex 375 45 5
    endloop
  endfacet
  facet normal 0 0 1
    outer loop
      vertex 375 -45 5
      vertex 368 45 5
      vertex 368 -45 5
    endloop
  endfacet
  facet normal 0 0 -1
    outer loop
      vertex 368 -45 -5
      vertex 375 45 -5
      vertex 375 -45 -5
    endloop
  endfacet
  facet normal -0 0 -1
    outer loop
      vertex 375 45 -5
      vertex 368 -45 -5
      vertex 368 45 -5
    endloop
  endfacet
  facet normal -1 0 0
    outer loop
      vertex 368 -45 -5
      vertex 368 45 5
      vertex 368 45 -5
    endloop
  endfacet
  facet normal -1 -0 0
    outer loop
      vertex 368 45 5
      vertex 368 -45 -5
      vertex 368 -45 5
    endloop
  endfacet
  facet normal 0 1 -0
    outer loop
      vertex 375 45 -5
      vertex 368 45 5
      vertex 375 45 5
    endloop
  endfacet
  facet normal 0 1 0
    outer loop
      vertex 368 45 5
      vertex 375 45 -5
      vertex 368 45 -5
    endloop
  endfacet
  facet normal 0 -1 0
    outer loop
      vertex 368 -45 -5
      vertex 375 -45 5
      vertex 368 -45 5
    endloop
  endfacet
  facet normal 0 -1 -0
    outer loop
      vertex 375 -45 5
      vertex 368 -45 -5
      vertex 375 -45 -5
    endloop
  endfacet
  facet normal 1 -0 0
    outer loop
      vertex 383 -45 5
      vertex 383 45 -5
      vertex 383 45 5
    endloop
  endfacet
  facet normal 1 0 0
    outer loop
      vertex 383 45 -5
      vertex 383 -45 5
      vertex 383 -45 -5
    endloop
  endfacet
  facet normal -0 0 1
    outer loop
      vertex 376 45 5
      vertex 383 -45 5
      vertex 383 45 5
    endloop
  endfacet
  facet normal 0 0 1
    outer loop
      vertex 383 -45 5
      vertex 376 45 5
      vertex 376 -45 5
    endloop
  endfacet
  facet normal 0 0 -1
    outer loop
      vertex 376 -45 -5
      vertex 383 45 -5
      vertex 383 -45 -5
    endloop
  endfacet
  facet normal -0 0 -1
    outer loop
      vertex 383 45 -5
      vertex 376 -45 -5
      vertex 376 45 -5
    endloop
  endfacet
  facet normal -1 0 0
    outer loop
      vertex 376 -45 -5
      vertex 376 45 5
      vertex 376 45 -5
    endloop
  endfacet
  facet normal -1 -0 0
    outer loop
      vertex 376 45 5
      vertex 376 -45 -5
      vertex 376 -45 5
    endloop
  endfacet
  facet normal 0 1 -0
    outer loop
      vertex 383 45 -5
      vertex 376 45 5
      vertex 383 45 5
    endloop
  endfacet
  facet normal 0 1 0
    outer loop
      vertex 376 45 5
      vertex 383 45 -5
      vertex 376 45 -5
    endloop
  endfacet
  facet normal 0 -1 0
    outer loop
      vertex 376 -45 -5
      vertex 383 -45 5
      vertex 376 -45 5
    endloop
  endfacet
  facet normal 0 -1 -0
    outer loop
      vertex 383 -45 5
      vertex 376 -45 -5
      vertex 383 -45 -5
    endloop
  endfacet
  facet normal 1 -0 0
    outer loop
      vertex 391 -45 5
      vertex 391 45 -5
      vertex 391 45 5
    endloop
  endfacet
  facet normal 1 0 0
    outer loop
      vertex 391 45 -5
      vertex 391 -45 5
      vertex 391 -45 -5
    endloop
  endfacet
  facet normal -0 0 1
    outer loop
      vertex 384 45 5
      vertex 391 -45 5
      vertex 391 45 5
    endloop
  endfacet
  facet normal 0 0 1
    outer loop
      vertex 391 -45 5
      vertex 384 45 5
      vertex 384 -45 5
    endloop
  endfacet
  facet normal 0 0 -1
    outer loop
      vertex 384 -45 -5
      vertex 391 45 -5
      vertex 391 -45 -5
    endloop
  endfacet
  facet normal -0 0 -1
    outer loop
      vertex 391 45 -5
      vertex 384 -45 -5
      vertex 384 45 -5
    endloop
  endfacet
  facet normal -1 0 0
    outer loop
      vertex 384 -45 -5
      vertex 384 45 5
      vertex 384 45 -5
    endloop
  endfacet
  facet normal -1 -0 0
    outer loop
      vertex 384 45 5
      vertex 384 -45 -5
      vertex 384 -45 5
    endloop
  endfacet
  facet normal 0 1 -0
    outer loop
      vertex 391 45 -5
      vertex 384 45 5
      vertex 391 45 5
    endloop
  endfacet
  facet normal 0 1 0
    outer loop
      vertex 384 45 5
      vertex 391 45 -5
      vertex 384 45 -5
    endloop
  endfacet
  facet normal 0 -1 0
    outer loop
      vertex 384 -45 -5
      vertex 391 -45 5
      vertex 384 -45 5
    endloop
  endfacet
  facet normal 0 -1 -0
    outer loop
      vertex 391 -45 5
      vertex 384 -45 -5
      vertex 391 -45 -5
    endloop
  endfacet
  facet normal 1 -0 0
    outer loop
      vertex 399 -45 5
      vertex 399 45 -5
      vertex 399 45 5
    endloop
  endfacet
  facet normal 1 0 0
    outer loop
      vertex 399 45 -5
      vertex 399 -45 5
      vertex 399 -45 -5
    endloop
  endfacet
  facet normal -0 0 1
    outer loop
      vertex 392 45 5
      vertex 399 -45 5
      vertex 399 45 5
    endloop
  endfacet
  facet normal 0 0 1
    outer loop
      vertex 399 -45 5
      vertex 392 45 5
      vertex 392 -45 5
    endloop
  endfacet
  facet normal 0 0 -1
    outer loop
      vertex 392 -45 -5
      vertex 399 45 -5
      vertex 399 -45 -5
    endloop
  endfacet
  facet normal -0 0 -1
    outer loop
      vertex 399 45 -5
      vertex 392 -45 -5
      vertex 392 45 -5
    endloop
  endfacet
  facet normal -1 0 0
    outer loop
      vertex 392 -45 -5
      vertex 392 45 5
      vertex 392 45 -5
    endloop
  endfacet
  facet normal -1 -0 0
    outer loop
      vertex 392 45 5
      vertex 392 -45 -5
      vertex 392 -45 5
    endloop
  endfacet
  facet normal 0 1 -0
    outer loop
      vertex 399 45 -5
      vertex 392 45 5
      vertex 399 45 5
    endloop
  endfacet
  facet normal 0 1 0
    outer loop
      vertex 392 45 5
      vertex 399 45 -5
      vertex 392 45 -5
    endloop
  endfacet
  facet normal 0 -1 0
    outer loop
      vertex 392 -45 -5
      vertex 399 -45 5
      vertex 392 -45 5
    endloop
  endfacet
  facet normal 0 -1 -0
    outer loop
      vertex 399 -45 5
      vertex 392 -45 -5
      vertex 399 -45 -5
    endloop
  endfacet
  facet normal 1 -0 0
    outer loop
      vertex 407 -45 5
      vertex 407 45 -5
      vertex 407 45 5
    endloop
  endfacet
  facet normal 1 0 0
    outer loop
      vertex 407 45 -5
      vertex 407 -45 5
      vertex 407 -45 -5
    endloop
  endfacet
  facet normal -0 0 1
    outer loop
      vertex 400 45 5
      vertex 407 -45 5
      vertex 407 45 5
    endloop
  endfacet
  facet normal 0 0 1
    outer loop
      vertex 407 -45 5
      vertex 400 45 5
      vertex 400 -45 5
    endloop
  endfacet
  facet normal 0 0 -1
    outer loop
      vertex 400 -45 -5
      vertex 407 45 -5
      vertex 407 -45 -5
    endloop
  endfacet
  facet normal -0 0 -1
    outer loop
      vertex 407 45 -5
      vertex 400 -45 -5
      vertex 400 45 -5
    endloop
  endfacet
  facet normal -1 0 0
    outer loop
      vertex 400 -45 -5
      vertex 400 45 5
      vertex 400 45 -5
    endloop
  endfacet
  facet normal -1 -0 0
    outer loop
      vertex 400 45 5
      vertex 400 -45 -5
      vertex 400 -45 5
    endloop
  endfacet
  facet normal 0 1 -0
    outer loop
      vertex 407 45 -5
      vertex 400 45 5
      vertex 407 45 5
    endloop
  endfacet
  facet normal 0 1 0
    outer loop
      vertex 400 45 5
      vertex 407 45 -5
      vertex 400 45 -5
    endloop
  endfacet
  facet normal 0 -1 0
    outer loop
      vertex 400 -45 -5
      vertex 407 -45 5
      vertex 400 -45 5
    endloop
  endfacet
  facet normal 0 -1 -0
    outer loop
      vertex 407 -45 5
      vertex 400 -45 -5
      vertex 407 -45 -5
    endloop
  endfacet
  facet normal 1 -0 0
    outer loop
      vertex 415 -45 5
      vertex 415 45 -5
      vertex 415 45 5
    endloop
  endfacet
  facet normal 1 0 0
    outer loop
      vertex 415 45 -5
      vertex 415 -45 5
      vertex 415 -45 -5
    endloop
  endfacet
  facet normal -0 0 1
    outer loop
      vertex 408 45 5
      vertex 415 -45 5
      vertex 415 45 5
    endloop
  endfacet
  facet normal 0 0 1
    outer loop
      vertex 415 -45 5
      vertex 408 45 5
      vertex 408 -45 5
    endloop
  endfacet
  facet normal 0 0 -1
    outer loop
      vertex 408 -45 -5
      vertex 415 45 -5
      vertex 415 -45 -5
    endloop
  endfacet
  facet normal -0 0 -1
    outer loop
      vertex 415 45 -5
      vertex 408 -45 -5
      vertex 408 45 -5
    endloop
  endfacet
  facet normal -1 0 0
    outer loop
      vertex 408 -45 -5
      vertex 408 45 5
      vertex 408 45 -5
    endloop
  endfacet
  facet normal -1 -0 0
    outer loop
      vertex 408 45 5
      vertex 408 -45 -5
      vertex 408 -45 5
    endloop
  endfacet
  facet normal 0 1 -0
    outer loop
      vertex 415 45 -5
      vertex 408 45 5
      vertex 415 45 5
    endloop
  endfacet
  facet normal 0 1 0
    outer loop
      vertex 408 45 5
      vertex 415 45 -5
      vertex 408 45 -5
    endloop
  endfacet
  facet normal 0 -1 0
    outer loop
      vertex 408 -45 -5
      vertex 415 -45 5
      vertex 408 -45 5
    endloop
  endfacet
  facet normal 0 -1 -0
    outer loop
      vertex 415 -45 5
      vertex 408 -45 -5
      vertex 415 -45 -5
    endloop
  endfacet
  facet normal 1 -0 0
    outer loop
      vertex 423 -45 5
      vertex 423 45 -5
      vertex 423 45 5
    endloop
  endfacet
  facet normal 1 0 0
    outer loop
      vertex 423 45 -5
      vertex 423 -45 5
      vertex 423 -45 -5
    endloop
  endfacet
  facet normal -0 0 1
    outer loop
      vertex 416 45 5
      vertex 423 -45 5
      vertex 423 45 5
    endloop
  endfacet
  facet normal 0 0 1
    outer loop
      vertex 423 -45 5
      vertex 416 45 5
      vertex 416 -45 5
    endloop
  endfacet
  facet normal 0 0 -1
    outer loop
      vertex 416 -45 -5
      vertex 423 45 -5
      vertex 423 -45 -5
    endloop
  endfacet
  facet normal -0 0 -1
    outer loop
      vertex 423 45 -5
      vertex 416 -45 -5
      vertex 416 45 -5
    endloop
  endfacet
  facet normal -1 0 0
    outer loop
      vertex 416 -45 -5
      vertex 416 45 5
      vertex 416 45 -5
    endloop
  endfacet
  facet normal -1 -0 0
    outer loop
      vertex 416 45 5
      vertex 416 -45 -5
      vertex 416 -45 5
    endloop
  endfacet
  facet normal 0 1 -0
    outer loop
      vertex 423 45 -5
      vertex 416 45 5
      vertex 423 45 5
    endloop
  endfacet
  facet normal 0 1 0
    outer loop
      vertex 416 45 5
      vertex 423 45 -5
      vertex 416 45 -5
    endloop
  endfacet
  facet normal 0 -1 0
    outer loop
      vertex 416 -45 -5
      vertex 423 -45 5
      vertex 416 -45 5
    endloop
  endfacet
  facet normal 0 -1 -0
    outer loop
      vertex 423 -45 5
      vertex 416 -45 -5
      vertex 423 -45 -5
    endloop
  endfacet
  facet normal 1 -0 0
    outer loop
      vertex 431 -45 5
      vertex 431 45 -5
      vertex 431 45 5
    endloop
  endfacet
  facet normal 1 0 0
    outer loop
      vertex 431 45 -5
      vertex 431 -45 5
      vertex 431 -45 -5
    endloop
  endfacet
  facet normal -0 0 1
    outer loop
      vertex 424 45 5
      vertex 431 -45 5
      vertex 431 45 5
    endloop
  endfacet
  facet normal 0 0 1
    outer loop
      vertex 431 -45 5
      vertex 424 45 5
      vertex 424 -45 5
    endloop
  endfacet
  facet normal 0 0 -1
    outer loop
      vertex 424 -45 -5
      vertex 431 45 -5
      vertex 431 -45 -5
    endloop
  endfacet
  facet normal -0 0 -1
    outer loop
      vertex 431 45 -5
      vertex 424 -45 -5
      vertex 424 45 -5
    endloop
  endfacet
  facet normal -1 0 0
    outer loop
      vertex 424 -45 -5
      vertex 424 45 5
      vertex 424 45 -5
    endloop
  endfacet
  facet normal -1 -0 0
    outer loop
      vertex 424 45 5
      vertex 424 -45 -5
      vertex 424 -45 5
    endloop
  endfacet
  facet normal 0 1 -0
    outer loop
      vertex 431 45 -5
      vertex 424 45 5
      vertex 431 45 5
    endloop
  endfacet
  facet normal 0 1 0
    outer loop
      vertex 424 45 5
      vertex 431 45 -5
      vertex 424 45 -5
    endloop
  endfacet
  facet normal 0 -1 0
    outer loop
      vertex 424 -45 -5
      vertex 431 -45 5
      vertex 424 -45 5
    endloop
  endfacet
  facet normal 0 -1 -0
    outer loop
      vertex 431 -45 5
      vertex 424 -45 -5
      vertex 431 -45 -5
    endloop
  endfacet
  facet normal 1 -0 0
    outer loop
      vertex 439 -45 5
      vertex 439 45 -5
      vertex 439 45 5
    endloop
  endfacet
  facet normal 1 0 0
    outer loop
      vertex 439 45 -5
      vertex 439 -45 5
      vertex 439 -45 -5
    endloop
  endfacet
  facet normal -0 0 1
    outer loop
      vertex 432 45 5
      vertex 439 -45 5
      vertex 439 45 5
    endloop
  endfacet
  facet normal 0 0 1
    outer loop
      vertex 439 -45 5
      vertex 432 45 5
      vertex 432 -45 5
    endloop
  endfacet
  facet normal 0 0 -1
    outer loop
      vertex 432 -45 -5
      vertex 439 45 -5
      vertex 439 -45 -5
    endloop
  endfacet
  facet normal -0 0 -1
    outer loop
      vertex 439 45 -5
      vertex 432 -45 -5
      vertex 432 45 -5
    endloop
  endfacet
  facet normal -1 0 0
    outer loop
      vertex 432 -45 -5
      vertex 432 45 5
      vertex 432 45 -5
    endloop
  endfacet
  facet normal -1 -0 0
    outer loop
      vertex 432 45 5
      vertex 432 -45 -5
      vertex 432 -45 5
    endloop
  endfacet
  facet normal 0 1 -0
    outer loop
      vertex 439 45 -5
      vertex 432 45 5
      vertex 439 45 5
    endloop
  endfacet
  facet normal 0 1 0
    outer loop
      vertex 432 45 5
      vertex 439 45 -5
      vertex 432 45 -5
    endloop
  endfacet
  facet normal 0 -1 0
    outer loop
      vertex 432 -45 -5
      vertex 439 -45 5
      vertex 432 -45 5
    endloop
  endfacet
  facet normal 0 -1 -0
    outer loop
      vertex 439 -45 5
      vertex 432 -45 -5
      vertex 439 -45 -5
    endloop
  endfacet
  facet normal 1 -0 0
    outer loop
      vertex 447 -45 5
      vertex 447 45 -5
      vertex 447 45 5
    endloop
  endfacet
  facet normal 1 0 0
    outer loop
      vertex 447 45 -5
      vertex 447 -45 5
      vertex 447 -45 -5
    endloop
  endfacet
  facet normal -0 0 1
    outer loop
      vertex 440 45 5
      vertex 447 -45 5
      vertex 447 45 5
    endloop
  endfacet
  facet normal 0 0 1
    outer loop
      vertex 447 -45 5
      vertex 440 45 5
      vertex 440 -45 5
    endloop
  endfacet
  facet normal 0 0 -1
    outer loop
      vertex 440 -45 -5
      vertex 447 45 -5
      vertex 447 -45 -5
    endloop
  endfacet
  facet normal -0 0 -1
    outer loop
      vertex 447 45 -5
      vertex 440 -45 -5
      vertex 440 45 -5
    endloop
  endfacet
  facet normal -1 0 0
    outer loop
      vertex 440 -45 -5
      vertex 440 45 5
      vertex 440 45 -5
    endloop
  endfacet
  facet normal -1 -0 0
    outer loop
      vertex 440 45 5
      vertex 440 -45 -5
      vertex 440 -45 5
    endloop
  endfacet
  facet normal 0 1 -0
    outer loop
      vertex 447 45 -5
      vertex 440 45 5
      vertex 447 45 5
    endloop
  endfacet
  facet normal 0 1 0
    outer loop
      vertex 440 45 5
      vertex 447 45 -5
      vertex 440 45 -5
    endloop
  endfacet
  facet normal 0 -1 0
    outer loop
      vertex 440 -45 -5
      vertex 447 -45 5
      vertex 440 -45 5
    endloop
  endfacet
  facet normal 0 -1 -0
    outer loop
      vertex 447 -45 5
      vertex 440 -45 -5
      vertex 447 -45 -5
    endloop
  endfacet
  facet normal 1 -0 0
    outer loop
      vertex 455 -45 5
      vertex 455 45 -5
      vertex 455 45 5
    endloop
  endfacet
  facet normal 1 0 0
    outer loop
      vertex 455 45 -5
      vertex 455 -45 5
      vertex 455 -45 -5
    endloop
  endfacet
  facet normal -0 0 1
    outer loop
      vertex 448 45 5
      vertex 455 -45 5
      vertex 455 45 5
    endloop
  endfacet
  facet normal 0 0 1
    outer loop
      vertex 455 -45 5
      vertex 448 45 5
      vertex 448 -45 5
    endloop
  endfacet
  facet normal 0 0 -1
    outer loop
      vertex 448 -45 -5
      vertex 455 45 -5
      vertex 455 -45 -5
    endloop
  endfacet
  facet normal -0 0 -1
    outer loop
      vertex 455 45 -5
      vertex 448 -45 -5
      vertex 448 45 -5
    endloop
  endfacet
  facet normal -1 0 0
    outer loop
      vertex 448 -45 -5
      vertex 448 45 5
      vertex 448 45 -5
    endloop
  endfacet
  facet normal -1 -0 0
    outer loop
      vertex 448 45 5
      vertex 448 -45 -5
      vertex 448 -45 5
    endloop
  endfacet
  facet normal 0 1 -0
    outer loop
      vertex 455 45 -5
      vertex 448 45 5
      vertex 455 45 5
    endloop
  endfacet
  facet normal 0 1 0
    outer loop
      vertex 448 45 5
      vertex 455 45 -5
      vertex 448 45 -5
    endloop
  endfacet
  facet normal 0 -1 0
    outer loop
      vertex 448 -45 -5
      vertex 455 -45 5
      vertex 448 -45 5
    endloop
  endfacet
  facet normal 0 -1 -0
    outer loop
      vertex 455 -45 5
      vertex 448 -45 -5
      vertex 455 -45 -5
    endloop
  endfacet
  facet normal 1 -0 0
    outer loop
      vertex 463 -45 5
      vertex 463 45 -5
      vertex 463 45 5
    endloop
  endfacet
  facet normal 1 0 0
    outer loop
      vertex 463 45 -5
      vertex 463 -45 5
      vertex 463 -45 -5
    endloop
  endfacet
  facet normal -0 0 1
    outer loop
      vertex 456 45 5
      vertex 463 -45 5
      vertex 463 45 5
    endloop
  endfacet
  facet normal 0 0 1
    outer loop
      vertex 463 -45 5
      vertex 456 45 5
      vertex 456 -45 5
    endloop
  endfacet
  facet normal 0 0 -1
    outer loop
      vertex 456 -45 -5
      vertex 463 45 -5
      vertex 463 -45 -5
    endloop
  endfacet
  facet normal -0 0 -1
    outer loop
      vertex 463 45 -5
      vertex 456 -45 -5
      vertex 456 45 -5
    endloop
  endfacet
  facet normal -1 0 0
    outer loop
      vertex 456 -45 -5
      vertex 456 45 5
      vertex 456 45 -5
    endloop
  endfacet
  facet normal -1 -0 0
    outer loop
      vertex 456 45 5
      vertex 456 -45 -5
      vertex 456 -45 5
    endloop
  endfacet
  facet normal 0 1 -0
    outer loop
      vertex 463 45 -5
      vertex 456 45 5
      vertex 463 45 5
    endloop
  endfacet
  facet normal 0 1 0
    outer loop
      vertex 456 45 5
      vertex 463 45 -5
      vertex 456 45 -5
    endloop
  endfacet
  facet normal 0 -1 0
    outer loop
      vertex 456 -45 -5
      vertex 463 -45 5
      vertex 456 -45 5
    endloop
  endfacet
  facet normal 0 -1 -0
    outer loop
      vertex 463 -45 5
      vertex 456 -45 -5
      vertex 463 -45 -5
    endloop
  endfacet
  facet normal 1 -0 0
    outer loop
      vertex 471 -45 5
      vertex 471 45 -5
      vertex 471 45 5
    endloop
  endfacet
  facet normal 1 0 0
    outer loop
      vertex 471 45 -5
      vertex 471 -45 5
      vertex 471 -45 -5
    endloop
  endfacet
  facet normal -0 0 1
    outer loop
      vertex 464 45 5
      vertex 471 -45 5
      vertex 471 45 5
    endloop
  endfacet
  facet normal 0 0 1
    outer loop
      vertex 471 -45 5
      vertex 464 45 5
      vertex 464 -45 5
    endloop
  endfacet
  facet normal 0 0 -1
    outer loop
      vertex 464 -45 -5
      vertex 471 45 -5
      vertex 471 -45 -5
    endloop
  endfacet
  facet normal -0 0 -1
    outer loop
      vertex 471 45 -5
      vertex 464 -45 -5
      vertex 464 45 -5
    endloop
  endfacet
  facet normal -1 0 0
    outer loop
      vertex 464 -45 -5
      vertex 464 45 5
      vertex 464 45 -5
    endloop
  endfacet
  facet normal -1 -0 0
    outer loop
      vertex 464 45 5
      vertex 464 -45 -5
      vertex 464 -45 5
    endloop
  endfacet
  facet normal 0 1 -0
    outer loop
      vertex 471 45 -5
      vertex 464 45 5
      vertex 471 45 5
    endloop
  endfacet
  facet normal 0 1 0
    outer loop
      vertex 464 45 5
      vertex 471 45 -5
      vertex 464 45 -5
    endloop
  endfacet
  facet normal 0 -1 0
    outer loop
      vertex 464 -45 -5
      vertex 471 -45 5
      vertex 464 -45 5
    endloop
  endfacet
  facet normal 0 -1 -0
    outer loop
      vertex 471 -45 5
      vertex 464 -45 -5
      vertex 471 -45 -5
    endloop
  endfacet
  facet normal 1 -0 0
    outer loop
      vertex 479 -45 5
      vertex 479 45 -5
      vertex 479 45 5
    endloop
  endfacet
  facet normal 1 0 0
    outer loop
      vertex 479 45 -5
      vertex 479 -45 5
      vertex 479 -45 -5
    endloop
  endfacet
  facet normal -0 0 1
    outer loop
      vertex 472 45 5
      vertex 479 -45 5
      vertex 479 45 5
    endloop
  endfacet
  facet normal 0 0 1
    outer loop
      vertex 479 -45 5
      vertex 472 45 5
      vertex 472 -45 5
    endloop
  endfacet
  facet normal 0 0 -1
    outer loop
      vertex 472 -45 -5
      vertex 479 45 -5
      vertex 479 -45 -5
    endloop
  endfacet
  facet normal -0 0 -1
    outer loop
      vertex 479 45 -5
      vertex 472 -45 -5
      vertex 472 45 -5
    endloop
  endfacet
  facet normal -1 0 0
    outer loop
      vertex 472 -45 -5
      vertex 472 45 5
      vertex 472 45 -5
    endloop
  endfacet
  facet normal -1 -0 0
    outer loop
      vertex 472 45 5
      vertex 472 -45 -5
      vertex 472 -45 5
    endloop
  endfacet
  facet normal 0 1 -0
    outer loop
      vertex 479 45 -5
      vertex 472 45 5
      vertex 479 45 5
    endloop
  endfacet
  facet normal 0 1 0
    outer loop
      vertex 472 45 5
      vertex 479 45 -5
      vertex 472 45 -5
    endloop
  endfacet
  facet normal 0 -1 0
    outer loop
      vertex 472 -45 -5
      vertex 479 -45 5
      vertex 472 -45 5
    endloop
  endfacet
  facet normal 0 -1 -0
    outer loop
      vertex 479 -45 5
      vertex 472 -45 -5
      vertex 479 -45 -5
    endloop
  endfacet
  facet normal 1 -0 0
    outer loop
      vertex 487 -45 5
      vertex 487 45 -5
      vertex 487 45 5
    endloop
  endfacet
  facet normal 1 0 0
    outer loop
      vertex 487 45 -5
      vertex 487 -45 5
      vertex 487 -45 -5
    endloop
  endfacet
  facet normal -0 0 1
    outer loop
      vertex 480 45 5
      vertex 487 -45 5
      vertex 487 45 5
    endloop
  endfacet
  facet normal 0 0 1
    outer loop
      vertex 487 -45 5
      vertex 480 45 5
      vertex 480 -45 5
    endloop
  endfacet
  facet normal 0 0 -1
    outer loop
      vertex 480 -45 -5
      vertex 487 45 -5
      vertex 487 -45 -5
    endloop
  endfacet
  facet normal -0 0 -1
    outer loop
      vertex 487 45 -5
      vertex 480 -45 -5
      vertex 480 45 -5
    endloop
  endfacet
  facet normal -1 0 0
    outer loop
      vertex 480 -45 -5
      vertex 480 45 5
      vertex 480 45 -5
    endloop
  endfacet
  facet normal -1 -0 0
    outer loop
      vertex 480 45 5
      vertex 480 -45 -5
      vertex 480 -45 5
    endloop
  endfacet
  facet normal 0 1 -0
    outer loop
      vertex 487 45 -5
      vertex 480 45 5
      vertex 487 45 5
    endloop
  endfacet
  facet normal 0 1 0
    outer loop
      vertex 480 45 5
      vertex 487 45 -5
      vertex 480 45 -5
    endloop
  endfacet
  facet normal 0 -1 0
    outer loop
      vertex 480 -45 -5
      vertex 487 -45 5
      vertex 480 -45 5
    endloop
  endfacet
  facet normal 0 -1 -0
    outer loop
      vertex 487 -45 5
      vertex 480 -45 -5
      vertex 487 -45 -5
    endloop
  endfacet
  facet normal 1 -0 0
    outer loop
      vertex 495 -45 5
      vertex 495 45 -5
      vertex 495 45 5
    endloop
  endfacet
  facet normal 1 0 0
    outer loop
      vertex 495 45 -5
      vertex 495 -45 5
      vertex 495 -45 -5
    endloop
  endfacet
  facet normal -0 0 1
    outer loop
      vertex 488 45 5
      vertex 495 -45 5
      vertex 495 45 5
    endloop
  endfacet
  facet normal 0 0 1
    outer loop
      vertex 495 -45 5
      vertex 488 45 5
      vertex 488 -45 5
    endloop
  endfacet
  facet normal 0 0 -1
    outer loop
      vertex 488 -45 -5
      vertex 495 45 -5
      vertex 495 -45 -5
    endloop
  endfacet
  facet normal -0 0 -1
    outer loop
      vertex 495 45 -5
      vertex 488 -45 -5
      vertex 488 45 -5
    endloop
  endfacet
  facet normal -1 0 0
    outer loop
      vertex 488 -45 -5
      vertex 488 45 5
      vertex 488 45 -5
    endloop
  endfacet
  facet normal -1 -0 0
    outer loop
      vertex 488 45 5
      vertex 488 -45 -5
      vertex 488 -45 5
    endloop
  endfacet
  facet normal 0 1 -0
    outer loop
      vertex 495 45 -5
      vertex 488 45 5
      vertex 495 45 5
    endloop
  endfacet
  facet normal 0 1 0
    outer loop
      vertex 488 45 5
      vertex 495 45 -5
      vertex 488 45 -5
    endloop
  endfacet
  facet normal 0 -1 0
    outer loop
      vertex 488 -45 -5
      vertex 495 -45 5
      vertex 488 -45 5
    endloop
  endfacet
  facet normal 0 -1 -0
    outer loop
      vertex 495 -45 5
      vertex 488 -45 -5
      vertex 495 -45 -5
    endloop
  endfacet
  facet normal 1 -0 0
    outer loop
      vertex 503 -45 5
      vertex 503 45 -5
      vertex 503 45 5
    endloop
  endfacet
  facet normal 1 0 0
    outer loop
      vertex 503 45 -5
      vertex 503 -45 5
      vertex 503 -45 -5
    endloop
  endfacet
  facet normal -0 0 1
    outer loop
      vertex 496 45 5
      vertex 503 -45 5
      vertex 503 45 5
    endloop
  endfacet
  facet normal 0 0 1
    outer loop
      vertex 503 -45 5
      vertex 496 45 5
      vertex 496 -45 5
    endloop
  endfacet
  facet normal 0 0 -1
    outer loop
      vertex 496 -45 -5
      vertex 503 45 -5
      vertex 503 -45 -5
    endloop
  endfacet
  facet normal -0 0 -1
    outer loop
      vertex 503 45 -5
      vertex 496 -45 -5
      vertex 496 45 -5
    endloop
  endfacet
  facet normal -1 0 0
    outer loop
      vertex 496 -45 -5
      vertex 496 45 5
      vertex 496 45 -5
    endloop
  endfacet
  facet normal -1 -0 0
    outer loop
      vertex 496 45 5
      vertex 496 -45 -5
      vertex 496 -45 5
    endloop
  endfacet
  facet normal 0 1 -0
    outer loop
      vertex 503 45 -5
      vertex 496 45 5
      vertex 503 45 5
    endloop
  endfacet
  facet normal 0 1 0
    outer loop
      vertex 496 45 5
      vertex 503 45 -5
      vertex 496 45 -5
    endloop
  endfacet
  facet normal 0 -1 0
    outer loop
      vertex 496 -45 -5
      vertex 503 -45 5
      vertex 496 -45 5
    endloop
  endfacet
  facet normal 0 -1 -0
    outer loop
      vertex 503 -45 5
      vertex 496 -45 -5
      vertex 503 -45 -5
    endloop
  endfacet
  facet normal 1 -0 0
    outer loop
      vertex 511 -45 5
      vertex 511 45 -5
      vertex 511 45 5
    endloop
  endfacet
  facet normal 1 0 0
    outer loop
      vertex 511 45 -5
      vertex 511 -45 5
      vertex 511 -45 -5
    endloop
  endfacet
  facet normal -0 0 1
    outer loop
      vertex 504 45 5
      vertex 511 -45 5
      vertex 511 45 5
    endloop
  endfacet
  facet normal 0 0 1
    outer loop
      vertex 511 -45 5
      vertex 504 45 5
      vertex 504 -45 5
    endloop
  endfacet
  facet normal 0 0 -1
    outer loop
      vertex 504 -45 -5
      vertex 511 45 -5
      vertex 511 -45 -5
    endloop
  endfacet
  facet normal -0 0 -1
    outer loop
      vertex 511 45 -5
      vertex 504 -45 -5
      vertex 504 45 -5
    endloop
  endfacet
  facet normal -1 0 0
    outer loop
      vertex 504 -45 -5
      vertex 504 45 5
      vertex 504 45 -5
    endloop
  endfacet
  facet normal -1 -0 0
    outer loop
      vertex 504 45 5
      vertex 504 -45 -5
      vertex 504 -45 5
    endloop
  endfacet
  facet normal 0 1 -0
    outer loop
      vertex 511 45 -5
      vertex 504 45 5
      vertex 511 45 5
    endloop
  endfacet
  facet normal 0 1 0
    outer loop
      vertex 504 45 5
      vertex 511 45 -5
      vertex 504 45 -5
    endloop
  endfacet
  facet normal 0 -1 0
    outer loop
      vertex 504 -45 -5
      vertex 511 -45 5
      vertex 504 -45 5
    endloop
  endfacet
  facet normal 0 -1 -0
    outer loop
      vertex 511 -45 5
      vertex 504 -45 -5
      vertex 511 -45 -5
    endloop
  endfacet
  facet normal 1 -0 0
    outer loop
      vertex 519 -45 5
      vertex 519 45 -5
      vertex 519 45 5
    endloop
  endfacet
  facet normal 1 0 0
    outer loop
      vertex 519 45 -5
      vertex 519 -45 5
      vertex 519 -45 -5
    endloop
  endfacet
  facet normal -0 0 1
    outer loop
      vertex 512 45 5
      vertex 519 -45 5
      vertex 519 45 5
    endloop
  endfacet
  facet normal 0 0 1
    outer loop
      vertex 519 -45 5
      vertex 512 45 5
      vertex 512 -45 5
    endloop
  endfacet
  facet normal 0 0 -1
    outer loop
      vertex 512 -45 -5
      vertex 519 45 -5
      vertex 519 -45 -5
    endloop
  endfacet
  facet normal -0 0 -1
    outer loop
      vertex 519 45 -5
      vertex 512 -45 -5
      vertex 512 45 -5
    endloop
  endfacet
  facet normal -1 0 0
    outer loop
      vertex 512 -45 -5
      vertex 512 45 5
      vertex 512 45 -5
    endloop
  endfacet
  facet normal -1 -0 0
    outer loop
      vertex 512 45 5
      vertex 512 -45 -5
      vertex 512 -45 5
    endloop
  endfacet
  facet normal 0 1 -0
    outer loop
      vertex 519 45 -5
      vertex 512 45 5
      vertex 519 45 5
    endloop
  endfacet
  facet normal 0 1 0
    outer loop
      vertex 512 45 5
      vertex 519 45 -5
      vertex 512 45 -5
    endloop
  endfacet
  facet normal 0 -1 0
    outer loop
      vertex 512 -45 -5
      vertex 519 -45 5
      vertex 512 -45 5
    endloop
  endfacet
  facet normal 0 -1 -0
    outer loop
      vertex 519 -45 5
      vertex 512 -45 -5
      vertex 519 -45 -5
    endloop
  endfacet
  facet normal 1 -0 0
    outer loop
      vertex 527 -45 5
      vertex 527 45 -5
      vertex 527 45 5
    endloop
  endfacet
  facet normal 1 0 0
    outer loop
      vertex 527 45 -5
      vertex 527 -45 5
      vertex 527 -45 -5
    endloop
  endfacet
  facet normal -0 0 1
    outer loop
      vertex 520 45 5
      vertex 527 -45 5
      vertex 527 45 5
    endloop
  endfacet
  facet normal 0 0 1
    outer loop
      vertex 527 -45 5
      vertex 520 45 5
      vertex 520 -45 5
    endloop
  endfacet
  facet normal 0 0 -1
    outer loop
      vertex 520 -45 -5
      vertex 527 45 -5
      vertex 527 -45 -5
    endloop
  endfacet
  facet normal -0 0 -1
    outer loop
      vertex 527 45 -5
      vertex 520 -45 -5
      vertex 520 45 -5
    endloop
  endfacet
  facet normal -1 0 0
    outer loop
      vertex 520 -45 -5
      vertex 520 45 5
      vertex 520 45 -5
    endloop
  endfacet
  facet normal -1 -0 0
    outer loop
      vertex 520 45 5
      vertex 520 -45 -5
      vertex 520 -45 5
    endloop
  endfacet
  facet normal 0 1 -0
    outer loop
      vertex 527 45 -5
      vertex 520 45 5
      vertex 527 45 5
    endloop
  endfacet
  facet normal 0 1 0
    outer loop
      vertex 520 45 5
      vertex 527 45 -5
      vertex 520 45 -5
    endloop
  endfacet
  facet normal 0 -1 0
    outer loop
      vertex 520 -45 -5
      vertex 527 -45 5
      vertex 520 -45 5
    endloop
  endfacet
  facet normal 0 -1 -0
    outer loop
      vertex 527 -45 5
      vertex 520 -45 -5
      vertex 527 -45 -5
    endloop
  endfacet
  facet normal 1 -0 0
    outer loop
      vertex 535 -45 5
      vertex 535 45 -5
      vertex 535 45 5
    endloop
  endfacet
  facet normal 1 0 0
    outer loop
      vertex 535 45 -5
      vertex 535 -45 5
      vertex 535 -45 -5
    endloop
  endfacet
  facet normal -0 0 1
    outer loop
      vertex 528 45 5
      vertex 535 -45 5
      vertex 535 45 5
    endloop
  endfacet
  facet normal 0 0 1
    outer loop
      vertex 535 -45 5
      vertex 528 45 5
      vertex 528 -45 5
    endloop
  endfacet
  facet normal 0 0 -1
    outer loop
      vertex 528 -45 -5
      vertex 535 45 -5
      vertex 535 -45 -5
    endloop
  endfacet
  facet normal -0 0 -1
    outer loop
      vertex 535 45 -5
      vertex 528 -45 -5
      vertex 528 45 -5
    endloop
  endfacet
  facet normal -1 0 0
    outer loop
      vertex 528 -45 -5
      vertex 528 45 5
      vertex 528 45 -5
    endloop
  endfacet
  facet normal -1 -0 0
    outer loop
      vertex 528 45 5
      vertex 528 -45 -5
      vertex 528 -45 5
    endloop
  endfacet
  facet normal 0 1 -0
    outer loop
      vertex 535 45 -5
      vertex 528 45 5
      vertex 535 45 5
    endloop
  endfacet
  facet normal 0 1 0
    outer loop
      vertex 528 45 5
      vertex 535 45 -5
      vertex 528 45 -5
    endloop
  endfacet
  facet normal 0 -1 0
    outer loop
      vertex 528 -45 -5
      vertex 535 -45 5
      vertex 528 -45 5
    endloop
  endfacet
  facet normal 0 -1 -0
    outer loop
      vertex 535 -45 5
      vertex 528 -45 -5
      vertex 535 -45 -5
    endloop
  endfacet
  facet normal 1 -0 0
    outer loop
      vertex 543 -45 5
      vertex 543 45 -5
      vertex 543 45 5
    endloop
  endfacet
  facet normal 1 0 0
    outer loop
      vertex 543 45 -5
      vertex 543 -45 5
      vertex 543 -45 -5
    endloop
  endfacet
  facet normal -0 0 1
    outer loop
      vertex 536 45 5
      vertex 543 -45 5
      vertex 543 45 5
    endloop
  endfacet
  facet normal 0 0 1
    outer loop
      vertex 543 -45 5
      vertex 536 45 5
      vertex 536 -45 5
    endloop
  endfacet
  facet normal 0 0 -1
    outer loop
      vertex 536 -45 -5
      vertex 543 45 -5
      vertex 543 -45 -5
    endloop
  endfacet
  facet normal -0 0 -1
    outer loop
      vertex 543 45 -5
      vertex 536 -45 -5
      vertex 536 45 -5
    endloop
  endfacet
  facet normal -1 0 0
    outer loop
      vertex 536 -45 -5
      vertex 536 45 5
      vertex 536 45 -5
    endloop
  endfacet
  facet normal -1 -0 0
    outer loop
      vertex 536 45 5
      vertex 536 -45 -5
      vertex 536 -45 5
    endloop
  endfacet
  facet normal 0 1 -0
    outer loop
      vertex 543 45 -5
      vertex 536 45 5
      vertex 543 45 5
    endloop
  endfacet
  facet normal 0 1 0
    outer loop
      vertex 536 45 5
      vertex 543 45 -5
      vertex 536 45 -5
    endloop
  endfacet
  facet normal 0 -1 0
    outer loop
      vertex 536 -45 -5
      vertex 543 -45 5
      vertex 536 -45 5
    endloop
  endfacet
  facet normal 0 -1 -0
    outer loop
      vertex 543 -45 5
      vertex 536 -45 -5
      vertex 543 -45 -5
    endloop
  endfacet
  facet normal 1 -0 0
    outer loop
      vertex 551 -45 5
      vertex 551 45 -5
      vertex 551 45 5
    endloop
  endfacet
  facet normal 1 0 0
    outer loop
      vertex 551 45 -5
      vertex 551 -45 5
      vertex 551 -45 -5
    endloop
  endfacet
  facet normal -0 0 1
    outer loop
      vertex 544 45 5
      vertex 551 -45 5
      vertex 551 45 5
    endloop
  endfacet
  facet normal 0 0 1
    outer loop
      vertex 551 -45 5
      vertex 544 45 5
      vertex 544 -45 5
    endloop
  endfacet
  facet normal 0 0 -1
    outer loop
      vertex 544 -45 -5
      vertex 551 45 -5
      vertex 551 -45 -5
    endloop
  endfacet
  facet normal -0 0 -1
    outer loop
      vertex 551 45 -5
      vertex 544 -45 -5
      vertex 544 45 -5
    endloop
  endfacet
  facet normal -1 0 0
    outer loop
      vertex 544 -45 -5
      vertex 544 45 5
      vertex 544 45 -5
    endloop
  endfacet
  facet normal -1 -0 0
    outer loop
      vertex 544 45 5
      vertex 544 -45 -5
      vertex 544 -45 5
    endloop
  endfacet
  facet normal 0 1 -0
    outer loop
      vertex 551 45 -5
      vertex 544 45 5
      vertex 551 45 5
    endloop
  endfacet
  facet normal 0 1 0
    outer loop
      vertex 544 45 5
      vertex 551 45 -5
      vertex 544 45 -5
    endloop
  endfacet
  facet normal 0 -1 0
    outer loop
      vertex 544 -45 -5
      vertex 551 -45 5
      vertex 544 -45 5
    endloop
  endfacet
  facet normal 0 -1 -0
    outer loop
      vertex 551 -45 5
      vertex 544 -45 -5
      vertex 551 -45 -5
    endloop
  endfacet
  facet normal 1 -0 0
    outer loop
      vertex 559 -45 5
      vertex 559 45 -5
      vertex 559 45 5
    endloop
  endfacet
  facet normal 1 0 0
    outer loop
      vertex 559 45 -5
      vertex 559 -45 5
      vertex 559 -45 -5
    endloop
  endfacet
  facet normal -0 0 1
    outer loop
      vertex 552 45 5
      vertex 559 -45 5
      vertex 559 45 5
    endloop
  endfacet
  facet normal 0 0 1
    outer loop
      vertex 559 -45 5
      vertex 552 45 5
      vertex 552 -45 5
    endloop
  endfacet
  facet normal 0 0 -1
    outer loop
      vertex 552 -45 -5
      vertex 559 45 -5
      vertex 559 -45 -5
    endloop
  endfacet
  facet normal -0 0 -1
    outer loop
      vertex 559 45 -5
      vertex 552 -45 -5
      vertex 552 45 -5
    endloop
  endfacet
  facet normal -1 0 0
    outer loop
      vertex 552 -45 -5
      vertex 552 45 5
      vertex 552 45 -5
    endloop
  endfacet
  facet normal -1 -0 0
    outer loop
      vertex 552 45 5
      vertex 552 -45 -5
      vertex 552 -45 5
    endloop
  endfacet
  facet normal 0 1 -0
    outer loop
      vertex 559 45 -5
      vertex 552 45 5
      vertex 559 45 5
    endloop
  endfacet
  facet normal 0 1 0
    outer loop
      vertex 552 45 5
      vertex 559 45 -5
      vertex 552 45 -5
    endloop
  endfacet
  facet normal 0 -1 0
    outer loop
      vertex 552 -45 -5
      vertex 559 -45 5
      vertex 552 -45 5
    endloop
  endfacet
  facet normal 0 -1 -0
    outer loop
      vertex 559 -45 5
      vertex 552 -45 -5
      vertex 559 -45 -5
    endloop
  endfacet
  facet normal 1 -0 0
    outer loop
      vertex 567 -45 5
      vertex 567 45 -5
      vertex 567 45 5
    endloop
  endfacet
  facet normal 1 0 0
    outer loop
      vertex 567 45 -5
      vertex 567 -45 5
      vertex 567 -45 -5
    endloop
  endfacet
  facet normal -0 0 1
    outer loop
      vertex 560 45 5
      vertex 567 -45 5
      vertex 567 45 5
    endloop
  endfacet
  facet normal 0 0 1
    outer loop
      vertex 567 -45 5
      vertex 560 45 5
      vertex 560 -45 5
    endloop
  endfacet
  facet normal 0 0 -1
    outer loop
      vertex 560 -45 -5
      vertex 567 45 -5
      vertex 567 -45 -5
    endloop
  endfacet
  facet normal -0 0 -1
    outer loop
      vertex 567 45 -5
      vertex 560 -45 -5
      vertex 560 45 -5
    endloop
  endfacet
  facet normal -1 0 0
    outer loop
      vertex 560 -45 -5
      vertex 560 45 5
      vertex 560 45 -5
    endloop
  endfacet
  facet normal -1 -0 0
    outer loop
      vertex 560 45 5
      vertex 560 -45 -5
      vertex 560 -45 5
    endloop
  endfacet
  facet normal 0 1 -0
    outer loop
      vertex 567 45 -5
      vertex 560 45 5
      vertex 567 45 5
    endloop
  endfacet
  facet normal 0 1 0
    outer loop
      vertex 560 45 5
      vertex 567 45 -5
      vertex 560 45 -5
    endloop
  endfacet
  facet normal 0 -1 0
    outer loop
      vertex 560 -45 -5
      vertex 567 -45 5
      vertex 560 -45 5
    endloop
  endfacet
  facet normal 0 -1 -0
    outer loop
      vertex 567 -45 5
      vertex 560 -45 -5
      vertex 567 -45 -5
    endloop
  endfacet
  facet normal 1 -0 0
    outer loop
      vertex 575 -45 5
      vertex 575 45 -5
      vertex 575 45 5
    endloop
  endfacet
  facet normal 1 0 0
    outer loop
      vertex 575 45 -5
      vertex 575 -45 5
      vertex 575 -45 -5
    endloop
  endfacet
  facet normal -0 0 1
    outer loop
      vertex 568 45 5
      vertex 575 -45 5
      vertex 575 45 5
    endloop
  endfacet
  facet normal 0 0 1
    outer loop
      vertex 575 -45 5
      vertex 568 45 5
      vertex 568 -45 5
    endloop
  endfacet
  facet normal 0 0 -1
    outer loop
      vertex 568 -45 -5
      vertex 575 45 -5
      vertex 575 -45 -5
    endloop
  endfacet
  facet normal -0 0 -1
    outer loop
      vertex 575 45 -5
      vertex 568 -45 -5
      vertex 568 45 -5
    endloop
  endfacet
  facet normal -1 0 0
    outer loop
      vertex 568 -45 -5
      vertex 568 45 5
      vertex 568 45 -5
    endloop
  endfacet
  facet normal -1 -0 0
    outer loop
      vertex 568 45 5
      vertex 568 -45 -5
      vertex 568 -45 5
    endloop
  endfacet
  facet normal 0 1 -0
    outer loop
      vertex 575 45 -5
      vertex 568 45 5
      vertex 575 45 5
    endloop
  endfacet
  facet normal 0 1 0
    outer loop
      vertex 568 45 5
      vertex 575 45 -5
      vertex 568 45 -5
    endloop
  endfacet
  facet normal 0 -1 0
    outer loop
      vertex 568 -45 -5
      vertex 575 -45 5
      vertex 568 -45 5
    endloop
  endfacet
  facet normal 0 -1 -0
    outer loop
      vertex 575 -45 5
      vertex 568 -45 -5
      vertex 575 -45 -5
    endloop
  endfacet
  facet normal 1 -0 0
    outer loop
      vertex 583 -45 5
      vertex 583 45 -5
      vertex 583 45 5
    endloop
  endfacet
  facet normal 1 0 0
    outer loop
      vertex 583 45 -5
      vertex 583 -45 5
      vertex 583 -45 -5
    endloop
  endfacet
  facet normal -0 0 1
    outer loop
      vertex 576 45 5
      vertex 583 -45 5
      vertex 583 45 5
    endloop
  endfacet
  facet normal 0 0 1
    outer loop
      vertex 583 -45 5
      vertex 576 45 5
      vertex 576 -45 5
    endloop
  endfacet
  facet normal 0 0 -1
    outer loop
      vertex 576 -45 -5
      vertex 583 45 -5
      vertex 583 -45 -5
    endloop
  endfacet
  facet normal -0 0 -1
    outer loop
      vertex 583 45 -5
      vertex 576 -45 -5
      vertex 576 45 -5
    endloop
  endfacet
  facet normal -1 0 0
    outer loop
      vertex 576 -45 -5
      vertex 576 45 5
      vertex 576 45 -5
    endloop
  endfacet
  facet normal -1 -0 0
    outer loop
      vertex 576 45 5
      vertex 576 -45 -5
      vertex 576 -45 5
    endloop
  endfacet
  facet normal 0 1 -0
    outer loop
      vertex 583 45 -5
      vertex 576 45 5
      vertex 583 45 5
    endloop
  endfacet
  facet normal 0 1 0
    outer loop
      vertex 576 45 5
      vertex 583 45 -5
      vertex 576 45 -5
    endloop
  endfacet
  facet normal 0 -1 0
    outer loop
      vertex 576 -45 -5
      vertex 583 -45 5
      vertex 576 -45 5
    endloop
  endfacet
  facet normal 0 -1 -0
    outer loop
      vertex 583 -45 5
      vertex 576 -45 -5
      vertex 583 -45 -5
    endloop
  endfacet
  facet normal 1 -0 0
    outer loop
      vertex 591 -45 5
      vertex 591 45 -5
      vertex 591 45 5
    endloop
  endfacet
  facet normal 1 0 0
    outer loop
      vertex 591 45 -5
      vertex 591 -45 5
      vertex 591 -45 -5
    endloop
  endfacet
  facet normal -0 0 1
    outer loop
      vertex 584 45 5
      vertex 591 -45 5
      vertex 591 45 5
    endloop
  endfacet
  facet normal 0 0 1
    outer loop
      vertex 591 -45 5
      vertex 584 45 5
      vertex 584 -45 5
    endloop
  endfacet
  facet normal 0 0 -1
    outer loop
      vertex 584 -45 -5
      vertex 591 45 -5
      vertex 591 -45 -5
    endloop
  endfacet
  facet normal -0 0 -1
    outer loop
      vertex 591 45 -5
      vertex 584 -45 -5
      vertex 584 45 -5
    endloop
  endfacet
  facet normal -1 0 0
    outer loop
      vertex 584 -45 -5
      vertex 584 45 5
      vertex 584 45 -5
    endloop
  endfacet
  facet normal -1 -0 0
    outer loop
      vertex 584 45 5
      vertex 584 -45 -5
      vertex 584 -45 5
    endloop
  endfacet
  facet normal 0 1 -0
    outer loop
      vertex 591 45 -5
      vertex 584 45 5
      vertex 591 45 5
    endloop
  endfacet
  facet normal 0 1 0
    outer loop
      vertex 584 45 5
      vertex 591 45 -5
      vertex 584 45 -5
    endloop
  endfacet
  facet normal 0 -1 0
    outer loop
      vertex 584 -45 -5
      vertex 591 -45 5
      vertex 584 -45 5
    endloop
  endfacet
  facet normal 0 -1 -0
    outer loop
      vertex 591 -45 5
      vertex 584 -45 -5
      vertex 591 -45 -5
    endloop
  endfacet
  facet normal 1 -0 0
    outer loop
      vertex 599 -45 5
      vertex 599 45 -5
      vertex 599 45 5
    endloop
  endfacet
  facet normal 1 0 0
    outer loop
      vertex 599 45 -5
      vertex 599 -45 5
      vertex 599 -45 -5
    endloop
  endfacet
  facet normal -0 0 1
    outer loop
      vertex 592 45 5
      vertex 599 -45 5
      vertex 599 45 5
    endloop
  endfacet
  facet normal 0 0 1
    outer loop
      vertex 599 -45 5
      vertex 592 45 5
      vertex 592 -45 5
    endloop
  endfacet
  facet normal 0 0 -1
    outer loop
      vertex 592 -45 -5
      vertex 599 45 -5
      vertex 599 -45 -5
    endloop
  endfacet
  facet normal -0 0 -1
    outer loop
      vertex 599 45 -5
      vertex 592 -45 -5
      vertex 592 45 -5
    endloop
  endfacet
  facet normal -1 0 0
    outer loop
      vertex 592 -45 -5
      vertex 592 45 5
      vertex 592 45 -5
    endloop
  endfacet
  facet normal -1 -0 0
    outer loop
      vertex 592 45 5
      vertex 592 -45 -5
      vertex 592 -45 5
    endloop
  endfacet
  facet normal 0 1 -0
    outer loop
      vertex 599 45 -5
      vertex 592 45 5
      vertex 599 45 5
    endloop
  endfacet
  facet normal 0 1 0
    outer loop
      vertex 592 45 5
      vertex 599 45 -5
      vertex 592 45 -5
    endloop
  endfacet
  facet normal 0 -1 0
    outer loop
      vertex 592 -45 -5
      vertex 599 -45 5
      vertex 592 -45 5
    endloop
  endfacet
  facet normal 0 -1 -0
    outer loop
      vertex 599 -45 5
      vertex 592 -45 -5
      vertex 599 -45 -5
    endloop
  endfacet
  facet normal 1 -0 0
    outer loop
      vertex 607 -45 5
      vertex 607 45 -5
      vertex 607 45 5
    endloop
  endfacet
  facet normal 1 0 0
    outer loop
      vertex 607 45 -5
      vertex 607 -45 5
      vertex 607 -45 -5
    endloop
  endfacet
  facet normal -0 0 1
    outer loop
      vertex 600 45 5
      vertex 607 -45 5
      vertex 607 45 5
    endloop
  endfacet
  facet normal 0 0 1
    outer loop
      vertex 607 -45 5
      vertex 600 45 5
      vertex 600 -45 5
    endloop
  endfacet
  facet normal 0 0 -1
    outer loop
      vertex 600 -45 -5
      vertex 607 45 -5
      vertex 607 -45 -5
    endloop
  endfacet
  facet normal -0 0 -1
    outer loop
      vertex 607 45 -5
      vertex 600 -45 -5
      vertex 600 45 -5
    endloop
  endfacet
  facet normal -1 0 0
    outer loop
      vertex 600 -45 -5
      vertex 600 45 5
      vertex 600 45 -5
    endloop
  endfacet
  facet normal -1 -0 0
    outer loop
      vertex 600 45 5
      vertex 600 -45 -5
      vertex 600 -45 5
    endloop
  endfacet
  facet normal 0 1 -0
    outer loop
      vertex 607 45 -5
      vertex 600 45 5
      vertex 607 45 5
    endloop
  endfacet
  facet normal 0 1 0
    outer loop
      vertex 600 45 5
      vertex 607 45 -5
      vertex 600 45 -5
    endloop
  endfacet
  facet normal 0 -1 0
    outer loop
      vertex 600 -45 -5
      vertex 607 -45 5
      vertex 600 -45 5
    endloop
  endfacet
  facet normal 0 -1 -0
    outer loop
      vertex 607 -45 5
      vertex 600 -45 -5
      vertex 607 -45 -5
    endloop
  endfacet
  facet normal 1 -0 0
    outer loop
      vertex 615 -45 5
      vertex 615 45 -5
      vertex 615 45 5
    endloop
  endfacet
  facet normal 1 0 0
    outer loop
      vertex 615 45 -5
      vertex 615 -45 5
      vertex 615 -45 -5
    endloop
  endfacet
  facet normal -0 0 1
    outer loop
      vertex 608 45 5
      vertex 615 -45 5
      vertex 615 45 5
    endloop
  endfacet
  facet normal 0 0 1
    outer loop
      vertex 615 -45 5
      vertex 608 45 5
      vertex 608 -45 5
    endloop
  endfacet
  facet normal 0 0 -1
    outer loop
      vertex 608 -45 -5
      vertex 615 45 -5
      vertex 615 -45 -5
    endloop
  endfacet
  facet normal -0 0 -1
    outer loop
      vertex 615 45 -5
      vertex 608 -45 -5
      vertex 608 45 -5
    endloop
  endfacet
  facet normal -1 0 0
    outer loop
      vertex 608 -45 -5
      vertex 608 45 5
      vertex 608 45 -5
    endloop
  endfacet
  facet normal -1 -0 0
    outer loop
      vertex 608 45 5
      vertex 608 -45 -5
      vertex 608 -45 5
    endloop
  endfacet
  facet normal 0 1 -0
    outer loop
      vertex 615 45 -5
      vertex 608 45 5
      vertex 615 45 5
    endloop
  endfacet
  facet normal 0 1 0
    outer loop
      vertex 608 45 5
      vertex 615 45 -5
      vertex 608 45 -5
    endloop
  endfacet
  facet normal 0 -1 0
    outer loop
      vertex 608 -45 -5
      vertex 615 -45 5
      vertex 608 -45 5
    endloop
  endfacet
  facet normal 0 -1 -0
    outer loop
      vertex 615 -45 5
      vertex 608 -45 -5
      vertex 615 -45 -5
    endloop
  endfacet
  facet normal 1 -0 0
    outer loop
      vertex 623 -45 5
      vertex 623 45 -5
      vertex 623 45 5
    endloop
  endfacet
  facet normal 1 0 0
    outer loop
      vertex 623 45 -5
      vertex 623 -45 5
      vertex 623 -45 -5
    endloop
  endfacet
  facet normal -0 0 1
    outer loop
      vertex 616 45 5
      vertex 623 -45 5
      vertex 623 45 5
    endloop
  endfacet
  facet normal 0 0 1
    outer loop
      vertex 623 -45 5
      vertex 616 45 5
      vertex 616 -45 5
    endloop
  endfacet
  facet normal 0 0 -1
    outer loop
      vertex 616 -45 -5
      vertex 623 45 -5
      vertex 623 -45 -5
    endloop
  endfacet
  facet normal -0 0 -1
    outer loop
      vertex 623 45 -5
      vertex 616 -45 -5
      vertex 616 45 -5
    endloop
  endfacet
  facet normal -1 0 0
    outer loop
      vertex 616 -45 -5
      vertex 616 45 5
      vertex 616 45 -5
    endloop
  endfacet
  facet normal -1 -0 0
    outer loop
      vertex 616 45 5
      vertex 616 -45 -5
      vertex 616 -45 5
    endloop
  endfacet
  facet normal 0 1 -0
    outer loop
      vertex 623 45 -5
      vertex 616 45 5
      vertex 623 45 5
    endloop
  endfacet
  facet normal 0 1 0
    outer loop
      vertex 616 45 5
      vertex 623 45 -5
      vertex 616 45 -5
    endloop
  endfacet
  facet normal 0 -1 0
    outer loop
      vertex 616 -45 -5
      vertex 623 -45 5
      vertex 616 -45 5
    endloop
  endfacet
  facet normal 0 -1 -0
    outer loop
      vertex 623 -45 5
      vertex 616 -45 -5
      vertex 623 -45 -5
    endloop
  endfacet
  facet normal 1 -0 0
    outer loop
      vertex 631 -45 5
      vertex 631 45 -5
      vertex 631 45 5
    endloop
  endfacet
  facet normal 1 0 0
    outer loop
      vertex 631 45 -5
      vertex 631 -45 5
      vertex 631 -45 -5
    endloop
  endfacet
  facet normal -0 0 1
    outer loop
      vertex 624 45 5
      vertex 631 -45 5
      vertex 631 45 5
    endloop
  endfacet
  facet normal 0 0 1
    outer loop
      vertex 631 -45 5
      vertex 624 45 5
      vertex 624 -45 5
    endloop
  endfacet
  facet normal 0 0 -1
    outer loop
      vertex 624 -45 -5
      vertex 631 45 -5
      vertex 631 -45 -5
    endloop
  endfacet
  facet normal -0 0 -1
    outer loop
      vertex 631 45 -5
      vertex 624 -45 -5
      vertex 624 45 -5
    endloop
  endfacet
  facet normal -1 0 0
    outer loop
      vertex 624 -45 -5
      vertex 624 45 5
      vertex 624 45 -5
    endloop
  endfacet
  facet normal -1 -0 0
    outer loop
      vertex 624 45 5
      vertex 624 -45 -5
      vertex 624 -45 5
    endloop
  endfacet
  facet normal 0 1 -0
    outer loop
      vertex 631 45 -5
      vertex 624 45 5
      vertex 631 45 5
    endloop
  endfacet
  facet normal 0 1 0
    outer loop
      vertex 624 45 5
      vertex 631 45 -5
      vertex 624 45 -5
    endloop
  endfacet
  facet normal 0 -1 0
    outer loop
      vertex 624 -45 -5
      vertex 631 -45 5
      vertex 624 -45 5
    endloop
  endfacet
  facet normal 0 -1 -0
    outer loop
      vertex 631 -45 5
      vertex 624 -45 -5
      vertex 631 -45 -5
    endloop
  endfacet
  facet normal 1 -0 0
    outer loop
      vertex 639 -45 5
      vertex 639 45 -5
      vertex 639 45 5
    endloop
  endfacet
  facet normal 1 0 0
    outer loop
      vertex 639 45 -5
      vertex 639 -45 5
      vertex 639 -45 -5
    endloop
  endfacet
  facet normal -0 0 1
    outer loop
      vertex 632 45 5
      vertex 639 -45 5
      vertex 639 45 5
    endloop
  endfacet
  facet normal 0 0 1
    outer loop
      vertex 639 -45 5
      vertex 632 45 5
      vertex 632 -45 5
    endloop
  endfacet
  facet normal 0 0 -1
    outer loop
      vertex 632 -45 -5
      vertex 639 45 -5
      vertex 639 -45 -5
    endloop
  endfacet
  facet normal -0 0 -1
    outer loop
      vertex 639 45 -5
      vertex 632 -45 -5
      vertex 632 45 -5
    endloop
  endfacet
  facet normal -1 0 0
    outer loop
      vertex 632 -45 -5
      vertex 632 45 5
      vertex 632 45 -5
    endloop
  endfacet
  facet normal -1 -0 0
    outer loop
      vertex 632 45 5
      vertex 632 -45 -5
      vertex 632 -45 5
    endloop
  endfacet
  facet normal 0 1 -0
    outer loop
      vertex 639 45 -5
      vertex 632 45 5
      vertex 639 45 5
    endloop
  endfacet
  facet normal 0 1 0
    outer loop
      vertex 632 45 5
      vertex 639 45 -5
      vertex 632 45 -5
    endloop
  endfacet
  facet normal 0 -1 0
    outer loop
      vertex 632 -45 -5
      vertex 639 -45 5
      vertex 632 -45 5
    endloop
  endfacet
  facet normal 0 -1 -0
    outer loop
      vertex 639 -45 5
      vertex 632 -45 -5
      vertex 639 -45 -5
    endloop
  endfacet
  facet normal 1 -0 0
    outer loop
      vertex 647 -45 5
      vertex 647 45 -5
      vertex 647 45 5
    endloop
  endfacet
  facet normal 1 0 0
    outer loop
      vertex 647 45 -5
      vertex 647 -45 5
      vertex 647 -45 -5
    endloop
  endfacet
  facet normal -0 0 1
    outer loop
      vertex 640 45 5
      vertex 647 -45 5
      vertex 647 45 5
    endloop
  endfacet
  facet normal 0 0 1
    outer loop
      vertex 647 -45 5
      vertex 640 45 5
      vertex 640 -45 5
    endloop
  endfacet
  facet normal 0 0 -1
    outer loop
      vertex 640 -45 -5
      vertex 647 45 -5
      vertex 647 -45 -5
    endloop
  endfacet
  facet normal -0 0 -1
    outer loop
      vertex 647 45 -5
      vertex 640 -45 -5
      vertex 640 45 -5
    endloop
  endfacet
  facet normal -1 0 0
    outer loop
      vertex 640 -45 -5
      vertex 640 45 5
      vertex 640 45 -5
    endloop
  endfacet
  facet normal -1 -0 0
    outer loop
      vertex 640 45 5
      vertex 640 -45 -5
      vertex 640 -45 5
    endloop
  endfacet
  facet normal 0 1 -0
    outer loop
      vertex 647 45 -5
      vertex 640 45 5
      vertex 647 45 5
    endloop
  endfacet
  facet normal 0 1 0
    outer loop
      vertex 640 45 5
      vertex 647 45 -5
      vertex 640 45 -5
    endloop
  endfacet
  facet normal 0 -1 0
    outer loop
      vertex 640 -45 -5
      vertex 647 -45 5
      vertex 640 -45 5
    endloop
  endfacet
  facet normal 0 -1 -0
    outer loop
      vertex 647 -45 5
      vertex 640 -45 -5
      vertex 647 -45 -5
    endloop
  endfacet
  facet normal 1 -0 0
    outer loop
      vertex 655 -45 5
      vertex 655 45 -5
      vertex 655 45 5
    endloop
  endfacet
  facet normal 1 0 0
    outer loop
      vertex 655 45 -5
      vertex 655 -45 5
      vertex 655 -45 -5
    endloop
  endfacet
  facet normal -0 0 1
    outer loop
      vertex 648 45 5
      vertex 655 -45 5
      vertex 655 45 5
    endloop
  endfacet
  facet normal 0 0 1
    outer loop
      vertex 655 -45 5
      vertex 648 45 5
      vertex 648 -45 5
    endloop
  endfacet
  facet normal 0 0 -1
    outer loop
      vertex 648 -45 -5
      vertex 655 45 -5
      vertex 655 -45 -5
    endloop
  endfacet
  facet normal -0 0 -1
    outer loop
      vertex 655 45 -5
      vertex 648 -45 -5
      vertex 648 45 -5
    endloop
  endfacet
  facet normal -1 0 0
    outer loop
      vertex 648 -45 -5
      vertex 648 45 5
      vertex 648 45 -5
    endloop
  endfacet
  facet normal -1 -0 0
    outer loop
      vertex 648 45 5
      vertex 648 -45 -5
      vertex 648 -45 5
    endloop
  endfacet
  facet normal 0 1 -0
    outer loop
      vertex 655 45 -5
      vertex 648 45 5
      vertex 655 45 5
    endloop
  endfacet
  facet normal 0 1 0
    outer loop
      vertex 648 45 5
      vertex 655 45 -5
      vertex 648 45 -5
    endloop
  endfacet
  facet normal 0 -1 0
    outer loop
      vertex 648 -45 -5
      vertex 655 -45 5
      vertex 648 -45 5
    endloop
  endfacet
  facet normal 0 -1 -0
    outer loop
      vertex 655 -45 5
      vertex 648 -45 -5
      vertex 655 -45 -5
    endloop
  endfacet
  facet normal 1 -0 0
    outer loop
      vertex 663 -45 5
      vertex 663 45 -5
      vertex 663 45 5
    endloop
  endfacet
  facet normal 1 0 0
    outer loop
      vertex 663 45 -5
      vertex 663 -45 5
      vertex 663 -45 -5
    endloop
  endfacet
  facet normal -0 0 1
    outer loop
      vertex 656 45 5
      vertex 663 -45 5
      vertex 663 45 5
    endloop
  endfacet
  facet normal 0 0 1
    outer loop
      vertex 663 -45 5
      vertex 656 45 5
      vertex 656 -45 5
    endloop
  endfacet
  facet normal 0 0 -1
    outer loop
      vertex 656 -45 -5
      vertex 663 45 -5
      vertex 663 -45 -5
    endloop
  endfacet
  facet normal -0 0 -1
    outer loop
      vertex 663 45 -5
      vertex 656 -45 -5
      vertex 656 45 -5
    endloop
  endfacet
  facet normal -1 0 0
    outer loop
      vertex 656 -45 -5
      vertex 656 45 5
      vertex 656 45 -5
    endloop
  endfacet
  facet normal -1 -0 0
    outer loop
      vertex 656 45 5
      vertex 656 -45 -5
      vertex 656 -45 5
    endloop
  endfacet
  facet normal 0 1 -0
    outer loop
      vertex 663 45 -5
      vertex 656 45 5
      vertex 663 45 5
    endloop
  endfacet
  facet normal 0 1 0
    outer loop
      vertex 656 45 5
      vertex 663 45 -5
      vertex 656 45 -5
    endloop
  endfacet
  facet normal 0 -1 0
    outer loop
      vertex 656 -45 -5
      vertex 663 -45 5
      vertex 656 -45 5
    endloop
  endfacet
  facet normal 0 -1 -0
    outer loop
      vertex 663 -45 5
      vertex 656 -45 -5
      vertex 663 -45 -5
    endloop
  endfacet
  facet normal 1 -0 0
    outer loop
      vertex 671 -45 5
      vertex 671 45 -5
      vertex 671 45 5
    endloop
  endfacet
  facet normal 1 0 0
    outer loop
      vertex 671 45 -5
      vertex 671 -45 5
      vertex 671 -45 -5
    endloop
  endfacet
  facet normal -0 0 1
    outer loop
      vertex 664 45 5
      vertex 671 -45 5
      vertex 671 45 5
    endloop
  endfacet
  facet normal 0 0 1
    outer loop
      vertex 671 -45 5
      vertex 664 45 5
      vertex 664 -45 5
    endloop
  endfacet
  facet normal 0 0 -1
    outer loop
      vertex 664 -45 -5
      vertex 671 45 -5
      vertex 671 -45 -5
    endloop
  endfacet
  facet normal -0 0 -1
    outer loop
      vertex 671 45 -5
      vertex 664 -45 -5
      vertex 664 45 -5
    endloop
  endfacet
  facet normal -1 0 0
    outer loop
      vertex 664 -45 -5
      vertex 664 45 5
      vertex 664 45 -5
    endloop
  endfacet
  facet normal -1 -0 0
    outer loop
      vertex 664 45 5
      vertex 664 -45 -5
      vertex 664 -45 5
    endloop
  endfacet
  facet normal 0 1 -0
    outer loop
      vertex 671 45 -5
      vertex 664 45 5
      vertex 671 45 5
    endloop
  endfacet
  facet normal 0 1 0
    outer loop
      vertex 664 45 5
      vertex 671 45 -5
      vertex 664 45 -5
    endloop
  endfacet
  facet normal 0 -1 0
    outer loop
      vertex 664 -45 -5
      vertex 671 -45 5
      vertex 664 -45 5
    endloop
  endfacet
  facet normal 0 -1 -0
    outer loop
      vertex 671 -45 5
      vertex 664 -45 -5
      vertex 671 -45 -5
    endloop
  endfacet
  facet normal 1 -0 0
    outer loop
      vertex 679 -45 5
      vertex 679 45 -5
      vertex 679 45 5
    endloop
  endfacet
  facet normal 1 0 0
    outer loop
      vertex 679 45 -5
      vertex 679 -45 5
      vertex 679 -45 -5
    endloop
  endfacet
  facet normal -0 0 1
    outer loop
      vertex 672 45 5
      vertex 679 -45 5
      vertex 679 45 5
    endloop
  endfacet
  facet normal 0 0 1
    outer loop
      vertex 679 -45 5
      vertex 672 45 5
      vertex 672 -45 5
    endloop
  endfacet
  facet normal 0 0 -1
    outer loop
      vertex 672 -45 -5
      vertex 679 45 -5
      vertex 679 -45 -5
    endloop
  endfacet
  facet normal -0 0 -1
    outer loop
      vertex 679 45 -5
      vertex 672 -45 -5
      vertex 672 45 -5
    endloop
  endfacet
  facet normal -1 0 0
    outer loop
      vertex 672 -45 -5
      vertex 672 45 5
      vertex 672 45 -5
    endloop
  endfacet
  facet normal -1 -0 0
    outer loop
      vertex 672 45 5
      vertex 672 -45 -5
      vertex 672 -45 5
    endloop
  endfacet
  facet normal 0 1 -0
    outer loop
      vertex 679 45 -5
      vertex 672 45 5
      vertex 679 45 5
    endloop
  endfacet
  facet normal 0 1 0
    outer loop
      vertex 672 45 5
      vertex 679 45 -5
      vertex 672 45 -5
    endloop
  endfacet
  facet normal 0 -1 0
    outer loop
      vertex 672 -45 -5
      vertex 679 -45 5
      vertex 672 -45 5
    endloop
  endfacet
  facet normal 0 -1 -0
    outer loop
      vertex 679 -45 5
      vertex 672 -45 -5
      vertex 679 -45 -5
    endloop
  endfacet
  facet normal 1 -0 0
    outer loop
      vertex 687 -45 5
      vertex 687 45 -5
      vertex 687 45 5
    endloop
  endfacet
  facet normal 1 0 0
    outer loop
      vertex 687 45 -5
      vertex 687 -45 5
      vertex 687 -45 -5
    endloop
  endfacet
  facet normal -0 0 1
    outer loop
      vertex 680 45 5
      vertex 687 -45 5
      vertex 687 45 5
    endloop
  endfacet
  facet normal 0 0 1
    outer loop
      vertex 687 -45 5
      vertex 680 45 5
      vertex 680 -45 5
    endloop
  endfacet
  facet normal 0 0 -1
    outer loop
      vertex 680 -45 -5
      vertex 687 45 -5
      vertex 687 -45 -5
    endloop
  endfacet
  facet normal -0 0 -1
    outer loop
      vertex 687 45 -5
      vertex 680 -45 -5
      vertex 680 45 -5
    endloop
  endfacet
  facet normal -1 0 0
    outer loop
      vertex 680 -45 -5
      vertex 680 45 5
      vertex 680 45 -5
    endloop
  endfacet
  facet normal -1 -0 0
    outer loop
      vertex 680 45 5
      vertex 680 -45 -5
      vertex 680 -45 5
    endloop
  endfacet
  facet normal 0 1 -0
    outer loop
      vertex 687 45 -5
      vertex 680 45 5
      vertex 687 45 5
    endloop
  endfacet
  facet normal 0 1 0
    outer loop
      vertex 680 45 5
      vertex 687 45 -5
      vertex 680 45 -5
    endloop
  endfacet
  facet normal 0 -1 0
    outer loop
      vertex 680 -45 -5
      vertex 687 -45 5
      vertex 680 -45 5
    endloop
  endfacet
  facet normal 0 -1 -0
    outer loop
      vertex 687 -45 5
      vertex 680 -45 -5
      vertex 687 -45 -5
    endloop
  endfacet
  facet normal 1 -0 0
    outer loop
      vertex 695 -45 5
      vertex 695 45 -5
      vertex 695 45 5
    endloop
  endfacet
  facet normal 1 0 0
    outer loop
      vertex 695 45 -5
      vertex 695 -45 5
      vertex 695 -45 -5
    endloop
  endfacet
  facet normal -0 0 1
    outer loop
      vertex 688 45 5
      vertex 695 -45 5
      vertex 695 45 5
    endloop
  endfacet
  facet normal 0 0 1
    outer loop
      vertex 695 -45 5
      vertex 688 45 5
      vertex 688 -45 5
    endloop
  endfacet
  facet normal 0 0 -1
    outer loop
      vertex 688 -45 -5
      vertex 695 45 -5
      vertex 695 -45 -5
    endloop
  endfacet
  facet normal -0 0 -1
    outer loop
      vertex 695 45 -5
      vertex 688 -45 -5
      vertex 688 45 -5
    endloop
  endfacet
  facet normal -1 0 0
    outer loop
      vertex 688 -45 -5
      vertex 688 45 5
      vertex 688 45 -5
    endloop
  endfacet
  facet normal -1 -0 0
    outer loop
      vertex 688 45 5
      vertex 688 -45 -5
      vertex 688 -45 5
    endloop
  endfacet
  facet normal 0 1 -0
    outer loop
      vertex 695 45 -5
      vertex 688 45 5
      vertex 695 45 5
    endloop
  endfacet
  facet normal 0 1 0
    outer loop
      vertex 688 45 5
      vertex 695 45 -5
      vertex 688 45 -5
    endloop
  endfacet
  facet normal 0 -1 0
    outer loop
      vertex 688 -45 -5
      vertex 695 -45 5
      vertex 688 -45 5
    endloop
  endfacet
  facet normal 0 -1 -0
    outer loop
      vertex 695 -45 5
      vertex 688 -45 -5
      vertex 695 -45 -5
    endloop
  endfacet
  facet normal 1 -0 0
    outer loop
      vertex 703 -45 5
      vertex 703 45 -5
      vertex 703 45 5
    endloop
  endfacet
  facet normal 1 0 0
    outer loop
      vertex 703 45 -5
      vertex 703 -45 5
      vertex 703 -45 -5
    endloop
  endfacet
  facet normal -0 0 1
    outer loop
      vertex 696 45 5
      vertex 703 -45 5
      vertex 703 45 5
    endloop
  endfacet
  facet normal 0 0 1
    outer loop
      vertex 703 -45 5
      vertex 696 45 5
      vertex 696 -45 5
    endloop
  endfacet
  facet normal 0 0 -1
    outer loop
      vertex 696 -45 -5
      vertex 703 45 -5
      vertex 703 -45 -5
    endloop
  endfacet
  facet normal -0 0 -1
    outer loop
      vertex 703 45 -5
      vertex 696 -45 -5
      vertex 696 45 -5
    endloop
  endfacet
  facet normal -1 0 0
    outer loop
      vertex 696 -45 -5
      vertex 696 45 5
      vertex 696 45 -5
    endloop
  endfacet
  facet normal -1 -0 0
    outer loop
      vertex 696 45 5
      vertex 696 -45 -5
      vertex 696 -45 5
    endloop
  endfacet
  facet normal 0 1 -0
    outer loop
      vertex 703 45 -5
      vertex 696 45 5
      vertex 703 45 5
    endloop
  endfacet
  facet normal 0 1 0
    outer loop
      vertex 696 45 5
      vertex 703 45 -5
      vertex 696 45 -5
    endloop
  endfacet
  facet normal 0 -1 0
    outer loop
      vertex 696 -45 -5
      vertex 703 -45 5
      vertex 696 -45 5
    endloop
  endfacet
  facet normal 0 -1 -0
    outer loop
      vertex 703 -45 5
      vertex 696 -45 -5
      vertex 703 -45 -5
    endloop
  endfacet
  facet normal 1 -0 0
    outer loop
      vertex 711 -45 5
      vertex 711 45 -5
      vertex 711 45 5
    endloop
  endfacet
  facet normal 1 0 0
    outer loop
      vertex 711 45 -5
      vertex 711 -45 5
      vertex 711 -45 -5
    endloop
  endfacet
  facet normal -0 0 1
    outer loop
      vertex 704 45 5
      vertex 711 -45 5
      vertex 711 45 5
    endloop
  endfacet
  facet normal 0 0 1
    outer loop
      vertex 711 -45 5
      vertex 704 45 5
      vertex 704 -45 5
    endloop
  endfacet
  facet normal 0 0 -1
    outer loop
      vertex 704 -45 -5
      vertex 711 45 -5
      vertex 711 -45 -5
    endloop
  endfacet
  facet normal -0 0 -1
    outer loop
      vertex 711 45 -5
      vertex 704 -45 -5
      vertex 704 45 -5
    endloop
  endfacet
  facet normal -1 0 0
    outer loop
      vertex 704 -45 -5
      vertex 704 45 5
      vertex 704 45 -5
    endloop
  endfacet
  facet normal -1 -0 0
    outer loop
      vertex 704 45 5
      vertex 704 -45 -5
      vertex 704 -45 5
    endloop
  endfacet
  facet normal 0 1 -0
    outer loop
      vertex 711 45 -5
      vertex 704 45 5
      vertex 711 45 5
    endloop
  endfacet
  facet normal 0 1 0
    outer loop
      vertex 704 45 5
      vertex 711 45 -5
      vertex 704 45 -5
    endloop
  endfacet
  facet normal 0 -1 0
    outer loop
      vertex 704 -45 -5
      vertex 711 -45 5
      vertex 704 -45 5
    endloop
  endfacet
  facet normal 0 -1 -0
    outer loop
      vertex 711 -45 5
      vertex 704 -45 -5
      vertex 711 -45 -5
    endloop
  endfacet
  facet normal 1 -0 0
    outer loop
      vertex 719 -45 5
      vertex 719 45 -5
      vertex 719 45 5
    endloop
  endfacet
  facet normal 1 0 0
    outer loop
      vertex 719 45 -5
      vertex 719 -45 5
      vertex 719 -45 -5
    endloop
  endfacet
  facet normal -0 0 1
    outer loop
      vertex 712 45 5
      vertex 719 -45 5
      vertex 719 45 5
    endloop
  endfacet
  facet normal 0 0 1
    outer loop
      vertex 719 -45 5
      vertex 712 45 5
      vertex 712 -45 5
    endloop
  endfacet
  facet normal 0 0 -1
    outer loop
      vertex 712 -45 -5
      vertex 719 45 -5
      vertex 719 -45 -5
    endloop
  endfacet
  facet normal -0 0 -1
    outer loop
      vertex 719 45 -5
      vertex 712 -45 -5
      vertex 712 45 -5
    endloop
  endfacet
  facet normal -1 0 0
    outer loop
      vertex 712 -45 -5
      vertex 712 45 5
      vertex 712 45 -5
    endloop
  endfacet
  facet normal -1 -0 0
    outer loop
      vertex 712 45 5
      vertex 712 -45 -5
      vertex 712 -45 5
    endloop
  endfacet
  facet normal 0 1 -0
    outer loop
      vertex 719 45 -5
      vertex 712 45 5
      vertex 719 45 5
    endloop
  endfacet
  facet normal 0 1 0
    outer loop
      vertex 712 45 5
      vertex 719 45 -5
      vertex 712 45 -5
    endloop
  endfacet
  facet normal 0 -1 0
    outer loop
      vertex 712 -45 -5
      vertex 719 -45 5
      vertex 712 -45 5
    endloop
  endfacet
  facet normal 0 -1 -0
    outer loop
      vertex 719 -45 5
      vertex 712 -45 -5
      vertex 719 -45 -5
    endloop
  endfacet
  facet normal 1 -0 0
    outer loop
      vertex 727 -45 5
      vertex 727 45 -5
      vertex 727 45 5
    endloop
  endfacet
  facet normal 1 0 0
    outer loop
      vertex 727 45 -5
      vertex 727 -45 5
      vertex 727 -45 -5
    endloop
  endfacet
  facet normal -0 0 1
    outer loop
      vertex 720 45 5
      vertex 727 -45 5
      vertex 727 45 5
    endloop
  endfacet
  facet normal 0 0 1
    outer loop
      vertex 727 -45 5
      vertex 720 45 5
      vertex 720 -45 5
    endloop
  endfacet
  facet normal 0 0 -1
    outer loop
      vertex 720 -45 -5
      vertex 727 45 -5
      vertex 727 -45 -5
    endloop
  endfacet
  facet normal -0 0 -1
    outer loop
      vertex 727 45 -5
      vertex 720 -45 -5
      vertex 720 45 -5
    endloop
  endfacet
  facet normal -1 0 0
    outer loop
      vertex 720 -45 -5
      vertex 720 45 5
      vertex 720 45 -5
    endloop
  endfacet
  facet normal -1 -0 0
    outer loop
      vertex 720 45 5
      vertex 720 -45 -5
      vertex 720 -45 5
    endloop
  endfacet
  facet normal 0 1 -0
    outer loop
      vertex 727 45 -5
      vertex 720 45 5
      vertex 727 45 5
    endloop
  endfacet
  facet normal 0 1 0
    outer loop
      vertex 720 45 5
      vertex 727 45 -5
      vertex 720 45 -5
    endloop
  endfacet
  facet normal 0 -1 0
    outer loop
      vertex 720 -45 -5
      vertex 727 -45 5
      vertex 720 -45 5
    endloop
  endfacet
  facet normal 0 -1 -0
    outer loop
      vertex 727 -45 5
      vertex 720 -45 -5
      vertex 727 -45 -5
    endloop
  endfacet
  facet normal 1 -0 0
    outer loop
      vertex 735 -45 5
      vertex 735 45 -5
      vertex 735 45 5
    endloop
  endfacet
  facet normal 1 0 0
    outer loop
      vertex 735 45 -5
      vertex 735 -45 5
      vertex 735 -45 -5
    endloop
  endfacet
  facet normal -0 0 1
    outer loop
      vertex 728 45 5
      vertex 735 -45 5
      vertex 735 45 5
    endloop
  endfacet
  facet normal 0 0 1
    outer loop
      vertex 735 -45 5
      vertex 728 45 5
      vertex 728 -45 5
    endloop
  endfacet
  facet normal 0 0 -1
    outer loop
      vertex 728 -45 -5
      vertex 735 45 -5
      vertex 735 -45 -5
    endloop
  endfacet
  facet normal -0 0 -1
    outer loop
      vertex 735 45 -5
      vertex 728 -45 -5
      vertex 728 45 -5
    endloop
  endfacet
  facet normal -1 0 0
    outer loop
      vertex 728 -45 -5
      vertex 728 45 5
      vertex 728 45 -5
    endloop
  endfacet
  facet normal -1 -0 0
    outer loop
      vertex 728 45 5
      vertex 728 -45 -5
      vertex 728 -45 5
    endloop
  endfacet
  facet normal 0 1 -0
    outer loop
      vertex 735 45 -5
      vertex 728 45 5
      vertex 735 45 5
    endloop
  endfacet
  facet normal 0 1 0
    outer loop
      vertex 728 45 5
      vertex 735 45 -5
      vertex 728 45 -5
    endloop
  endfacet
  facet normal 0 -1 0
    outer loop
      vertex 728 -45 -5
      vertex 735 -45 5
      vertex 728 -45 5
    endloop
  endfacet
  facet normal 0 -1 -0
    outer loop
      vertex 735 -45 5
      vertex 728 -45 -5
      vertex 735 -45 -5
    endloop
  endfacet
  facet normal 1 -0 0
    outer loop
      vertex 743 -45 5
      vertex 743 45 -5
      vertex 743 45 5
    endloop
  endfacet
  facet normal 1 0 0
    outer loop
      vertex 743 45 -5
      vertex 743 -45 5
      vertex 743 -45 -5
    endloop
  endfacet
  facet normal -0 0 1
    outer loop
      vertex 736 45 5
      vertex 743 -45 5
      vertex 743 45 5
    endloop
  endfacet
  facet normal 0 0 1
    outer loop
      vertex 743 -45 5
      vertex 736 45 5
      vertex 736 -45 5
    endloop
  endfacet
  facet normal 0 0 -1
    outer loop
      vertex 736 -45 -5
      vertex 743 45 -5
      vertex 743 -45 -5
    endloop
  endfacet
  facet normal -0 0 -1
    outer loop
      vertex 743 45 -5
      vertex 736 -45 -5
      vertex 736 45 -5
    endloop
  endfacet
  facet normal -1 0 0
    outer loop
      vertex 736 -45 -5
      vertex 736 45 5
      vertex 736 45 -5
    endloop
  endfacet
  facet normal -1 -0 0
    outer loop
      vertex 736 45 5
      vertex 736 -45 -5
      vertex 736 -45 5
    endloop
  endfacet
  facet normal 0 1 -0
    outer loop
      vertex 743 45 -5
      vertex 736 45 5
      vertex 743 45 5
    endloop
  endfacet
  facet normal 0 1 0
    outer loop
      vertex 736 45 5
      vertex 743 45 -5
      vertex 736 45 -5
    endloop
  endfacet
  facet normal 0 -1 0
    outer loop
      vertex 736 -45 -5
      vertex 743 -45 5
      vertex 736 -45 5
    endloop
  endfacet
  facet normal 0 -1 -0
    outer loop
      vertex 743 -45 5
      vertex 736 -45 -5
      vertex 743 -45 -5
    endloop
  endfacet
  facet normal 1 -0 0
    outer loop
      vertex 751 -45 5
      vertex 751 45 -5
      vertex 751 45 5
    endloop
  endfacet
  facet normal 1 0 0
    outer loop
      vertex 751 45 -5
      vertex 751 -45 5
      vertex 751 -45 -5
    endloop
  endfacet
  facet normal -0 0 1
    outer loop
      vertex 744 45 5
      vertex 751 -45 5
      vertex 751 45 5
    endloop
  endfacet
  facet normal 0 0 1
    outer loop
      vertex 751 -45 5
      vertex 744 45 5
      vertex 744 -45 5
    endloop
  endfacet
  facet normal 0 0 -1
    outer loop
      vertex 744 -45 -5
      vertex 751 45 -5
      vertex 751 -45 -5
    endloop
  endfacet
  facet normal -0 0 -1
    outer loop
      vertex 751 45 -5
      vertex 744 -45 -5
      vertex 744 45 -5
    endloop
  endfacet
  facet normal -1 0 0
    outer loop
      vertex 744 -45 -5
      vertex 744 45 5
      vertex 744 45 -5
    endloop
  endfacet
  facet normal -1 -0 0
    outer loop
      vertex 744 45 5
      vertex 744 -45 -5
      vertex 744 -45 5
    endloop
  endfacet
  facet normal 0 1 -0
    outer loop
      vertex 751 45 -5
      vertex 744 45 5
      vertex 751 45 5
    endloop
  endfacet
  facet normal 0 1 0
    outer loop
      vertex 744 45 5
      vertex 751 45 -5
      vertex 744 45 -5
    endloop
  endfacet
  facet normal 0 -1 0
    outer loop
      vertex 744 -45 -5
      vertex 751 -45 5
      vertex 744 -45 5
    endloop
  endfacet
  facet normal 0 -1 -0
    outer loop
      vertex 751 -45 5
      vertex 744 -45 -5
      vertex 751 -45 -5
    endloop
  endfacet
  facet normal 1 -0 0
    outer loop
      vertex 759 -45 5
      vertex 759 45 -5
      vertex 759 45 5
    endloop
  endfacet
  facet normal 1 0 0
    outer loop
      vertex 759 45 -5
      vertex 759 -45 5
      vertex 759 -45 -5
    endloop
  endfacet
  facet normal -0 0 1
    outer loop
      vertex 752 45 5
      vertex 759 -45 5
      vertex 759 45 5
    endloop
  endfacet
  facet normal 0 0 1
    outer loop
      vertex 759 -45 5
      vertex 752 45 5
      vertex 752 -45 5
    endloop
  endfacet
  facet normal 0 0 -1
    outer loop
      vertex 752 -45 -5
      vertex 759 45 -5
      vertex 759 -45 -5
    endloop
  endfacet
  facet normal -0 0 -1
    outer loop
      vertex 759 45 -5
      vertex 752 -45 -5
      vertex 752 45 -5
    endloop
  endfacet
  facet normal -1 0 0
    outer loop
      vertex 752 -45 -5
      vertex 752 45 5
      vertex 752 45 -5
    endloop
  endfacet
  facet normal -1 -0 0
    outer loop
      vertex 752 45 5
      vertex 752 -45 -5
      vertex 752 -45 5
    endloop
  endfacet
  facet normal 0 1 -0
    outer loop
      vertex 759 45 -5
      vertex 752 45 5
      vertex 759 45 5
    endloop
  endfacet
  facet normal 0 1 0
    outer loop
      vertex 752 45 5
      vertex 759 45 -5
      vertex 752 45 -5
    endloop
  endfacet
  facet normal 0 -1 0
    outer loop
      vertex 752 -45 -5
      vertex 759 -45 5
      vertex 752 -45 5
    endloop
  endfacet
  facet normal 0 -1 -0
    outer loop
      vertex 759 -45 5
      vertex 752 -45 -5
      vertex 759 -45 -5
    endloop
  endfacet
  facet normal 1 -0 0
    outer loop
      vertex 767 -45 5
      vertex 767 45 -5
      vertex 767 45 5
    endloop
  endfacet
  facet normal 1 0 0
    outer loop
      vertex 767 45 -5
      vertex 767 -45 5
      vertex 767 -45 -5
    endloop
  endfacet
  facet normal -0 0 1
    outer loop
      vertex 760 45 5
      vertex 767 -45 5
      vertex 767 45 5
    endloop
  endfacet
  facet normal 0 0 1
    outer loop
      vertex 767 -45 5
      vertex 760 45 5
      vertex 760 -45 5
    endloop
  endfacet
  facet normal 0 0 -1
    outer loop
      vertex 760 -45 -5
      vertex 767 45 -5
      vertex 767 -45 -5
    endloop
  endfacet
  facet normal -0 0 -1
    outer loop
      vertex 767 45 -5
      vertex 760 -45 -5
      vertex 760 45 -5
    endloop
  endfacet
  facet normal -1 0 0
    outer loop
      vertex 760 -45 -5
      vertex 760 45 5
      vertex 760 45 -5
    endloop
  endfacet
  facet normal -1 -0 0
    outer loop
      vertex 760 45 5
      vertex 760 -45 -5
      vertex 760 -45 5
    endloop
  endfacet
  facet normal 0 1 -0
    outer loop
      vertex 767 45 -5
      vertex 760 45 5
      vertex 767 45 5
    endloop
  endfacet
  facet normal 0 1 0
    outer loop
      vertex 760 45 5
      vertex 767 45 -5
      vertex 760 45 -5
    endloop
  endfacet
  facet normal 0 -1 0
    outer loop
      vertex 760 -45 -5
      vertex 767 -45 5
      vertex 760 -45 5
    endloop
  endfacet
  facet normal 0 -1 -0
    outer loop
      vertex 767 -45 5
      vertex 760 -45 -5
      vertex 767 -45 -5
    endloop
  endfacet
  facet normal 1 -0 0
    outer loop
      vertex 775 -45 5
      vertex 775 45 -5
      vertex 775 45 5
    endloop
  endfacet
  facet normal 1 0 0
    outer loop
      vertex 775 45 -5
      vertex 775 -45 5
      vertex 775 -45 -5
    endloop
  endfacet
  facet normal -0 0 1
    outer loop
      vertex 768 45 5
      vertex 775 -45 5
      vertex 775 45 5
    endloop
  endfacet
  facet normal 0 0 1
    outer loop
      vertex 775 -45 5
      vertex 768 45 5
      vertex 768 -45 5
    endloop
  endfacet
  facet normal 0 0 -1
    outer loop
      vertex 768 -45 -5
      vertex 775 45 -5
      vertex 775 -45 -5
    endloop
  endfacet
  facet normal -0 0 -1
    outer loop
      vertex 775 45 -5
      vertex 768 -45 -5
      vertex 768 45 -5
    endloop
  endfacet
  facet normal -1 0 0
    outer loop
      vertex 768 -45 -5
      vertex 768 45 5
      vertex 768 45 -5
    endloop
  endfacet
  facet normal -1 -0 0
    outer loop
      vertex 768 45 5
      vertex 768 -45 -5
      vertex 768 -45 5
    endloop
  endfacet
  facet normal 0 1 -0
    outer loop
      vertex 775 45 -5
      vertex 768 45 5
      vertex 775 45 5
    endloop
  endfacet
  facet normal 0 1 0
    outer loop
      vertex 768 45 5
      vertex 775 45 -5
      vertex 768 45 -5
    endloop
  endfacet
  facet normal 0 -1 0
    outer loop
      vertex 768 -45 -5
      vertex 775 -45 5
      vertex 768 -45 5
    endloop
  endfacet
  facet normal 0 -1 -0
    outer loop
      vertex 775 -45 5
      vertex 768 -45 -5
      vertex 775 -45 -5
    endloop
  endfacet
  facet normal 1 -0 0
    outer loop
      vertex 783 -45 5
      vertex 783 45 -5
      vertex 783 45 5
    endloop
  endfacet
  facet normal 1 0 0
    outer loop
      vertex 783 45 -5
      vertex 783 -45 5
      vertex 783 -45 -5
    endloop
  endfacet
  facet normal -0 0 1
    outer loop
      vertex 776 45 5
      vertex 783 -45 5
      vertex 783 45 5
    endloop
  endfacet
  facet normal 0 0 1
    outer loop
      vertex 783 -45 5
      vertex 776 45 5
      vertex 776 -45 5
    endloop
  endfacet
  facet normal 0 0 -1
    outer loop
      vertex 776 -45 -5
      vertex 783 45 -5
      vertex 783 -45 -5
    endloop
  endfacet
  facet normal -0 0 -1
    outer loop
      vertex 783 45 -5
      vertex 776 -45 -5
      vertex 776 45 -5
    endloop
  endfacet
  facet normal -1 0 0
    outer loop
      vertex 776 -45 -5
      vertex 776 45 5
      vertex 776 45 -5
    endloop
  endfacet
  facet normal -1 -0 0
    outer loop
      vertex 776 45 5
      vertex 776 -45 -5
      vertex 776 -45 5
    endloop
  endfacet
  facet normal 0 1 -0
    outer loop
      vertex 783 45 -5
      vertex 776 45 5
      vertex 783 45 5
    endloop
  endfacet
  facet normal 0 1 0
    outer loop
      vertex 776 45 5
      vertex 783 45 -5
      vertex 776 45 -5
    endloop
  endfacet
  facet normal 0 -1 0
    outer loop
      vertex 776 -45 -5
      vertex 783 -45 5
      vertex 776 -45 5
    endloop
  endfacet
  facet normal 0 -1 -0
    outer loop
      vertex 783 -45 5
      vertex 776 -45 -5
      vertex 783 -45 -5
    endloop
  endfacet
  facet normal 1 -0 0
    outer loop
      vertex 791 -45 5
      vertex 791 45 -5
      vertex 791 45 5
    endloop
  endfacet
  facet normal 1 0 0
    outer loop
      vertex 791 45 -5
      vertex 791 -45 5
      vertex 791 -45 -5
    endloop
  endfacet
  facet normal -0 0 1
    outer loop
      vertex 784 45 5
      vertex 791 -45 5
      vertex 791 45 5
    endloop
  endfacet
  facet normal 0 0 1
    outer loop
      vertex 791 -45 5
      vertex 784 45 5
      vertex 784 -45 5
    endloop
  endfacet
  facet normal 0 0 -1
    outer loop
      vertex 784 -45 -5
      vertex 791 45 -5
      vertex 791 -45 -5
    endloop
  endfacet
  facet normal -0 0 -1
    outer loop
      vertex 791 45 -5
      vertex 784 -45 -5
      vertex 784 45 -5
    endloop
  endfacet
  facet normal -1 0 0
    outer loop
      vertex 784 -45 -5
      vertex 784 45 5
      vertex 784 45 -5
    endloop
  endfacet
  facet normal -1 -0 0
    outer loop
      vertex 784 45 5
      vertex 784 -45 -5
      vertex 784 -45 5
    endloop
  endfacet
  facet normal 0 1 -0
    outer loop
      vertex 791 45 -5
      vertex 784 45 5
      vertex 791 45 5
    endloop
  endfacet
  facet normal 0 1 0
    outer loop
      vertex 784 45 5
      vertex 791 45 -5
      vertex 784 45 -5
    endloop
  endfacet
  facet normal 0 -1 0
    outer loop
      vertex 784 -45 -5
      vertex 791 -45 5
      vertex 784 -45 5
    endloop
  endfacet
  facet normal 0 -1 -0
    outer loop
      vertex 791 -45 5
      vertex 784 -45 -5
      vertex 791 -45 -5
    endloop
  endfacet
  facet normal 1 -0 0
    outer loop
      vertex 799 -45 5
      vertex 799 45 -5
      vertex 799 45 5
    endloop
  endfacet
  facet normal 1 0 0
    outer loop
      vertex 799 45 -5
      vertex 799 -45 5
      vertex 799 -45 -5
    endloop
  endfacet
  facet normal -0 0 1
    outer loop
      vertex 792 45 5
      vertex 799 -45 5
      vertex 799 45 5
    endloop
  endfacet
  facet normal 0 0 1
    outer loop
      vertex 799 -45 5
      vertex 792 45 5
      vertex 792 -45 5
    endloop
  endfacet
  facet normal 0 0 -1
    outer loop
      vertex 792 -45 -5
      vertex 799 45 -5
      vertex 799 -45 -5
    endloop
  endfacet
  facet normal -0 0 -1
    outer loop
      vertex 799 45 -5
      vertex 792 -45 -5
      vertex 792 45 -5
    endloop
  endfacet
  facet normal -1 0 0
    outer loop
      vertex 792 -45 -5
      vertex 792 45 5
      vertex 792 45 -5
    endloop
  endfacet
  facet normal -1 -0 0
    outer loop
      vertex 792 45 5
      vertex 792 -45 -5
      vertex 792 -45 5
    endloop
  endfacet
  facet normal 0 1 -0
    outer loop
      vertex 799 45 -5
      vertex 792 45 5
      vertex 799 45 5
    endloop
  endfacet
  facet normal 0 1 0
    outer loop
      vertex 792 45 5
      vertex 799 45 -5
      vertex 792 45 -5
    endloop
  endfacet
  facet normal 0 -1 0
    outer loop
      vertex 792 -45 -5
      vertex 799 -45 5
      vertex 792 -45 5
    endloop
  endfacet
  facet normal 0 -1 -0
    outer loop
      vertex 799 -45 5
      vertex 792 -45 -5
      vertex 799 -45 -5
    endloop
  endfacet
  facet normal 1 -0 0
    outer loop
      vertex 807 -45 5
      vertex 807 45 -5
      vertex 807 45 5
    endloop
  endfacet
  facet normal 1 0 0
    outer loop
      vertex 807 45 -5
      vertex 807 -45 5
      vertex 807 -45 -5
    endloop
  endfacet
  facet normal -0 0 1
    outer loop
      vertex 800 45 5
      vertex 807 -45 5
      vertex 807 45 5
    endloop
  endfacet
  facet normal 0 0 1
    outer loop
      vertex 807 -45 5
      vertex 800 45 5
      vertex 800 -45 5
    endloop
  endfacet
  facet normal 0 0 -1
    outer loop
      vertex 800 -45 -5
      vertex 807 45 -5
      vertex 807 -45 -5
    endloop
  endfacet
  facet normal -0 0 -1
    outer loop
      vertex 807 45 -5
      vertex 800 -45 -5
      vertex 800 45 -5
    endloop
  endfacet
  facet normal -1 0 0
    outer loop
      vertex 800 -45 -5
      vertex 800 45 5
      vertex 800 45 -5
    endloop
  endfacet
  facet normal -1 -0 0
    outer loop
      vertex 800 45 5
      vertex 800 -45 -5
      vertex 800 -45 5
    endloop
  endfacet
  facet normal 0 1 -0
    outer loop
      vertex 807 45 -5
      vertex 800 45 5
      vertex 807 45 5
    endloop
  endfacet
  facet normal 0 1 0
    outer loop
      vertex 800 45 5
      vertex 807 45 -5
      vertex 800 45 -5
    endloop
  endfacet
  facet normal 0 -1 0
    outer loop
      vertex 800 -45 -5
      vertex 807 -45 5
      vertex 800 -45 5
    endloop
  endfacet
  facet normal 0 -1 -0
    outer loop
      vertex 807 -45 5
      vertex 800 -45 -5
      vertex 807 -45 -5
    endloop
  endfacet
  facet normal 1 -0 0
    outer loop
      vertex 815 -45 5
      vertex 815 45 -5
      vertex 815 45 5
    endloop
  endfacet
  facet normal 1 0 0
    outer loop
      vertex 815 45 -5
      vertex 815 -45 5
      vertex 815 -45 -5
    endloop
  endfacet
  facet normal -0 0 1
    outer loop
      vertex 808 45 5
      vertex 815 -45 5
      vertex 815 45 5
    endloop
  endfacet
  facet normal 0 0 1
    outer loop
      vertex 815 -45 5
      vertex 808 45 5
      vertex 808 -45 5
    endloop
  endfacet
  facet normal 0 0 -1
    outer loop
      vertex 808 -45 -5
      vertex 815 45 -5
      vertex 815 -45 -5
    endloop
  endfacet
  facet normal -0 0 -1
    outer loop
      vertex 815 45 -5
      vertex 808 -45 -5
      vertex 808 45 -5
    endloop
  endfacet
  facet normal -1 0 0
    outer loop
      vertex 808 -45 -5
      vertex 808 45 5
      vertex 808 45 -5
    endloop
  endfacet
  facet normal -1 -0 0
    outer loop
      vertex 808 45 5
      vertex 808 -45 -5
      vertex 808 -45 5
    endloop
  endfacet
  facet normal 0 1 -0
    outer loop
      vertex 815 45 -5
      vertex 808 45 5
      vertex 815 45 5
    endloop
  endfacet
  facet normal 0 1 0
    outer loop
      vertex 808 45 5
      vertex 815 45 -5
      vertex 808 45 -5
    endloop
  endfacet
  facet normal 0 -1 0
    outer loop
      vertex 808 -45 -5
      vertex 815 -45 5
      vertex 808 -45 5
    endloop
  endfacet
  facet normal 0 -1 -0
    outer loop
      vertex 815 -45 5
      vertex 808 -45 -5
      vertex 815 -45 -5
    endloop
  endfacet
  facet normal 1 -0 0
    outer loop
      vertex 823 -45 5
      vertex 823 45 -5
      vertex 823 45 5
    endloop
  endfacet
  facet normal 1 0 0
    outer loop
      vertex 823 45 -5
      vertex 823 -45 5
      vertex 823 -45 -5
    endloop
  endfacet
  facet normal -0 0 1
    outer loop
      vertex 816 45 5
      vertex 823 -45 5
      vertex 823 45 5
    endloop
  endfacet
  facet normal 0 0 1
    outer loop
      vertex 823 -45 5
      vertex 816 45 5
      vertex 816 -45 5
    endloop
  endfacet
  facet normal 0 0 -1
    outer loop
      vertex 816 -45 -5
      vertex 823 45 -5
      vertex 823 -45 -5
    endloop
  endfacet
  facet normal -0 0 -1
    outer loop
      vertex 823 45 -5
      vertex 816 -45 -5
      vertex 816 45 -5
    endloop
  endfacet
  facet normal -1 0 0
    outer loop
      vertex 816 -45 -5
      vertex 816 45 5
      vertex 816 45 -5
    endloop
  endfacet
  facet normal -1 -0 0
    outer loop
      vertex 816 45 5
      vertex 816 -45 -5
      vertex 816 -45 5
    endloop
  endfacet
  facet normal 0 1 -0
    outer loop
      vertex 823 45 -5
      vertex 816 45 5
      vertex 823 45 5
    endloop
  endfacet
  facet normal 0 1 0
    outer loop
      vertex 816 45 5
      vertex 823 45 -5
      vertex 816 45 -5
    endloop
  endfacet
  facet normal 0 -1 0
    outer loop
      vertex 816 -45 -5
      vertex 823 -45 5
      vertex 816 -45 5
    endloop
  endfacet
  facet normal 0 -1 -0
    outer loop
      vertex 823 -45 5
      vertex 816 -45 -5
      vertex 823 -45 -5
    endloop
  endfacet
  facet normal 1 -0 0
    outer loop
      vertex 831 -45 5
      vertex 831 45 -5
      vertex 831 45 5
    endloop
  endfacet
  facet normal 1 0 0
    outer loop
      vertex 831 45 -5
      vertex 831 -45 5
      vertex 831 -45 -5
    endloop
  endfacet
  facet normal -0 0 1
    outer loop
      vertex 824 45 5
      vertex 831 -45 5
      vertex 831 45 5
    endloop
  endfacet
  facet normal 0 0 1
    outer loop
      vertex 831 -45 5
      vertex 824 45 5
      vertex 824 -45 5
    endloop
  endfacet
  facet normal 0 0 -1
    outer loop
      vertex 824 -45 -5
      vertex 831 45 -5
      vertex 831 -45 -5
    endloop
  endfacet
  facet normal -0 0 -1
    outer loop
      vertex 831 45 -5
      vertex 824 -45 -5
      vertex 824 45 -5
    endloop
  endfacet
  facet normal -1 0 0
    outer loop
      vertex 824 -45 -5
      vertex 824 45 5
      vertex 824 45 -5
    endloop
  endfacet
  facet normal -1 -0 0
    outer loop
      vertex 824 45 5
      vertex 824 -45 -5
      vertex 824 -45 5
    endloop
  endfacet
  facet normal 0 1 -0
    outer loop
      vertex 831 45 -5
      vertex 824 45 5
      vertex 831 45 5
    endloop
  endfacet
  facet normal 0 1 0
    outer loop
      vertex 824 45 5
      vertex 831 45 -5
      vertex 824 45 -5
    endloop
  endfacet
  facet normal 0 -1 0
    outer loop
      vertex 824 -45 -5
      vertex 831 -45 5
      vertex 824 -45 5
    endloop
  endfacet
  facet normal 0 -1 -0
    outer loop
      vertex 831 -45 5
      vertex 824 -45 -5
      vertex 831 -45 -5
    endloop
  endfacet
  facet normal 1 -0 0
    outer loop
      vertex 839 -45 5
      vertex 839 45 -5
      vertex 839 45 5
    endloop
  endfacet
  facet normal 1 0 0
    outer loop
      vertex 839 45 -5
      vertex 839 -45 5
      vertex 839 -45 -5
    endloop
  endfacet
  facet normal -0 0 1
    outer loop
      vertex 832 45 5
      vertex 839 -45 5
      vertex 839 45 5
    endloop
  endfacet
  facet normal 0 0 1
    outer loop
      vertex 839 -45 5
      vertex 832 45 5
      vertex 832 -45 5
    endloop
  endfacet
  facet normal 0 0 -1
    outer loop
      vertex 832 -45 -5
      vertex 839 45 -5
      vertex 839 -45 -5
    endloop
  endfacet
  facet normal -0 0 -1
    outer loop
      vertex 839 45 -5
      vertex 832 -45 -5
      vertex 832 45 -5
    endloop
  endfacet
  facet normal -1 0 0
    outer loop
      vertex 832 -45 -5
      vertex 832 45 5
      vertex 832 45 -5
    endloop
  endfacet
  facet normal -1 -0 0
    outer loop
      vertex 832 45 5
      vertex 832 -45 -5
      vertex 832 -45 5
    endloop
  endfacet
  facet normal 0 1 -0
    outer loop
      vertex 839 45 -5
      vertex 832 45 5
      vertex 839 45 5
    endloop
  endfacet
  facet normal 0 1 0
    outer loop
      vertex 832 45 5
      vertex 839 45 -5
      vertex 832 45 -5
    endloop
  endfacet
  facet normal 0 -1 0
    outer loop
      vertex 832 -45 -5
      vertex 839 -45 5
      vertex 832 -45 5
    endloop
  endfacet
  facet normal 0 -1 -0
    outer loop
      vertex 839 -45 5
      vertex 832 -45 -5
      vertex 839 -45 -5
    endloop
  endfacet
  facet normal 1 -0 0
    outer loop
      vertex 847 -45 5
      vertex 847 45 -5
      vertex 847 45 5
    endloop
  endfacet
  facet normal 1 0 0
    outer loop
      vertex 847 45 -5
      vertex 847 -45 5
      vertex 847 -45 -5
    endloop
  endfacet
  facet normal -0 0 1
    outer loop
      vertex 840 45 5
      vertex 847 -45 5
      vertex 847 45 5
    endloop
  endfacet
  facet normal 0 0 1
    outer loop
      vertex 847 -45 5
      vertex 840 45 5
      vertex 840 -45 5
    endloop
  endfacet
  facet normal 0 0 -1
    outer loop
      vertex 840 -45 -5
      vertex 847 45 -5
      vertex 847 -45 -5
    endloop
  endfacet
  facet normal -0 0 -1
    outer loop
      vertex 847 45 -5
      vertex 840 -45 -5
      vertex 840 45 -5
    endloop
  endfacet
  facet normal -1 0 0
    outer loop
      vertex 840 -45 -5
      vertex 840 45 5
      vertex 840 45 -5
    endloop
  endfacet
  facet normal -1 -0 0
    outer loop
      vertex 840 45 5
      vertex 840 -45 -5
      vertex 840 -45 5
    endloop
  endfacet
  facet normal 0 1 -0
    outer loop
      vertex 847 45 -5
      vertex 840 45 5
      vertex 847 45 5
    endloop
  endfacet
  facet normal 0 1 0
    outer loop
      vertex 840 45 5
      vertex 847 45 -5
      vertex 840 45 -5
    endloop
  endfacet
  facet normal 0 -1 0
    outer loop
      vertex 840 -45 -5
      vertex 847 -45 5
      vertex 840 -45 5
    endloop
  endfacet
  facet normal 0 -1 -0
    outer loop
      vertex 847 -45 5
      vertex 840 -45 -5
      vertex 847 -45 -5
    endloop
  endfacet
  facet normal 1 -0 0
    outer loop
      vertex 855 -45 5
      vertex 855 45 -5
      vertex 855 45 5
    endloop
  endfacet
  facet normal 1 0 0
    outer loop
      vertex 855 45 -5
      vertex 855 -45 5
      vertex 855 -45 -5
    endloop
  endfacet
  facet normal -0 0 1
    outer loop
      vertex 848 45 5
      vertex 855 -45 5
      vertex 855 45 5
    endloop
  endfacet
  facet normal 0 0 1
    outer loop
      vertex 855 -45 5
      vertex 848 45 5
      vertex 848 -45 5
    endloop
  endfacet
  facet normal 0 0 -1
    outer loop
      vertex 848 -45 -5
      vertex 855 45 -5
      vertex 855 -45 -5
    endloop
  endfacet
  facet normal -0 0 -1
    outer loop
      vertex 855 45 -5
      vertex 848 -45 -5
      vertex 848 45 -5
    endloop
  endfacet
  facet normal -1 0 0
    outer loop
      vertex 848 -45 -5
      vertex 848 45 5
      vertex 848 45 -5
    endloop
  endfacet
  facet normal -1 -0 0
    outer loop
      vertex 848 45 5
      vertex 848 -45 -5
      vertex 848 -45 5
    endloop
  endfacet
  facet normal 0 1 -0
    outer loop
      vertex 855 45 -5
      vertex 848 45 5
      vertex 855 45 5
    endloop
  endfacet
  facet normal 0 1 0
    outer loop
      vertex 848 45 5
      vertex 855 45 -5
      vertex 848 45 -5
    endloop
  endfacet
  facet normal 0 -1 0
    outer loop
      vertex 848 -45 -5
      vertex 855 -45 5
      vertex 848 -45 5
    endloop
  endfacet
  facet normal 0 -1 -0
    outer loop
      vertex 855 -45 5
      vertex 848 -45 -5
      vertex 855 -45 -5
    endloop
  endfacet
  facet normal 1 -0 0
    outer loop
      vertex 863 -45 5
      vertex 863 45 -5
      vertex 863 45 5
    endloop
  endfacet
  facet normal 1 0 0
    outer loop
      vertex 863 45 -5
      vertex 863 -45 5
      vertex 863 -45 -5
    endloop
  endfacet
  facet normal -0 0 1
    outer loop
      vertex 856 45 5
      vertex 863 -45 5
      vertex 863 45 5
    endloop
  endfacet
  facet normal 0 0 1
    outer loop
      vertex 863 -45 5
      vertex 856 45 5
      vertex 856 -45 5
    endloop
  endfacet
  facet normal 0 0 -1
    outer loop
      vertex 856 -45 -5
      vertex 863 45 -5
      vertex 863 -45 -5
    endloop
  endfacet
  facet normal -0 0 -1
    outer loop
      vertex 863 45 -5
      vertex 856 -45 -5
      vertex 856 45 -5
    endloop
  endfacet
  facet normal -1 0 0
    outer loop
      vertex 856 -45 -5
      vertex 856 45 5
      vertex 856 45 -5
    endloop
  endfacet
  facet normal -1 -0 0
    outer loop
      vertex 856 45 5
      vertex 856 -45 -5
      vertex 856 -45 5
    endloop
  endfacet
  facet normal 0 1 -0
    outer loop
      vertex 863 45 -5
      vertex 856 45 5
      vertex 863 45 5
    endloop
  endfacet
  facet normal 0 1 0
    outer loop
      vertex 856 45 5
      vertex 863 45 -5
      vertex 856 45 -5
    endloop
  endfacet
  facet normal 0 -1 0
    outer loop
      vertex 856 -45 -5
      vertex 863 -45 5
      vertex 856 -45 5
    endloop
  endfacet
  facet normal 0 -1 -0
    outer loop
      vertex 863 -45 5
      vertex 856 -45 -5
      vertex 863 -45 -5
    endloop
  endfacet
  facet normal 1 -0 0
    outer loop
      vertex 871 -45 5
      vertex 871 45 -5
      vertex 871 45 5
    endloop
  endfacet
  facet normal 1 0 0
    outer loop
      vertex 871 45 -5
      vertex 871 -45 5
      vertex 871 -45 -5
    endloop
  endfacet
  facet normal -0 0 1
    outer loop
      vertex 864 45 5
      vertex 871 -45 5
      vertex 871 45 5
    endloop
  endfacet
  facet normal 0 0 1
    outer loop
      vertex 871 -45 5
      vertex 864 45 5
      vertex 864 -45 5
    endloop
  endfacet
  facet normal 0 0 -1
    outer loop
      vertex 864 -45 -5
      vertex 871 45 -5
      vertex 871 -45 -5
    endloop
  endfacet
  facet normal -0 0 -1
    outer loop
      vertex 871 45 -5
      vertex 864 -45 -5
      vertex 864 45 -5
    endloop
  endfacet
  facet normal -1 0 0
    outer loop
      vertex 864 -45 -5
      vertex 864 45 5
      vertex 864 45 -5
    endloop
  endfacet
  facet normal -1 -0 0
    outer loop
      vertex 864 45 5
      vertex 864 -45 -5
      vertex 864 -45 5
    endloop
  endfacet
  facet normal 0 1 -0
    outer loop
      vertex 871 45 -5
      vertex 864 45 5
      vertex 871 45 5
    endloop
  endfacet
  facet normal 0 1 0
    outer loop
      vertex 864 45 5
      vertex 871 45 -5
      vertex 864 45 -5
    endloop
  endfacet
  facet normal 0 -1 0
    outer loop
      vertex 864 -45 -5
      vertex 871 -45 5
      vertex 864 -45 5
    endloop
  endfacet
  facet normal 0 -1 -0
    outer loop
      vertex 871 -45 5
      vertex 864 -45 -5
      vertex 871 -45 -5
    endloop
  endfacet
  facet normal 1 -0 0
    outer loop
      vertex 879 -45 5
      vertex 879 45 -5
      vertex 879 45 5
    endloop
  endfacet
  facet normal 1 0 0
    outer loop
      vertex 879 45 -5
      vertex 879 -45 5
      vertex 879 -45 -5
    endloop
  endfacet
  facet normal -0 0 1
    outer loop
      vertex 872 45 5
      vertex 879 -45 5
      vertex 879 45 5
    endloop
  endfacet
  facet normal 0 0 1
    outer loop
      vertex 879 -45 5
      vertex 872 45 5
      vertex 872 -45 5
    endloop
  endfacet
  facet normal 0 0 -1
    outer loop
      vertex 872 -45 -5
      vertex 879 45 -5
      vertex 879 -45 -5
    endloop
  endfacet
  facet normal -0 0 -1
    outer loop
      vertex 879 45 -5
      vertex 872 -45 -5
      vertex 872 45 -5
    endloop
  endfacet
  facet normal -1 0 0
    outer loop
      vertex 872 -45 -5
      vertex 872 45 5
      vertex 872 45 -5
    endloop
  endfacet
  facet normal -1 -0 0
    outer loop
      vertex 872 45 5
      vertex 872 -45 -5
      vertex 872 -45 5
    endloop
  endfacet
  facet normal 0 1 -0
    outer loop
      vertex 879 45 -5
      vertex 872 45 5
      vertex 879 45 5
    endloop
  endfacet
  facet normal 0 1 0
    outer loop
      vertex 872 45 5
      vertex 879 45 -5
      vertex 872 45 -5
    endloop
  endfacet
  facet normal 0 -1 0
    outer loop
      vertex 872 -45 -5
      vertex 879 -45 5
      vertex 872 -45 5
    endloop
  endfacet
  facet normal 0 -1 -0
    outer loop
      vertex 879 -45 5
      vertex 872 -45 -5
      vertex 879 -45 -5
    endloop
  endfacet
  facet normal 1 -0 0
    outer loop
      vertex 887 -45 5
      vertex 887 45 -5
      vertex 887 45 5
    endloop
  endfacet
  facet normal 1 0 0
    outer loop
      vertex 887 45 -5
      vertex 887 -45 5
      vertex 887 -45 -5
    endloop
  endfacet
  facet normal -0 0 1
    outer loop
      vertex 880 45 5
      vertex 887 -45 5
      vertex 887 45 5
    endloop
  endfacet
  facet normal 0 0 1
    outer loop
      vertex 887 -45 5
      vertex 880 45 5
      vertex 880 -45 5
    endloop
  endfacet
  facet normal 0 0 -1
    outer loop
      vertex 880 -45 -5
      vertex 887 45 -5
      vertex 887 -45 -5
    endloop
  endfacet
  facet normal -0 0 -1
    outer loop
      vertex 887 45 -5
      vertex 880 -45 -5
      vertex 880 45 -5
    endloop
  endfacet
  facet normal -1 0 0
    outer loop
      vertex 880 -45 -5
      vertex 880 45 5
      vertex 880 45 -5
    endloop
  endfacet
  facet normal -1 -0 0
    outer loop
      vertex 880 45 5
      vertex 880 -45 -5
      vertex 880 -45 5
    endloop
  endfacet
  facet normal 0 1 -0
    outer loop
      vertex 887 45 -5
      vertex 880 45 5
      vertex 887 45 5
    endloop
  endfacet
  facet normal 0 1 0
    outer loop
      vertex 880 45 5
      vertex 887 45 -5
      vertex 880 45 -5
    endloop
  endfacet
  facet normal 0 -1 0
    outer loop
      vertex 880 -45 -5
      vertex 887 -45 5
      vertex 880 -45 5
    endloop
  endfacet
  facet normal 0 -1 -0
    outer loop
      vertex 887 -45 5
      vertex 880 -45 -5
      vertex 887 -45 -5
    endloop
  endfacet
  facet normal 1 -0 0
    outer loop
      vertex 895 -45 5
      vertex 895 45 -5
      vertex 895 45 5
    endloop
  endfacet
  facet normal 1 0 0
    outer loop
      vertex 895 45 -5
      vertex 895 -45 5
      vertex 895 -45 -5
    endloop
  endfacet
  facet normal -0 0 1
    outer loop
      vertex 888 45 5
      vertex 895 -45 5
      vertex 895 45 5
    endloop
  endfacet
  facet normal 0 0 1
    outer loop
      vertex 895 -45 5
      vertex 888 45 5
      vertex 888 -45 5
    endloop
  endfacet
  facet normal 0 0 -1
    outer loop
      vertex 888 -45 -5
      vertex 895 45 -5
      vertex 895 -45 -5
    endloop
  endfacet
  facet normal -0 0 -1
    outer loop
      vertex 895 45 -5
      vertex 888 -45 -5
      vertex 888 45 -5
    endloop
  endfacet
  facet normal -1 0 0
    outer loop
      vertex 888 -45 -5
      vertex 888 45 5
      vertex 888 45 -5
    endloop
  endfacet
  facet normal -1 -0 0
    outer loop
      vertex 888 45 5
      vertex 888 -45 -5
      vertex 888 -45 5
    endloop
  endfacet
  facet normal 0 1 -0
    outer loop
      vertex 895 45 -5
      vertex 888 45 5
      vertex 895 45 5
    endloop
  endfacet
  facet normal 0 1 0
    outer loop
      vertex 888 45 5
      vertex 895 45 -5
      vertex 888 45 -5
    endloop
  endfacet
  facet normal 0 -1 0
    outer loop
      vertex 888 -45 -5
      vertex 895 -45 5
      vertex 888 -45 5
    endloop
  endfacet
  facet normal 0 -1 -0
    outer loop
      vertex 895 -45 5
      vertex 888 -45 -5
      vertex 895 -45 -5
    endloop
  endfacet
  facet normal 1 -0 0
    outer loop
      vertex 903 -45 5
      vertex 903 45 -5
      vertex 903 45 5
    endloop
  endfacet
  facet normal 1 0 0
    outer loop
      vertex 903 45 -5
      vertex 903 -45 5
      vertex 903 -45 -5
    endloop
  endfacet
  facet normal -0 0 1
    outer loop
      vertex 896 45 5
      vertex 903 -45 5
      vertex 903 45 5
    endloop
  endfacet
  facet normal 0 0 1
    outer loop
      vertex 903 -45 5
      vertex 896 45 5
      vertex 896 -45 5
    endloop
  endfacet
  facet normal 0 0 -1
    outer loop
      vertex 896 -45 -5
      vertex 903 45 -5
      vertex 903 -45 -5
    endloop
  endfacet
  facet normal -0 0 -1
    outer loop
      vertex 903 45 -5
      vertex 896 -45 -5
      vertex 896 45 -5
    endloop
  endfacet
  facet normal -1 0 0
    outer loop
      vertex 896 -45 -5
      vertex 896 45 5
      vertex 896 45 -5
    endloop
  endfacet
  facet normal -1 -0 0
    outer loop
      vertex 896 45 5
      vertex 896 -45 -5
      vertex 896 -45 5
    endloop
  endfacet
  facet normal 0 1 -0
    outer loop
      vertex 903 45 -5
      vertex 896 45 5
      vertex 903 45 5
    endloop
  endfacet
  facet normal 0 1 0
    outer loop
      vertex 896 45 5
      vertex 903 45 -5
      vertex 896 45 -5
    endloop
  endfacet
  facet normal 0 -1 0
    outer loop
      vertex 896 -45 -5
      vertex 903 -45 5
      vertex 896 -45 5
    endloop
  endfacet
  facet normal 0 -1 -0
    outer loop
      vertex 903 -45 5
      vertex 896 -45 -5
      vertex 903 -45 -5
    endloop
  endfacet
  facet normal 1 -0 0
    outer loop
      vertex 911 -45 5
      vertex 911 45 -5
      vertex 911 45 5
    endloop
  endfacet
  facet normal 1 0 0
    outer loop
      vertex 911 45 -5
      vertex 911 -45 5
      vertex 911 -45 -5
    endloop
  endfacet
  facet normal -0 0 1
    outer loop
      vertex 904 45 5
      vertex 911 -45 5
      vertex 911 45 5
    endloop
  endfacet
  facet normal 0 0 1
    outer loop
      vertex 911 -45 5
      vertex 904 45 5
      vertex 904 -45 5
    endloop
  endfacet
  facet normal 0 0 -1
    outer loop
      vertex 904 -45 -5
      vertex 911 45 -5
      vertex 911 -45 -5
    endloop
  endfacet
  facet normal -0 0 -1
    outer loop
      vertex 911 45 -5
      vertex 904 -45 -5
      vertex 904 45 -5
    endloop
  endfacet
  facet normal -1 0 0
    outer loop
      vertex 904 -45 -5
      vertex 904 45 5
      vertex 904 45 -5
    endloop
  endfacet
  facet normal -1 -0 0
    outer loop
      vertex 904 45 5
      vertex 904 -45 -5
      vertex 904 -45 5
    endloop
  endfacet
  facet normal 0 1 -0
    outer loop
      vertex 911 45 -5
      vertex 904 45 5
      vertex 911 45 5
    endloop
  endfacet
  facet normal 0 1 0
    outer loop
      vertex 904 45 5
      vertex 911 45 -5
      vertex 904 45 -5
    endloop
  endfacet
  facet normal 0 -1 0
    outer loop
      vertex 904 -45 -5
      vertex 911 -45 5
      vertex 904 -45 5
    endloop
  endfacet
  facet normal 0 -1 -0
    outer loop
      vertex 911 -45 5
      vertex 904 -45 -5
      vertex 911 -45 -5
    endloop
  endfacet
  facet normal 1 -0 0
    outer loop
      vertex 919 -45 5
      vertex 919 45 -5
      vertex 919 45 5
    endloop
  endfacet
  facet normal 1 0 0
    outer loop
      vertex 919 45 -5
      vertex 919 -45 5
      vertex 919 -45 -5
    endloop
  endfacet
  facet normal -0 0 1
    outer loop
      vertex 912 45 5
      vertex 919 -45 5
      vertex 919 45 5
    endloop
  endfacet
  facet normal 0 0 1
    outer loop
      vertex 919 -45 5
      vertex 912 45 5
      vertex 912 -45 5
    endloop
  endfacet
  facet normal 0 0 -1
    outer loop
      vertex 912 -45 -5
      vertex 919 45 -5
      vertex 919 -45 -5
    endloop
  endfacet
  facet normal -0 0 -1
    outer loop
      vertex 919 45 -5
      vertex 912 -45 -5
      vertex 912 45 -5
    endloop
  endfacet
  facet normal -1 0 0
    outer loop
      vertex 912 -45 -5
      vertex 912 45 5
      vertex 912 45 -5
    endloop
  endfacet
  facet normal -1 -0 0
    outer loop
      vertex 912 45 5
      vertex 912 -45 -5
      vertex 912 -45 5
    endloop
  endfacet
  facet normal 0 1 -0
    outer loop
      vertex 919 45 -5
      vertex 912 45 5
      vertex 919 45 5
    endloop
  endfacet
  facet normal 0 1 0
    outer loop
      vertex 912 45 5
      vertex 919 45 -5
      vertex 912 45 -5
    endloop
  endfacet
  facet normal 0 -1 0
    outer loop
      vertex 912 -45 -5
      vertex 919 -45 5
      vertex 912 -45 5
    endloop
  endfacet
  facet normal 0 -1 -0
    outer loop
      vertex 919 -45 5
      vertex 912 -45 -5
      vertex 919 -45 -5
    endloop
  endfacet
  facet normal 1 -0 0
    outer loop
      vertex 927 -45 5
      vertex 927 45 -5
      vertex 927 45 5
    endloop
  endfacet
  facet normal 1 0 0
    outer loop
      vertex 927 45 -5
      vertex 927 -45 5
      vertex 927 -45 -5
    endloop
  endfacet
  facet normal -0 0 1
    outer loop
      vertex 920 45 5
      vertex 927 -45 5
      vertex 927 45 5
    endloop
  endfacet
  facet normal 0 0 1
    outer loop
      vertex 927 -45 5
      vertex 920 45 5
      vertex 920 -45 5
    endloop
  endfacet
  facet normal 0 0 -1
    outer loop
      vertex 920 -45 -5
      vertex 927 45 -5
      vertex 927 -45 -5
    endloop
  endfacet
  facet normal -0 0 -1
    outer loop
      vertex 927 45 -5
      vertex 920 -45 -5
      vertex 920 45 -5
    endloop
  endfacet
  facet normal -1 0 0
    outer loop
      vertex 920 -45 -5
      vertex 920 45 5
      vertex 920 45 -5
    endloop
  endfacet
  facet normal -1 -0 0
    outer loop
      vertex 920 45 5
      vertex 920 -45 -5
      vertex 920 -45 5
    endloop
  endfacet
  facet normal 0 1 -0
    outer loop
      vertex 927 45 -5
      vertex 920 45 5
      vertex 927 45 5
    endloop
  endfacet
  facet normal 0 1 0
    outer loop
      vertex 920 45 5
      vertex 927 45 -5
      vertex 920 45 -5
    endloop
  endfacet
  facet normal 0 -1 0
    outer loop
      vertex 920 -45 -5
      vertex 927 -45 5
      vertex 920 -45 5
    endloop
  endfacet
  facet normal 0 -1 -0
    outer loop
      vertex 927 -45 5
      vertex 920 -45 -5
      vertex 927 -45 -5
    endloop
  endfacet
  facet normal 1 -0 0
    outer loop
      vertex 935 -45 5
      vertex 935 45 -5
      vertex 935 45 5
    endloop
  endfacet
  facet normal 1 0 0
    outer loop
      vertex 935 45 -5
      vertex 935 -45 5
      vertex 935 -45 -5
    endloop
  endfacet
  facet normal -0 0 1
    outer loop
      vertex 928 45 5
      vertex 935 -45 5
      vertex 935 45 5
    endloop
  endfacet
  facet normal 0 0 1
    outer loop
      vertex 935 -45 5
      vertex 928 45 5
      vertex 928 -45 5
    endloop
  endfacet
  facet normal 0 0 -1
    outer loop
      vertex 928 -45 -5
      vertex 935 45 -5
      vertex 935 -45 -5
    endloop
  endfacet
  facet normal -0 0 -1
    outer loop
      vertex 935 45 -5
      vertex 928 -45 -5
      vertex 928 45 -5
    endloop
  endfacet
  facet normal -1 0 0
    outer loop
      vertex 928 -45 -5
      vertex 928 45 5
      vertex 928 45 -5
    endloop
  endfacet
  facet normal -1 -0 0
    outer loop
      vertex 928 45 5
      vertex 928 -45 -5
      vertex 928 -45 5
    endloop
  endfacet
  facet normal 0 1 -0
    outer loop
      vertex 935 45 -5
      vertex 928 45 5
      vertex 935 45 5
    endloop
  endfacet
  facet normal 0 1 0
    outer loop
      vertex 928 45 5
      vertex 935 45 -5
      vertex 928 45 -5
    endloop
  endfacet
  facet normal 0 -1 0
    outer loop
      vertex 928 -45 -5
      vertex 935 -45 5
      vertex 928 -45 5
    endloop
  endfacet
  facet normal 0 -1 -0
    outer loop
      vertex 935 -45 5
      vertex 928 -45 -5
      vertex 935 -45 -5
    endloop
  endfacet
  facet normal 1 -0 0
    outer loop
      vertex 943 -45 5
      vertex 943 45 -5
      vertex 943 45 5
    endloop
  endfacet
  facet normal 1 0 0
    outer loop
      vertex 943 45 -5
      vertex 943 -45 5
      vertex 943 -45 -5
    endloop
  endfacet
  facet normal -0 0 1
    outer loop
      vertex 936 45 5
      vertex 943 -45 5
      vertex 943 45 5
    endloop
  endfacet
  facet normal 0 0 1
    outer loop
      vertex 943 -45 5
      vertex 936 45 5
      vertex 936 -45 5
    endloop
  endfacet
  facet normal 0 0 -1
    outer loop
      vertex 936 -45 -5
      vertex 943 45 -5
      vertex 943 -45 -5
    endloop
  endfacet
  facet normal -0 0 -1
    outer loop
      vertex 943 45 -5
      vertex 936 -45 -5
      vertex 936 45 -5
    endloop
  endfacet
  facet normal -1 0 0
    outer loop
      vertex 936 -45 -5
      vertex 936 45 5
      vertex 936 45 -5
    endloop
  endfacet
  facet normal -1 -0 0
    outer loop
      vertex 936 45 5
      vertex 936 -45 -5
      vertex 936 -45 5
    endloop
  endfacet
  facet normal 0 1 -0
    outer loop
      vertex 943 45 -5
      vertex 936 45 5
      vertex 943 45 5
    endloop
  endfacet
  facet normal 0 1 0
    outer loop
      vertex 936 45 5
      vertex 943 45 -5
      vertex 936 45 -5
    endloop
  endfacet
  facet normal 0 -1 0
    outer loop
      vertex 936 -45 -5
      vertex 943 -45 5
      vertex 936 -45 5
    endloop
  endfacet
  facet normal 0 -1 -0
    outer loop
      vertex 943 -45 5
      vertex 936 -45 -5
      vertex 943 -45 -5
    endloop
  endfacet
  facet normal 1 -0 0
    outer loop
      vertex 951 -45 5
      vertex 951 45 -5
      vertex 951 45 5
    endloop
  endfacet
  facet normal 1 0 0
    outer loop
      vertex 951 45 -5
      vertex 951 -45 5
      vertex 951 -45 -5
    endloop
  endfacet
  facet normal -0 0 1
    outer loop
      vertex 944 45 5
      vertex 951 -45 5
      vertex 951 45 5
    endloop
  endfacet
  facet normal 0 0 1
    outer loop
      vertex 951 -45 5
      vertex 944 45 5
      vertex 944 -45 5
    endloop
  endfacet
  facet normal 0 0 -1
    outer loop
      vertex 944 -45 -5
      vertex 951 45 -5
      vertex 951 -45 -5
    endloop
  endfacet
  facet normal -0 0 -1
    outer loop
      vertex 951 45 -5
      vertex 944 -45 -5
      vertex 944 45 -5
    endloop
  endfacet
  facet normal -1 0 0
    outer loop
      vertex 944 -45 -5
      vertex 944 45 5
      vertex 944 45 -5
    endloop
  endfacet
  facet normal -1 -0 0
    outer loop
      vertex 944 45 5
      vertex 944 -45 -5
      vertex 944 -45 5
    endloop
  endfacet
  facet normal 0 1 -0
    outer loop
      vertex 951 45 -5
      vertex 944 45 5
      vertex 951 45 5
    endloop
  endfacet
  facet normal 0 1 0
    outer loop
      vertex 944 45 5
      vertex 951 45 -5
      vertex 944 45 -5
    endloop
  endfacet
  facet normal 0 -1 0
    outer loop
      vertex 944 -45 -5
      vertex 951 -45 5
      vertex 944 -45 5
    endloop
  endfacet
  facet normal 0 -1 -0
    outer loop
      vertex 951 -45 5
      vertex 944 -45 -5
      vertex 951 -45 -5
    endloop
  endfacet
  facet normal 1 -0 0
    outer loop
      vertex 959 -45 5
      vertex 959 45 -5
      vertex 959 45 5
    endloop
  endfacet
  facet normal 1 0 0
    outer loop
      vertex 959 45 -5
      vertex 959 -45 5
      vertex 959 -45 -5
    endloop
  endfacet
  facet normal -0 0 1
    outer loop
      vertex 952 45 5
      vertex 959 -45 5
      vertex 959 45 5
    endloop
  endfacet
  facet normal 0 0 1
    outer loop
      vertex 959 -45 5
      vertex 952 45 5
      vertex 952 -45 5
    endloop
  endfacet
  facet normal 0 0 -1
    outer loop
      vertex 952 -45 -5
      vertex 959 45 -5
      vertex 959 -45 -5
    endloop
  endfacet
  facet normal -0 0 -1
    outer loop
      vertex 959 45 -5
      vertex 952 -45 -5
      vertex 952 45 -5
    endloop
  endfacet
  facet normal -1 0 0
    outer loop
      vertex 952 -45 -5
      vertex 952 45 5
      vertex 952 45 -5
    endloop
  endfacet
  facet normal -1 -0 0
    outer loop
      vertex 952 45 5
      vertex 952 -45 -5
      vertex 952 -45 5
    endloop
  endfacet
  facet normal 0 1 -0
    outer loop
      vertex 959 45 -5
      vertex 952 45 5
      vertex 959 45 5
    endloop
  endfacet
  facet normal 0 1 0
    outer loop
      vertex 952 45 5
      vertex 959 45 -5
      vertex 952 45 -5
    endloop
  endfacet
  facet normal 0 -1 0
    outer loop
      vertex 952 -45 -5
      vertex 959 -45 5
      vertex 952 -45 5
    endloop
  endfacet
  facet normal 0 -1 -0
    outer loop
      vertex 959 -45 5
      vertex 952 -45 -5
      vertex 959 -45 -5
    endloop
  endfacet
  facet normal 1 -0 0
    outer loop
      vertex 967 -45 5
      vertex 967 45 -5
      vertex 967 45 5
    endloop
  endfacet
  facet normal 1 0 0
    outer loop
      vertex 967 45 -5
      vertex 967 -45 5
      vertex 967 -45 -5
    endloop
  endfacet
  facet normal -0 0 1
    outer loop
      vertex 960 45 5
      vertex 967 -45 5
      vertex 967 45 5
    endloop
  endfacet
  facet normal 0 0 1
    outer loop
      vertex 967 -45 5
      vertex 960 45 5
      vertex 960 -45 5
    endloop
  endfacet
  facet normal 0 0 -1
    outer loop
      vertex 960 -45 -5
      vertex 967 45 -5
      vertex 967 -45 -5
    endloop
  endfacet
  facet normal -0 0 -1
    outer loop
      vertex 967 45 -5
      vertex 960 -45 -5
      vertex 960 45 -5
    endloop
  endfacet
  facet normal -1 0 0
    outer loop
      vertex 960 -45 -5
      vertex 960 45 5
      vertex 960 45 -5
    endloop
  endfacet
  facet normal -1 -0 0
    outer loop
      vertex 960 45 5
      vertex 960 -45 -5
      vertex 960 -45 5
    endloop
  endfacet
  facet normal 0 1 -0
    outer loop
      vertex 967 45 -5
      vertex 960 45 5
      vertex 967 45 5
    endloop
  endfacet
  facet normal 0 1 0
    outer loop
      vertex 960 45 5
      vertex 967 45 -5
      vertex 960 45 -5
    endloop
  endfacet
  facet normal 0 -1 0
    outer loop
      vertex 960 -45 -5
      vertex 967 -45 5
      vertex 960 -45 5
    endloop
  endfacet
  facet normal 0 -1 -0
    outer loop
      vertex 967 -45 5
      vertex 960 -45 -5
      vertex 967 -45 -5
    endloop
  endfacet
  facet normal 1 -0 0
    outer loop
      vertex 975 -45 5
      vertex 975 45 -5
      vertex 975 45 5
    endloop
  endfacet
  facet normal 1 0 0
    outer loop
      vertex 975 45 -5
      vertex 975 -45 5
      vertex 975 -45 -5
    endloop
  endfacet
  facet normal -0 0 1
    outer loop
      vertex 968 45 5
      vertex 975 -45 5
      vertex 975 45 5
    endloop
  endfacet
  facet normal 0 0 1
    outer loop
      vertex 975 -45 5
      vertex 968 45 5
      vertex 968 -45 5
    endloop
  endfacet
  facet normal 0 0 -1
    outer loop
      vertex 968 -45 -5
      vertex 975 45 -5
      vertex 975 -45 -5
    endloop
  endfacet
  facet normal -0 0 -1
    outer loop
      vertex 975 45 -5
      vertex 968 -45 -5
      vertex 968 45 -5
    endloop
  endfacet
  facet normal -1 0 0
    outer loop
      vertex 968 -45 -5
      vertex 968 45 5
      vertex 968 45 -5
    endloop
  endfacet
  facet normal -1 -0 0
    outer loop
      vertex 968 45 5
      vertex 968 -45 -5
      vertex 968 -45 5
    endloop
  endfacet
  facet normal 0 1 -0
    outer loop
      vertex 975 45 -5
      vertex 968 45 5
      vertex 975 45 5
    endloop
  endfacet
  facet normal 0 1 0
    outer loop
      vertex 968 45 5
      vertex 975 45 -5
      vertex 968 45 -5
    endloop
  endfacet
  facet normal 0 -1 0
    outer loop
      vertex 968 -45 -5
      vertex 975 -45 5
      vertex 968 -45 5
    endloop
  endfacet
  facet normal 0 -1 -0
    outer loop
      vertex 975 -45 5
      vertex 968 -45 -5
      vertex 975 -45 -5
    endloop
  endfacet
  facet normal 1 -0 0
    outer loop
      vertex 983 -45 5
      vertex 983 45 -5
      vertex 983 45 5
    endloop
  endfacet
  facet normal 1 0 0
    outer loop
      vertex 983 45 -5
      vertex 983 -45 5
      vertex 983 -45 -5
    endloop
  endfacet
  facet normal -0 0 1
    outer loop
      vertex 976 45 5
      vertex 983 -45 5
      vertex 983 45 5
    endloop
  endfacet
  facet normal 0 0 1
    outer loop
      vertex 983 -45 5
      vertex 976 45 5
      vertex 976 -45 5
    endloop
  endfacet
  facet normal 0 0 -1
    outer loop
      vertex 976 -45 -5
      vertex 983 45 -5
      vertex 983 -45 -5
    endloop
  endfacet
  facet normal -0 0 -1
    outer loop
      vertex 983 45 -5
      vertex 976 -45 -5
      vertex 976 45 -5
    endloop
  endfacet
  facet normal -1 0 0
    outer loop
      vertex 976 -45 -5
      vertex 976 45 5
      vertex 976 45 -5
    endloop
  endfacet
  facet normal -1 -0 0
    outer loop
      vertex 976 45 5
      vertex 976 -45 -5
      vertex 976 -45 5
    endloop
  endfacet
  facet normal 0 1 -0
    outer loop
      vertex 983 45 -5
      vertex 976 45 5
      vertex 983 45 5
    endloop
  endfacet
  facet normal 0 1 0
    outer loop
      vertex 976 45 5
      vertex 983 45 -5
      vertex 976 45 -5
    endloop
  endfacet
  facet normal 0 -1 0
    outer loop
      vertex 976 -45 -5
      vertex 983 -45 5
      vertex 976 -45 5
    endloop
  endfacet
  facet normal 0 -1 -0
    outer loop
      vertex 983 -45 5
      vertex 976 -45 -5
      vertex 983 -45 -5
    endloop
  endfacet
  facet normal 1 -0 0
    outer loop
      vertex 991 -45 5
      vertex 991 45 -5
      vertex 991 45 5
    endloop
  endfacet
  facet normal 1 0 0
    outer loop
      vertex 991 45 -5
      vertex 991 -45 5
      vertex 991 -45 -5
    endloop
  endfacet
  facet normal -0 0 1
    outer loop
      vertex 984 45 5
      vertex 991 -45 5
      vertex 991 45 5
    endloop
  endfacet
  facet normal 0 0 1
    outer loop
      vertex 991 -45 5
      vertex 984 45 5
      vertex 984 -45 5
    endloop
  endfacet
  facet normal 0 0 -1
    outer loop
      vertex 984 -45 -5
      vertex 991 45 -5
      vertex 991 -45 -5
    endloop
  endfacet
  facet normal -0 0 -1
    outer loop
      vertex 991 45 -5
      vertex 984 -45 -5
      vertex 984 45 -5
    endloop
  endfacet
  facet normal -1 0 0
    outer loop
      vertex 984 -45 -5
      vertex 984 45 5
      vertex 984 45 -5
    endloop
  endfacet
  facet normal -1 -0 0
    outer loop
      vertex 984 45 5
      vertex 984 -45 -5
      vertex 984 -45 5
    endloop
  endfacet
  facet normal 0 1 -0
    outer loop
      vertex 991 45 -5
      vertex 984 45 5
      vertex 991 45 5
    endloop
  endfacet
  facet normal 0 1 0
    outer loop
      vertex 984 45 5
      vertex 991 45 -5
      vertex 984 45 -5
    endloop
  endfacet
  facet normal 0 -1 0
    outer loop
      vertex 984 -45 -5
      vertex 991 -45 5
      vertex 984 -45 5
    endloop
  endfacet
  facet normal 0 -1 -0
    outer loop
      vertex 991 -45 5
      vertex 984 -45 -5
      vertex 991 -45 -5
    endloop
  endfacet
  facet normal 1 -0 0
    outer loop
      vertex 999 -45 5
      vertex 999 45 -5
      vertex 999 45 5
    endloop
  endfacet
  facet normal 1 0 0
    outer loop
      vertex 999 45 -5
      vertex 999 -45 5
      vertex 999 -45 -5
    endloop
  endfacet
  facet normal -0 0 1
    outer loop
      vertex 992 45 5
      vertex 999 -45 5
      vertex 999 45 5
    endloop
  endfacet
  facet normal 0 0 1
    outer loop
      vertex 999 -45 5
      vertex 992 45 5
      vertex 992 -45 5
    endloop
  endfacet
  facet normal 0 0 -1
    outer loop
      vertex 992 -45 -5
      vertex 999 45 -5
      vertex 999 -45 -5
    endloop
  endfacet
  facet normal -0 0 -1
    outer loop
      vertex 999 45 -5
      vertex 992 -45 -5
      vertex 992 45 -5
    endloop
  endfacet
  facet normal -1 0 0
    outer loop
      vertex 992 -45 -5
      vertex 992 45 5
      vertex 992 45 -5
    endloop
  endfacet
  facet normal -1 -0 0
    outer loop
      vertex 992 45 5
      vertex 992 -45 -5
      vertex 992 -45 5
    endloop
  endfacet
  facet normal 0 1 -0
    outer loop
      vertex 999 45 -5
      vertex 992 45 5
      vertex 999 45 5
    endloop
  endfacet
  facet normal 0 1 0
    outer loop
      vertex 992 45 5
      vertex 999 45 -5
      vertex 992 45 -5
    endloop
  endfacet
  facet normal 0 -1 0
    outer loop
      vertex 992 -45 -5
      vertex 999 -45 5
      vertex 992 -45 5
    endloop
  endfacet
  facet normal 0 -1 -0
    outer loop
      vertex 999 -45 5
      vertex 992 -45 -5
      vertex 999 -45 -5
    endloop
  endfacet
  facet normal 1 -0 0
    outer loop
      vertex 1007 -45 5
      vertex 1007 45 -5
      vertex 1007 45 5
    endloop
  endfacet
  facet normal 1 0 0
    outer loop
      vertex 1007 45 -5
      vertex 1007 -45 5
      vertex 1007 -45 -5
    endloop
  endfacet
  facet normal -0 0 1
    outer loop
      vertex 1000 45 5
      vertex 1007 -45 5
      vertex 1007 45 5
    endloop
  endfacet
  facet normal 0 0 1
    outer loop
      vertex 1007 -45 5
      vertex 1000 45 5
      vertex 1000 -45 5
    endloop
  endfacet
  facet normal 0 0 -1
    outer loop
      vertex 1000 -45 -5
      vertex 1007 45 -5
      vertex 1007 -45 -5
    endloop
  endfacet
  facet normal -0 0 -1
    outer loop
      vertex 1007 45 -5
      vertex 1000 -45 -5
      vertex 1000 45 -5
    endloop
  endfacet
  facet normal -1 0 0
    outer loop
      vertex 1000 -45 -5
      vertex 1000 45 5
      vertex 1000 45 -5
    endloop
  endfacet
  facet normal -1 -0 0
    outer loop
      vertex 1000 45 5
      vertex 1000 -45 -5
      vertex 1000 -45 5
    endloop
  endfacet
  facet normal 0 1 -0
    outer loop
      vertex 1007 45 -5
      vertex 1000 45 5
      vertex 1007 45 5
    endloop
  endfacet
  facet normal 0 1 0
    outer loop
      vertex 1000 45 5
      vertex 1007 45 -5
      vertex 1000 45 -5
    endloop
  endfacet
  facet normal 0 -1 0
    outer loop
      vertex 1000 -45 -5
      vertex 1007 -45 5
      vertex 1000 -45 5
    endloop
  endfacet
  facet normal 0 -1 -0
    outer loop
      vertex 1007 -45 5
      vertex 1000 -45 -5
      vertex 1007 -45 -5
    endloop
  endfacet
  facet normal 1 -0 0
    outer loop
      vertex 1015 -45 5
      vertex 1015 45 -5
      vertex 1015 45 5
    endloop
  endfacet
  facet normal 1 0 0
    outer loop
      vertex 1015 45 -5
      vertex 1015 -45 5
      vertex 1015 -45 -5
    endloop
  endfacet
  facet normal -0 0 1
    outer loop
      vertex 1008 45 5
      vertex 1015 -45 5
      vertex 1015 45 5
    endloop
  endfacet
  facet normal 0 0 1
    outer loop
      vertex 1015 -45 5
      vertex 1008 45 5
      vertex 1008 -45 5
    endloop
  endfacet
  facet normal 0 0 -1
    outer loop
      vertex 1008 -45 -5
      vertex 1015 45 -5
      vertex 1015 -45 -5
    endloop
  endfacet
  facet normal -0 0 -1
    outer loop
      vertex 1015 45 -5
      vertex 1008 -45 -5
      vertex 1008 45 -5
    endloop
  endfacet
  facet normal -1 0 0
    outer loop
      vertex 1008 -45 -5
      vertex 1008 45 5
      vertex 1008 45 -5
    endloop
  endfacet
  facet normal -1 -0 0
    outer loop
      vertex 1008 45 5
      vertex 1008 -45 -5
      vertex 1008 -45 5
    endloop
  endfacet
  facet normal 0 1 -0
    outer loop
      vertex 1015 45 -5
      vertex 1008 45 5
      vertex 1015 45 5
    endloop
  endfacet
  facet normal 0 1 0
    outer loop
      vertex 1008 45 5
      vertex 1015 45 -5
      vertex 1008 45 -5
    endloop
  endfacet
  facet normal 0 -1 0
    outer loop
      vertex 1008 -45 -5
      vertex 1015 -45 5
      vertex 1008 -45 5
    endloop
  endfacet
  facet normal 0 -1 -0
    outer loop
      vertex 1015 -45 5
      vertex 1008 -45 -5
      vertex 1015 -45 -5
    endloop
  endfacet
  facet normal 1 -0 0
    outer loop
      vertex 1023 -45 5
      vertex 1023 45 -5
      vertex 1023 45 5
    endloop
  endfacet
  facet normal 1 0 0
    outer loop
      vertex 1023 45 -5
      vertex 1023 -45 5
      vertex 1023 -45 -5
    endloop
  endfacet
  facet normal -0 0 1
    outer loop
      vertex 1016 45 5
      vertex 1023 -45 5
      vertex 1023 45 5
    endloop
  endfacet
  facet normal 0 0 1
    outer loop
      vertex 1023 -45 5
      vertex 1016 45 5
      vertex 1016 -45 5
    endloop
  endfacet
  facet normal 0 0 -1
    outer loop
      vertex 1016 -45 -5
      vertex 1023 45 -5
      vertex 1023 -45 -5
    endloop
  endfacet
  facet normal -0 0 -1
    outer loop
      vertex 1023 45 -5
      vertex 1016 -45 -5
      vertex 1016 45 -5
    endloop
  endfacet
  facet normal -1 0 0
    outer loop
      vertex 1016 -45 -5
      vertex 1016 45 5
      vertex 1016 45 -5
    endloop
  endfacet
  facet normal -1 -0 0
    outer loop
      vertex 1016 45 5
      vertex 1016 -45 -5
      vertex 1016 -45 5
    endloop
  endfacet
  facet normal 0 1 -0
    outer loop
      vertex 1023 45 -5
      vertex 1016 45 5
      vertex 1023 45 5
    endloop
  endfacet
  facet normal 0 1 0
    outer loop
      vertex 1016 45 5
      vertex 1023 45 -5
      vertex 1016 45 -5
    endloop
  endfacet
  facet normal 0 -1 0
    outer loop
      vertex 1016 -45 -5
      vertex 1023 -45 5
      vertex 1016 -45 5
    endloop
  endfacet
  facet normal 0 -1 -0
    outer loop
      vertex 1023 -45 5
      vertex 1016 -45 -5
      vertex 1023 -45 -5
    endloop
  endfacet
  facet normal 1 -0 0
    outer loop
      vertex 1031 -45 5
      vertex 1031 45 -5
      vertex 1031 45 5
    endloop
  endfacet
  facet normal 1 0 0
    outer loop
      vertex 1031 45 -5
      vertex 1031 -45 5
      vertex 1031 -45 -5
    endloop
  endfacet
  facet normal -0 0 1
    outer loop
      vertex 1024 45 5
      vertex 1031 -45 5
      vertex 1031 45 5
    endloop
  endfacet
  facet normal 0 0 1
    outer loop
      vertex 1031 -45 5
      vertex 1024 45 5
      vertex 1024 -45 5
    endloop
  endfacet
  facet normal 0 0 -1
    outer loop
      vertex 1024 -45 -5
      vertex 1031 45 -5
      vertex 1031 -45 -5
    endloop
  endfacet
  facet normal -0 0 -1
    outer loop
      vertex 1031 45 -5
      vertex 1024 -45 -5
      vertex 1024 45 -5
    endloop
  endfacet
  facet normal -1 0 0
    outer loop
      vertex 1024 -45 -5
      vertex 1024 45 5
      vertex 1024 45 -5
    endloop
  endfacet
  facet normal -1 -0 0
    outer loop
      vertex 1024 45 5
      vertex 1024 -45 -5
      vertex 1024 -45 5
    endloop
  endfacet
  facet normal 0 1 -0
    outer loop
      vertex 1031 45 -5
      vertex 1024 45 5
      vertex 1031 45 5
    endloop
  endfacet
  facet normal 0 1 0
    outer loop
      vertex 1024 45 5
      vertex 1031 45 -5
      vertex 1024 45 -5
    endloop
  endfacet
  facet normal 0 -1 0
    outer loop
      vertex 1024 -45 -5
      vertex 1031 -45 5
      vertex 1024 -45 5
    endloop
  endfacet
  facet normal 0 -1 -0
    outer loop
      vertex 1031 -45 5
      vertex 1024 -45 -5
      vertex 1031 -45 -5
    endloop
  endfacet
  facet normal 1 -0 0
    outer loop
      vertex 1039 -45 5
      vertex 1039 45 -5
      vertex 1039 45 5
    endloop
  endfacet
  facet normal 1 0 0
    outer loop
      vertex 1039 45 -5
      vertex 1039 -45 5
      vertex 1039 -45 -5
    endloop
  endfacet
  facet normal -0 0 1
    outer loop
      vertex 1032 45 5
      vertex 1039 -45 5
      vertex 1039 45 5
    endloop
  endfacet
  facet normal 0 0 1
    outer loop
      vertex 1039 -45 5
      vertex 1032 45 5
      vertex 1032 -45 5
    endloop
  endfacet
  facet normal 0 0 -1
    outer loop
      vertex 1032 -45 -5
      vertex 1039 45 -5
      vertex 1039 -45 -5
    endloop
  endfacet
  facet normal -0 0 -1
    outer loop
      vertex 1039 45 -5
      vertex 1032 -45 -5
      vertex 1032 45 -5
    endloop
  endfacet
  facet normal -1 0 0
    outer loop
      vertex 1032 -45 -5
      vertex 1032 45 5
      vertex 1032 45 -5
    endloop
  endfacet
  facet normal -1 -0 0
    outer loop
      vertex 1032 45 5
      vertex 1032 -45 -5
      vertex 1032 -45 5
    endloop
  endfacet
  facet normal 0 1 -0
    outer loop
      vertex 1039 45 -5
      vertex 1032 45 5
      vertex 1039 45 5
    endloop
  endfacet
  facet normal 0 1 0
    outer loop
      vertex 1032 45 5
      vertex 1039 45 -5
      vertex 1032 45 -5
    endloop
  endfacet
  facet normal 0 -1 0
    outer loop
      vertex 1032 -45 -5
      vertex 1039 -45 5
      vertex 1032 -45 5
    endloop
  endfacet
  facet normal 0 -1 -0
    outer loop
      vertex 1039 -45 5
      vertex 1032 -45 -5
      vertex 1039 -45 -5
    endloop
  endfacet
  facet normal 1 -0 0
    outer loop
      vertex 1047 -45 5
      vertex 1047 45 -5
      vertex 1047 45 5
    endloop
  endfacet
  facet normal 1 0 0
    outer loop
      vertex 1047 45 -5
      vertex 1047 -45 5
      vertex 1047 -45 -5
    endloop
  endfacet
  facet normal -0 0 1
    outer loop
      vertex 1040 45 5
      vertex 1047 -45 5
      vertex 1047 45 5
    endloop
  endfacet
  facet normal 0 0 1
    outer loop
      vertex 1047 -45 5
      vertex 1040 45 5
      vertex 1040 -45 5
    endloop
  endfacet
  facet normal 0 0 -1
    outer loop
      vertex 1040 -45 -5
      vertex 1047 45 -5
      vertex 1047 -45 -5
    endloop
  endfacet
  facet normal -0 0 -1
    outer loop
      vertex 1047 45 -5
      vertex 1040 -45 -5
      vertex 1040 45 -5
    endloop
  endfacet
  facet normal -1 0 0
    outer loop
      vertex 1040 -45 -5
      vertex 1040 45 5
      vertex 1040 45 -5
    endloop
  endfacet
  facet normal -1 -0 0
    outer loop
      vertex 1040 45 5
      vertex 1040 -45 -5
      vertex 1040 -45 5
    endloop
  endfacet
  facet normal 0 1 -0
    outer loop
      vertex 1047 45 -5
      vertex 1040 45 5
      vertex 1047 45 5
    endloop
  endfacet
  facet normal 0 1 0
    outer loop
      vertex 1040 45 5
      vertex 1047 45 -5
      vertex 1040 45 -5
    endloop
  endfacet
  facet normal 0 -1 0
    outer loop
      vertex 1040 -45 -5
      vertex 1047 -45 5
      vertex 1040 -45 5
    endloop
  endfacet
  facet normal 0 -1 -0
    outer loop
      vertex 1047 -45 5
      vertex 1040 -45 -5
      vertex 1047 -45 -5
    endloop
  endfacet
  facet normal 1 -0 0
    outer loop
      vertex 1055 -45 5
      vertex 1055 45 -5
      vertex 1055 45 5
    endloop
  endfacet
  facet normal 1 0 0
    outer loop
      vertex 1055 45 -5
      vertex 1055 -45 5
      vertex 1055 -45 -5
    endloop
  endfacet
  facet normal -0 0 1
    outer loop
      vertex 1048 45 5
      vertex 1055 -45 5
      vertex 1055 45 5
    endloop
  endfacet
  facet normal 0 0 1
    outer loop
      vertex 1055 -45 5
      vertex 1048 45 5
      vertex 1048 -45 5
    endloop
  endfacet
  facet normal 0 0 -1
    outer loop
      vertex 1048 -45 -5
      vertex 1055 45 -5
      vertex 1055 -45 -5
    endloop
  endfacet
  facet normal -0 0 -1
    outer loop
      vertex 1055 45 -5
      vertex 1048 -45 -5
      vertex 1048 45 -5
    endloop
  endfacet
  facet normal -1 0 0
    outer loop
      vertex 1048 -45 -5
      vertex 1048 45 5
      vertex 1048 45 -5
    endloop
  endfacet
  facet normal -1 -0 0
    outer loop
      vertex 1048 45 5
      vertex 1048 -45 -5
      vertex 1048 -45 5
    endloop
  endfacet
  facet normal 0 1 -0
    outer loop
      vertex 1055 45 -5
      vertex 1048 45 5
      vertex 1055 45 5
    endloop
  endfacet
  facet normal 0 1 0
    outer loop
      vertex 1048 45 5
      vertex 1055 45 -5
      vertex 1048 45 -5
    endloop
  endfacet
  facet normal 0 -1 0
    outer loop
      vertex 1048 -45 -5
      vertex 1055 -45 5
      vertex 1048 -45 5
    endloop
  endfacet
  facet normal 0 -1 -0
    outer loop
      vertex 1055 -45 5
      vertex 1048 -45 -5
      vertex 1055 -45 -5
    endloop
  endfacet
  facet normal 1 -0 0
    outer loop
      vertex 1063 -45 5
      vertex 1063 45 -5
      vertex 1063 45 5
    endloop
  endfacet
  facet normal 1 0 0
    outer loop
      vertex 1063 45 -5
      vertex 1063 -45 5
      vertex 1063 -45 -5
    endloop
  endfacet
  facet normal -0 0 1
    outer loop
      vertex 1056 45 5
      vertex 1063 -45 5
      vertex 1063 45 5
    endloop
  endfacet
  facet normal 0 0 1
    outer loop
      vertex 1063 -45 5
      vertex 1056 45 5
      vertex 1056 -45 5
    endloop
  endfacet
  facet normal 0 0 -1
    outer loop
      vertex 1056 -45 -5
      vertex 1063 45 -5
      vertex 1063 -45 -5
    endloop
  endfacet
  facet normal -0 0 -1
    outer loop
      vertex 1063 45 -5
      vertex 1056 -45 -5
      vertex 1056 45 -5
    endloop
  endfacet
  facet normal -1 0 0
    outer loop
      vertex 1056 -45 -5
      vertex 1056 45 5
      vertex 1056 45 -5
    endloop
  endfacet
  facet normal -1 -0 0
    outer loop
      vertex 1056 45 5
      vertex 1056 -45 -5
      vertex 1056 -45 5
    endloop
  endfacet
  facet normal 0 1 -0
    outer loop
      vertex 1063 45 -5
      vertex 1056 45 5
      vertex 1063 45 5
    endloop
  endfacet
  facet normal 0 1 0
    outer loop
      vertex 1056 45 5
      vertex 1063 45 -5
      vertex 1056 45 -5
    endloop
  endfacet
  facet normal 0 -1 0
    outer loop
      vertex 1056 -45 -5
      vertex 1063 -45 5
      vertex 1056 -45 5
    endloop
  endfacet
  facet normal 0 -1 -0
    outer loop
      vertex 1063 -45 5
      vertex 1056 -45 -5
      vertex 1063 -45 -5
    endloop
  endfacet
  facet normal 1 -0 0
    outer loop
      vertex 1071 -45 5
      vertex 1071 45 -5
      vertex 1071 45 5
    endloop
  endfacet
  facet normal 1 0 0
    outer loop
      vertex 1071 45 -5
      vertex 1071 -45 5
      vertex 1071 -45 -5
    endloop
  endfacet
  facet normal -0 0 1
    outer loop
      vertex 1064 45 5
      vertex 1071 -45 5
      vertex 1071 45 5
    endloop
  endfacet
  facet normal 0 0 1
    outer loop
      vertex 1071 -45 5
      vertex 1064 45 5
      vertex 1064 -45 5
    endloop
  endfacet
  facet normal 0 0 -1
    outer loop
      vertex 1064 -45 -5
      vertex 1071 45 -5
      vertex 1071 -45 -5
    endloop
  endfacet
  facet normal -0 0 -1
    outer loop
      vertex 1071 45 -5
      vertex 1064 -45 -5
      vertex 1064 45 -5
    endloop
  endfacet
  facet normal -1 0 0
    outer loop
      vertex 1064 -45 -5
      vertex 1064 45 5
      vertex 1064 45 -5
    endloop
  endfacet
  facet normal -1 -0 0
    outer loop
      vertex 1064 45 5
      vertex 1064 -45 -5
      vertex 1064 -45 5
    endloop
  endfacet
  facet normal 0 1 -0
    outer loop
      vertex 1071 45 -5
      vertex 1064 45 5
      vertex 1071 45 5
    endloop
  endfacet
  facet normal 0 1 0
    outer loop
      vertex 1064 45 5
      vertex 1071 45 -5
      vertex 1064 45 -5
    endloop
  endfacet
  facet normal 0 -1 0
    outer loop
      vertex 1064 -45 -5
      vertex 1071 -45 5
      vertex 1064 -45 5
    endloop
  endfacet
  facet normal 0 -1 -0
    outer loop
      vertex 1071 -45 5
      vertex 1064 -45 -5
      vertex 1071 -45 -5
    endloop
  endfacet
  facet normal 1 -0 0
    outer loop
      vertex 1079 -45 5
      vertex 1079 45 -5
      vertex 1079 45 5
    endloop
  endfacet
  facet normal 1 0 0
    outer loop
      vertex 1079 45 -5
      vertex 1079 -45 5
      vertex 1079 -45 -5
    endloop
  endfacet
  facet normal -0 0 1
    outer loop
      vertex 1072 45 5
      vertex 1079 -45 5
      vertex 1079 45 5
    endloop
  endfacet
  facet normal 0 0 1
    outer loop
      vertex 1079 -45 5
      vertex 1072 45 5
      vertex 1072 -45 5
    endloop
  endfacet
  facet normal 0 0 -1
    outer loop
      vertex 1072 -45 -5
      vertex 1079 45 -5
      vertex 1079 -45 -5
    endloop
  endfacet
  facet normal -0 0 -1
    outer loop
      vertex 1079 45 -5
      vertex 1072 -45 -5
      vertex 1072 45 -5
    endloop
  endfacet
  facet normal -1 0 0
    outer loop
      vertex 1072 -45 -5
      vertex 1072 45 5
      vertex 1072 45 -5
    endloop
  endfacet
  facet normal -1 -0 0
    outer loop
      vertex 1072 45 5
      vertex 1072 -45 -5
      vertex 1072 -45 5
    endloop
  endfacet
  facet normal 0 1 -0
    outer loop
      vertex 1079 45 -5
      vertex 1072 45 5
      vertex 1079 45 5
    endloop
  endfacet
  facet normal 0 1 0
    outer loop
      vertex 1072 45 5
      vertex 1079 45 -5
      vertex 1072 45 -5
    endloop
  endfacet
  facet normal 0 -1 0
    outer loop
      vertex 1072 -45 -5
      vertex 1079 -45 5
      vertex 1072 -45 5
    endloop
  endfacet
  facet normal 0 -1 -0
    outer loop
      vertex 1079 -45 5
      vertex 1072 -45 -5
      vertex 1079 -45 -5
    endloop
  endfacet
  facet normal 1 -0 0
    outer loop
      vertex 1087 -45 5
      vertex 1087 45 -5
      vertex 1087 45 5
    endloop
  endfacet
  facet normal 1 0 0
    outer loop
      vertex 1087 45 -5
      vertex 1087 -45 5
      vertex 1087 -45 -5
    endloop
  endfacet
  facet normal -0 0 1
    outer loop
      vertex 1080 45 5
      vertex 1087 -45 5
      vertex 1087 45 5
    endloop
  endfacet
  facet normal 0 0 1
    outer loop
      vertex 1087 -45 5
      vertex 1080 45 5
      vertex 1080 -45 5
    endloop
  endfacet
  facet normal 0 0 -1
    outer loop
      vertex 1080 -45 -5
      vertex 1087 45 -5
      vertex 1087 -45 -5
    endloop
  endfacet
  facet normal -0 0 -1
    outer loop
      vertex 1087 45 -5
      vertex 1080 -45 -5
      vertex 1080 45 -5
    endloop
  endfacet
  facet normal -1 0 0
    outer loop
      vertex 1080 -45 -5
      vertex 1080 45 5
      vertex 1080 45 -5
    endloop
  endfacet
  facet normal -1 -0 0
    outer loop
      vertex 1080 45 5
      vertex 1080 -45 -5
      vertex 1080 -45 5
    endloop
  endfacet
  facet normal 0 1 -0
    outer loop
      vertex 1087 45 -5
      vertex 1080 45 5
      vertex 1087 45 5
    endloop
  endfacet
  facet normal 0 1 0
    outer loop
      vertex 1080 45 5
      vertex 1087 45 -5
      vertex 1080 45 -5
    endloop
  endfacet
  facet normal 0 -1 0
    outer loop
      vertex 1080 -45 -5
      vertex 1087 -45 5
      vertex 1080 -45 5
    endloop
  endfacet
  facet normal 0 -1 -0
    outer loop
      vertex 1087 -45 5
      vertex 1080 -45 -5
      vertex 1087 -45 -5
    endloop
  endfacet
  facet normal 1 -0 0
    outer loop
      vertex 1095 -45 5
      vertex 1095 45 -5
      vertex 1095 45 5
    endloop
  endfacet
  facet normal 1 0 0
    outer loop
      vertex 1095 45 -5
      vertex 1095 -45 5
      vertex 1095 -45 -5
    endloop
  endfacet
  facet normal -0 0 1
    outer loop
      vertex 1088 45 5
      vertex 1095 -45 5
      vertex 1095 45 5
    endloop
  endfacet
  facet normal 0 0 1
    outer loop
      vertex 1095 -45 5
      vertex 1088 45 5
      vertex 1088 -45 5
    endloop
  endfacet
  facet normal 0 0 -1
    outer loop
      vertex 1088 -45 -5
      vertex 1095 45 -5
      vertex 1095 -45 -5
    endloop
  endfacet
  facet normal -0 0 -1
    outer loop
      vertex 1095 45 -5
      vertex 1088 -45 -5
      vertex 1088 45 -5
    endloop
  endfacet
  facet normal -1 0 0
    outer loop
      vertex 1088 -45 -5
      vertex 1088 45 5
      vertex 1088 45 -5
    endloop
  endfacet
  facet normal -1 -0 0
    outer loop
      vertex 1088 45 5
      vertex 1088 -45 -5
      vertex 1088 -45 5
    endloop
  endfacet
  facet normal 0 1 -0
    outer loop
      vertex 1095 45 -5
      vertex 1088 45 5
      vertex 1095 45 5
    endloop
  endfacet
  facet normal 0 1 0
    outer loop
      vertex 1088 45 5
      vertex 1095 45 -5
      vertex 1088 45 -5
    endloop
  endfacet
  facet normal 0 -1 0
    outer loop
      vertex 1088 -45 -5
      vertex 1095 -45 5
      vertex 1088 -45 5
    endloop
  endfacet
  facet normal 0 -1 -0
    outer loop
      vertex 1095 -45 5
      vertex 1088 -45 -5
      vertex 1095 -45 -5
    endloop
  endfacet
  facet normal 1 -0 0
    outer loop
      vertex 1103 -45 5
      vertex 1103 45 -5
      vertex 1103 45 5
    endloop
  endfacet
  facet normal 1 0 0
    outer loop
      vertex 1103 45 -5
      vertex 1103 -45 5
      vertex 1103 -45 -5
    endloop
  endfacet
  facet normal -0 0 1
    outer loop
      vertex 1096 45 5
      vertex 1103 -45 5
      vertex 1103 45 5
    endloop
  endfacet
  facet normal 0 0 1
    outer loop
      vertex 1103 -45 5
      vertex 1096 45 5
      vertex 1096 -45 5
    endloop
  endfacet
  facet normal 0 0 -1
    outer loop
      vertex 1096 -45 -5
      vertex 1103 45 -5
      vertex 1103 -45 -5
    endloop
  endfacet
  facet normal -0 0 -1
    outer loop
      vertex 1103 45 -5
      vertex 1096 -45 -5
      vertex 1096 45 -5
    endloop
  endfacet
  facet normal -1 0 0
    outer loop
      vertex 1096 -45 -5
      vertex 1096 45 5
      vertex 1096 45 -5
    endloop
  endfacet
  facet normal -1 -0 0
    outer loop
      vertex 1096 45 5
      vertex 1096 -45 -5
      vertex 1096 -45 5
    endloop
  endfacet
  facet normal 0 1 -0
    outer loop
      vertex 1103 45 -5
      vertex 1096 45 5
      vertex 1103 45 5
    endloop
  endfacet
  facet normal 0 1 0
    outer loop
      vertex 1096 45 5
      vertex 1103 45 -5
      vertex 1096 45 -5
    endloop
  endfacet
  facet normal 0 -1 0
    outer loop
      vertex 1096 -45 -5
      vertex 1103 -45 5
      vertex 1096 -45 5
    endloop
  endfacet
  facet normal 0 -1 -0
    outer loop
      vertex 1103 -45 5
      vertex 1096 -45 -5
      vertex 1103 -45 -5
    endloop
  endfacet
  facet normal 1 -0 0
    outer loop
      vertex 1111 -45 5
      vertex 1111 45 -5
      vertex 1111 45 5
    endloop
  endfacet
  facet normal 1 0 0
    outer loop
      vertex 1111 45 -5
      vertex 1111 -45 5
      vertex 1111 -45 -5
    endloop
  endfacet
  facet normal -0 0 1
    outer loop
      vertex 1104 45 5
      vertex 1111 -45 5
      vertex 1111 45 5
    endloop
  endfacet
  facet normal 0 0 1
    outer loop
      vertex 1111 -45 5
      vertex 1104 45 5
      vertex 1104 -45 5
    endloop
  endfacet
  facet normal 0 0 -1
    outer loop
      vertex 1104 -45 -5
      vertex 1111 45 -5
      vertex 1111 -45 -5
    endloop
  endfacet
  facet normal -0 0 -1
    outer loop
      vertex 1111 45 -5
      vertex 1104 -45 -5
      vertex 1104 45 -5
    endloop
  endfacet
  facet normal -1 0 0
    outer loop
      vertex 1104 -45 -5
      vertex 1104 45 5
      vertex 1104 45 -5
    endloop
  endfacet
  facet normal -1 -0 0
    outer loop
      vertex 1104 45 5
      vertex 1104 -45 -5
      vertex 1104 -45 5
    endloop
  endfacet
  facet normal 0 1 -0
    outer loop
      vertex 1111 45 -5
      vertex 1104 45 5
      vertex 1111 45 5
    endloop
  endfacet
  facet normal 0 1 0
    outer loop
      vertex 1104 45 5
      vertex 1111 45 -5
      vertex 1104 45 -5
    endloop
  endfacet
  facet normal 0 -1 0
    outer loop
      vertex 1104 -45 -5
      vertex 1111 -45 5
      vertex 1104 -45 5
    endloop
  endfacet
  facet normal 0 -1 -0
    outer loop
      vertex 1111 -45 5
      vertex 1104 -45 -5
      vertex 1111 -45 -5
    endloop
  endfacet
  facet normal 1 -0 0
    outer loop
      vertex 1119 -45 5
      vertex 1119 45 -5
      vertex 1119 45 5
    endloop
  endfacet
  facet normal 1 0 0
    outer loop
      vertex 1119 45 -5
      vertex 1119 -45 5
      vertex 1119 -45 -5
    endloop
  endfacet
  facet normal -0 0 1
    outer loop
      vertex 1112 45 5
      vertex 1119 -45 5
      vertex 1119 45 5
    endloop
  endfacet
  facet normal 0 0 1
    outer loop
      vertex 1119 -45 5
      vertex 1112 45 5
      vertex 1112 -45 5
    endloop
  endfacet
  facet normal 0 0 -1
    outer loop
      vertex 1112 -45 -5
      vertex 1119 45 -5
      vertex 1119 -45 -5
    endloop
  endfacet
  facet normal -0 0 -1
    outer loop
      vertex 1119 45 -5
      vertex 1112 -45 -5
      vertex 1112 45 -5
    endloop
  endfacet
  facet normal -1 0 0
    outer loop
      vertex 1112 -45 -5
      vertex 1112 45 5
      vertex 1112 45 -5
    endloop
  endfacet
  facet normal -1 -0 0
    outer loop
      vertex 1112 45 5
      vertex 1112 -45 -5
      vertex 1112 -45 5
    endloop
  endfacet
  facet normal 0 1 -0
    outer loop
      vertex 1119 45 -5
      vertex 1112 45 5
      vertex 1119 45 5
    endloop
  endfacet
  facet normal 0 1 0
    outer loop
      vertex 1112 45 5
      vertex 1119 45 -5
      vertex 1112 45 -5
    endloop
  endfacet
  facet normal 0 -1 0
    outer loop
      vertex 1112 -45 -5
      vertex 1119 -45 5
      vertex 1112 -45 5
    endloop
  endfacet
  facet normal 0 -1 -0
    outer loop
      vertex 1119 -45 5
      vertex 1112 -45 -5
      vertex 1119 -45 -5
    endloop
  endfacet
  facet normal 1 -0 0
    outer loop
      vertex 1127 -45 5
      vertex 1127 45 -5
      vertex 1127 45 5
    endloop
  endfacet
  facet normal 1 0 0
    outer loop
      vertex 1127 45 -5
      vertex 1127 -45 5
      vertex 1127 -45 -5
    endloop
  endfacet
  facet normal -0 0 1
    outer loop
      vertex 1120 45 5
      vertex 1127 -45 5
      vertex 1127 45 5
    endloop
  endfacet
  facet normal 0 0 1
    outer loop
      vertex 1127 -45 5
      vertex 1120 45 5
      vertex 1120 -45 5
    endloop
  endfacet
  facet normal 0 0 -1
    outer loop
      vertex 1120 -45 -5
      vertex 1127 45 -5
      vertex 1127 -45 -5
    endloop
  endfacet
  facet normal -0 0 -1
    outer loop
      vertex 1127 45 -5
      vertex 1120 -45 -5
      vertex 1120 45 -5
    endloop
  endfacet
  facet normal -1 0 0
    outer loop
      vertex 1120 -45 -5
      vertex 1120 45 5
      vertex 1120 45 -5
    endloop
  endfacet
  facet normal -1 -0 0
    outer loop
      vertex 1120 45 5
      vertex 1120 -45 -5
      vertex 1120 -45 5
    endloop
  endfacet
  facet normal 0 1 -0
    outer loop
      vertex 1127 45 -5
      vertex 1120 45 5
      vertex 1127 45 5
    endloop
  endfacet
  facet normal 0 1 0
    outer loop
      vertex 1120 45 5
      vertex 1127 45 -5
      vertex 1120 45 -5
    endloop
  endfacet
  facet normal 0 -1 0
    outer loop
      vertex 1120 -45 -5
      vertex 1127 -45 5
      vertex 1120 -45 5
    endloop
  endfacet
  facet normal 0 -1 -0
    outer loop
      vertex 1127 -45 5
      vertex 1120 -45 -5
      vertex 1127 -45 -5
    endloop
  endfacet
  facet normal 1 -0 0
    outer loop
      vertex 1135 -45 5
      vertex 1135 45 -5
      vertex 1135 45 5
    endloop
  endfacet
  facet normal 1 0 0
    outer loop
      vertex 1135 45 -5
      vertex 1135 -45 5
      vertex 1135 -45 -5
    endloop
  endfacet
  facet normal -0 0 1
    outer loop
      vertex 1128 45 5
      vertex 1135 -45 5
      vertex 1135 45 5
    endloop
  endfacet
  facet normal 0 0 1
    outer loop
      vertex 1135 -45 5
      vertex 1128 45 5
      vertex 1128 -45 5
    endloop
  endfacet
  facet normal 0 0 -1
    outer loop
      vertex 1128 -45 -5
      vertex 1135 45 -5
      vertex 1135 -45 -5
    endloop
  endfacet
  facet normal -0 0 -1
    outer loop
      vertex 1135 45 -5
      vertex 1128 -45 -5
      vertex 1128 45 -5
    endloop
  endfacet
  facet normal -1 0 0
    outer loop
      vertex 1128 -45 -5
      vertex 1128 45 5
      vertex 1128 45 -5
    endloop
  endfacet
  facet normal -1 -0 0
    outer loop
      vertex 1128 45 5
      vertex 1128 -45 -5
      vertex 1128 -45 5
    endloop
  endfacet
  facet normal 0 1 -0
    outer loop
      vertex 1135 45 -5
      vertex 1128 45 5
      vertex 1135 45 5
    endloop
  endfacet
  facet normal 0 1 0
    outer loop
      vertex 1128 45 5
      vertex 1135 45 -5
      vertex 1128 45 -5
    endloop
  endfacet
  facet normal 0 -1 0
    outer loop
      vertex 1128 -45 -5
      vertex 1135 -45 5
      vertex 1128 -45 5
    endloop
  endfacet
  facet normal 0 -1 -0
    outer loop
      vertex 1135 -45 5
      vertex 1128 -45 -5
      vertex 1135 -45 -5
    endloop
  endfacet
  facet normal 1 -0 0
    outer loop
      vertex 1143 -45 5
      vertex 1143 45 -5
      vertex 1143 45 5
    endloop
  endfacet
  facet normal 1 0 0
    outer loop
      vertex 1143 45 -5
      vertex 1143 -45 5
      vertex 1143 -45 -5
    endloop
  endfacet
  facet normal -0 0 1
    outer loop
      vertex 1136 45 5
      vertex 1143 -45 5
      vertex 1143 45 5
    endloop
  endfacet
  facet normal 0 0 1
    outer loop
      vertex 1143 -45 5
      vertex 1136 45 5
      vertex 1136 -45 5
    endloop
  endfacet
  facet normal 0 0 -1
    outer loop
      vertex 1136 -45 -5
      vertex 1143 45 -5
      vertex 1143 -45 -5
    endloop
  endfacet
  facet normal -0 0 -1
    outer loop
      vertex 1143 45 -5
      vertex 1136 -45 -5
      vertex 1136 45 -5
    endloop
  endfacet
  facet normal -1 0 0
    outer loop
      vertex 1136 -45 -5
      vertex 1136 45 5
      vertex 1136 45 -5
    endloop
  endfacet
  facet normal -1 -0 0
    outer loop
      vertex 1136 45 5
      vertex 1136 -45 -5
      vertex 1136 -45 5
    endloop
  endfacet
  facet normal 0 1 -0
    outer loop
      vertex 1143 45 -5
      vertex 1136 45 5
      vertex 1143 45 5
    endloop
  endfacet
  facet normal 0 1 0
    outer loop
      vertex 1136 45 5
      vertex 1143 45 -5
      vertex 1136 45 -5
    endloop
  endfacet
  facet normal 0 -1 0
    outer loop
      vertex 1136 -45 -5
      vertex 1143 -45 5
      vertex 1136 -45 5
    endloop
  endfacet
  facet normal 0 -1 -0
    outer loop
      vertex 1143 -45 5
      vertex 1136 -45 -5
      vertex 1143 -45 -5
    endloop
  endfacet
  facet normal 1 -0 0
    outer loop
      vertex 1151 -45 5
      vertex 1151 45 -5
      vertex 1151 45 5
    endloop
  endfacet
  facet normal 1 0 0
    outer loop
      vertex 1151 45 -5
      vertex 1151 -45 5
      vertex 1151 -45 -5
    endloop
  endfacet
  facet normal -0 0 1
    outer loop
      vertex 1144 45 5
      vertex 1151 -45 5
      vertex 1151 45 5
    endloop
  endfacet
  facet normal 0 0 1
    outer loop
      vertex 1151 -45 5
      vertex 1144 45 5
      vertex 1144 -45 5
    endloop
  endfacet
  facet normal 0 0 -1
    outer loop
      vertex 1144 -45 -5
      vertex 1151 45 -5
      vertex 1151 -45 -5
    endloop
  endfacet
  facet normal -0 0 -1
    outer loop
      vertex 1151 45 -5
      vertex 1144 -45 -5
      vertex 1144 45 -5
    endloop
  endfacet
  facet normal -1 0 0
    outer loop
      vertex 1144 -45 -5
      vertex 1144 45 5
      vertex 1144 45 -5
    endloop
  endfacet
  facet normal -1 -0 0
    outer loop
      vertex 1144 45 5
      vertex 1144 -45 -5
      vertex 1144 -45 5
    endloop
  endfacet
  facet normal 0 1 -0
    outer loop
      vertex 1151 45 -5
      vertex 1144 45 5
      vertex 1151 45 5
    endloop
  endfacet
  facet normal 0 1 0
    outer loop
      vertex 1144 45 5
      vertex 1151 45 -5
      vertex 1144 45 -5
    endloop
  endfacet
  facet normal 0 -1 0
    outer loop
      vertex 1144 -45 -5
      vertex 1151 -45 5
      vertex 1144 -45 5
    endloop
  endfacet
  facet normal 0 -1 -0
    outer loop
      vertex 1151 -45 5
      vertex 1144 -45 -5
      vertex 1151 -45 -5
    endloop
  endfacet
  facet normal 1 -0 0
    outer loop
      vertex 1159 -45 5
      vertex 1159 45 -5
      vertex 1159 45 5
    endloop
  endfacet
  facet normal 1 0 0
    outer loop
      vertex 1159 45 -5
      vertex 1159 -45 5
      vertex 1159 -45 -5
    endloop
  endfacet
  facet normal -0 0 1
    outer loop
      vertex 1152 45 5
      vertex 1159 -45 5
      vertex 1159 45 5
    endloop
  endfacet
  facet normal 0 0 1
    outer loop
      vertex 1159 -45 5
      vertex 1152 45 5
      vertex 1152 -45 5
    endloop
  endfacet
  facet normal 0 0 -1
    outer loop
      vertex 1152 -45 -5
      vertex 1159 45 -5
      vertex 1159 -45 -5
    endloop
  endfacet
  facet normal -0 0 -1
    outer loop
      vertex 1159 45 -5
      vertex 1152 -45 -5
      vertex 1152 45 -5
    endloop
  endfacet
  facet normal -1 0 0
    outer loop
      vertex 1152 -45 -5
      vertex 1152 45 5
      vertex 1152 45 -5
    endloop
  endfacet
  facet normal -1 -0 0
    outer loop
      vertex 1152 45 5
      vertex 1152 -45 -5
      vertex 1152 -45 5
    endloop
  endfacet
  facet normal 0 1 -0
    outer loop
      vertex 1159 45 -5
      vertex 1152 45 5
      vertex 1159 45 5
    endloop
  endfacet
  facet normal 0 1 0
    outer loop
      vertex 1152 45 5
      vertex 1159 45 -5
      vertex 1152 45 -5
    endloop
  endfacet
  facet normal 0 -1 0
    outer loop
      vertex 1152 -45 -5
      vertex 1159 -45 5
      vertex 1152 -45 5
    endloop
  endfacet
  facet normal 0 -1 -0
    outer loop
      vertex 1159 -45 5
      vertex 1152 -45 -5
      vertex 1159 -45 -5
    endloop
  endfacet
  facet normal 1 -0 0
    outer loop
      vertex 1167 -45 5
      vertex 1167 45 -5
      vertex 1167 45 5
    endloop
  endfacet
  facet normal 1 0 0
    outer loop
      vertex 1167 45 -5
      vertex 1167 -45 5
      vertex 1167 -45 -5
    endloop
  endfacet
  facet normal -0 0 1
    outer loop
      vertex 1160 45 5
      vertex 1167 -45 5
      vertex 1167 45 5
    endloop
  endfacet
  facet normal 0 0 1
    outer loop
      vertex 1167 -45 5
      vertex 1160 45 5
      vertex 1160 -45 5
    endloop
  endfacet
  facet normal 0 0 -1
    outer loop
      vertex 1160 -45 -5
      vertex 1167 45 -5
      vertex 1167 -45 -5
    endloop
  endfacet
  facet normal -0 0 -1
    outer loop
      vertex 1167 45 -5
      vertex 1160 -45 -5
      vertex 1160 45 -5
    endloop
  endfacet
  facet normal -1 0 0
    outer loop
      vertex 1160 -45 -5
      vertex 1160 45 5
      vertex 1160 45 -5
    endloop
  endfacet
  facet normal -1 -0 0
    outer loop
      vertex 1160 45 5
      vertex 1160 -45 -5
      vertex 1160 -45 5
    endloop
  endfacet
  facet normal 0 1 -0
    outer loop
      vertex 1167 45 -5
      vertex 1160 45 5
      vertex 1167 45 5
    endloop
  endfacet
  facet normal 0 1 0
    outer loop
      vertex 1160 45 5
      vertex 1167 45 -5
      vertex 1160 45 -5
    endloop
  endfacet
  facet normal 0 -1 0
    outer loop
      vertex 1160 -45 -5
      vertex 1167 -45 5
      vertex 1160 -45 5
    endloop
  endfacet
  facet normal 0 -1 -0
    outer loop
      vertex 1167 -45 5
      vertex 1160 -45 -5
      vertex 1167 -45 -5
    endloop
  endfacet
  facet normal 1 -0 0
    outer loop
      vertex 1175 -45 5
      vertex 1175 45 -5
      vertex 1175 45 5
    endloop
  endfacet
  facet normal 1 0 0
    outer loop
      vertex 1175 45 -5
      vertex 1175 -45 5
      vertex 1175 -45 -5
    endloop
  endfacet
  facet normal -0 0 1
    outer loop
      vertex 1168 45 5
      vertex 1175 -45 5
      vertex 1175 45 5
    endloop
  endfacet
  facet normal 0 0 1
    outer loop
      vertex 1175 -45 5
      vertex 1168 45 5
      vertex 1168 -45 5
    endloop
  endfacet
  facet normal 0 0 -1
    outer loop
      vertex 1168 -45 -5
      vertex 1175 45 -5
      vertex 1175 -45 -5
    endloop
  endfacet
  facet normal -0 0 -1
    outer loop
      vertex 1175 45 -5
      vertex 1168 -45 -5
      vertex 1168 45 -5
    endloop
  endfacet
  facet normal -1 0 0
    outer loop
      vertex 1168 -45 -5
      vertex 1168 45 5
      vertex 1168 45 -5
    endloop
  endfacet
  facet normal -1 -0 0
    outer loop
      vertex 1168 45 5
      vertex 1168 -45 -5
      vertex 1168 -45 5
    endloop
  endfacet
  facet normal 0 1 -0
    outer loop
      vertex 1175 45 -5
      vertex 1168 45 5
      vertex 1175 45 5
    endloop
  endfacet
  facet normal 0 1 0
    outer loop
      vertex 1168 45 5
      vertex 1175 45 -5
      vertex 1168 45 -5
    endloop
  endfacet
  facet normal 0 -1 0
    outer loop
      vertex 1168 -45 -5
      vertex 1175 -45 5
      vertex 1168 -45 5
    endloop
  endfacet
  facet normal 0 -1 -0
    outer loop
      vertex 1175 -45 5
      vertex 1168 -45 -5
      vertex 1175 -45 -5
    endloop
  endfacet
  facet normal 1 -0 0
    outer loop
      vertex 1183 -45 5
      vertex 1183 45 -5
      vertex 1183 45 5
    endloop
  endfacet
  facet normal 1 0 0
    outer loop
      vertex 1183 45 -5
      vertex 1183 -45 5
      vertex 1183 -45 -5
    endloop
  endfacet
  facet normal -0 0 1
    outer loop
      vertex 1176 45 5
      vertex 1183 -45 5
      vertex 1183 45 5
    endloop
  endfacet
  facet normal 0 0 1
    outer loop
      vertex 1183 -45 5
      vertex 1176 45 5
      vertex 1176 -45 5
    endloop
  endfacet
  facet normal 0 0 -1
    outer loop
      vertex 1176 -45 -5
      vertex 1183 45 -5
      vertex 1183 -45 -5
    endloop
  endfacet
  facet normal -0 0 -1
    outer loop
      vertex 1183 45 -5
      vertex 1176 -45 -5
      vertex 1176 45 -5
    endloop
  endfacet
  facet normal -1 0 0
    outer loop
      vertex 1176 -45 -5
      vertex 1176 45 5
      vertex 1176 45 -5
    endloop
  endfacet
  facet normal -1 -0 0
    outer loop
      vertex 1176 45 5
      vertex 1176 -45 -5
      vertex 1176 -45 5
    endloop
  endfacet
  facet normal 0 1 -0
    outer loop
      vertex 1183 45 -5
      vertex 1176 45 5
      vertex 1183 45 5
    endloop
  endfacet
  facet normal 0 1 0
    outer loop
      vertex 1176 45 5
      vertex 1183 45 -5
      vertex 1176 45 -5
    endloop
  endfacet
  facet normal 0 -1 0
    outer loop
      vertex 1176 -45 -5
      vertex 1183 -45 5
      vertex 1176 -45 5
    endloop
  endfacet
  facet normal 0 -1 -0
    outer loop
      vertex 1183 -45 5
      vertex 1176 -45 -5
      vertex 1183 -45 -5
    endloop
  endfacet
  facet normal 1 -0 0
    outer loop
      vertex 1191 -45 5
      vertex 1191 45 -5
      vertex 1191 45 5
    endloop
  endfacet
  facet normal 1 0 0
    outer loop
      vertex 1191 45 -5
      vertex 1191 -45 5
      vertex 1191 -45 -5
    endloop
  endfacet
  facet normal -0 0 1
    outer loop
      vertex 1184 45 5
      vertex 1191 -45 5
      vertex 1191 45 5
    endloop
  endfacet
  facet normal 0 0 1
    outer loop
      vertex 1191 -45 5
      vertex 1184 45 5
      vertex 1184 -45 5
    endloop
  endfacet
  facet normal 0 0 -1
    outer loop
      vertex 1184 -45 -5
      vertex 1191 45 -5
      vertex 1191 -45 -5
    endloop
  endfacet
  facet normal -0 0 -1
    outer loop
      vertex 1191 45 -5
      vertex 1184 -45 -5
      vertex 1184 45 -5
    endloop
  endfacet
  facet normal -1 0 0
    outer loop
      vertex 1184 -45 -5
      vertex 1184 45 5
      vertex 1184 45 -5
    endloop
  endfacet
  facet normal -1 -0 0
    outer loop
      vertex 1184 45 5
      vertex 1184 -45 -5
      vertex 1184 -45 5
    endloop
  endfacet
  facet normal 0 1 -0
    outer loop
      vertex 1191 45 -5
      vertex 1184 45 5
      vertex 1191 45 5
    endloop
  endfacet
  facet normal 0 1 0
    outer loop
      vertex 1184 45 5
      vertex 1191 45 -5
      vertex 1184 45 -5
    endloop
  endfacet
  facet normal 0 -1 0
    outer loop
      vertex 1184 -45 -5
      vertex 1191 -45 5
      vertex 1184 -45 5
    endloop
  endfacet
  facet normal 0 -1 -0
    outer loop
      vertex 1191 -45 5
      vertex 1184 -45 -5
      vertex 1191 -45 -5
    endloop
  endfacet
  facet normal 1 -0 0
    outer loop
      vertex 1199 -45 5
      vertex 1199 45 -5
      vertex 1199 45 5
    endloop
  endfacet
  facet normal 1 0 0
    outer loop
      vertex 1199 45 -5
      vertex 1199 -45 5
      vertex 1199 -45 -5
    endloop
  endfacet
  facet normal -0 0 1
    outer loop
      vertex 1192 45 5
      vertex 1199 -45 5
      vertex 1199 45 5
    endloop
  endfacet
  facet normal 0 0 1
    outer loop
      vertex 1199 -45 5
      vertex 1192 45 5
      vertex 1192 -45 5
    endloop
  endfacet
  facet normal 0 0 -1
    outer loop
      vertex 1192 -45 -5
      vertex 1199 45 -5
      vertex 1199 -45 -5
    endloop
  endfacet
  facet normal -0 0 -1
    outer loop
      vertex 1199 45 -5
      vertex 1192 -45 -5
      vertex 1192 45 -5
    endloop
  endfacet
  facet normal -1 0 0
    outer loop
      vertex 1192 -45 -5
      vertex 1192 45 5
      vertex 1192 45 -5
    endloop
  endfacet
  facet normal -1 -0 0
    outer loop
      vertex 1192 45 5
      vertex 1192 -45 -5
      vertex 1192 -45 5
    endloop
  endfacet
  facet normal 0 1 -0
    outer loop
      vertex 1199 45 -5
      vertex 1192 45 5
      vertex 1199 45 5
    endloop
  endfacet
  facet normal 0 1 0
    outer loop
      vertex 1192 45 5
      vertex 1199 45 -5
      vertex 1192 45 -5
    endloop
  endfacet
  facet normal 0 -1 0
    outer loop
      vertex 1192 -45 -5
      vertex 1199 -45 5
      vertex 1192 -45 5
    endloop
  endfacet
  facet normal 0 -1 -0
    outer loop
      vertex 1199 -45 5
      vertex 1192 -45 -5
      vertex 1199 -45 -5
    endloop
  endfacet
  facet normal 1 -0 0
    outer loop
      vertex 1207 -45 5
      vertex 1207 45 -5
      vertex 1207 45 5
    endloop
  endfacet
  facet normal 1 0 0
    outer loop
      vertex 1207 45 -5
      vertex 1207 -45 5
      vertex 1207 -45 -5
    endloop
  endfacet
  facet normal -0 0 1
    outer loop
      vertex 1200 45 5
      vertex 1207 -45 5
      vertex 1207 45 5
    endloop
  endfacet
  facet normal 0 0 1
    outer loop
      vertex 1207 -45 5
      vertex 1200 45 5
      vertex 1200 -45 5
    endloop
  endfacet
  facet normal 0 0 -1
    outer loop
      vertex 1200 -45 -5
      vertex 1207 45 -5
      vertex 1207 -45 -5
    endloop
  endfacet
  facet normal -0 0 -1
    outer loop
      vertex 1207 45 -5
      vertex 1200 -45 -5
      vertex 1200 45 -5
    endloop
  endfacet
  facet normal -1 0 0
    outer loop
      vertex 1200 -45 -5
      vertex 1200 45 5
      vertex 1200 45 -5
    endloop
  endfacet
  facet normal -1 -0 0
    outer loop
      vertex 1200 45 5
      vertex 1200 -45 -5
      vertex 1200 -45 5
    endloop
  endfacet
  facet normal 0 1 -0
    outer loop
      vertex 1207 45 -5
      vertex 1200 45 5
      vertex 1207 45 5
    endloop
  endfacet
  facet normal 0 1 0
    outer loop
      vertex 1200 45 5
      vertex 1207 45 -5
      vertex 1200 45 -5
    endloop
  endfacet
  facet normal 0 -1 0
    outer loop
      vertex 1200 -45 -5
      vertex 1207 -45 5
      vertex 1200 -45 5
    endloop
  endfacet
  facet normal 0 -1 -0
    outer loop
      vertex 1207 -45 5
      vertex 1200 -45 -5
      vertex 1207 -45 -5
    endloop
  endfacet
  facet normal 1 -0 0
    outer loop
      vertex 1215 -45 5
      vertex 1215 45 -5
      vertex 1215 45 5
    endloop
  endfacet
  facet normal 1 0 0
    outer loop
      vertex 1215 45 -5
      vertex 1215 -45 5
      vertex 1215 -45 -5
    endloop
  endfacet
  facet normal -0 0 1
    outer loop
      vertex 1208 45 5
      vertex 1215 -45 5
      vertex 1215 45 5
    endloop
  endfacet
  facet normal 0 0 1
    outer loop
      vertex 1215 -45 5
      vertex 1208 45 5
      vertex 1208 -45 5
    endloop
  endfacet
  facet normal 0 0 -1
    outer loop
      vertex 1208 -45 -5
      vertex 1215 45 -5
      vertex 1215 -45 -5
    endloop
  endfacet
  facet normal -0 0 -1
    outer loop
      vertex 1215 45 -5
      vertex 1208 -45 -5
      vertex 1208 45 -5
    endloop
  endfacet
  facet normal -1 0 0
    outer loop
      vertex 1208 -45 -5
      vertex 1208 45 5
      vertex 1208 45 -5
    endloop
  endfacet
  facet normal -1 -0 0
    outer loop
      vertex 1208 45 5
      vertex 1208 -45 -5
      vertex 1208 -45 5
    endloop
  endfacet
  facet normal 0 1 -0
    outer loop
      vertex 1215 45 -5
      vertex 1208 45 5
      vertex 1215 45 5
    endloop
  endfacet
  facet normal 0 1 0
    outer loop
      vertex 1208 45 5
      vertex 1215 45 -5
      vertex 1208 45 -5
    endloop
  endfacet
  facet normal 0 -1 0
    outer loop
      vertex 1208 -45 -5
      vertex 1215 -45 5
      vertex 1208 -45 5
    endloop
  endfacet
  facet normal 0 -1 -0
    outer loop
      vertex 1215 -45 5
      vertex 1208 -45 -5
      vertex 1215 -45 -5
    endloop
  endfacet
  facet normal 1 -0 0
    outer loop
      vertex 1223 -45 5
      vertex 1223 45 -5
      vertex 1223 45 5
    endloop
  endfacet
  facet normal 1 0 0
    outer loop
      vertex 1223 45 -5
      vertex 1223 -45 5
      vertex 1223 -45 -5
    endloop
  endfacet
  facet normal -0 0 1
    outer loop
      vertex 1216 45 5
      vertex 1223 -45 5
      vertex 1223 45 5
    endloop
  endfacet
  facet normal 0 0 1
    outer loop
      vertex 1223 -45 5
      vertex 1216 45 5
      vertex 1216 -45 5
    endloop
  endfacet
  facet normal 0 0 -1
    outer loop
      vertex 1216 -45 -5
      vertex 1223 45 -5
      vertex 1223 -45 -5
    endloop
  endfacet
  facet normal -0 0 -1
    outer loop
      vertex 1223 45 -5
      vertex 1216 -45 -5
      vertex 1216 45 -5
    endloop
  endfacet
  facet normal -1 0 0
    outer loop
      vertex 1216 -45 -5
      vertex 1216 45 5
      vertex 1216 45 -5
    endloop
  endfacet
  facet normal -1 -0 0
    outer loop
      vertex 1216 45 5
      vertex 1216 -45 -5
      vertex 1216 -45 5
    endloop
  endfacet
  facet normal 0 1 -0
    outer loop
      vertex 1223 45 -5
      vertex 1216 45 5
      vertex 1223 45 5
    endloop
  endfacet
  facet normal 0 1 0
    outer loop
      vertex 1216 45 5
      vertex 1223 45 -5
      vertex 1216 45 -5
    endloop
  endfacet
  facet normal 0 -1 0
    outer loop
      vertex 1216 -45 -5
      vertex 1223 -45 5
      vertex 1216 -45 5
    endloop
  endfacet
  facet normal 0 -1 -0
    outer loop
      vertex 1223 -45 5
      vertex 1216 -45 -5
      vertex 1223 -45 -5
    endloop
  endfacet
  facet normal 1 -0 0
    outer loop
      vertex 1231 -45 5
      vertex 1231 45 -5
      vertex 1231 45 5
    endloop
  endfacet
  facet normal 1 0 0
    outer loop
      vertex 1231 45 -5
      vertex 1231 -45 5
      vertex 1231 -45 -5
    endloop
  endfacet
  facet normal -0 0 1
    outer loop
      vertex 1224 45 5
      vertex 1231 -45 5
      vertex 1231 45 5
    endloop
  endfacet
  facet normal 0 0 1
    outer loop
      vertex 1231 -45 5
      vertex 1224 45 5
      vertex 1224 -45 5
    endloop
  endfacet
  facet normal 0 0 -1
    outer loop
      vertex 1224 -45 -5
      vertex 1231 45 -5
      vertex 1231 -45 -5
    endloop
  endfacet
  facet normal -0 0 -1
    outer loop
      vertex 1231 45 -5
      vertex 1224 -45 -5
      vertex 1224 45 -5
    endloop
  endfacet
  facet normal -1 0 0
    outer loop
      vertex 1224 -45 -5
      vertex 1224 45 5
      vertex 1224 45 -5
    endloop
  endfacet
  facet normal -1 -0 0
    outer loop
      vertex 1224 45 5
      vertex 1224 -45 -5
      vertex 1224 -45 5
    endloop
  endfacet
  facet normal 0 1 -0
    outer loop
      vertex 1231 45 -5
      vertex 1224 45 5
      vertex 1231 45 5
    endloop
  endfacet
  facet normal 0 1 0
    outer loop
      vertex 1224 45 5
      vertex 1231 45 -5
      vertex 1224 45 -5
    endloop
  endfacet
  facet normal 0 -1 0
    outer loop
      vertex 1224 -45 -5
      vertex 1231 -45 5
      vertex 1224 -45 5
    endloop
  endfacet
  facet normal 0 -1 -0
    outer loop
      vertex 1231 -45 5
      vertex 1224 -45 -5
      vertex 1231 -45 -5
    endloop
  endfacet
  facet normal 1 -0 0
    outer loop
      vertex 1239 -45 5
      vertex 1239 45 -5
      vertex 1239 45 5
    endloop
  endfacet
  facet normal 1 0 0
    outer loop
      vertex 1239 45 -5
      vertex 1239 -45 5
      vertex 1239 -45 -5
    endloop
  endfacet
  facet normal -0 0 1
    outer loop
      vertex 1232 45 5
      vertex 1239 -45 5
      vertex 1239 45 5
    endloop
  endfacet
  facet normal 0 0 1
    outer loop
      vertex 1239 -45 5
      vertex 1232 45 5
      vertex 1232 -45 5
    endloop
  endfacet
  facet normal 0 0 -1
    outer loop
      vertex 1232 -45 -5
      vertex 1239 45 -5
      vertex 1239 -45 -5
    endloop
  endfacet
  facet normal -0 0 -1
    outer loop
      vertex 1239 45 -5
      vertex 1232 -45 -5
      vertex 1232 45 -5
    endloop
  endfacet
  facet normal -1 0 0
    outer loop
      vertex 1232 -45 -5
      vertex 1232 45 5
      vertex 1232 45 -5
    endloop
  endfacet
  facet normal -1 -0 0
    outer loop
      vertex 1232 45 5
      vertex 1232 -45 -5
      vertex 1232 -45 5
    endloop
  endfacet
  facet normal 0 1 -0
    outer loop
      vertex 1239 45 -5
      vertex 1232 45 5
      vertex 1239 45 5
    endloop
  endfacet
  facet normal 0 1 0
    outer loop
      vertex 1232 45 5
      vertex 1239 45 -5
      vertex 1232 45 -5
    endloop
  endfacet
  facet normal 0 -1 0
    outer loop
      vertex 1232 -45 -5
      vertex 1239 -45 5
      vertex 1232 -45 5
    endloop
  endfacet
  facet normal 0 -1 -0
    outer loop
      vertex 1239 -45 5
      vertex 1232 -45 -5
      vertex 1239 -45 -5
    endloop
  endfacet
  facet normal 1 -0 0
    outer loop
      vertex 1247 -45 5
      vertex 1247 45 -5
      vertex 1247 45 5
    endloop
  endfacet
  facet normal 1 0 0
    outer loop
      vertex 1247 45 -5
      vertex 1247 -45 5
      vertex 1247 -45 -5
    endloop
  endfacet
  facet normal -0 0 1
    outer loop
      vertex 1240 45 5
      vertex 1247 -45 5
      vertex 1247 45 5
    endloop
  endfacet
  facet normal 0 0 1
    outer loop
      vertex 1247 -45 5
      vertex 1240 45 5
      vertex 1240 -45 5
    endloop
  endfacet
  facet normal 0 0 -1
    outer loop
      vertex 1240 -45 -5
      vertex 1247 45 -5
      vertex 1247 -45 -5
    endloop
  endfacet
  facet normal -0 0 -1
    outer loop
      vertex 1247 45 -5
      vertex 1240 -45 -5
      vertex 1240 45 -5
    endloop
  endfacet
  facet normal -1 0 0
    outer loop
      vertex 1240 -45 -5
      vertex 1240 45 5
      vertex 1240 45 -5
    endloop
  endfacet
  facet normal -1 -0 0
    outer loop
      vertex 1240 45 5
      vertex 1240 -45 -5
      vertex 1240 -45 5
    endloop
  endfacet
  facet normal 0 1 -0
    outer loop
      vertex 1247 45 -5
      vertex 1240 45 5
      vertex 1247 45 5
    endloop
  endfacet
  facet normal 0 1 0
    outer loop
      vertex 1240 45 5
      vertex 1247 45 -5
      vertex 1240 45 -5
    endloop
  endfacet
  facet normal 0 -1 0
    outer loop
      vertex 1240 -45 -5
      vertex 1247 -45 5
      vertex 1240 -45 5
    endloop
  endfacet
  facet normal 0 -1 -0
    outer loop
      vertex 1247 -45 5
      vertex 1240 -45 -5
      vertex 1247 -45 -5
    endloop
  endfacet
  facet normal 1 -0 0
    outer loop
      vertex 1255 -45 5
      vertex 1255 45 -5
      vertex 1255 45 5
    endloop
  endfacet
  facet normal 1 0 0
    outer loop
      vertex 1255 45 -5
      vertex 1255 -45 5
      vertex 1255 -45 -5
    endloop
  endfacet
  facet normal -0 0 1
    outer loop
      vertex 1248 45 5
      vertex 1255 -45 5
      vertex 1255 45 5
    endloop
  endfacet
  facet normal 0 0 1
    outer loop
      vertex 1255 -45 5
      vertex 1248 45 5
      vertex 1248 -45 5
    endloop
  endfacet
  facet normal 0 0 -1
    outer loop
      vertex 1248 -45 -5
      vertex 1255 45 -5
      vertex 1255 -45 -5
    endloop
  endfacet
  facet normal -0 0 -1
    outer loop
      vertex 1255 45 -5
      vertex 1248 -45 -5
      vertex 1248 45 -5
    endloop
  endfacet
  facet normal -1 0 0
    outer loop
      vertex 1248 -45 -5
      vertex 1248 45 5
      vertex 1248 45 -5
    endloop
  endfacet
  facet normal -1 -0 0
    outer loop
      vertex 1248 45 5
      vertex 1248 -45 -5
      vertex 1248 -45 5
    endloop
  endfacet
  facet normal 0 1 -0
    outer loop
      vertex 1255 45 -5
      vertex 1248 45 5
      vertex 1255 45 5
    endloop
  endfacet
  facet normal 0 1 0
    outer loop
      vertex 1248 45 5
      vertex 1255 45 -5
      vertex 1248 45 -5
    endloop
  endfacet
  facet normal 0 -1 0
    outer loop
      vertex 1248 -45 -5
      vertex 1255 -45 5
      vertex 1248 -45 5
    endloop
  endfacet
  facet normal 0 -1 -0
    outer loop
      vertex 1255 -45 5
      vertex 1248 -45 -5
      vertex 1255 -45 -5
    endloop
  endfacet
  facet normal 1 -0 0
    outer loop
      vertex 1263 -45 5
      vertex 1263 45 -5
      vertex 1263 45 5
    endloop
  endfacet
  facet normal 1 0 0
    outer loop
      vertex 1263 45 -5
      vertex 1263 -45 5
      vertex 1263 -45 -5
    endloop
  endfacet
  facet normal -0 0 1
    outer loop
      vertex 1256 45 5
      vertex 1263 -45 5
      vertex 1263 45 5
    endloop
  endfacet
  facet normal 0 0 1
    outer loop
      vertex 1263 -45 5
      vertex 1256 45 5
      vertex 1256 -45 5
    endloop
  endfacet
  facet normal 0 0 -1
    outer loop
      vertex 1256 -45 -5
      vertex 1263 45 -5
      vertex 1263 -45 -5
    endloop
  endfacet
  facet normal -0 0 -1
    outer loop
      vertex 1263 45 -5
      vertex 1256 -45 -5
      vertex 1256 45 -5
    endloop
  endfacet
  facet normal -1 0 0
    outer loop
      vertex 1256 -45 -5
      vertex 1256 45 5
      vertex 1256 45 -5
    endloop
  endfacet
  facet normal -1 -0 0
    outer loop
      vertex 1256 45 5
      vertex 1256 -45 -5
      vertex 1256 -45 5
    endloop
  endfacet
  facet normal 0 1 -0
    outer loop
      vertex 1263 45 -5
      vertex 1256 45 5
      vertex 1263 45 5
    endloop
  endfacet
  facet normal 0 1 0
    outer loop
      vertex 1256 45 5
      vertex 1263 45 -5
      vertex 1256 45 -5
    endloop
  endfacet
  facet normal 0 -1 0
    outer loop
      vertex 1256 -45 -5
      vertex 1263 -45 5
      vertex 1256 -45 5
    endloop
  endfacet
  facet normal 0 -1 -0
    outer loop
      vertex 1263 -45 5
      vertex 1256 -45 -5
      vertex 1263 -45 -5
    endloop
  endfacet
  facet normal 1 -0 0
    outer loop
      vertex 1271 -45 5
      vertex 1271 45 -5
      vertex 1271 45 5
    endloop
  endfacet
  facet normal 1 0 0
    outer loop
      vertex 1271 45 -5
      vertex 1271 -45 5
      vertex 1271 -45 -5
    endloop
  endfacet
  facet normal -0 0 1
    outer loop
      vertex 1264 45 5
      vertex 1271 -45 5
      vertex 1271 45 5
    endloop
  endfacet
  facet normal 0 0 1
    outer loop
      vertex 1271 -45 5
      vertex 1264 45 5
      vertex 1264 -45 5
    endloop
  endfacet
  facet normal 0 0 -1
    outer loop
      vertex 1264 -45 -5
      vertex 1271 45 -5
      vertex 1271 -45 -5
    endloop
  endfacet
  facet normal -0 0 -1
    outer loop
      vertex 1271 45 -5
      vertex 1264 -45 -5
      vertex 1264 45 -5
    endloop
  endfacet
  facet normal -1 0 0
    outer loop
      vertex 1264 -45 -5
      vertex 1264 45 5
      vertex 1264 45 -5
    endloop
  endfacet
  facet normal -1 -0 0
    outer loop
      vertex 1264 45 5
      vertex 1264 -45 -5
      vertex 1264 -45 5
    endloop
  endfacet
  facet normal 0 1 -0
    outer loop
      vertex 1271 45 -5
      vertex 1264 45 5
      vertex 1271 45 5
    endloop
  endfacet
  facet normal 0 1 0
    outer loop
      vertex 1264 45 5
      vertex 1271 45 -5
      vertex 1264 45 -5
    endloop
  endfacet
  facet normal 0 -1 0
    outer loop
      vertex 1264 -45 -5
      vertex 1271 -45 5
      vertex 1264 -45 5
    endloop
  endfacet
  facet normal 0 -1 -0
    outer loop
      vertex 1271 -45 5
      vertex 1264 -45 -5
      vertex 1271 -45 -5
    endloop
  endfacet
  facet normal 1 -0 0
    outer loop
      vertex 1279 -45 5
      vertex 1279 45 -5
      vertex 1279 45 5
    endloop
  endfacet
  facet normal 1 0 0
    outer loop
      vertex 1279 45 -5
      vertex 1279 -45 5
      vertex 1279 -45 -5
    endloop
  endfacet
  facet normal -0 0 1
    outer loop
      vertex 1272 45 5
      vertex 1279 -45 5
      vertex 1279 45 5
    endloop
  endfacet
  facet normal 0 0 1
    outer loop
      vertex 1279 -45 5
      vertex 1272 45 5
      vertex 1272 -45 5
    endloop
  endfacet
  facet normal 0 0 -1
    outer loop
      vertex 1272 -45 -5
      vertex 1279 45 -5
      vertex 1279 -45 -5
    endloop
  endfacet
  facet normal -0 0 -1
    outer loop
      vertex 1279 45 -5
      vertex 1272 -45 -5
      vertex 1272 45 -5
    endloop
  endfacet
  facet normal -1 0 0
    outer loop
      vertex 1272 -45 -5
      vertex 1272 45 5
      vertex 1272 45 -5
    endloop
  endfacet
  facet normal -1 -0 0
    outer loop
      vertex 1272 45 5
      vertex 1272 -45 -5
      vertex 1272 -45 5
    endloop
  endfacet
  facet normal 0 1 -0
    outer loop
      vertex 1279 45 -5
      vertex 1272 45 5
      vertex 1279 45 5
    endloop
  endfacet
  facet normal 0 1 0
    outer loop
      vertex 1272 45 5
      vertex 1279 45 -5
      vertex 1272 45 -5
    endloop
  endfacet
  facet normal 0 -1 0
    outer loop
      vertex 1272 -45 -5
      vertex 1279 -45 5
      vertex 1272 -45 5
    endloop
  endfacet
  facet normal 0 -1 -0
    outer loop
      vertex 1279 -45 5
      vertex 1272 -45 -5
      vertex 1279 -45 -5
    endloop
  endfacet
  facet normal 1 -0 0
    outer loop
      vertex 1287 -45 5
      vertex 1287 45 -5
      vertex 1287 45 5
    endloop
  endfacet
  facet normal 1 0 0
    outer loop
      vertex 1287 45 -5
      vertex 1287 -45 5
      vertex 1287 -45 -5
    endloop
  endfacet
  facet normal -0 0 1
    outer loop
      vertex 1280 45 5
      vertex 1287 -45 5
      vertex 1287 45 5
    endloop
  endfacet
  facet normal 0 0 1
    outer loop
      vertex 1287 -45 5
      vertex 1280 45 5
      vertex 1280 -45 5
    endloop
  endfacet
  facet normal 0 0 -1
    outer loop
      vertex 1280 -45 -5
      vertex 1287 45 -5
      vertex 1287 -45 -5
    endloop
  endfacet
  facet normal -0 0 -1
    outer loop
      vertex 1287 45 -5
      vertex 1280 -45 -5
      vertex 1280 45 -5
    endloop
  endfacet
  facet normal -1 0 0
    outer loop
      vertex 1280 -45 -5
      vertex 1280 45 5
      vertex 1280 45 -5
    endloop
  endfacet
  facet normal -1 -0 0
    outer loop
      vertex 1280 45 5
      vertex 1280 -45 -5
      vertex 1280 -45 5
    endloop
  endfacet
  facet normal 0 1 -0
    outer loop
      vertex 1287 45 -5
      vertex 1280 45 5
      vertex 1287 45 5
    endloop
  endfacet
  facet normal 0 1 0
    outer loop
      vertex 1280 45 5
      vertex 1287 45 -5
      vertex 1280 45 -5
    endloop
  endfacet
  facet normal 0 -1 0
    outer loop
      vertex 1280 -45 -5
      vertex 1287 -45 5
      vertex 1280 -45 5
    endloop
  endfacet
  facet normal 0 -1 -0
    outer loop
      vertex 1287 -45 5
      vertex 1280 -45 -5
      vertex 1287 -45 -5
    endloop
  endfacet
  facet normal 1 -0 0
    outer loop
      vertex 1295 -45 5
      vertex 1295 45 -5
      vertex 1295 45 5
    endloop
  endfacet
  facet normal 1 0 0
    outer loop
      vertex 1295 45 -5
      vertex 1295 -45 5
      vertex 1295 -45 -5
    endloop
  endfacet
  facet normal -0 0 1
    outer loop
      vertex 1288 45 5
      vertex 1295 -45 5
      vertex 1295 45 5
    endloop
  endfacet
  facet normal 0 0 1
    outer loop
      vertex 1295 -45 5
      vertex 1288 45 5
      vertex 1288 -45 5
    endloop
  endfacet
  facet normal 0 0 -1
    outer loop
      vertex 1288 -45 -5
      vertex 1295 45 -5
      vertex 1295 -45 -5
    endloop
  endfacet
  facet normal -0 0 -1
    outer loop
      vertex 1295 45 -5
      vertex 1288 -45 -5
      vertex 1288 45 -5
    endloop
  endfacet
  facet normal -1 0 0
    outer loop
      vertex 1288 -45 -5
      vertex 1288 45 5
      vertex 1288 45 -5
    endloop
  endfacet
  facet normal -1 -0 0
    outer loop
      vertex 1288 45 5
      vertex 1288 -45 -5
      vertex 1288 -45 5
    endloop
  endfacet
  facet normal 0 1 -0
    outer loop
      vertex 1295 45 -5
      vertex 1288 45 5
      vertex 1295 45 5
    endloop
  endfacet
  facet normal 0 1 0
    outer loop
      vertex 1288 45 5
      vertex 1295 45 -5
      vertex 1288 45 -5
    endloop
  endfacet
  facet normal 0 -1 0
    outer loop
      vertex 1288 -45 -5
      vertex 1295 -45 5
      vertex 1288 -45 5
    endloop
  endfacet
  facet normal 0 -1 -0
    outer loop
      vertex 1295 -45 5
      vertex 1288 -45 -5
      vertex 1295 -45 -5
    endloop
  endfacet
endsolid OpenSCAD_Model
