ISO-10303-21;
HEADER;
/* Generated by software containing ST-Developer
 * from STEP Tools, Inc. (www.steptools.com) 
 */

FILE_DESCRIPTION(
/* description */ (''),
/* implementation_level */ '2;1');

FILE_NAME(
/* name */ 'EMOCD_Deployer_Assembly_Gen1.step',
/* time_stamp */ '2026-07-28T19:08:10+05:30',
/* author */ (''),
/* organization */ (''),
/* preprocessor_version */ 'ST-DEVELOPER v20.1',
/* originating_system */ 'Autodesk Translation Framework v15.8.0.0',
/* authorisation */ '');

FILE_SCHEMA (('AUTOMOTIVE_DESIGN { 1 0 10303 214 3 1 1 }'));
ENDSEC;

DATA;
#10=MECHANICAL_DESIGN_GEOMETRIC_PRESENTATION_REPRESENTATION('',(#57,#58,
#59,#60,#61,#62,#63,#64,#65,#66,#67,#68,#69,#70,#71,#72,#73,#74,#75,#76,
#77,#78,#79,#80,#81,#82,#83,#84,#85,#86,#87,#88,#89,#90,#91,#92,#93),#6092);
#11=ITEM_DEFINED_TRANSFORMATION($,$,#3838,#4076);
#12=ITEM_DEFINED_TRANSFORMATION($,$,#3859,#4077);
#13=ITEM_DEFINED_TRANSFORMATION($,$,#3866,#4078);
#14=ITEM_DEFINED_TRANSFORMATION($,$,#3915,#4079);
#15=ITEM_DEFINED_TRANSFORMATION($,$,#3976,#4080);
#16=ITEM_DEFINED_TRANSFORMATION($,$,#4049,#4081);
#17=ITEM_DEFINED_TRANSFORMATION($,$,#4068,#4082);
#18=ITEM_DEFINED_TRANSFORMATION($,$,#4075,#4083);
#19=(
REPRESENTATION_RELATIONSHIP($,$,#6124,#6123)
REPRESENTATION_RELATIONSHIP_WITH_TRANSFORMATION(#11)
SHAPE_REPRESENTATION_RELATIONSHIP()
);
#20=(
REPRESENTATION_RELATIONSHIP($,$,#6125,#6123)
REPRESENTATION_RELATIONSHIP_WITH_TRANSFORMATION(#12)
SHAPE_REPRESENTATION_RELATIONSHIP()
);
#21=(
REPRESENTATION_RELATIONSHIP($,$,#6126,#6123)
REPRESENTATION_RELATIONSHIP_WITH_TRANSFORMATION(#13)
SHAPE_REPRESENTATION_RELATIONSHIP()
);
#22=(
REPRESENTATION_RELATIONSHIP($,$,#6127,#6123)
REPRESENTATION_RELATIONSHIP_WITH_TRANSFORMATION(#14)
SHAPE_REPRESENTATION_RELATIONSHIP()
);
#23=(
REPRESENTATION_RELATIONSHIP($,$,#6128,#6123)
REPRESENTATION_RELATIONSHIP_WITH_TRANSFORMATION(#15)
SHAPE_REPRESENTATION_RELATIONSHIP()
);
#24=(
REPRESENTATION_RELATIONSHIP($,$,#6129,#6123)
REPRESENTATION_RELATIONSHIP_WITH_TRANSFORMATION(#16)
SHAPE_REPRESENTATION_RELATIONSHIP()
);
#25=(
REPRESENTATION_RELATIONSHIP($,$,#6130,#6123)
REPRESENTATION_RELATIONSHIP_WITH_TRANSFORMATION(#17)
SHAPE_REPRESENTATION_RELATIONSHIP()
);
#26=(
REPRESENTATION_RELATIONSHIP($,$,#6131,#6123)
REPRESENTATION_RELATIONSHIP_WITH_TRANSFORMATION(#18)
SHAPE_REPRESENTATION_RELATIONSHIP()
);
#27=CONTEXT_DEPENDENT_SHAPE_REPRESENTATION(#19,#6115);
#28=CONTEXT_DEPENDENT_SHAPE_REPRESENTATION(#20,#6116);
#29=CONTEXT_DEPENDENT_SHAPE_REPRESENTATION(#21,#6117);
#30=CONTEXT_DEPENDENT_SHAPE_REPRESENTATION(#22,#6118);
#31=CONTEXT_DEPENDENT_SHAPE_REPRESENTATION(#23,#6119);
#32=CONTEXT_DEPENDENT_SHAPE_REPRESENTATION(#24,#6120);
#33=CONTEXT_DEPENDENT_SHAPE_REPRESENTATION(#25,#6121);
#34=CONTEXT_DEPENDENT_SHAPE_REPRESENTATION(#26,#6122);
#35=NEXT_ASSEMBLY_USAGE_OCCURRENCE('01_Track:1','01_Track:1',
'01_Track:1',#6133,#6134,'01_Track:1');
#36=NEXT_ASSEMBLY_USAGE_OCCURRENCE('02_Stator:1','02_Stator:1',
'02_Stator:1',#6133,#6135,'02_Stator:1');
#37=NEXT_ASSEMBLY_USAGE_OCCURRENCE('03_Sled:1','03_Sled:1','03_Sled:1',
#6133,#6136,'03_Sled:1');
#38=NEXT_ASSEMBLY_USAGE_OCCURRENCE('04_Cassettes:1','04_Cassettes:1',
'04_Cassettes:1',#6133,#6137,'04_Cassettes:1');
#39=NEXT_ASSEMBLY_USAGE_OCCURRENCE('05_Payload:1','05_Payload:1',
'05_Payload:1',#6133,#6138,'05_Payload:1');
#40=NEXT_ASSEMBLY_USAGE_OCCURRENCE('06_Brake:1','06_Brake:1',
'06_Brake:1',#6133,#6139,'06_Brake:1');
#41=NEXT_ASSEMBLY_USAGE_OCCURRENCE('07_Interface:1','07_Interface:1',
'07_Interface:1',#6133,#6140,'07_Interface:1');
#42=NEXT_ASSEMBLY_USAGE_OCCURRENCE('08_Annotation:1','08_Annotation:1',
'08_Annotation:1',#6133,#6141,'08_Annotation:1');
#43=SHAPE_REPRESENTATION_RELATIONSHIP('SRR','None',#6124,#50);
#44=SHAPE_REPRESENTATION_RELATIONSHIP('SRR','None',#6125,#51);
#45=SHAPE_REPRESENTATION_RELATIONSHIP('SRR','None',#6126,#52);
#46=SHAPE_REPRESENTATION_RELATIONSHIP('SRR','None',#6127,#53);
#47=SHAPE_REPRESENTATION_RELATIONSHIP('SRR','None',#6128,#54);
#48=SHAPE_REPRESENTATION_RELATIONSHIP('SRR','None',#6129,#55);
#49=SHAPE_REPRESENTATION_RELATIONSHIP('SRR','None',#6130,#56);
#50=ADVANCED_BREP_SHAPE_REPRESENTATION('',(#94,#95),#6084);
#51=ADVANCED_BREP_SHAPE_REPRESENTATION('',(#96),#6085);
#52=ADVANCED_BREP_SHAPE_REPRESENTATION('',(#97,#98,#99,#100,#101,#102,#103,
#104),#6086);
#53=ADVANCED_BREP_SHAPE_REPRESENTATION('',(#105,#106,#107,#108,#109,#110,
#111,#112,#113,#114),#6087);
#54=ADVANCED_BREP_SHAPE_REPRESENTATION('',(#115,#116,#117,#118,#119,#120,
#121,#122,#123,#124,#125,#126),#6088);
#55=ADVANCED_BREP_SHAPE_REPRESENTATION('',(#127,#128,#129),#6089);
#56=ADVANCED_BREP_SHAPE_REPRESENTATION('',(#130),#6090);
#57=STYLED_ITEM('',(#6173),#94);
#58=STYLED_ITEM('',(#6173),#95);
#59=STYLED_ITEM('',(#6174),#96);
#60=STYLED_ITEM('',(#6175),#97);
#61=STYLED_ITEM('',(#6175),#98);
#62=STYLED_ITEM('',(#6176),#99);
#63=STYLED_ITEM('',(#6176),#100);
#64=STYLED_ITEM('',(#6176),#101);
#65=STYLED_ITEM('',(#6176),#102);
#66=STYLED_ITEM('',(#6176),#103);
#67=STYLED_ITEM('',(#6177),#104);
#68=STYLED_ITEM('',(#6178),#105);
#69=STYLED_ITEM('',(#6178),#106);
#70=STYLED_ITEM('',(#6178),#107);
#71=STYLED_ITEM('',(#6178),#108);
#72=STYLED_ITEM('',(#6178),#109);
#73=STYLED_ITEM('',(#6178),#110);
#74=STYLED_ITEM('',(#6178),#111);
#75=STYLED_ITEM('',(#6178),#112);
#76=STYLED_ITEM('',(#6178),#113);
#77=STYLED_ITEM('',(#6178),#114);
#78=STYLED_ITEM('',(#6179),#115);
#79=STYLED_ITEM('',(#6179),#116);
#80=STYLED_ITEM('',(#6179),#117);
#81=STYLED_ITEM('',(#6179),#118);
#82=STYLED_ITEM('',(#6179),#119);
#83=STYLED_ITEM('',(#6179),#120);
#84=STYLED_ITEM('',(#6179),#121);
#85=STYLED_ITEM('',(#6179),#122);
#86=STYLED_ITEM('',(#6179),#123);
#87=STYLED_ITEM('',(#6179),#124);
#88=STYLED_ITEM('',(#6179),#125);
#89=STYLED_ITEM('',(#6179),#126);
#90=STYLED_ITEM('',(#6172),#127);
#91=STYLED_ITEM('',(#6172),#128);
#92=STYLED_ITEM('',(#6180),#129);
#93=STYLED_ITEM('',(#6181),#130);
#94=MANIFOLD_SOLID_BREP('longeron_P',#3711);
#95=MANIFOLD_SOLID_BREP('longeron_S',#3712);
#96=MANIFOLD_SOLID_BREP('stator_winding',#3713);
#97=MANIFOLD_SOLID_BREP('halbach_array_upper',#3714);
#98=MANIFOLD_SOLID_BREP('halbach_array_lower',#3715);
#99=MANIFOLD_SOLID_BREP('chassis_plate_upper',#3716);
#100=MANIFOLD_SOLID_BREP('chassis_plate_lower',#3717);
#101=MANIFOLD_SOLID_BREP('chassis_web_P',#3718);
#102=MANIFOLD_SOLID_BREP('chassis_web_S',#3719);
#103=MANIFOLD_SOLID_BREP('payload_backstop',#3720);
#104=MANIFOLD_SOLID_BREP('brake_fin_copper',#3721);
#105=MANIFOLD_SOLID_BREP('cassette_wall_P',#3722);
#106=MANIFOLD_SOLID_BREP('cassette_end_aft_P',#3723);
#107=MANIFOLD_SOLID_BREP('cassette_end_fwd_P',#3724);
#108=MANIFOLD_SOLID_BREP('cassette_floor_P',#3725);
#109=MANIFOLD_SOLID_BREP('cassette_roof_P',#3726);
#110=MANIFOLD_SOLID_BREP('cassette_wall_S',#3727);
#111=MANIFOLD_SOLID_BREP('cassette_end_aft_S',#3728);
#112=MANIFOLD_SOLID_BREP('cassette_end_fwd_S',#3729);
#113=MANIFOLD_SOLID_BREP('cassette_floor_S',#3730);
#114=MANIFOLD_SOLID_BREP('cassette_roof_S',#3731);
#115=MANIFOLD_SOLID_BREP('cubesat_3U_P1',#3732);
#116=MANIFOLD_SOLID_BREP('cubesat_3U_P2',#3733);
#117=MANIFOLD_SOLID_BREP('cubesat_3U_P3',#3734);
#118=MANIFOLD_SOLID_BREP('cubesat_3U_P4',#3735);
#119=MANIFOLD_SOLID_BREP('cubesat_3U_P5',#3736);
#120=MANIFOLD_SOLID_BREP('cubesat_3U_P6',#3737);
#121=MANIFOLD_SOLID_BREP('cubesat_3U_S1',#3738);
#122=MANIFOLD_SOLID_BREP('cubesat_3U_S2',#3739);
#123=MANIFOLD_SOLID_BREP('cubesat_3U_S3',#3740);
#124=MANIFOLD_SOLID_BREP('cubesat_3U_S4',#3741);
#125=MANIFOLD_SOLID_BREP('cubesat_3U_S5',#3742);
#126=MANIFOLD_SOLID_BREP('cubesat_3U_on_sled',#3743);
#127=MANIFOLD_SOLID_BREP('brake_pole_upper',#3744);
#128=MANIFOLD_SOLID_BREP('brake_pole_lower',#3745);
#129=MANIFOLD_SOLID_BREP('ring_spring_stop',#3746);
#130=MANIFOLD_SOLID_BREP('espa_mount_plate',#3747);
#131=FACE_BOUND('',#371,.T.);
#132=FACE_BOUND('',#374,.T.);
#133=FACE_BOUND('',#383,.T.);
#134=FACE_BOUND('',#386,.T.);
#135=FACE_OUTER_BOUND('',#365,.T.);
#136=FACE_OUTER_BOUND('',#366,.T.);
#137=FACE_OUTER_BOUND('',#367,.T.);
#138=FACE_OUTER_BOUND('',#368,.T.);
#139=FACE_OUTER_BOUND('',#369,.T.);
#140=FACE_OUTER_BOUND('',#370,.T.);
#141=FACE_OUTER_BOUND('',#372,.T.);
#142=FACE_OUTER_BOUND('',#373,.T.);
#143=FACE_OUTER_BOUND('',#375,.T.);
#144=FACE_OUTER_BOUND('',#376,.T.);
#145=FACE_OUTER_BOUND('',#377,.T.);
#146=FACE_OUTER_BOUND('',#378,.T.);
#147=FACE_OUTER_BOUND('',#379,.T.);
#148=FACE_OUTER_BOUND('',#380,.T.);
#149=FACE_OUTER_BOUND('',#381,.T.);
#150=FACE_OUTER_BOUND('',#382,.T.);
#151=FACE_OUTER_BOUND('',#384,.T.);
#152=FACE_OUTER_BOUND('',#385,.T.);
#153=FACE_OUTER_BOUND('',#387,.T.);
#154=FACE_OUTER_BOUND('',#388,.T.);
#155=FACE_OUTER_BOUND('',#389,.T.);
#156=FACE_OUTER_BOUND('',#390,.T.);
#157=FACE_OUTER_BOUND('',#391,.T.);
#158=FACE_OUTER_BOUND('',#392,.T.);
#159=FACE_OUTER_BOUND('',#393,.T.);
#160=FACE_OUTER_BOUND('',#394,.T.);
#161=FACE_OUTER_BOUND('',#395,.T.);
#162=FACE_OUTER_BOUND('',#396,.T.);
#163=FACE_OUTER_BOUND('',#397,.T.);
#164=FACE_OUTER_BOUND('',#398,.T.);
#165=FACE_OUTER_BOUND('',#399,.T.);
#166=FACE_OUTER_BOUND('',#400,.T.);
#167=FACE_OUTER_BOUND('',#401,.T.);
#168=FACE_OUTER_BOUND('',#402,.T.);
#169=FACE_OUTER_BOUND('',#403,.T.);
#170=FACE_OUTER_BOUND('',#404,.T.);
#171=FACE_OUTER_BOUND('',#405,.T.);
#172=FACE_OUTER_BOUND('',#406,.T.);
#173=FACE_OUTER_BOUND('',#407,.T.);
#174=FACE_OUTER_BOUND('',#408,.T.);
#175=FACE_OUTER_BOUND('',#409,.T.);
#176=FACE_OUTER_BOUND('',#410,.T.);
#177=FACE_OUTER_BOUND('',#411,.T.);
#178=FACE_OUTER_BOUND('',#412,.T.);
#179=FACE_OUTER_BOUND('',#413,.T.);
#180=FACE_OUTER_BOUND('',#414,.T.);
#181=FACE_OUTER_BOUND('',#415,.T.);
#182=FACE_OUTER_BOUND('',#416,.T.);
#183=FACE_OUTER_BOUND('',#417,.T.);
#184=FACE_OUTER_BOUND('',#418,.T.);
#185=FACE_OUTER_BOUND('',#419,.T.);
#186=FACE_OUTER_BOUND('',#420,.T.);
#187=FACE_OUTER_BOUND('',#421,.T.);
#188=FACE_OUTER_BOUND('',#422,.T.);
#189=FACE_OUTER_BOUND('',#423,.T.);
#190=FACE_OUTER_BOUND('',#424,.T.);
#191=FACE_OUTER_BOUND('',#425,.T.);
#192=FACE_OUTER_BOUND('',#426,.T.);
#193=FACE_OUTER_BOUND('',#427,.T.);
#194=FACE_OUTER_BOUND('',#428,.T.);
#195=FACE_OUTER_BOUND('',#429,.T.);
#196=FACE_OUTER_BOUND('',#430,.T.);
#197=FACE_OUTER_BOUND('',#431,.T.);
#198=FACE_OUTER_BOUND('',#432,.T.);
#199=FACE_OUTER_BOUND('',#433,.T.);
#200=FACE_OUTER_BOUND('',#434,.T.);
#201=FACE_OUTER_BOUND('',#435,.T.);
#202=FACE_OUTER_BOUND('',#436,.T.);
#203=FACE_OUTER_BOUND('',#437,.T.);
#204=FACE_OUTER_BOUND('',#438,.T.);
#205=FACE_OUTER_BOUND('',#439,.T.);
#206=FACE_OUTER_BOUND('',#440,.T.);
#207=FACE_OUTER_BOUND('',#441,.T.);
#208=FACE_OUTER_BOUND('',#442,.T.);
#209=FACE_OUTER_BOUND('',#443,.T.);
#210=FACE_OUTER_BOUND('',#444,.T.);
#211=FACE_OUTER_BOUND('',#445,.T.);
#212=FACE_OUTER_BOUND('',#446,.T.);
#213=FACE_OUTER_BOUND('',#447,.T.);
#214=FACE_OUTER_BOUND('',#448,.T.);
#215=FACE_OUTER_BOUND('',#449,.T.);
#216=FACE_OUTER_BOUND('',#450,.T.);
#217=FACE_OUTER_BOUND('',#451,.T.);
#218=FACE_OUTER_BOUND('',#452,.T.);
#219=FACE_OUTER_BOUND('',#453,.T.);
#220=FACE_OUTER_BOUND('',#454,.T.);
#221=FACE_OUTER_BOUND('',#455,.T.);
#222=FACE_OUTER_BOUND('',#456,.T.);
#223=FACE_OUTER_BOUND('',#457,.T.);
#224=FACE_OUTER_BOUND('',#458,.T.);
#225=FACE_OUTER_BOUND('',#459,.T.);
#226=FACE_OUTER_BOUND('',#460,.T.);
#227=FACE_OUTER_BOUND('',#461,.T.);
#228=FACE_OUTER_BOUND('',#462,.T.);
#229=FACE_OUTER_BOUND('',#463,.T.);
#230=FACE_OUTER_BOUND('',#464,.T.);
#231=FACE_OUTER_BOUND('',#465,.T.);
#232=FACE_OUTER_BOUND('',#466,.T.);
#233=FACE_OUTER_BOUND('',#467,.T.);
#234=FACE_OUTER_BOUND('',#468,.T.);
#235=FACE_OUTER_BOUND('',#469,.T.);
#236=FACE_OUTER_BOUND('',#470,.T.);
#237=FACE_OUTER_BOUND('',#471,.T.);
#238=FACE_OUTER_BOUND('',#472,.T.);
#239=FACE_OUTER_BOUND('',#473,.T.);
#240=FACE_OUTER_BOUND('',#474,.T.);
#241=FACE_OUTER_BOUND('',#475,.T.);
#242=FACE_OUTER_BOUND('',#476,.T.);
#243=FACE_OUTER_BOUND('',#477,.T.);
#244=FACE_OUTER_BOUND('',#478,.T.);
#245=FACE_OUTER_BOUND('',#479,.T.);
#246=FACE_OUTER_BOUND('',#480,.T.);
#247=FACE_OUTER_BOUND('',#481,.T.);
#248=FACE_OUTER_BOUND('',#482,.T.);
#249=FACE_OUTER_BOUND('',#483,.T.);
#250=FACE_OUTER_BOUND('',#484,.T.);
#251=FACE_OUTER_BOUND('',#485,.T.);
#252=FACE_OUTER_BOUND('',#486,.T.);
#253=FACE_OUTER_BOUND('',#487,.T.);
#254=FACE_OUTER_BOUND('',#488,.T.);
#255=FACE_OUTER_BOUND('',#489,.T.);
#256=FACE_OUTER_BOUND('',#490,.T.);
#257=FACE_OUTER_BOUND('',#491,.T.);
#258=FACE_OUTER_BOUND('',#492,.T.);
#259=FACE_OUTER_BOUND('',#493,.T.);
#260=FACE_OUTER_BOUND('',#494,.T.);
#261=FACE_OUTER_BOUND('',#495,.T.);
#262=FACE_OUTER_BOUND('',#496,.T.);
#263=FACE_OUTER_BOUND('',#497,.T.);
#264=FACE_OUTER_BOUND('',#498,.T.);
#265=FACE_OUTER_BOUND('',#499,.T.);
#266=FACE_OUTER_BOUND('',#500,.T.);
#267=FACE_OUTER_BOUND('',#501,.T.);
#268=FACE_OUTER_BOUND('',#502,.T.);
#269=FACE_OUTER_BOUND('',#503,.T.);
#270=FACE_OUTER_BOUND('',#504,.T.);
#271=FACE_OUTER_BOUND('',#505,.T.);
#272=FACE_OUTER_BOUND('',#506,.T.);
#273=FACE_OUTER_BOUND('',#507,.T.);
#274=FACE_OUTER_BOUND('',#508,.T.);
#275=FACE_OUTER_BOUND('',#509,.T.);
#276=FACE_OUTER_BOUND('',#510,.T.);
#277=FACE_OUTER_BOUND('',#511,.T.);
#278=FACE_OUTER_BOUND('',#512,.T.);
#279=FACE_OUTER_BOUND('',#513,.T.);
#280=FACE_OUTER_BOUND('',#514,.T.);
#281=FACE_OUTER_BOUND('',#515,.T.);
#282=FACE_OUTER_BOUND('',#516,.T.);
#283=FACE_OUTER_BOUND('',#517,.T.);
#284=FACE_OUTER_BOUND('',#518,.T.);
#285=FACE_OUTER_BOUND('',#519,.T.);
#286=FACE_OUTER_BOUND('',#520,.T.);
#287=FACE_OUTER_BOUND('',#521,.T.);
#288=FACE_OUTER_BOUND('',#522,.T.);
#289=FACE_OUTER_BOUND('',#523,.T.);
#290=FACE_OUTER_BOUND('',#524,.T.);
#291=FACE_OUTER_BOUND('',#525,.T.);
#292=FACE_OUTER_BOUND('',#526,.T.);
#293=FACE_OUTER_BOUND('',#527,.T.);
#294=FACE_OUTER_BOUND('',#528,.T.);
#295=FACE_OUTER_BOUND('',#529,.T.);
#296=FACE_OUTER_BOUND('',#530,.T.);
#297=FACE_OUTER_BOUND('',#531,.T.);
#298=FACE_OUTER_BOUND('',#532,.T.);
#299=FACE_OUTER_BOUND('',#533,.T.);
#300=FACE_OUTER_BOUND('',#534,.T.);
#301=FACE_OUTER_BOUND('',#535,.T.);
#302=FACE_OUTER_BOUND('',#536,.T.);
#303=FACE_OUTER_BOUND('',#537,.T.);
#304=FACE_OUTER_BOUND('',#538,.T.);
#305=FACE_OUTER_BOUND('',#539,.T.);
#306=FACE_OUTER_BOUND('',#540,.T.);
#307=FACE_OUTER_BOUND('',#541,.T.);
#308=FACE_OUTER_BOUND('',#542,.T.);
#309=FACE_OUTER_BOUND('',#543,.T.);
#310=FACE_OUTER_BOUND('',#544,.T.);
#311=FACE_OUTER_BOUND('',#545,.T.);
#312=FACE_OUTER_BOUND('',#546,.T.);
#313=FACE_OUTER_BOUND('',#547,.T.);
#314=FACE_OUTER_BOUND('',#548,.T.);
#315=FACE_OUTER_BOUND('',#549,.T.);
#316=FACE_OUTER_BOUND('',#550,.T.);
#317=FACE_OUTER_BOUND('',#551,.T.);
#318=FACE_OUTER_BOUND('',#552,.T.);
#319=FACE_OUTER_BOUND('',#553,.T.);
#320=FACE_OUTER_BOUND('',#554,.T.);
#321=FACE_OUTER_BOUND('',#555,.T.);
#322=FACE_OUTER_BOUND('',#556,.T.);
#323=FACE_OUTER_BOUND('',#557,.T.);
#324=FACE_OUTER_BOUND('',#558,.T.);
#325=FACE_OUTER_BOUND('',#559,.T.);
#326=FACE_OUTER_BOUND('',#560,.T.);
#327=FACE_OUTER_BOUND('',#561,.T.);
#328=FACE_OUTER_BOUND('',#562,.T.);
#329=FACE_OUTER_BOUND('',#563,.T.);
#330=FACE_OUTER_BOUND('',#564,.T.);
#331=FACE_OUTER_BOUND('',#565,.T.);
#332=FACE_OUTER_BOUND('',#566,.T.);
#333=FACE_OUTER_BOUND('',#567,.T.);
#334=FACE_OUTER_BOUND('',#568,.T.);
#335=FACE_OUTER_BOUND('',#569,.T.);
#336=FACE_OUTER_BOUND('',#570,.T.);
#337=FACE_OUTER_BOUND('',#571,.T.);
#338=FACE_OUTER_BOUND('',#572,.T.);
#339=FACE_OUTER_BOUND('',#573,.T.);
#340=FACE_OUTER_BOUND('',#574,.T.);
#341=FACE_OUTER_BOUND('',#575,.T.);
#342=FACE_OUTER_BOUND('',#576,.T.);
#343=FACE_OUTER_BOUND('',#577,.T.);
#344=FACE_OUTER_BOUND('',#578,.T.);
#345=FACE_OUTER_BOUND('',#579,.T.);
#346=FACE_OUTER_BOUND('',#580,.T.);
#347=FACE_OUTER_BOUND('',#581,.T.);
#348=FACE_OUTER_BOUND('',#582,.T.);
#349=FACE_OUTER_BOUND('',#583,.T.);
#350=FACE_OUTER_BOUND('',#584,.T.);
#351=FACE_OUTER_BOUND('',#585,.T.);
#352=FACE_OUTER_BOUND('',#586,.T.);
#353=FACE_OUTER_BOUND('',#587,.T.);
#354=FACE_OUTER_BOUND('',#588,.T.);
#355=FACE_OUTER_BOUND('',#589,.T.);
#356=FACE_OUTER_BOUND('',#590,.T.);
#357=FACE_OUTER_BOUND('',#591,.T.);
#358=FACE_OUTER_BOUND('',#592,.T.);
#359=FACE_OUTER_BOUND('',#593,.T.);
#360=FACE_OUTER_BOUND('',#594,.T.);
#361=FACE_OUTER_BOUND('',#595,.T.);
#362=FACE_OUTER_BOUND('',#596,.T.);
#363=FACE_OUTER_BOUND('',#597,.T.);
#364=FACE_OUTER_BOUND('',#598,.T.);
#365=EDGE_LOOP('',(#2315,#2316,#2317,#2318));
#366=EDGE_LOOP('',(#2319,#2320,#2321,#2322));
#367=EDGE_LOOP('',(#2323,#2324,#2325,#2326));
#368=EDGE_LOOP('',(#2327,#2328,#2329,#2330));
#369=EDGE_LOOP('',(#2331,#2332,#2333,#2334));
#370=EDGE_LOOP('',(#2335,#2336,#2337,#2338));
#371=EDGE_LOOP('',(#2339,#2340,#2341,#2342));
#372=EDGE_LOOP('',(#2343,#2344,#2345,#2346));
#373=EDGE_LOOP('',(#2347,#2348,#2349,#2350));
#374=EDGE_LOOP('',(#2351,#2352,#2353,#2354));
#375=EDGE_LOOP('',(#2355,#2356,#2357,#2358));
#376=EDGE_LOOP('',(#2359,#2360,#2361,#2362));
#377=EDGE_LOOP('',(#2363,#2364,#2365,#2366));
#378=EDGE_LOOP('',(#2367,#2368,#2369,#2370));
#379=EDGE_LOOP('',(#2371,#2372,#2373,#2374));
#380=EDGE_LOOP('',(#2375,#2376,#2377,#2378));
#381=EDGE_LOOP('',(#2379,#2380,#2381,#2382));
#382=EDGE_LOOP('',(#2383,#2384,#2385,#2386));
#383=EDGE_LOOP('',(#2387,#2388,#2389,#2390));
#384=EDGE_LOOP('',(#2391,#2392,#2393,#2394));
#385=EDGE_LOOP('',(#2395,#2396,#2397,#2398));
#386=EDGE_LOOP('',(#2399,#2400,#2401,#2402));
#387=EDGE_LOOP('',(#2403,#2404,#2405,#2406));
#388=EDGE_LOOP('',(#2407,#2408,#2409,#2410));
#389=EDGE_LOOP('',(#2411,#2412,#2413,#2414));
#390=EDGE_LOOP('',(#2415,#2416,#2417,#2418));
#391=EDGE_LOOP('',(#2419,#2420,#2421,#2422));
#392=EDGE_LOOP('',(#2423,#2424,#2425,#2426));
#393=EDGE_LOOP('',(#2427,#2428,#2429,#2430));
#394=EDGE_LOOP('',(#2431,#2432,#2433,#2434));
#395=EDGE_LOOP('',(#2435,#2436,#2437,#2438));
#396=EDGE_LOOP('',(#2439,#2440,#2441,#2442));
#397=EDGE_LOOP('',(#2443,#2444,#2445,#2446));
#398=EDGE_LOOP('',(#2447,#2448,#2449,#2450));
#399=EDGE_LOOP('',(#2451,#2452,#2453,#2454));
#400=EDGE_LOOP('',(#2455,#2456,#2457,#2458));
#401=EDGE_LOOP('',(#2459,#2460,#2461,#2462));
#402=EDGE_LOOP('',(#2463,#2464,#2465,#2466));
#403=EDGE_LOOP('',(#2467,#2468,#2469,#2470));
#404=EDGE_LOOP('',(#2471,#2472,#2473,#2474));
#405=EDGE_LOOP('',(#2475,#2476,#2477,#2478));
#406=EDGE_LOOP('',(#2479,#2480,#2481,#2482));
#407=EDGE_LOOP('',(#2483,#2484,#2485,#2486));
#408=EDGE_LOOP('',(#2487,#2488,#2489,#2490));
#409=EDGE_LOOP('',(#2491,#2492,#2493,#2494));
#410=EDGE_LOOP('',(#2495,#2496,#2497,#2498));
#411=EDGE_LOOP('',(#2499,#2500,#2501,#2502));
#412=EDGE_LOOP('',(#2503,#2504,#2505,#2506));
#413=EDGE_LOOP('',(#2507,#2508,#2509,#2510));
#414=EDGE_LOOP('',(#2511,#2512,#2513,#2514));
#415=EDGE_LOOP('',(#2515,#2516,#2517,#2518));
#416=EDGE_LOOP('',(#2519,#2520,#2521,#2522));
#417=EDGE_LOOP('',(#2523,#2524,#2525,#2526));
#418=EDGE_LOOP('',(#2527,#2528,#2529,#2530));
#419=EDGE_LOOP('',(#2531,#2532,#2533,#2534));
#420=EDGE_LOOP('',(#2535,#2536,#2537,#2538));
#421=EDGE_LOOP('',(#2539,#2540,#2541,#2542));
#422=EDGE_LOOP('',(#2543,#2544,#2545,#2546));
#423=EDGE_LOOP('',(#2547,#2548,#2549,#2550));
#424=EDGE_LOOP('',(#2551,#2552,#2553,#2554));
#425=EDGE_LOOP('',(#2555,#2556,#2557,#2558));
#426=EDGE_LOOP('',(#2559,#2560,#2561,#2562));
#427=EDGE_LOOP('',(#2563,#2564,#2565,#2566));
#428=EDGE_LOOP('',(#2567,#2568,#2569,#2570));
#429=EDGE_LOOP('',(#2571,#2572,#2573,#2574));
#430=EDGE_LOOP('',(#2575,#2576,#2577,#2578));
#431=EDGE_LOOP('',(#2579,#2580,#2581,#2582));
#432=EDGE_LOOP('',(#2583,#2584,#2585,#2586));
#433=EDGE_LOOP('',(#2587,#2588,#2589,#2590));
#434=EDGE_LOOP('',(#2591,#2592,#2593,#2594));
#435=EDGE_LOOP('',(#2595,#2596,#2597,#2598));
#436=EDGE_LOOP('',(#2599,#2600,#2601,#2602));
#437=EDGE_LOOP('',(#2603,#2604,#2605,#2606));
#438=EDGE_LOOP('',(#2607,#2608,#2609,#2610));
#439=EDGE_LOOP('',(#2611,#2612,#2613,#2614));
#440=EDGE_LOOP('',(#2615,#2616,#2617,#2618));
#441=EDGE_LOOP('',(#2619,#2620,#2621,#2622));
#442=EDGE_LOOP('',(#2623,#2624,#2625,#2626));
#443=EDGE_LOOP('',(#2627,#2628,#2629,#2630));
#444=EDGE_LOOP('',(#2631,#2632,#2633,#2634));
#445=EDGE_LOOP('',(#2635,#2636,#2637,#2638));
#446=EDGE_LOOP('',(#2639,#2640,#2641,#2642));
#447=EDGE_LOOP('',(#2643,#2644,#2645,#2646));
#448=EDGE_LOOP('',(#2647,#2648,#2649,#2650));
#449=EDGE_LOOP('',(#2651,#2652,#2653,#2654));
#450=EDGE_LOOP('',(#2655,#2656,#2657,#2658));
#451=EDGE_LOOP('',(#2659,#2660,#2661,#2662));
#452=EDGE_LOOP('',(#2663,#2664,#2665,#2666));
#453=EDGE_LOOP('',(#2667,#2668,#2669,#2670));
#454=EDGE_LOOP('',(#2671,#2672,#2673,#2674));
#455=EDGE_LOOP('',(#2675,#2676,#2677,#2678));
#456=EDGE_LOOP('',(#2679,#2680,#2681,#2682));
#457=EDGE_LOOP('',(#2683,#2684,#2685,#2686));
#458=EDGE_LOOP('',(#2687,#2688,#2689,#2690));
#459=EDGE_LOOP('',(#2691,#2692,#2693,#2694));
#460=EDGE_LOOP('',(#2695,#2696,#2697,#2698));
#461=EDGE_LOOP('',(#2699,#2700,#2701,#2702));
#462=EDGE_LOOP('',(#2703,#2704,#2705,#2706));
#463=EDGE_LOOP('',(#2707,#2708,#2709,#2710));
#464=EDGE_LOOP('',(#2711,#2712,#2713,#2714));
#465=EDGE_LOOP('',(#2715,#2716,#2717,#2718));
#466=EDGE_LOOP('',(#2719,#2720,#2721,#2722));
#467=EDGE_LOOP('',(#2723,#2724,#2725,#2726));
#468=EDGE_LOOP('',(#2727,#2728,#2729,#2730));
#469=EDGE_LOOP('',(#2731,#2732,#2733,#2734));
#470=EDGE_LOOP('',(#2735,#2736,#2737,#2738));
#471=EDGE_LOOP('',(#2739,#2740,#2741,#2742));
#472=EDGE_LOOP('',(#2743,#2744,#2745,#2746));
#473=EDGE_LOOP('',(#2747,#2748,#2749,#2750));
#474=EDGE_LOOP('',(#2751,#2752,#2753,#2754));
#475=EDGE_LOOP('',(#2755,#2756,#2757,#2758));
#476=EDGE_LOOP('',(#2759,#2760,#2761,#2762));
#477=EDGE_LOOP('',(#2763,#2764,#2765,#2766));
#478=EDGE_LOOP('',(#2767,#2768,#2769,#2770));
#479=EDGE_LOOP('',(#2771,#2772,#2773,#2774));
#480=EDGE_LOOP('',(#2775,#2776,#2777,#2778));
#481=EDGE_LOOP('',(#2779,#2780,#2781,#2782));
#482=EDGE_LOOP('',(#2783,#2784,#2785,#2786));
#483=EDGE_LOOP('',(#2787,#2788,#2789,#2790));
#484=EDGE_LOOP('',(#2791,#2792,#2793,#2794));
#485=EDGE_LOOP('',(#2795,#2796,#2797,#2798));
#486=EDGE_LOOP('',(#2799,#2800,#2801,#2802));
#487=EDGE_LOOP('',(#2803,#2804,#2805,#2806));
#488=EDGE_LOOP('',(#2807,#2808,#2809,#2810));
#489=EDGE_LOOP('',(#2811,#2812,#2813,#2814));
#490=EDGE_LOOP('',(#2815,#2816,#2817,#2818));
#491=EDGE_LOOP('',(#2819,#2820,#2821,#2822));
#492=EDGE_LOOP('',(#2823,#2824,#2825,#2826));
#493=EDGE_LOOP('',(#2827,#2828,#2829,#2830));
#494=EDGE_LOOP('',(#2831,#2832,#2833,#2834));
#495=EDGE_LOOP('',(#2835,#2836,#2837,#2838));
#496=EDGE_LOOP('',(#2839,#2840,#2841,#2842));
#497=EDGE_LOOP('',(#2843,#2844,#2845,#2846));
#498=EDGE_LOOP('',(#2847,#2848,#2849,#2850));
#499=EDGE_LOOP('',(#2851,#2852,#2853,#2854));
#500=EDGE_LOOP('',(#2855,#2856,#2857,#2858));
#501=EDGE_LOOP('',(#2859,#2860,#2861,#2862));
#502=EDGE_LOOP('',(#2863,#2864,#2865,#2866));
#503=EDGE_LOOP('',(#2867,#2868,#2869,#2870));
#504=EDGE_LOOP('',(#2871,#2872,#2873,#2874));
#505=EDGE_LOOP('',(#2875,#2876,#2877,#2878));
#506=EDGE_LOOP('',(#2879,#2880,#2881,#2882));
#507=EDGE_LOOP('',(#2883,#2884,#2885,#2886));
#508=EDGE_LOOP('',(#2887,#2888,#2889,#2890));
#509=EDGE_LOOP('',(#2891,#2892,#2893,#2894));
#510=EDGE_LOOP('',(#2895,#2896,#2897,#2898));
#511=EDGE_LOOP('',(#2899,#2900,#2901,#2902));
#512=EDGE_LOOP('',(#2903,#2904,#2905,#2906));
#513=EDGE_LOOP('',(#2907,#2908,#2909,#2910));
#514=EDGE_LOOP('',(#2911,#2912,#2913,#2914));
#515=EDGE_LOOP('',(#2915,#2916,#2917,#2918));
#516=EDGE_LOOP('',(#2919,#2920,#2921,#2922));
#517=EDGE_LOOP('',(#2923,#2924,#2925,#2926));
#518=EDGE_LOOP('',(#2927,#2928,#2929,#2930));
#519=EDGE_LOOP('',(#2931,#2932,#2933,#2934));
#520=EDGE_LOOP('',(#2935,#2936,#2937,#2938));
#521=EDGE_LOOP('',(#2939,#2940,#2941,#2942));
#522=EDGE_LOOP('',(#2943,#2944,#2945,#2946));
#523=EDGE_LOOP('',(#2947,#2948,#2949,#2950));
#524=EDGE_LOOP('',(#2951,#2952,#2953,#2954));
#525=EDGE_LOOP('',(#2955,#2956,#2957,#2958));
#526=EDGE_LOOP('',(#2959,#2960,#2961,#2962));
#527=EDGE_LOOP('',(#2963,#2964,#2965,#2966));
#528=EDGE_LOOP('',(#2967,#2968,#2969,#2970));
#529=EDGE_LOOP('',(#2971,#2972,#2973,#2974));
#530=EDGE_LOOP('',(#2975,#2976,#2977,#2978));
#531=EDGE_LOOP('',(#2979,#2980,#2981,#2982));
#532=EDGE_LOOP('',(#2983,#2984,#2985,#2986));
#533=EDGE_LOOP('',(#2987,#2988,#2989,#2990));
#534=EDGE_LOOP('',(#2991,#2992,#2993,#2994));
#535=EDGE_LOOP('',(#2995,#2996,#2997,#2998));
#536=EDGE_LOOP('',(#2999,#3000,#3001,#3002));
#537=EDGE_LOOP('',(#3003,#3004,#3005,#3006));
#538=EDGE_LOOP('',(#3007,#3008,#3009,#3010));
#539=EDGE_LOOP('',(#3011,#3012,#3013,#3014));
#540=EDGE_LOOP('',(#3015,#3016,#3017,#3018));
#541=EDGE_LOOP('',(#3019,#3020,#3021,#3022));
#542=EDGE_LOOP('',(#3023,#3024,#3025,#3026));
#543=EDGE_LOOP('',(#3027,#3028,#3029,#3030));
#544=EDGE_LOOP('',(#3031,#3032,#3033,#3034));
#545=EDGE_LOOP('',(#3035,#3036,#3037,#3038));
#546=EDGE_LOOP('',(#3039,#3040,#3041,#3042));
#547=EDGE_LOOP('',(#3043,#3044,#3045,#3046));
#548=EDGE_LOOP('',(#3047,#3048,#3049,#3050));
#549=EDGE_LOOP('',(#3051,#3052,#3053,#3054));
#550=EDGE_LOOP('',(#3055,#3056,#3057,#3058));
#551=EDGE_LOOP('',(#3059,#3060,#3061,#3062));
#552=EDGE_LOOP('',(#3063,#3064,#3065,#3066));
#553=EDGE_LOOP('',(#3067,#3068,#3069,#3070));
#554=EDGE_LOOP('',(#3071,#3072,#3073,#3074));
#555=EDGE_LOOP('',(#3075,#3076,#3077,#3078));
#556=EDGE_LOOP('',(#3079,#3080,#3081,#3082));
#557=EDGE_LOOP('',(#3083,#3084,#3085,#3086));
#558=EDGE_LOOP('',(#3087,#3088,#3089,#3090));
#559=EDGE_LOOP('',(#3091,#3092,#3093,#3094));
#560=EDGE_LOOP('',(#3095,#3096,#3097,#3098));
#561=EDGE_LOOP('',(#3099,#3100,#3101,#3102));
#562=EDGE_LOOP('',(#3103,#3104,#3105,#3106));
#563=EDGE_LOOP('',(#3107,#3108,#3109,#3110));
#564=EDGE_LOOP('',(#3111,#3112,#3113,#3114));
#565=EDGE_LOOP('',(#3115,#3116,#3117,#3118));
#566=EDGE_LOOP('',(#3119,#3120,#3121,#3122));
#567=EDGE_LOOP('',(#3123,#3124,#3125,#3126));
#568=EDGE_LOOP('',(#3127,#3128,#3129,#3130));
#569=EDGE_LOOP('',(#3131,#3132,#3133,#3134));
#570=EDGE_LOOP('',(#3135,#3136,#3137,#3138));
#571=EDGE_LOOP('',(#3139,#3140,#3141,#3142));
#572=EDGE_LOOP('',(#3143,#3144,#3145,#3146));
#573=EDGE_LOOP('',(#3147,#3148,#3149,#3150));
#574=EDGE_LOOP('',(#3151,#3152,#3153,#3154));
#575=EDGE_LOOP('',(#3155,#3156,#3157,#3158));
#576=EDGE_LOOP('',(#3159,#3160,#3161,#3162));
#577=EDGE_LOOP('',(#3163,#3164,#3165,#3166));
#578=EDGE_LOOP('',(#3167,#3168,#3169,#3170));
#579=EDGE_LOOP('',(#3171,#3172,#3173,#3174));
#580=EDGE_LOOP('',(#3175,#3176,#3177,#3178));
#581=EDGE_LOOP('',(#3179,#3180,#3181,#3182));
#582=EDGE_LOOP('',(#3183,#3184,#3185,#3186));
#583=EDGE_LOOP('',(#3187,#3188,#3189,#3190));
#584=EDGE_LOOP('',(#3191,#3192,#3193,#3194));
#585=EDGE_LOOP('',(#3195,#3196,#3197,#3198));
#586=EDGE_LOOP('',(#3199,#3200,#3201,#3202));
#587=EDGE_LOOP('',(#3203,#3204,#3205,#3206));
#588=EDGE_LOOP('',(#3207,#3208,#3209,#3210));
#589=EDGE_LOOP('',(#3211,#3212,#3213,#3214));
#590=EDGE_LOOP('',(#3215,#3216,#3217,#3218));
#591=EDGE_LOOP('',(#3219,#3220,#3221,#3222));
#592=EDGE_LOOP('',(#3223,#3224,#3225,#3226));
#593=EDGE_LOOP('',(#3227,#3228,#3229,#3230));
#594=EDGE_LOOP('',(#3231,#3232,#3233,#3234));
#595=EDGE_LOOP('',(#3235,#3236,#3237,#3238));
#596=EDGE_LOOP('',(#3239,#3240,#3241,#3242));
#597=EDGE_LOOP('',(#3243,#3244,#3245,#3246));
#598=EDGE_LOOP('',(#3247,#3248,#3249,#3250));
#599=LINE('',#5051,#1067);
#600=LINE('',#5053,#1068);
#601=LINE('',#5055,#1069);
#602=LINE('',#5056,#1070);
#603=LINE('',#5059,#1071);
#604=LINE('',#5061,#1072);
#605=LINE('',#5062,#1073);
#606=LINE('',#5065,#1074);
#607=LINE('',#5067,#1075);
#608=LINE('',#5068,#1076);
#609=LINE('',#5070,#1077);
#610=LINE('',#5071,#1078);
#611=LINE('',#5075,#1079);
#612=LINE('',#5077,#1080);
#613=LINE('',#5079,#1081);
#614=LINE('',#5080,#1082);
#615=LINE('',#5083,#1083);
#616=LINE('',#5085,#1084);
#617=LINE('',#5086,#1085);
#618=LINE('',#5089,#1086);
#619=LINE('',#5091,#1087);
#620=LINE('',#5092,#1088);
#621=LINE('',#5094,#1089);
#622=LINE('',#5095,#1090);
#623=LINE('',#5101,#1091);
#624=LINE('',#5103,#1092);
#625=LINE('',#5105,#1093);
#626=LINE('',#5106,#1094);
#627=LINE('',#5109,#1095);
#628=LINE('',#5111,#1096);
#629=LINE('',#5112,#1097);
#630=LINE('',#5115,#1098);
#631=LINE('',#5117,#1099);
#632=LINE('',#5118,#1100);
#633=LINE('',#5120,#1101);
#634=LINE('',#5121,#1102);
#635=LINE('',#5125,#1103);
#636=LINE('',#5127,#1104);
#637=LINE('',#5129,#1105);
#638=LINE('',#5130,#1106);
#639=LINE('',#5133,#1107);
#640=LINE('',#5135,#1108);
#641=LINE('',#5136,#1109);
#642=LINE('',#5139,#1110);
#643=LINE('',#5141,#1111);
#644=LINE('',#5142,#1112);
#645=LINE('',#5144,#1113);
#646=LINE('',#5145,#1114);
#647=LINE('',#5152,#1115);
#648=LINE('',#5154,#1116);
#649=LINE('',#5156,#1117);
#650=LINE('',#5157,#1118);
#651=LINE('',#5160,#1119);
#652=LINE('',#5162,#1120);
#653=LINE('',#5163,#1121);
#654=LINE('',#5166,#1122);
#655=LINE('',#5168,#1123);
#656=LINE('',#5169,#1124);
#657=LINE('',#5171,#1125);
#658=LINE('',#5172,#1126);
#659=LINE('',#5179,#1127);
#660=LINE('',#5181,#1128);
#661=LINE('',#5183,#1129);
#662=LINE('',#5184,#1130);
#663=LINE('',#5187,#1131);
#664=LINE('',#5189,#1132);
#665=LINE('',#5190,#1133);
#666=LINE('',#5193,#1134);
#667=LINE('',#5195,#1135);
#668=LINE('',#5196,#1136);
#669=LINE('',#5198,#1137);
#670=LINE('',#5199,#1138);
#671=LINE('',#5205,#1139);
#672=LINE('',#5207,#1140);
#673=LINE('',#5209,#1141);
#674=LINE('',#5210,#1142);
#675=LINE('',#5213,#1143);
#676=LINE('',#5215,#1144);
#677=LINE('',#5216,#1145);
#678=LINE('',#5219,#1146);
#679=LINE('',#5221,#1147);
#680=LINE('',#5222,#1148);
#681=LINE('',#5224,#1149);
#682=LINE('',#5225,#1150);
#683=LINE('',#5231,#1151);
#684=LINE('',#5233,#1152);
#685=LINE('',#5235,#1153);
#686=LINE('',#5236,#1154);
#687=LINE('',#5239,#1155);
#688=LINE('',#5241,#1156);
#689=LINE('',#5242,#1157);
#690=LINE('',#5245,#1158);
#691=LINE('',#5247,#1159);
#692=LINE('',#5248,#1160);
#693=LINE('',#5250,#1161);
#694=LINE('',#5251,#1162);
#695=LINE('',#5257,#1163);
#696=LINE('',#5259,#1164);
#697=LINE('',#5261,#1165);
#698=LINE('',#5262,#1166);
#699=LINE('',#5265,#1167);
#700=LINE('',#5267,#1168);
#701=LINE('',#5268,#1169);
#702=LINE('',#5271,#1170);
#703=LINE('',#5273,#1171);
#704=LINE('',#5274,#1172);
#705=LINE('',#5276,#1173);
#706=LINE('',#5277,#1174);
#707=LINE('',#5283,#1175);
#708=LINE('',#5285,#1176);
#709=LINE('',#5287,#1177);
#710=LINE('',#5288,#1178);
#711=LINE('',#5291,#1179);
#712=LINE('',#5293,#1180);
#713=LINE('',#5294,#1181);
#714=LINE('',#5297,#1182);
#715=LINE('',#5299,#1183);
#716=LINE('',#5300,#1184);
#717=LINE('',#5302,#1185);
#718=LINE('',#5303,#1186);
#719=LINE('',#5309,#1187);
#720=LINE('',#5311,#1188);
#721=LINE('',#5313,#1189);
#722=LINE('',#5314,#1190);
#723=LINE('',#5317,#1191);
#724=LINE('',#5319,#1192);
#725=LINE('',#5320,#1193);
#726=LINE('',#5323,#1194);
#727=LINE('',#5325,#1195);
#728=LINE('',#5326,#1196);
#729=LINE('',#5328,#1197);
#730=LINE('',#5329,#1198);
#731=LINE('',#5335,#1199);
#732=LINE('',#5337,#1200);
#733=LINE('',#5339,#1201);
#734=LINE('',#5340,#1202);
#735=LINE('',#5343,#1203);
#736=LINE('',#5345,#1204);
#737=LINE('',#5346,#1205);
#738=LINE('',#5349,#1206);
#739=LINE('',#5351,#1207);
#740=LINE('',#5352,#1208);
#741=LINE('',#5354,#1209);
#742=LINE('',#5355,#1210);
#743=LINE('',#5361,#1211);
#744=LINE('',#5363,#1212);
#745=LINE('',#5365,#1213);
#746=LINE('',#5366,#1214);
#747=LINE('',#5369,#1215);
#748=LINE('',#5371,#1216);
#749=LINE('',#5372,#1217);
#750=LINE('',#5375,#1218);
#751=LINE('',#5377,#1219);
#752=LINE('',#5378,#1220);
#753=LINE('',#5380,#1221);
#754=LINE('',#5381,#1222);
#755=LINE('',#5388,#1223);
#756=LINE('',#5390,#1224);
#757=LINE('',#5392,#1225);
#758=LINE('',#5393,#1226);
#759=LINE('',#5396,#1227);
#760=LINE('',#5398,#1228);
#761=LINE('',#5399,#1229);
#762=LINE('',#5402,#1230);
#763=LINE('',#5404,#1231);
#764=LINE('',#5405,#1232);
#765=LINE('',#5407,#1233);
#766=LINE('',#5408,#1234);
#767=LINE('',#5414,#1235);
#768=LINE('',#5416,#1236);
#769=LINE('',#5418,#1237);
#770=LINE('',#5419,#1238);
#771=LINE('',#5422,#1239);
#772=LINE('',#5424,#1240);
#773=LINE('',#5425,#1241);
#774=LINE('',#5428,#1242);
#775=LINE('',#5430,#1243);
#776=LINE('',#5431,#1244);
#777=LINE('',#5433,#1245);
#778=LINE('',#5434,#1246);
#779=LINE('',#5440,#1247);
#780=LINE('',#5442,#1248);
#781=LINE('',#5444,#1249);
#782=LINE('',#5445,#1250);
#783=LINE('',#5448,#1251);
#784=LINE('',#5450,#1252);
#785=LINE('',#5451,#1253);
#786=LINE('',#5454,#1254);
#787=LINE('',#5456,#1255);
#788=LINE('',#5457,#1256);
#789=LINE('',#5459,#1257);
#790=LINE('',#5460,#1258);
#791=LINE('',#5466,#1259);
#792=LINE('',#5468,#1260);
#793=LINE('',#5470,#1261);
#794=LINE('',#5471,#1262);
#795=LINE('',#5474,#1263);
#796=LINE('',#5476,#1264);
#797=LINE('',#5477,#1265);
#798=LINE('',#5480,#1266);
#799=LINE('',#5482,#1267);
#800=LINE('',#5483,#1268);
#801=LINE('',#5485,#1269);
#802=LINE('',#5486,#1270);
#803=LINE('',#5492,#1271);
#804=LINE('',#5494,#1272);
#805=LINE('',#5496,#1273);
#806=LINE('',#5497,#1274);
#807=LINE('',#5500,#1275);
#808=LINE('',#5502,#1276);
#809=LINE('',#5503,#1277);
#810=LINE('',#5506,#1278);
#811=LINE('',#5508,#1279);
#812=LINE('',#5509,#1280);
#813=LINE('',#5511,#1281);
#814=LINE('',#5512,#1282);
#815=LINE('',#5518,#1283);
#816=LINE('',#5520,#1284);
#817=LINE('',#5522,#1285);
#818=LINE('',#5523,#1286);
#819=LINE('',#5526,#1287);
#820=LINE('',#5528,#1288);
#821=LINE('',#5529,#1289);
#822=LINE('',#5532,#1290);
#823=LINE('',#5534,#1291);
#824=LINE('',#5535,#1292);
#825=LINE('',#5537,#1293);
#826=LINE('',#5538,#1294);
#827=LINE('',#5544,#1295);
#828=LINE('',#5546,#1296);
#829=LINE('',#5548,#1297);
#830=LINE('',#5549,#1298);
#831=LINE('',#5552,#1299);
#832=LINE('',#5554,#1300);
#833=LINE('',#5555,#1301);
#834=LINE('',#5558,#1302);
#835=LINE('',#5560,#1303);
#836=LINE('',#5561,#1304);
#837=LINE('',#5563,#1305);
#838=LINE('',#5564,#1306);
#839=LINE('',#5570,#1307);
#840=LINE('',#5572,#1308);
#841=LINE('',#5574,#1309);
#842=LINE('',#5575,#1310);
#843=LINE('',#5578,#1311);
#844=LINE('',#5580,#1312);
#845=LINE('',#5581,#1313);
#846=LINE('',#5584,#1314);
#847=LINE('',#5586,#1315);
#848=LINE('',#5587,#1316);
#849=LINE('',#5589,#1317);
#850=LINE('',#5590,#1318);
#851=LINE('',#5596,#1319);
#852=LINE('',#5598,#1320);
#853=LINE('',#5600,#1321);
#854=LINE('',#5601,#1322);
#855=LINE('',#5604,#1323);
#856=LINE('',#5606,#1324);
#857=LINE('',#5607,#1325);
#858=LINE('',#5610,#1326);
#859=LINE('',#5612,#1327);
#860=LINE('',#5613,#1328);
#861=LINE('',#5615,#1329);
#862=LINE('',#5616,#1330);
#863=LINE('',#5622,#1331);
#864=LINE('',#5624,#1332);
#865=LINE('',#5626,#1333);
#866=LINE('',#5627,#1334);
#867=LINE('',#5630,#1335);
#868=LINE('',#5632,#1336);
#869=LINE('',#5633,#1337);
#870=LINE('',#5636,#1338);
#871=LINE('',#5638,#1339);
#872=LINE('',#5639,#1340);
#873=LINE('',#5641,#1341);
#874=LINE('',#5642,#1342);
#875=LINE('',#5649,#1343);
#876=LINE('',#5651,#1344);
#877=LINE('',#5653,#1345);
#878=LINE('',#5654,#1346);
#879=LINE('',#5657,#1347);
#880=LINE('',#5659,#1348);
#881=LINE('',#5660,#1349);
#882=LINE('',#5663,#1350);
#883=LINE('',#5665,#1351);
#884=LINE('',#5666,#1352);
#885=LINE('',#5668,#1353);
#886=LINE('',#5669,#1354);
#887=LINE('',#5675,#1355);
#888=LINE('',#5677,#1356);
#889=LINE('',#5679,#1357);
#890=LINE('',#5680,#1358);
#891=LINE('',#5683,#1359);
#892=LINE('',#5685,#1360);
#893=LINE('',#5686,#1361);
#894=LINE('',#5689,#1362);
#895=LINE('',#5691,#1363);
#896=LINE('',#5692,#1364);
#897=LINE('',#5694,#1365);
#898=LINE('',#5695,#1366);
#899=LINE('',#5701,#1367);
#900=LINE('',#5703,#1368);
#901=LINE('',#5705,#1369);
#902=LINE('',#5706,#1370);
#903=LINE('',#5709,#1371);
#904=LINE('',#5711,#1372);
#905=LINE('',#5712,#1373);
#906=LINE('',#5715,#1374);
#907=LINE('',#5717,#1375);
#908=LINE('',#5718,#1376);
#909=LINE('',#5720,#1377);
#910=LINE('',#5721,#1378);
#911=LINE('',#5727,#1379);
#912=LINE('',#5729,#1380);
#913=LINE('',#5731,#1381);
#914=LINE('',#5732,#1382);
#915=LINE('',#5735,#1383);
#916=LINE('',#5737,#1384);
#917=LINE('',#5738,#1385);
#918=LINE('',#5741,#1386);
#919=LINE('',#5743,#1387);
#920=LINE('',#5744,#1388);
#921=LINE('',#5746,#1389);
#922=LINE('',#5747,#1390);
#923=LINE('',#5753,#1391);
#924=LINE('',#5755,#1392);
#925=LINE('',#5757,#1393);
#926=LINE('',#5758,#1394);
#927=LINE('',#5761,#1395);
#928=LINE('',#5763,#1396);
#929=LINE('',#5764,#1397);
#930=LINE('',#5767,#1398);
#931=LINE('',#5769,#1399);
#932=LINE('',#5770,#1400);
#933=LINE('',#5772,#1401);
#934=LINE('',#5773,#1402);
#935=LINE('',#5779,#1403);
#936=LINE('',#5781,#1404);
#937=LINE('',#5783,#1405);
#938=LINE('',#5784,#1406);
#939=LINE('',#5787,#1407);
#940=LINE('',#5789,#1408);
#941=LINE('',#5790,#1409);
#942=LINE('',#5793,#1410);
#943=LINE('',#5795,#1411);
#944=LINE('',#5796,#1412);
#945=LINE('',#5798,#1413);
#946=LINE('',#5799,#1414);
#947=LINE('',#5805,#1415);
#948=LINE('',#5807,#1416);
#949=LINE('',#5809,#1417);
#950=LINE('',#5810,#1418);
#951=LINE('',#5813,#1419);
#952=LINE('',#5815,#1420);
#953=LINE('',#5816,#1421);
#954=LINE('',#5819,#1422);
#955=LINE('',#5821,#1423);
#956=LINE('',#5822,#1424);
#957=LINE('',#5824,#1425);
#958=LINE('',#5825,#1426);
#959=LINE('',#5831,#1427);
#960=LINE('',#5833,#1428);
#961=LINE('',#5835,#1429);
#962=LINE('',#5836,#1430);
#963=LINE('',#5839,#1431);
#964=LINE('',#5841,#1432);
#965=LINE('',#5842,#1433);
#966=LINE('',#5845,#1434);
#967=LINE('',#5847,#1435);
#968=LINE('',#5848,#1436);
#969=LINE('',#5850,#1437);
#970=LINE('',#5851,#1438);
#971=LINE('',#5857,#1439);
#972=LINE('',#5859,#1440);
#973=LINE('',#5861,#1441);
#974=LINE('',#5862,#1442);
#975=LINE('',#5865,#1443);
#976=LINE('',#5867,#1444);
#977=LINE('',#5868,#1445);
#978=LINE('',#5871,#1446);
#979=LINE('',#5873,#1447);
#980=LINE('',#5874,#1448);
#981=LINE('',#5876,#1449);
#982=LINE('',#5877,#1450);
#983=LINE('',#5883,#1451);
#984=LINE('',#5885,#1452);
#985=LINE('',#5887,#1453);
#986=LINE('',#5888,#1454);
#987=LINE('',#5891,#1455);
#988=LINE('',#5893,#1456);
#989=LINE('',#5894,#1457);
#990=LINE('',#5897,#1458);
#991=LINE('',#5899,#1459);
#992=LINE('',#5900,#1460);
#993=LINE('',#5902,#1461);
#994=LINE('',#5903,#1462);
#995=LINE('',#5909,#1463);
#996=LINE('',#5911,#1464);
#997=LINE('',#5913,#1465);
#998=LINE('',#5914,#1466);
#999=LINE('',#5917,#1467);
#1000=LINE('',#5919,#1468);
#1001=LINE('',#5920,#1469);
#1002=LINE('',#5923,#1470);
#1003=LINE('',#5925,#1471);
#1004=LINE('',#5926,#1472);
#1005=LINE('',#5928,#1473);
#1006=LINE('',#5929,#1474);
#1007=LINE('',#5935,#1475);
#1008=LINE('',#5937,#1476);
#1009=LINE('',#5939,#1477);
#1010=LINE('',#5940,#1478);
#1011=LINE('',#5943,#1479);
#1012=LINE('',#5945,#1480);
#1013=LINE('',#5946,#1481);
#1014=LINE('',#5949,#1482);
#1015=LINE('',#5951,#1483);
#1016=LINE('',#5952,#1484);
#1017=LINE('',#5954,#1485);
#1018=LINE('',#5955,#1486);
#1019=LINE('',#5962,#1487);
#1020=LINE('',#5964,#1488);
#1021=LINE('',#5966,#1489);
#1022=LINE('',#5967,#1490);
#1023=LINE('',#5970,#1491);
#1024=LINE('',#5972,#1492);
#1025=LINE('',#5973,#1493);
#1026=LINE('',#5976,#1494);
#1027=LINE('',#5978,#1495);
#1028=LINE('',#5979,#1496);
#1029=LINE('',#5981,#1497);
#1030=LINE('',#5982,#1498);
#1031=LINE('',#5988,#1499);
#1032=LINE('',#5990,#1500);
#1033=LINE('',#5992,#1501);
#1034=LINE('',#5993,#1502);
#1035=LINE('',#5996,#1503);
#1036=LINE('',#5998,#1504);
#1037=LINE('',#5999,#1505);
#1038=LINE('',#6002,#1506);
#1039=LINE('',#6004,#1507);
#1040=LINE('',#6005,#1508);
#1041=LINE('',#6007,#1509);
#1042=LINE('',#6008,#1510);
#1043=LINE('',#6014,#1511);
#1044=LINE('',#6016,#1512);
#1045=LINE('',#6018,#1513);
#1046=LINE('',#6019,#1514);
#1047=LINE('',#6022,#1515);
#1048=LINE('',#6024,#1516);
#1049=LINE('',#6025,#1517);
#1050=LINE('',#6028,#1518);
#1051=LINE('',#6030,#1519);
#1052=LINE('',#6031,#1520);
#1053=LINE('',#6033,#1521);
#1054=LINE('',#6034,#1522);
#1055=LINE('',#6041,#1523);
#1056=LINE('',#6043,#1524);
#1057=LINE('',#6045,#1525);
#1058=LINE('',#6046,#1526);
#1059=LINE('',#6049,#1527);
#1060=LINE('',#6051,#1528);
#1061=LINE('',#6052,#1529);
#1062=LINE('',#6055,#1530);
#1063=LINE('',#6057,#1531);
#1064=LINE('',#6058,#1532);
#1065=LINE('',#6060,#1533);
#1066=LINE('',#6061,#1534);
#1067=VECTOR('',#4090,10.);
#1068=VECTOR('',#4091,10.);
#1069=VECTOR('',#4092,10.);
#1070=VECTOR('',#4093,10.);
#1071=VECTOR('',#4096,10.);
#1072=VECTOR('',#4097,10.);
#1073=VECTOR('',#4098,10.);
#1074=VECTOR('',#4101,10.);
#1075=VECTOR('',#4102,10.);
#1076=VECTOR('',#4103,10.);
#1077=VECTOR('',#4106,10.);
#1078=VECTOR('',#4107,10.);
#1079=VECTOR('',#4110,10.);
#1080=VECTOR('',#4111,10.);
#1081=VECTOR('',#4112,10.);
#1082=VECTOR('',#4113,10.);
#1083=VECTOR('',#4116,10.);
#1084=VECTOR('',#4117,10.);
#1085=VECTOR('',#4118,10.);
#1086=VECTOR('',#4121,10.);
#1087=VECTOR('',#4122,10.);
#1088=VECTOR('',#4123,10.);
#1089=VECTOR('',#4126,10.);
#1090=VECTOR('',#4127,10.);
#1091=VECTOR('',#4134,10.);
#1092=VECTOR('',#4135,10.);
#1093=VECTOR('',#4136,10.);
#1094=VECTOR('',#4137,10.);
#1095=VECTOR('',#4140,10.);
#1096=VECTOR('',#4141,10.);
#1097=VECTOR('',#4142,10.);
#1098=VECTOR('',#4145,10.);
#1099=VECTOR('',#4146,10.);
#1100=VECTOR('',#4147,10.);
#1101=VECTOR('',#4150,10.);
#1102=VECTOR('',#4151,10.);
#1103=VECTOR('',#4154,10.);
#1104=VECTOR('',#4155,10.);
#1105=VECTOR('',#4156,10.);
#1106=VECTOR('',#4157,10.);
#1107=VECTOR('',#4160,10.);
#1108=VECTOR('',#4161,10.);
#1109=VECTOR('',#4162,10.);
#1110=VECTOR('',#4165,10.);
#1111=VECTOR('',#4166,10.);
#1112=VECTOR('',#4167,10.);
#1113=VECTOR('',#4170,10.);
#1114=VECTOR('',#4171,10.);
#1115=VECTOR('',#4180,10.);
#1116=VECTOR('',#4181,10.);
#1117=VECTOR('',#4182,10.);
#1118=VECTOR('',#4183,10.);
#1119=VECTOR('',#4186,10.);
#1120=VECTOR('',#4187,10.);
#1121=VECTOR('',#4188,10.);
#1122=VECTOR('',#4191,10.);
#1123=VECTOR('',#4192,10.);
#1124=VECTOR('',#4193,10.);
#1125=VECTOR('',#4196,10.);
#1126=VECTOR('',#4197,10.);
#1127=VECTOR('',#4206,10.);
#1128=VECTOR('',#4207,10.);
#1129=VECTOR('',#4208,10.);
#1130=VECTOR('',#4209,10.);
#1131=VECTOR('',#4212,10.);
#1132=VECTOR('',#4213,10.);
#1133=VECTOR('',#4214,10.);
#1134=VECTOR('',#4217,10.);
#1135=VECTOR('',#4218,10.);
#1136=VECTOR('',#4219,10.);
#1137=VECTOR('',#4222,10.);
#1138=VECTOR('',#4223,10.);
#1139=VECTOR('',#4230,10.);
#1140=VECTOR('',#4231,10.);
#1141=VECTOR('',#4232,10.);
#1142=VECTOR('',#4233,10.);
#1143=VECTOR('',#4236,10.);
#1144=VECTOR('',#4237,10.);
#1145=VECTOR('',#4238,10.);
#1146=VECTOR('',#4241,10.);
#1147=VECTOR('',#4242,10.);
#1148=VECTOR('',#4243,10.);
#1149=VECTOR('',#4246,10.);
#1150=VECTOR('',#4247,10.);
#1151=VECTOR('',#4254,10.);
#1152=VECTOR('',#4255,10.);
#1153=VECTOR('',#4256,10.);
#1154=VECTOR('',#4257,10.);
#1155=VECTOR('',#4260,10.);
#1156=VECTOR('',#4261,10.);
#1157=VECTOR('',#4262,10.);
#1158=VECTOR('',#4265,10.);
#1159=VECTOR('',#4266,10.);
#1160=VECTOR('',#4267,10.);
#1161=VECTOR('',#4270,10.);
#1162=VECTOR('',#4271,10.);
#1163=VECTOR('',#4278,10.);
#1164=VECTOR('',#4279,10.);
#1165=VECTOR('',#4280,10.);
#1166=VECTOR('',#4281,10.);
#1167=VECTOR('',#4284,10.);
#1168=VECTOR('',#4285,10.);
#1169=VECTOR('',#4286,10.);
#1170=VECTOR('',#4289,10.);
#1171=VECTOR('',#4290,10.);
#1172=VECTOR('',#4291,10.);
#1173=VECTOR('',#4294,10.);
#1174=VECTOR('',#4295,10.);
#1175=VECTOR('',#4302,10.);
#1176=VECTOR('',#4303,10.);
#1177=VECTOR('',#4304,10.);
#1178=VECTOR('',#4305,10.);
#1179=VECTOR('',#4308,10.);
#1180=VECTOR('',#4309,10.);
#1181=VECTOR('',#4310,10.);
#1182=VECTOR('',#4313,10.);
#1183=VECTOR('',#4314,10.);
#1184=VECTOR('',#4315,10.);
#1185=VECTOR('',#4318,10.);
#1186=VECTOR('',#4319,10.);
#1187=VECTOR('',#4326,10.);
#1188=VECTOR('',#4327,10.);
#1189=VECTOR('',#4328,10.);
#1190=VECTOR('',#4329,10.);
#1191=VECTOR('',#4332,10.);
#1192=VECTOR('',#4333,10.);
#1193=VECTOR('',#4334,10.);
#1194=VECTOR('',#4337,10.);
#1195=VECTOR('',#4338,10.);
#1196=VECTOR('',#4339,10.);
#1197=VECTOR('',#4342,10.);
#1198=VECTOR('',#4343,10.);
#1199=VECTOR('',#4350,10.);
#1200=VECTOR('',#4351,10.);
#1201=VECTOR('',#4352,10.);
#1202=VECTOR('',#4353,10.);
#1203=VECTOR('',#4356,10.);
#1204=VECTOR('',#4357,10.);
#1205=VECTOR('',#4358,10.);
#1206=VECTOR('',#4361,10.);
#1207=VECTOR('',#4362,10.);
#1208=VECTOR('',#4363,10.);
#1209=VECTOR('',#4366,10.);
#1210=VECTOR('',#4367,10.);
#1211=VECTOR('',#4374,10.);
#1212=VECTOR('',#4375,10.);
#1213=VECTOR('',#4376,10.);
#1214=VECTOR('',#4377,10.);
#1215=VECTOR('',#4380,10.);
#1216=VECTOR('',#4381,10.);
#1217=VECTOR('',#4382,10.);
#1218=VECTOR('',#4385,10.);
#1219=VECTOR('',#4386,10.);
#1220=VECTOR('',#4387,10.);
#1221=VECTOR('',#4390,10.);
#1222=VECTOR('',#4391,10.);
#1223=VECTOR('',#4400,10.);
#1224=VECTOR('',#4401,10.);
#1225=VECTOR('',#4402,10.);
#1226=VECTOR('',#4403,10.);
#1227=VECTOR('',#4406,10.);
#1228=VECTOR('',#4407,10.);
#1229=VECTOR('',#4408,10.);
#1230=VECTOR('',#4411,10.);
#1231=VECTOR('',#4412,10.);
#1232=VECTOR('',#4413,10.);
#1233=VECTOR('',#4416,10.);
#1234=VECTOR('',#4417,10.);
#1235=VECTOR('',#4424,10.);
#1236=VECTOR('',#4425,10.);
#1237=VECTOR('',#4426,10.);
#1238=VECTOR('',#4427,10.);
#1239=VECTOR('',#4430,10.);
#1240=VECTOR('',#4431,10.);
#1241=VECTOR('',#4432,10.);
#1242=VECTOR('',#4435,10.);
#1243=VECTOR('',#4436,10.);
#1244=VECTOR('',#4437,10.);
#1245=VECTOR('',#4440,10.);
#1246=VECTOR('',#4441,10.);
#1247=VECTOR('',#4448,10.);
#1248=VECTOR('',#4449,10.);
#1249=VECTOR('',#4450,10.);
#1250=VECTOR('',#4451,10.);
#1251=VECTOR('',#4454,10.);
#1252=VECTOR('',#4455,10.);
#1253=VECTOR('',#4456,10.);
#1254=VECTOR('',#4459,10.);
#1255=VECTOR('',#4460,10.);
#1256=VECTOR('',#4461,10.);
#1257=VECTOR('',#4464,10.);
#1258=VECTOR('',#4465,10.);
#1259=VECTOR('',#4472,10.);
#1260=VECTOR('',#4473,10.);
#1261=VECTOR('',#4474,10.);
#1262=VECTOR('',#4475,10.);
#1263=VECTOR('',#4478,10.);
#1264=VECTOR('',#4479,10.);
#1265=VECTOR('',#4480,10.);
#1266=VECTOR('',#4483,10.);
#1267=VECTOR('',#4484,10.);
#1268=VECTOR('',#4485,10.);
#1269=VECTOR('',#4488,10.);
#1270=VECTOR('',#4489,10.);
#1271=VECTOR('',#4496,10.);
#1272=VECTOR('',#4497,10.);
#1273=VECTOR('',#4498,10.);
#1274=VECTOR('',#4499,10.);
#1275=VECTOR('',#4502,10.);
#1276=VECTOR('',#4503,10.);
#1277=VECTOR('',#4504,10.);
#1278=VECTOR('',#4507,10.);
#1279=VECTOR('',#4508,10.);
#1280=VECTOR('',#4509,10.);
#1281=VECTOR('',#4512,10.);
#1282=VECTOR('',#4513,10.);
#1283=VECTOR('',#4520,10.);
#1284=VECTOR('',#4521,10.);
#1285=VECTOR('',#4522,10.);
#1286=VECTOR('',#4523,10.);
#1287=VECTOR('',#4526,10.);
#1288=VECTOR('',#4527,10.);
#1289=VECTOR('',#4528,10.);
#1290=VECTOR('',#4531,10.);
#1291=VECTOR('',#4532,10.);
#1292=VECTOR('',#4533,10.);
#1293=VECTOR('',#4536,10.);
#1294=VECTOR('',#4537,10.);
#1295=VECTOR('',#4544,10.);
#1296=VECTOR('',#4545,10.);
#1297=VECTOR('',#4546,10.);
#1298=VECTOR('',#4547,10.);
#1299=VECTOR('',#4550,10.);
#1300=VECTOR('',#4551,10.);
#1301=VECTOR('',#4552,10.);
#1302=VECTOR('',#4555,10.);
#1303=VECTOR('',#4556,10.);
#1304=VECTOR('',#4557,10.);
#1305=VECTOR('',#4560,10.);
#1306=VECTOR('',#4561,10.);
#1307=VECTOR('',#4568,10.);
#1308=VECTOR('',#4569,10.);
#1309=VECTOR('',#4570,10.);
#1310=VECTOR('',#4571,10.);
#1311=VECTOR('',#4574,10.);
#1312=VECTOR('',#4575,10.);
#1313=VECTOR('',#4576,10.);
#1314=VECTOR('',#4579,10.);
#1315=VECTOR('',#4580,10.);
#1316=VECTOR('',#4581,10.);
#1317=VECTOR('',#4584,10.);
#1318=VECTOR('',#4585,10.);
#1319=VECTOR('',#4592,10.);
#1320=VECTOR('',#4593,10.);
#1321=VECTOR('',#4594,10.);
#1322=VECTOR('',#4595,10.);
#1323=VECTOR('',#4598,10.);
#1324=VECTOR('',#4599,10.);
#1325=VECTOR('',#4600,10.);
#1326=VECTOR('',#4603,10.);
#1327=VECTOR('',#4604,10.);
#1328=VECTOR('',#4605,10.);
#1329=VECTOR('',#4608,10.);
#1330=VECTOR('',#4609,10.);
#1331=VECTOR('',#4616,10.);
#1332=VECTOR('',#4617,10.);
#1333=VECTOR('',#4618,10.);
#1334=VECTOR('',#4619,10.);
#1335=VECTOR('',#4622,10.);
#1336=VECTOR('',#4623,10.);
#1337=VECTOR('',#4624,10.);
#1338=VECTOR('',#4627,10.);
#1339=VECTOR('',#4628,10.);
#1340=VECTOR('',#4629,10.);
#1341=VECTOR('',#4632,10.);
#1342=VECTOR('',#4633,10.);
#1343=VECTOR('',#4642,10.);
#1344=VECTOR('',#4643,10.);
#1345=VECTOR('',#4644,10.);
#1346=VECTOR('',#4645,10.);
#1347=VECTOR('',#4648,10.);
#1348=VECTOR('',#4649,10.);
#1349=VECTOR('',#4650,10.);
#1350=VECTOR('',#4653,10.);
#1351=VECTOR('',#4654,10.);
#1352=VECTOR('',#4655,10.);
#1353=VECTOR('',#4658,10.);
#1354=VECTOR('',#4659,10.);
#1355=VECTOR('',#4666,10.);
#1356=VECTOR('',#4667,10.);
#1357=VECTOR('',#4668,10.);
#1358=VECTOR('',#4669,10.);
#1359=VECTOR('',#4672,10.);
#1360=VECTOR('',#4673,10.);
#1361=VECTOR('',#4674,10.);
#1362=VECTOR('',#4677,10.);
#1363=VECTOR('',#4678,10.);
#1364=VECTOR('',#4679,10.);
#1365=VECTOR('',#4682,10.);
#1366=VECTOR('',#4683,10.);
#1367=VECTOR('',#4690,10.);
#1368=VECTOR('',#4691,10.);
#1369=VECTOR('',#4692,10.);
#1370=VECTOR('',#4693,10.);
#1371=VECTOR('',#4696,10.);
#1372=VECTOR('',#4697,10.);
#1373=VECTOR('',#4698,10.);
#1374=VECTOR('',#4701,10.);
#1375=VECTOR('',#4702,10.);
#1376=VECTOR('',#4703,10.);
#1377=VECTOR('',#4706,10.);
#1378=VECTOR('',#4707,10.);
#1379=VECTOR('',#4714,10.);
#1380=VECTOR('',#4715,10.);
#1381=VECTOR('',#4716,10.);
#1382=VECTOR('',#4717,10.);
#1383=VECTOR('',#4720,10.);
#1384=VECTOR('',#4721,10.);
#1385=VECTOR('',#4722,10.);
#1386=VECTOR('',#4725,10.);
#1387=VECTOR('',#4726,10.);
#1388=VECTOR('',#4727,10.);
#1389=VECTOR('',#4730,10.);
#1390=VECTOR('',#4731,10.);
#1391=VECTOR('',#4738,10.);
#1392=VECTOR('',#4739,10.);
#1393=VECTOR('',#4740,10.);
#1394=VECTOR('',#4741,10.);
#1395=VECTOR('',#4744,10.);
#1396=VECTOR('',#4745,10.);
#1397=VECTOR('',#4746,10.);
#1398=VECTOR('',#4749,10.);
#1399=VECTOR('',#4750,10.);
#1400=VECTOR('',#4751,10.);
#1401=VECTOR('',#4754,10.);
#1402=VECTOR('',#4755,10.);
#1403=VECTOR('',#4762,10.);
#1404=VECTOR('',#4763,10.);
#1405=VECTOR('',#4764,10.);
#1406=VECTOR('',#4765,10.);
#1407=VECTOR('',#4768,10.);
#1408=VECTOR('',#4769,10.);
#1409=VECTOR('',#4770,10.);
#1410=VECTOR('',#4773,10.);
#1411=VECTOR('',#4774,10.);
#1412=VECTOR('',#4775,10.);
#1413=VECTOR('',#4778,10.);
#1414=VECTOR('',#4779,10.);
#1415=VECTOR('',#4786,10.);
#1416=VECTOR('',#4787,10.);
#1417=VECTOR('',#4788,10.);
#1418=VECTOR('',#4789,10.);
#1419=VECTOR('',#4792,10.);
#1420=VECTOR('',#4793,10.);
#1421=VECTOR('',#4794,10.);
#1422=VECTOR('',#4797,10.);
#1423=VECTOR('',#4798,10.);
#1424=VECTOR('',#4799,10.);
#1425=VECTOR('',#4802,10.);
#1426=VECTOR('',#4803,10.);
#1427=VECTOR('',#4810,10.);
#1428=VECTOR('',#4811,10.);
#1429=VECTOR('',#4812,10.);
#1430=VECTOR('',#4813,10.);
#1431=VECTOR('',#4816,10.);
#1432=VECTOR('',#4817,10.);
#1433=VECTOR('',#4818,10.);
#1434=VECTOR('',#4821,10.);
#1435=VECTOR('',#4822,10.);
#1436=VECTOR('',#4823,10.);
#1437=VECTOR('',#4826,10.);
#1438=VECTOR('',#4827,10.);
#1439=VECTOR('',#4834,10.);
#1440=VECTOR('',#4835,10.);
#1441=VECTOR('',#4836,10.);
#1442=VECTOR('',#4837,10.);
#1443=VECTOR('',#4840,10.);
#1444=VECTOR('',#4841,10.);
#1445=VECTOR('',#4842,10.);
#1446=VECTOR('',#4845,10.);
#1447=VECTOR('',#4846,10.);
#1448=VECTOR('',#4847,10.);
#1449=VECTOR('',#4850,10.);
#1450=VECTOR('',#4851,10.);
#1451=VECTOR('',#4858,10.);
#1452=VECTOR('',#4859,10.);
#1453=VECTOR('',#4860,10.);
#1454=VECTOR('',#4861,10.);
#1455=VECTOR('',#4864,10.);
#1456=VECTOR('',#4865,10.);
#1457=VECTOR('',#4866,10.);
#1458=VECTOR('',#4869,10.);
#1459=VECTOR('',#4870,10.);
#1460=VECTOR('',#4871,10.);
#1461=VECTOR('',#4874,10.);
#1462=VECTOR('',#4875,10.);
#1463=VECTOR('',#4882,10.);
#1464=VECTOR('',#4883,10.);
#1465=VECTOR('',#4884,10.);
#1466=VECTOR('',#4885,10.);
#1467=VECTOR('',#4888,10.);
#1468=VECTOR('',#4889,10.);
#1469=VECTOR('',#4890,10.);
#1470=VECTOR('',#4893,10.);
#1471=VECTOR('',#4894,10.);
#1472=VECTOR('',#4895,10.);
#1473=VECTOR('',#4898,10.);
#1474=VECTOR('',#4899,10.);
#1475=VECTOR('',#4906,10.);
#1476=VECTOR('',#4907,10.);
#1477=VECTOR('',#4908,10.);
#1478=VECTOR('',#4909,10.);
#1479=VECTOR('',#4912,10.);
#1480=VECTOR('',#4913,10.);
#1481=VECTOR('',#4914,10.);
#1482=VECTOR('',#4917,10.);
#1483=VECTOR('',#4918,10.);
#1484=VECTOR('',#4919,10.);
#1485=VECTOR('',#4922,10.);
#1486=VECTOR('',#4923,10.);
#1487=VECTOR('',#4932,10.);
#1488=VECTOR('',#4933,10.);
#1489=VECTOR('',#4934,10.);
#1490=VECTOR('',#4935,10.);
#1491=VECTOR('',#4938,10.);
#1492=VECTOR('',#4939,10.);
#1493=VECTOR('',#4940,10.);
#1494=VECTOR('',#4943,10.);
#1495=VECTOR('',#4944,10.);
#1496=VECTOR('',#4945,10.);
#1497=VECTOR('',#4948,10.);
#1498=VECTOR('',#4949,10.);
#1499=VECTOR('',#4956,10.);
#1500=VECTOR('',#4957,10.);
#1501=VECTOR('',#4958,10.);
#1502=VECTOR('',#4959,10.);
#1503=VECTOR('',#4962,10.);
#1504=VECTOR('',#4963,10.);
#1505=VECTOR('',#4964,10.);
#1506=VECTOR('',#4967,10.);
#1507=VECTOR('',#4968,10.);
#1508=VECTOR('',#4969,10.);
#1509=VECTOR('',#4972,10.);
#1510=VECTOR('',#4973,10.);
#1511=VECTOR('',#4980,10.);
#1512=VECTOR('',#4981,10.);
#1513=VECTOR('',#4982,10.);
#1514=VECTOR('',#4983,10.);
#1515=VECTOR('',#4986,10.);
#1516=VECTOR('',#4987,10.);
#1517=VECTOR('',#4988,10.);
#1518=VECTOR('',#4991,10.);
#1519=VECTOR('',#4992,10.);
#1520=VECTOR('',#4993,10.);
#1521=VECTOR('',#4996,10.);
#1522=VECTOR('',#4997,10.);
#1523=VECTOR('',#5006,10.);
#1524=VECTOR('',#5007,10.);
#1525=VECTOR('',#5008,10.);
#1526=VECTOR('',#5009,10.);
#1527=VECTOR('',#5012,10.);
#1528=VECTOR('',#5013,10.);
#1529=VECTOR('',#5014,10.);
#1530=VECTOR('',#5017,10.);
#1531=VECTOR('',#5018,10.);
#1532=VECTOR('',#5019,10.);
#1533=VECTOR('',#5022,10.);
#1534=VECTOR('',#5023,10.);
#1535=VERTEX_POINT('',#5049);
#1536=VERTEX_POINT('',#5050);
#1537=VERTEX_POINT('',#5052);
#1538=VERTEX_POINT('',#5054);
#1539=VERTEX_POINT('',#5058);
#1540=VERTEX_POINT('',#5060);
#1541=VERTEX_POINT('',#5064);
#1542=VERTEX_POINT('',#5066);
#1543=VERTEX_POINT('',#5073);
#1544=VERTEX_POINT('',#5074);
#1545=VERTEX_POINT('',#5076);
#1546=VERTEX_POINT('',#5078);
#1547=VERTEX_POINT('',#5082);
#1548=VERTEX_POINT('',#5084);
#1549=VERTEX_POINT('',#5088);
#1550=VERTEX_POINT('',#5090);
#1551=VERTEX_POINT('',#5099);
#1552=VERTEX_POINT('',#5100);
#1553=VERTEX_POINT('',#5102);
#1554=VERTEX_POINT('',#5104);
#1555=VERTEX_POINT('',#5108);
#1556=VERTEX_POINT('',#5110);
#1557=VERTEX_POINT('',#5114);
#1558=VERTEX_POINT('',#5116);
#1559=VERTEX_POINT('',#5123);
#1560=VERTEX_POINT('',#5124);
#1561=VERTEX_POINT('',#5126);
#1562=VERTEX_POINT('',#5128);
#1563=VERTEX_POINT('',#5132);
#1564=VERTEX_POINT('',#5134);
#1565=VERTEX_POINT('',#5138);
#1566=VERTEX_POINT('',#5140);
#1567=VERTEX_POINT('',#5150);
#1568=VERTEX_POINT('',#5151);
#1569=VERTEX_POINT('',#5153);
#1570=VERTEX_POINT('',#5155);
#1571=VERTEX_POINT('',#5159);
#1572=VERTEX_POINT('',#5161);
#1573=VERTEX_POINT('',#5165);
#1574=VERTEX_POINT('',#5167);
#1575=VERTEX_POINT('',#5177);
#1576=VERTEX_POINT('',#5178);
#1577=VERTEX_POINT('',#5180);
#1578=VERTEX_POINT('',#5182);
#1579=VERTEX_POINT('',#5186);
#1580=VERTEX_POINT('',#5188);
#1581=VERTEX_POINT('',#5192);
#1582=VERTEX_POINT('',#5194);
#1583=VERTEX_POINT('',#5203);
#1584=VERTEX_POINT('',#5204);
#1585=VERTEX_POINT('',#5206);
#1586=VERTEX_POINT('',#5208);
#1587=VERTEX_POINT('',#5212);
#1588=VERTEX_POINT('',#5214);
#1589=VERTEX_POINT('',#5218);
#1590=VERTEX_POINT('',#5220);
#1591=VERTEX_POINT('',#5229);
#1592=VERTEX_POINT('',#5230);
#1593=VERTEX_POINT('',#5232);
#1594=VERTEX_POINT('',#5234);
#1595=VERTEX_POINT('',#5238);
#1596=VERTEX_POINT('',#5240);
#1597=VERTEX_POINT('',#5244);
#1598=VERTEX_POINT('',#5246);
#1599=VERTEX_POINT('',#5255);
#1600=VERTEX_POINT('',#5256);
#1601=VERTEX_POINT('',#5258);
#1602=VERTEX_POINT('',#5260);
#1603=VERTEX_POINT('',#5264);
#1604=VERTEX_POINT('',#5266);
#1605=VERTEX_POINT('',#5270);
#1606=VERTEX_POINT('',#5272);
#1607=VERTEX_POINT('',#5281);
#1608=VERTEX_POINT('',#5282);
#1609=VERTEX_POINT('',#5284);
#1610=VERTEX_POINT('',#5286);
#1611=VERTEX_POINT('',#5290);
#1612=VERTEX_POINT('',#5292);
#1613=VERTEX_POINT('',#5296);
#1614=VERTEX_POINT('',#5298);
#1615=VERTEX_POINT('',#5307);
#1616=VERTEX_POINT('',#5308);
#1617=VERTEX_POINT('',#5310);
#1618=VERTEX_POINT('',#5312);
#1619=VERTEX_POINT('',#5316);
#1620=VERTEX_POINT('',#5318);
#1621=VERTEX_POINT('',#5322);
#1622=VERTEX_POINT('',#5324);
#1623=VERTEX_POINT('',#5333);
#1624=VERTEX_POINT('',#5334);
#1625=VERTEX_POINT('',#5336);
#1626=VERTEX_POINT('',#5338);
#1627=VERTEX_POINT('',#5342);
#1628=VERTEX_POINT('',#5344);
#1629=VERTEX_POINT('',#5348);
#1630=VERTEX_POINT('',#5350);
#1631=VERTEX_POINT('',#5359);
#1632=VERTEX_POINT('',#5360);
#1633=VERTEX_POINT('',#5362);
#1634=VERTEX_POINT('',#5364);
#1635=VERTEX_POINT('',#5368);
#1636=VERTEX_POINT('',#5370);
#1637=VERTEX_POINT('',#5374);
#1638=VERTEX_POINT('',#5376);
#1639=VERTEX_POINT('',#5386);
#1640=VERTEX_POINT('',#5387);
#1641=VERTEX_POINT('',#5389);
#1642=VERTEX_POINT('',#5391);
#1643=VERTEX_POINT('',#5395);
#1644=VERTEX_POINT('',#5397);
#1645=VERTEX_POINT('',#5401);
#1646=VERTEX_POINT('',#5403);
#1647=VERTEX_POINT('',#5412);
#1648=VERTEX_POINT('',#5413);
#1649=VERTEX_POINT('',#5415);
#1650=VERTEX_POINT('',#5417);
#1651=VERTEX_POINT('',#5421);
#1652=VERTEX_POINT('',#5423);
#1653=VERTEX_POINT('',#5427);
#1654=VERTEX_POINT('',#5429);
#1655=VERTEX_POINT('',#5438);
#1656=VERTEX_POINT('',#5439);
#1657=VERTEX_POINT('',#5441);
#1658=VERTEX_POINT('',#5443);
#1659=VERTEX_POINT('',#5447);
#1660=VERTEX_POINT('',#5449);
#1661=VERTEX_POINT('',#5453);
#1662=VERTEX_POINT('',#5455);
#1663=VERTEX_POINT('',#5464);
#1664=VERTEX_POINT('',#5465);
#1665=VERTEX_POINT('',#5467);
#1666=VERTEX_POINT('',#5469);
#1667=VERTEX_POINT('',#5473);
#1668=VERTEX_POINT('',#5475);
#1669=VERTEX_POINT('',#5479);
#1670=VERTEX_POINT('',#5481);
#1671=VERTEX_POINT('',#5490);
#1672=VERTEX_POINT('',#5491);
#1673=VERTEX_POINT('',#5493);
#1674=VERTEX_POINT('',#5495);
#1675=VERTEX_POINT('',#5499);
#1676=VERTEX_POINT('',#5501);
#1677=VERTEX_POINT('',#5505);
#1678=VERTEX_POINT('',#5507);
#1679=VERTEX_POINT('',#5516);
#1680=VERTEX_POINT('',#5517);
#1681=VERTEX_POINT('',#5519);
#1682=VERTEX_POINT('',#5521);
#1683=VERTEX_POINT('',#5525);
#1684=VERTEX_POINT('',#5527);
#1685=VERTEX_POINT('',#5531);
#1686=VERTEX_POINT('',#5533);
#1687=VERTEX_POINT('',#5542);
#1688=VERTEX_POINT('',#5543);
#1689=VERTEX_POINT('',#5545);
#1690=VERTEX_POINT('',#5547);
#1691=VERTEX_POINT('',#5551);
#1692=VERTEX_POINT('',#5553);
#1693=VERTEX_POINT('',#5557);
#1694=VERTEX_POINT('',#5559);
#1695=VERTEX_POINT('',#5568);
#1696=VERTEX_POINT('',#5569);
#1697=VERTEX_POINT('',#5571);
#1698=VERTEX_POINT('',#5573);
#1699=VERTEX_POINT('',#5577);
#1700=VERTEX_POINT('',#5579);
#1701=VERTEX_POINT('',#5583);
#1702=VERTEX_POINT('',#5585);
#1703=VERTEX_POINT('',#5594);
#1704=VERTEX_POINT('',#5595);
#1705=VERTEX_POINT('',#5597);
#1706=VERTEX_POINT('',#5599);
#1707=VERTEX_POINT('',#5603);
#1708=VERTEX_POINT('',#5605);
#1709=VERTEX_POINT('',#5609);
#1710=VERTEX_POINT('',#5611);
#1711=VERTEX_POINT('',#5620);
#1712=VERTEX_POINT('',#5621);
#1713=VERTEX_POINT('',#5623);
#1714=VERTEX_POINT('',#5625);
#1715=VERTEX_POINT('',#5629);
#1716=VERTEX_POINT('',#5631);
#1717=VERTEX_POINT('',#5635);
#1718=VERTEX_POINT('',#5637);
#1719=VERTEX_POINT('',#5647);
#1720=VERTEX_POINT('',#5648);
#1721=VERTEX_POINT('',#5650);
#1722=VERTEX_POINT('',#5652);
#1723=VERTEX_POINT('',#5656);
#1724=VERTEX_POINT('',#5658);
#1725=VERTEX_POINT('',#5662);
#1726=VERTEX_POINT('',#5664);
#1727=VERTEX_POINT('',#5673);
#1728=VERTEX_POINT('',#5674);
#1729=VERTEX_POINT('',#5676);
#1730=VERTEX_POINT('',#5678);
#1731=VERTEX_POINT('',#5682);
#1732=VERTEX_POINT('',#5684);
#1733=VERTEX_POINT('',#5688);
#1734=VERTEX_POINT('',#5690);
#1735=VERTEX_POINT('',#5699);
#1736=VERTEX_POINT('',#5700);
#1737=VERTEX_POINT('',#5702);
#1738=VERTEX_POINT('',#5704);
#1739=VERTEX_POINT('',#5708);
#1740=VERTEX_POINT('',#5710);
#1741=VERTEX_POINT('',#5714);
#1742=VERTEX_POINT('',#5716);
#1743=VERTEX_POINT('',#5725);
#1744=VERTEX_POINT('',#5726);
#1745=VERTEX_POINT('',#5728);
#1746=VERTEX_POINT('',#5730);
#1747=VERTEX_POINT('',#5734);
#1748=VERTEX_POINT('',#5736);
#1749=VERTEX_POINT('',#5740);
#1750=VERTEX_POINT('',#5742);
#1751=VERTEX_POINT('',#5751);
#1752=VERTEX_POINT('',#5752);
#1753=VERTEX_POINT('',#5754);
#1754=VERTEX_POINT('',#5756);
#1755=VERTEX_POINT('',#5760);
#1756=VERTEX_POINT('',#5762);
#1757=VERTEX_POINT('',#5766);
#1758=VERTEX_POINT('',#5768);
#1759=VERTEX_POINT('',#5777);
#1760=VERTEX_POINT('',#5778);
#1761=VERTEX_POINT('',#5780);
#1762=VERTEX_POINT('',#5782);
#1763=VERTEX_POINT('',#5786);
#1764=VERTEX_POINT('',#5788);
#1765=VERTEX_POINT('',#5792);
#1766=VERTEX_POINT('',#5794);
#1767=VERTEX_POINT('',#5803);
#1768=VERTEX_POINT('',#5804);
#1769=VERTEX_POINT('',#5806);
#1770=VERTEX_POINT('',#5808);
#1771=VERTEX_POINT('',#5812);
#1772=VERTEX_POINT('',#5814);
#1773=VERTEX_POINT('',#5818);
#1774=VERTEX_POINT('',#5820);
#1775=VERTEX_POINT('',#5829);
#1776=VERTEX_POINT('',#5830);
#1777=VERTEX_POINT('',#5832);
#1778=VERTEX_POINT('',#5834);
#1779=VERTEX_POINT('',#5838);
#1780=VERTEX_POINT('',#5840);
#1781=VERTEX_POINT('',#5844);
#1782=VERTEX_POINT('',#5846);
#1783=VERTEX_POINT('',#5855);
#1784=VERTEX_POINT('',#5856);
#1785=VERTEX_POINT('',#5858);
#1786=VERTEX_POINT('',#5860);
#1787=VERTEX_POINT('',#5864);
#1788=VERTEX_POINT('',#5866);
#1789=VERTEX_POINT('',#5870);
#1790=VERTEX_POINT('',#5872);
#1791=VERTEX_POINT('',#5881);
#1792=VERTEX_POINT('',#5882);
#1793=VERTEX_POINT('',#5884);
#1794=VERTEX_POINT('',#5886);
#1795=VERTEX_POINT('',#5890);
#1796=VERTEX_POINT('',#5892);
#1797=VERTEX_POINT('',#5896);
#1798=VERTEX_POINT('',#5898);
#1799=VERTEX_POINT('',#5907);
#1800=VERTEX_POINT('',#5908);
#1801=VERTEX_POINT('',#5910);
#1802=VERTEX_POINT('',#5912);
#1803=VERTEX_POINT('',#5916);
#1804=VERTEX_POINT('',#5918);
#1805=VERTEX_POINT('',#5922);
#1806=VERTEX_POINT('',#5924);
#1807=VERTEX_POINT('',#5933);
#1808=VERTEX_POINT('',#5934);
#1809=VERTEX_POINT('',#5936);
#1810=VERTEX_POINT('',#5938);
#1811=VERTEX_POINT('',#5942);
#1812=VERTEX_POINT('',#5944);
#1813=VERTEX_POINT('',#5948);
#1814=VERTEX_POINT('',#5950);
#1815=VERTEX_POINT('',#5960);
#1816=VERTEX_POINT('',#5961);
#1817=VERTEX_POINT('',#5963);
#1818=VERTEX_POINT('',#5965);
#1819=VERTEX_POINT('',#5969);
#1820=VERTEX_POINT('',#5971);
#1821=VERTEX_POINT('',#5975);
#1822=VERTEX_POINT('',#5977);
#1823=VERTEX_POINT('',#5986);
#1824=VERTEX_POINT('',#5987);
#1825=VERTEX_POINT('',#5989);
#1826=VERTEX_POINT('',#5991);
#1827=VERTEX_POINT('',#5995);
#1828=VERTEX_POINT('',#5997);
#1829=VERTEX_POINT('',#6001);
#1830=VERTEX_POINT('',#6003);
#1831=VERTEX_POINT('',#6012);
#1832=VERTEX_POINT('',#6013);
#1833=VERTEX_POINT('',#6015);
#1834=VERTEX_POINT('',#6017);
#1835=VERTEX_POINT('',#6021);
#1836=VERTEX_POINT('',#6023);
#1837=VERTEX_POINT('',#6027);
#1838=VERTEX_POINT('',#6029);
#1839=VERTEX_POINT('',#6039);
#1840=VERTEX_POINT('',#6040);
#1841=VERTEX_POINT('',#6042);
#1842=VERTEX_POINT('',#6044);
#1843=VERTEX_POINT('',#6048);
#1844=VERTEX_POINT('',#6050);
#1845=VERTEX_POINT('',#6054);
#1846=VERTEX_POINT('',#6056);
#1847=EDGE_CURVE('',#1535,#1536,#599,.T.);
#1848=EDGE_CURVE('',#1535,#1537,#600,.T.);
#1849=EDGE_CURVE('',#1538,#1537,#601,.T.);
#1850=EDGE_CURVE('',#1536,#1538,#602,.T.);
#1851=EDGE_CURVE('',#1536,#1539,#603,.T.);
#1852=EDGE_CURVE('',#1540,#1538,#604,.T.);
#1853=EDGE_CURVE('',#1540,#1539,#605,.T.);
#1854=EDGE_CURVE('',#1539,#1541,#606,.T.);
#1855=EDGE_CURVE('',#1542,#1540,#607,.T.);
#1856=EDGE_CURVE('',#1542,#1541,#608,.T.);
#1857=EDGE_CURVE('',#1541,#1535,#609,.T.);
#1858=EDGE_CURVE('',#1537,#1542,#610,.T.);
#1859=EDGE_CURVE('',#1543,#1544,#611,.T.);
#1860=EDGE_CURVE('',#1544,#1545,#612,.T.);
#1861=EDGE_CURVE('',#1546,#1545,#613,.T.);
#1862=EDGE_CURVE('',#1543,#1546,#614,.T.);
#1863=EDGE_CURVE('',#1547,#1543,#615,.T.);
#1864=EDGE_CURVE('',#1548,#1546,#616,.T.);
#1865=EDGE_CURVE('',#1547,#1548,#617,.T.);
#1866=EDGE_CURVE('',#1549,#1547,#618,.T.);
#1867=EDGE_CURVE('',#1550,#1548,#619,.T.);
#1868=EDGE_CURVE('',#1549,#1550,#620,.T.);
#1869=EDGE_CURVE('',#1544,#1549,#621,.T.);
#1870=EDGE_CURVE('',#1545,#1550,#622,.T.);
#1871=EDGE_CURVE('',#1551,#1552,#623,.T.);
#1872=EDGE_CURVE('',#1551,#1553,#624,.T.);
#1873=EDGE_CURVE('',#1554,#1553,#625,.T.);
#1874=EDGE_CURVE('',#1552,#1554,#626,.T.);
#1875=EDGE_CURVE('',#1552,#1555,#627,.T.);
#1876=EDGE_CURVE('',#1556,#1554,#628,.T.);
#1877=EDGE_CURVE('',#1556,#1555,#629,.T.);
#1878=EDGE_CURVE('',#1555,#1557,#630,.T.);
#1879=EDGE_CURVE('',#1558,#1556,#631,.T.);
#1880=EDGE_CURVE('',#1558,#1557,#632,.T.);
#1881=EDGE_CURVE('',#1557,#1551,#633,.T.);
#1882=EDGE_CURVE('',#1553,#1558,#634,.T.);
#1883=EDGE_CURVE('',#1559,#1560,#635,.T.);
#1884=EDGE_CURVE('',#1560,#1561,#636,.T.);
#1885=EDGE_CURVE('',#1562,#1561,#637,.T.);
#1886=EDGE_CURVE('',#1559,#1562,#638,.T.);
#1887=EDGE_CURVE('',#1563,#1559,#639,.T.);
#1888=EDGE_CURVE('',#1564,#1562,#640,.T.);
#1889=EDGE_CURVE('',#1563,#1564,#641,.T.);
#1890=EDGE_CURVE('',#1565,#1563,#642,.T.);
#1891=EDGE_CURVE('',#1566,#1564,#643,.T.);
#1892=EDGE_CURVE('',#1565,#1566,#644,.T.);
#1893=EDGE_CURVE('',#1560,#1565,#645,.T.);
#1894=EDGE_CURVE('',#1561,#1566,#646,.T.);
#1895=EDGE_CURVE('',#1567,#1568,#647,.T.);
#1896=EDGE_CURVE('',#1568,#1569,#648,.T.);
#1897=EDGE_CURVE('',#1570,#1569,#649,.T.);
#1898=EDGE_CURVE('',#1567,#1570,#650,.T.);
#1899=EDGE_CURVE('',#1571,#1567,#651,.T.);
#1900=EDGE_CURVE('',#1572,#1570,#652,.T.);
#1901=EDGE_CURVE('',#1571,#1572,#653,.T.);
#1902=EDGE_CURVE('',#1573,#1571,#654,.T.);
#1903=EDGE_CURVE('',#1574,#1572,#655,.T.);
#1904=EDGE_CURVE('',#1573,#1574,#656,.T.);
#1905=EDGE_CURVE('',#1568,#1573,#657,.T.);
#1906=EDGE_CURVE('',#1569,#1574,#658,.T.);
#1907=EDGE_CURVE('',#1575,#1576,#659,.T.);
#1908=EDGE_CURVE('',#1576,#1577,#660,.T.);
#1909=EDGE_CURVE('',#1578,#1577,#661,.T.);
#1910=EDGE_CURVE('',#1575,#1578,#662,.T.);
#1911=EDGE_CURVE('',#1579,#1575,#663,.T.);
#1912=EDGE_CURVE('',#1580,#1578,#664,.T.);
#1913=EDGE_CURVE('',#1579,#1580,#665,.T.);
#1914=EDGE_CURVE('',#1581,#1579,#666,.T.);
#1915=EDGE_CURVE('',#1582,#1580,#667,.T.);
#1916=EDGE_CURVE('',#1581,#1582,#668,.T.);
#1917=EDGE_CURVE('',#1576,#1581,#669,.T.);
#1918=EDGE_CURVE('',#1577,#1582,#670,.T.);
#1919=EDGE_CURVE('',#1583,#1584,#671,.T.);
#1920=EDGE_CURVE('',#1584,#1585,#672,.T.);
#1921=EDGE_CURVE('',#1586,#1585,#673,.T.);
#1922=EDGE_CURVE('',#1583,#1586,#674,.T.);
#1923=EDGE_CURVE('',#1587,#1583,#675,.T.);
#1924=EDGE_CURVE('',#1588,#1586,#676,.T.);
#1925=EDGE_CURVE('',#1587,#1588,#677,.T.);
#1926=EDGE_CURVE('',#1589,#1587,#678,.T.);
#1927=EDGE_CURVE('',#1590,#1588,#679,.T.);
#1928=EDGE_CURVE('',#1589,#1590,#680,.T.);
#1929=EDGE_CURVE('',#1584,#1589,#681,.T.);
#1930=EDGE_CURVE('',#1585,#1590,#682,.T.);
#1931=EDGE_CURVE('',#1591,#1592,#683,.T.);
#1932=EDGE_CURVE('',#1592,#1593,#684,.T.);
#1933=EDGE_CURVE('',#1594,#1593,#685,.T.);
#1934=EDGE_CURVE('',#1591,#1594,#686,.T.);
#1935=EDGE_CURVE('',#1595,#1591,#687,.T.);
#1936=EDGE_CURVE('',#1596,#1594,#688,.T.);
#1937=EDGE_CURVE('',#1595,#1596,#689,.T.);
#1938=EDGE_CURVE('',#1597,#1595,#690,.T.);
#1939=EDGE_CURVE('',#1598,#1596,#691,.T.);
#1940=EDGE_CURVE('',#1597,#1598,#692,.T.);
#1941=EDGE_CURVE('',#1592,#1597,#693,.T.);
#1942=EDGE_CURVE('',#1593,#1598,#694,.T.);
#1943=EDGE_CURVE('',#1599,#1600,#695,.T.);
#1944=EDGE_CURVE('',#1600,#1601,#696,.T.);
#1945=EDGE_CURVE('',#1602,#1601,#697,.T.);
#1946=EDGE_CURVE('',#1599,#1602,#698,.T.);
#1947=EDGE_CURVE('',#1603,#1599,#699,.T.);
#1948=EDGE_CURVE('',#1604,#1602,#700,.T.);
#1949=EDGE_CURVE('',#1603,#1604,#701,.T.);
#1950=EDGE_CURVE('',#1605,#1603,#702,.T.);
#1951=EDGE_CURVE('',#1606,#1604,#703,.T.);
#1952=EDGE_CURVE('',#1605,#1606,#704,.T.);
#1953=EDGE_CURVE('',#1600,#1605,#705,.T.);
#1954=EDGE_CURVE('',#1601,#1606,#706,.T.);
#1955=EDGE_CURVE('',#1607,#1608,#707,.T.);
#1956=EDGE_CURVE('',#1608,#1609,#708,.T.);
#1957=EDGE_CURVE('',#1610,#1609,#709,.T.);
#1958=EDGE_CURVE('',#1607,#1610,#710,.T.);
#1959=EDGE_CURVE('',#1611,#1607,#711,.T.);
#1960=EDGE_CURVE('',#1612,#1610,#712,.T.);
#1961=EDGE_CURVE('',#1611,#1612,#713,.T.);
#1962=EDGE_CURVE('',#1613,#1611,#714,.T.);
#1963=EDGE_CURVE('',#1614,#1612,#715,.T.);
#1964=EDGE_CURVE('',#1613,#1614,#716,.T.);
#1965=EDGE_CURVE('',#1608,#1613,#717,.T.);
#1966=EDGE_CURVE('',#1609,#1614,#718,.T.);
#1967=EDGE_CURVE('',#1615,#1616,#719,.T.);
#1968=EDGE_CURVE('',#1616,#1617,#720,.T.);
#1969=EDGE_CURVE('',#1618,#1617,#721,.T.);
#1970=EDGE_CURVE('',#1615,#1618,#722,.T.);
#1971=EDGE_CURVE('',#1619,#1615,#723,.T.);
#1972=EDGE_CURVE('',#1620,#1618,#724,.T.);
#1973=EDGE_CURVE('',#1619,#1620,#725,.T.);
#1974=EDGE_CURVE('',#1621,#1619,#726,.T.);
#1975=EDGE_CURVE('',#1622,#1620,#727,.T.);
#1976=EDGE_CURVE('',#1621,#1622,#728,.T.);
#1977=EDGE_CURVE('',#1616,#1621,#729,.T.);
#1978=EDGE_CURVE('',#1617,#1622,#730,.T.);
#1979=EDGE_CURVE('',#1623,#1624,#731,.T.);
#1980=EDGE_CURVE('',#1624,#1625,#732,.T.);
#1981=EDGE_CURVE('',#1626,#1625,#733,.T.);
#1982=EDGE_CURVE('',#1623,#1626,#734,.T.);
#1983=EDGE_CURVE('',#1627,#1623,#735,.T.);
#1984=EDGE_CURVE('',#1628,#1626,#736,.T.);
#1985=EDGE_CURVE('',#1627,#1628,#737,.T.);
#1986=EDGE_CURVE('',#1629,#1627,#738,.T.);
#1987=EDGE_CURVE('',#1630,#1628,#739,.T.);
#1988=EDGE_CURVE('',#1629,#1630,#740,.T.);
#1989=EDGE_CURVE('',#1624,#1629,#741,.T.);
#1990=EDGE_CURVE('',#1625,#1630,#742,.T.);
#1991=EDGE_CURVE('',#1631,#1632,#743,.T.);
#1992=EDGE_CURVE('',#1632,#1633,#744,.T.);
#1993=EDGE_CURVE('',#1634,#1633,#745,.T.);
#1994=EDGE_CURVE('',#1631,#1634,#746,.T.);
#1995=EDGE_CURVE('',#1635,#1631,#747,.T.);
#1996=EDGE_CURVE('',#1636,#1634,#748,.T.);
#1997=EDGE_CURVE('',#1635,#1636,#749,.T.);
#1998=EDGE_CURVE('',#1637,#1635,#750,.T.);
#1999=EDGE_CURVE('',#1638,#1636,#751,.T.);
#2000=EDGE_CURVE('',#1637,#1638,#752,.T.);
#2001=EDGE_CURVE('',#1632,#1637,#753,.T.);
#2002=EDGE_CURVE('',#1633,#1638,#754,.T.);
#2003=EDGE_CURVE('',#1639,#1640,#755,.T.);
#2004=EDGE_CURVE('',#1640,#1641,#756,.T.);
#2005=EDGE_CURVE('',#1642,#1641,#757,.T.);
#2006=EDGE_CURVE('',#1639,#1642,#758,.T.);
#2007=EDGE_CURVE('',#1643,#1639,#759,.T.);
#2008=EDGE_CURVE('',#1644,#1642,#760,.T.);
#2009=EDGE_CURVE('',#1643,#1644,#761,.T.);
#2010=EDGE_CURVE('',#1645,#1643,#762,.T.);
#2011=EDGE_CURVE('',#1646,#1644,#763,.T.);
#2012=EDGE_CURVE('',#1645,#1646,#764,.T.);
#2013=EDGE_CURVE('',#1640,#1645,#765,.T.);
#2014=EDGE_CURVE('',#1641,#1646,#766,.T.);
#2015=EDGE_CURVE('',#1647,#1648,#767,.T.);
#2016=EDGE_CURVE('',#1648,#1649,#768,.T.);
#2017=EDGE_CURVE('',#1650,#1649,#769,.T.);
#2018=EDGE_CURVE('',#1647,#1650,#770,.T.);
#2019=EDGE_CURVE('',#1651,#1647,#771,.T.);
#2020=EDGE_CURVE('',#1652,#1650,#772,.T.);
#2021=EDGE_CURVE('',#1651,#1652,#773,.T.);
#2022=EDGE_CURVE('',#1653,#1651,#774,.T.);
#2023=EDGE_CURVE('',#1654,#1652,#775,.T.);
#2024=EDGE_CURVE('',#1653,#1654,#776,.T.);
#2025=EDGE_CURVE('',#1648,#1653,#777,.T.);
#2026=EDGE_CURVE('',#1649,#1654,#778,.T.);
#2027=EDGE_CURVE('',#1655,#1656,#779,.T.);
#2028=EDGE_CURVE('',#1656,#1657,#780,.T.);
#2029=EDGE_CURVE('',#1658,#1657,#781,.T.);
#2030=EDGE_CURVE('',#1655,#1658,#782,.T.);
#2031=EDGE_CURVE('',#1659,#1655,#783,.T.);
#2032=EDGE_CURVE('',#1660,#1658,#784,.T.);
#2033=EDGE_CURVE('',#1659,#1660,#785,.T.);
#2034=EDGE_CURVE('',#1661,#1659,#786,.T.);
#2035=EDGE_CURVE('',#1662,#1660,#787,.T.);
#2036=EDGE_CURVE('',#1661,#1662,#788,.T.);
#2037=EDGE_CURVE('',#1656,#1661,#789,.T.);
#2038=EDGE_CURVE('',#1657,#1662,#790,.T.);
#2039=EDGE_CURVE('',#1663,#1664,#791,.T.);
#2040=EDGE_CURVE('',#1664,#1665,#792,.T.);
#2041=EDGE_CURVE('',#1666,#1665,#793,.T.);
#2042=EDGE_CURVE('',#1663,#1666,#794,.T.);
#2043=EDGE_CURVE('',#1667,#1663,#795,.T.);
#2044=EDGE_CURVE('',#1668,#1666,#796,.T.);
#2045=EDGE_CURVE('',#1667,#1668,#797,.T.);
#2046=EDGE_CURVE('',#1669,#1667,#798,.T.);
#2047=EDGE_CURVE('',#1670,#1668,#799,.T.);
#2048=EDGE_CURVE('',#1669,#1670,#800,.T.);
#2049=EDGE_CURVE('',#1664,#1669,#801,.T.);
#2050=EDGE_CURVE('',#1665,#1670,#802,.T.);
#2051=EDGE_CURVE('',#1671,#1672,#803,.T.);
#2052=EDGE_CURVE('',#1672,#1673,#804,.T.);
#2053=EDGE_CURVE('',#1674,#1673,#805,.T.);
#2054=EDGE_CURVE('',#1671,#1674,#806,.T.);
#2055=EDGE_CURVE('',#1675,#1671,#807,.T.);
#2056=EDGE_CURVE('',#1676,#1674,#808,.T.);
#2057=EDGE_CURVE('',#1675,#1676,#809,.T.);
#2058=EDGE_CURVE('',#1677,#1675,#810,.T.);
#2059=EDGE_CURVE('',#1678,#1676,#811,.T.);
#2060=EDGE_CURVE('',#1677,#1678,#812,.T.);
#2061=EDGE_CURVE('',#1672,#1677,#813,.T.);
#2062=EDGE_CURVE('',#1673,#1678,#814,.T.);
#2063=EDGE_CURVE('',#1679,#1680,#815,.T.);
#2064=EDGE_CURVE('',#1680,#1681,#816,.T.);
#2065=EDGE_CURVE('',#1682,#1681,#817,.T.);
#2066=EDGE_CURVE('',#1679,#1682,#818,.T.);
#2067=EDGE_CURVE('',#1683,#1679,#819,.T.);
#2068=EDGE_CURVE('',#1684,#1682,#820,.T.);
#2069=EDGE_CURVE('',#1683,#1684,#821,.T.);
#2070=EDGE_CURVE('',#1685,#1683,#822,.T.);
#2071=EDGE_CURVE('',#1686,#1684,#823,.T.);
#2072=EDGE_CURVE('',#1685,#1686,#824,.T.);
#2073=EDGE_CURVE('',#1680,#1685,#825,.T.);
#2074=EDGE_CURVE('',#1681,#1686,#826,.T.);
#2075=EDGE_CURVE('',#1687,#1688,#827,.T.);
#2076=EDGE_CURVE('',#1688,#1689,#828,.T.);
#2077=EDGE_CURVE('',#1690,#1689,#829,.T.);
#2078=EDGE_CURVE('',#1687,#1690,#830,.T.);
#2079=EDGE_CURVE('',#1691,#1687,#831,.T.);
#2080=EDGE_CURVE('',#1692,#1690,#832,.T.);
#2081=EDGE_CURVE('',#1691,#1692,#833,.T.);
#2082=EDGE_CURVE('',#1693,#1691,#834,.T.);
#2083=EDGE_CURVE('',#1694,#1692,#835,.T.);
#2084=EDGE_CURVE('',#1693,#1694,#836,.T.);
#2085=EDGE_CURVE('',#1688,#1693,#837,.T.);
#2086=EDGE_CURVE('',#1689,#1694,#838,.T.);
#2087=EDGE_CURVE('',#1695,#1696,#839,.T.);
#2088=EDGE_CURVE('',#1696,#1697,#840,.T.);
#2089=EDGE_CURVE('',#1698,#1697,#841,.T.);
#2090=EDGE_CURVE('',#1695,#1698,#842,.T.);
#2091=EDGE_CURVE('',#1699,#1695,#843,.T.);
#2092=EDGE_CURVE('',#1700,#1698,#844,.T.);
#2093=EDGE_CURVE('',#1699,#1700,#845,.T.);
#2094=EDGE_CURVE('',#1701,#1699,#846,.T.);
#2095=EDGE_CURVE('',#1702,#1700,#847,.T.);
#2096=EDGE_CURVE('',#1701,#1702,#848,.T.);
#2097=EDGE_CURVE('',#1696,#1701,#849,.T.);
#2098=EDGE_CURVE('',#1697,#1702,#850,.T.);
#2099=EDGE_CURVE('',#1703,#1704,#851,.T.);
#2100=EDGE_CURVE('',#1704,#1705,#852,.T.);
#2101=EDGE_CURVE('',#1706,#1705,#853,.T.);
#2102=EDGE_CURVE('',#1703,#1706,#854,.T.);
#2103=EDGE_CURVE('',#1707,#1703,#855,.T.);
#2104=EDGE_CURVE('',#1708,#1706,#856,.T.);
#2105=EDGE_CURVE('',#1707,#1708,#857,.T.);
#2106=EDGE_CURVE('',#1709,#1707,#858,.T.);
#2107=EDGE_CURVE('',#1710,#1708,#859,.T.);
#2108=EDGE_CURVE('',#1709,#1710,#860,.T.);
#2109=EDGE_CURVE('',#1704,#1709,#861,.T.);
#2110=EDGE_CURVE('',#1705,#1710,#862,.T.);
#2111=EDGE_CURVE('',#1711,#1712,#863,.T.);
#2112=EDGE_CURVE('',#1712,#1713,#864,.T.);
#2113=EDGE_CURVE('',#1714,#1713,#865,.T.);
#2114=EDGE_CURVE('',#1711,#1714,#866,.T.);
#2115=EDGE_CURVE('',#1715,#1711,#867,.T.);
#2116=EDGE_CURVE('',#1716,#1714,#868,.T.);
#2117=EDGE_CURVE('',#1715,#1716,#869,.T.);
#2118=EDGE_CURVE('',#1717,#1715,#870,.T.);
#2119=EDGE_CURVE('',#1718,#1716,#871,.T.);
#2120=EDGE_CURVE('',#1717,#1718,#872,.T.);
#2121=EDGE_CURVE('',#1712,#1717,#873,.T.);
#2122=EDGE_CURVE('',#1713,#1718,#874,.T.);
#2123=EDGE_CURVE('',#1719,#1720,#875,.T.);
#2124=EDGE_CURVE('',#1720,#1721,#876,.T.);
#2125=EDGE_CURVE('',#1722,#1721,#877,.T.);
#2126=EDGE_CURVE('',#1719,#1722,#878,.T.);
#2127=EDGE_CURVE('',#1723,#1719,#879,.T.);
#2128=EDGE_CURVE('',#1724,#1722,#880,.T.);
#2129=EDGE_CURVE('',#1723,#1724,#881,.T.);
#2130=EDGE_CURVE('',#1725,#1723,#882,.T.);
#2131=EDGE_CURVE('',#1726,#1724,#883,.T.);
#2132=EDGE_CURVE('',#1725,#1726,#884,.T.);
#2133=EDGE_CURVE('',#1720,#1725,#885,.T.);
#2134=EDGE_CURVE('',#1721,#1726,#886,.T.);
#2135=EDGE_CURVE('',#1727,#1728,#887,.T.);
#2136=EDGE_CURVE('',#1728,#1729,#888,.T.);
#2137=EDGE_CURVE('',#1730,#1729,#889,.T.);
#2138=EDGE_CURVE('',#1727,#1730,#890,.T.);
#2139=EDGE_CURVE('',#1731,#1727,#891,.T.);
#2140=EDGE_CURVE('',#1732,#1730,#892,.T.);
#2141=EDGE_CURVE('',#1731,#1732,#893,.T.);
#2142=EDGE_CURVE('',#1733,#1731,#894,.T.);
#2143=EDGE_CURVE('',#1734,#1732,#895,.T.);
#2144=EDGE_CURVE('',#1733,#1734,#896,.T.);
#2145=EDGE_CURVE('',#1728,#1733,#897,.T.);
#2146=EDGE_CURVE('',#1729,#1734,#898,.T.);
#2147=EDGE_CURVE('',#1735,#1736,#899,.T.);
#2148=EDGE_CURVE('',#1736,#1737,#900,.T.);
#2149=EDGE_CURVE('',#1738,#1737,#901,.T.);
#2150=EDGE_CURVE('',#1735,#1738,#902,.T.);
#2151=EDGE_CURVE('',#1739,#1735,#903,.T.);
#2152=EDGE_CURVE('',#1740,#1738,#904,.T.);
#2153=EDGE_CURVE('',#1739,#1740,#905,.T.);
#2154=EDGE_CURVE('',#1741,#1739,#906,.T.);
#2155=EDGE_CURVE('',#1742,#1740,#907,.T.);
#2156=EDGE_CURVE('',#1741,#1742,#908,.T.);
#2157=EDGE_CURVE('',#1736,#1741,#909,.T.);
#2158=EDGE_CURVE('',#1737,#1742,#910,.T.);
#2159=EDGE_CURVE('',#1743,#1744,#911,.T.);
#2160=EDGE_CURVE('',#1744,#1745,#912,.T.);
#2161=EDGE_CURVE('',#1746,#1745,#913,.T.);
#2162=EDGE_CURVE('',#1743,#1746,#914,.T.);
#2163=EDGE_CURVE('',#1747,#1743,#915,.T.);
#2164=EDGE_CURVE('',#1748,#1746,#916,.T.);
#2165=EDGE_CURVE('',#1747,#1748,#917,.T.);
#2166=EDGE_CURVE('',#1749,#1747,#918,.T.);
#2167=EDGE_CURVE('',#1750,#1748,#919,.T.);
#2168=EDGE_CURVE('',#1749,#1750,#920,.T.);
#2169=EDGE_CURVE('',#1744,#1749,#921,.T.);
#2170=EDGE_CURVE('',#1745,#1750,#922,.T.);
#2171=EDGE_CURVE('',#1751,#1752,#923,.T.);
#2172=EDGE_CURVE('',#1752,#1753,#924,.T.);
#2173=EDGE_CURVE('',#1754,#1753,#925,.T.);
#2174=EDGE_CURVE('',#1751,#1754,#926,.T.);
#2175=EDGE_CURVE('',#1755,#1751,#927,.T.);
#2176=EDGE_CURVE('',#1756,#1754,#928,.T.);
#2177=EDGE_CURVE('',#1755,#1756,#929,.T.);
#2178=EDGE_CURVE('',#1757,#1755,#930,.T.);
#2179=EDGE_CURVE('',#1758,#1756,#931,.T.);
#2180=EDGE_CURVE('',#1757,#1758,#932,.T.);
#2181=EDGE_CURVE('',#1752,#1757,#933,.T.);
#2182=EDGE_CURVE('',#1753,#1758,#934,.T.);
#2183=EDGE_CURVE('',#1759,#1760,#935,.T.);
#2184=EDGE_CURVE('',#1760,#1761,#936,.T.);
#2185=EDGE_CURVE('',#1762,#1761,#937,.T.);
#2186=EDGE_CURVE('',#1759,#1762,#938,.T.);
#2187=EDGE_CURVE('',#1763,#1759,#939,.T.);
#2188=EDGE_CURVE('',#1764,#1762,#940,.T.);
#2189=EDGE_CURVE('',#1763,#1764,#941,.T.);
#2190=EDGE_CURVE('',#1765,#1763,#942,.T.);
#2191=EDGE_CURVE('',#1766,#1764,#943,.T.);
#2192=EDGE_CURVE('',#1765,#1766,#944,.T.);
#2193=EDGE_CURVE('',#1760,#1765,#945,.T.);
#2194=EDGE_CURVE('',#1761,#1766,#946,.T.);
#2195=EDGE_CURVE('',#1767,#1768,#947,.T.);
#2196=EDGE_CURVE('',#1768,#1769,#948,.T.);
#2197=EDGE_CURVE('',#1770,#1769,#949,.T.);
#2198=EDGE_CURVE('',#1767,#1770,#950,.T.);
#2199=EDGE_CURVE('',#1771,#1767,#951,.T.);
#2200=EDGE_CURVE('',#1772,#1770,#952,.T.);
#2201=EDGE_CURVE('',#1771,#1772,#953,.T.);
#2202=EDGE_CURVE('',#1773,#1771,#954,.T.);
#2203=EDGE_CURVE('',#1774,#1772,#955,.T.);
#2204=EDGE_CURVE('',#1773,#1774,#956,.T.);
#2205=EDGE_CURVE('',#1768,#1773,#957,.T.);
#2206=EDGE_CURVE('',#1769,#1774,#958,.T.);
#2207=EDGE_CURVE('',#1775,#1776,#959,.T.);
#2208=EDGE_CURVE('',#1776,#1777,#960,.T.);
#2209=EDGE_CURVE('',#1778,#1777,#961,.T.);
#2210=EDGE_CURVE('',#1775,#1778,#962,.T.);
#2211=EDGE_CURVE('',#1779,#1775,#963,.T.);
#2212=EDGE_CURVE('',#1780,#1778,#964,.T.);
#2213=EDGE_CURVE('',#1779,#1780,#965,.T.);
#2214=EDGE_CURVE('',#1781,#1779,#966,.T.);
#2215=EDGE_CURVE('',#1782,#1780,#967,.T.);
#2216=EDGE_CURVE('',#1781,#1782,#968,.T.);
#2217=EDGE_CURVE('',#1776,#1781,#969,.T.);
#2218=EDGE_CURVE('',#1777,#1782,#970,.T.);
#2219=EDGE_CURVE('',#1783,#1784,#971,.T.);
#2220=EDGE_CURVE('',#1784,#1785,#972,.T.);
#2221=EDGE_CURVE('',#1786,#1785,#973,.T.);
#2222=EDGE_CURVE('',#1783,#1786,#974,.T.);
#2223=EDGE_CURVE('',#1787,#1783,#975,.T.);
#2224=EDGE_CURVE('',#1788,#1786,#976,.T.);
#2225=EDGE_CURVE('',#1787,#1788,#977,.T.);
#2226=EDGE_CURVE('',#1789,#1787,#978,.T.);
#2227=EDGE_CURVE('',#1790,#1788,#979,.T.);
#2228=EDGE_CURVE('',#1789,#1790,#980,.T.);
#2229=EDGE_CURVE('',#1784,#1789,#981,.T.);
#2230=EDGE_CURVE('',#1785,#1790,#982,.T.);
#2231=EDGE_CURVE('',#1791,#1792,#983,.T.);
#2232=EDGE_CURVE('',#1792,#1793,#984,.T.);
#2233=EDGE_CURVE('',#1794,#1793,#985,.T.);
#2234=EDGE_CURVE('',#1791,#1794,#986,.T.);
#2235=EDGE_CURVE('',#1795,#1791,#987,.T.);
#2236=EDGE_CURVE('',#1796,#1794,#988,.T.);
#2237=EDGE_CURVE('',#1795,#1796,#989,.T.);
#2238=EDGE_CURVE('',#1797,#1795,#990,.T.);
#2239=EDGE_CURVE('',#1798,#1796,#991,.T.);
#2240=EDGE_CURVE('',#1797,#1798,#992,.T.);
#2241=EDGE_CURVE('',#1792,#1797,#993,.T.);
#2242=EDGE_CURVE('',#1793,#1798,#994,.T.);
#2243=EDGE_CURVE('',#1799,#1800,#995,.T.);
#2244=EDGE_CURVE('',#1800,#1801,#996,.T.);
#2245=EDGE_CURVE('',#1802,#1801,#997,.T.);
#2246=EDGE_CURVE('',#1799,#1802,#998,.T.);
#2247=EDGE_CURVE('',#1803,#1799,#999,.T.);
#2248=EDGE_CURVE('',#1804,#1802,#1000,.T.);
#2249=EDGE_CURVE('',#1803,#1804,#1001,.T.);
#2250=EDGE_CURVE('',#1805,#1803,#1002,.T.);
#2251=EDGE_CURVE('',#1806,#1804,#1003,.T.);
#2252=EDGE_CURVE('',#1805,#1806,#1004,.T.);
#2253=EDGE_CURVE('',#1800,#1805,#1005,.T.);
#2254=EDGE_CURVE('',#1801,#1806,#1006,.T.);
#2255=EDGE_CURVE('',#1807,#1808,#1007,.T.);
#2256=EDGE_CURVE('',#1808,#1809,#1008,.T.);
#2257=EDGE_CURVE('',#1810,#1809,#1009,.T.);
#2258=EDGE_CURVE('',#1807,#1810,#1010,.T.);
#2259=EDGE_CURVE('',#1811,#1807,#1011,.T.);
#2260=EDGE_CURVE('',#1812,#1810,#1012,.T.);
#2261=EDGE_CURVE('',#1811,#1812,#1013,.T.);
#2262=EDGE_CURVE('',#1813,#1811,#1014,.T.);
#2263=EDGE_CURVE('',#1814,#1812,#1015,.T.);
#2264=EDGE_CURVE('',#1813,#1814,#1016,.T.);
#2265=EDGE_CURVE('',#1808,#1813,#1017,.T.);
#2266=EDGE_CURVE('',#1809,#1814,#1018,.T.);
#2267=EDGE_CURVE('',#1815,#1816,#1019,.T.);
#2268=EDGE_CURVE('',#1816,#1817,#1020,.T.);
#2269=EDGE_CURVE('',#1818,#1817,#1021,.T.);
#2270=EDGE_CURVE('',#1815,#1818,#1022,.T.);
#2271=EDGE_CURVE('',#1819,#1815,#1023,.T.);
#2272=EDGE_CURVE('',#1820,#1818,#1024,.T.);
#2273=EDGE_CURVE('',#1819,#1820,#1025,.T.);
#2274=EDGE_CURVE('',#1821,#1819,#1026,.T.);
#2275=EDGE_CURVE('',#1822,#1820,#1027,.T.);
#2276=EDGE_CURVE('',#1821,#1822,#1028,.T.);
#2277=EDGE_CURVE('',#1816,#1821,#1029,.T.);
#2278=EDGE_CURVE('',#1817,#1822,#1030,.T.);
#2279=EDGE_CURVE('',#1823,#1824,#1031,.T.);
#2280=EDGE_CURVE('',#1824,#1825,#1032,.T.);
#2281=EDGE_CURVE('',#1826,#1825,#1033,.T.);
#2282=EDGE_CURVE('',#1823,#1826,#1034,.T.);
#2283=EDGE_CURVE('',#1827,#1823,#1035,.T.);
#2284=EDGE_CURVE('',#1828,#1826,#1036,.T.);
#2285=EDGE_CURVE('',#1827,#1828,#1037,.T.);
#2286=EDGE_CURVE('',#1829,#1827,#1038,.T.);
#2287=EDGE_CURVE('',#1830,#1828,#1039,.T.);
#2288=EDGE_CURVE('',#1829,#1830,#1040,.T.);
#2289=EDGE_CURVE('',#1824,#1829,#1041,.T.);
#2290=EDGE_CURVE('',#1825,#1830,#1042,.T.);
#2291=EDGE_CURVE('',#1831,#1832,#1043,.T.);
#2292=EDGE_CURVE('',#1832,#1833,#1044,.T.);
#2293=EDGE_CURVE('',#1834,#1833,#1045,.T.);
#2294=EDGE_CURVE('',#1831,#1834,#1046,.T.);
#2295=EDGE_CURVE('',#1835,#1831,#1047,.T.);
#2296=EDGE_CURVE('',#1836,#1834,#1048,.T.);
#2297=EDGE_CURVE('',#1835,#1836,#1049,.T.);
#2298=EDGE_CURVE('',#1837,#1835,#1050,.T.);
#2299=EDGE_CURVE('',#1838,#1836,#1051,.T.);
#2300=EDGE_CURVE('',#1837,#1838,#1052,.T.);
#2301=EDGE_CURVE('',#1832,#1837,#1053,.T.);
#2302=EDGE_CURVE('',#1833,#1838,#1054,.T.);
#2303=EDGE_CURVE('',#1839,#1840,#1055,.T.);
#2304=EDGE_CURVE('',#1840,#1841,#1056,.T.);
#2305=EDGE_CURVE('',#1842,#1841,#1057,.T.);
#2306=EDGE_CURVE('',#1839,#1842,#1058,.T.);
#2307=EDGE_CURVE('',#1843,#1839,#1059,.T.);
#2308=EDGE_CURVE('',#1844,#1842,#1060,.T.);
#2309=EDGE_CURVE('',#1843,#1844,#1061,.T.);
#2310=EDGE_CURVE('',#1845,#1843,#1062,.T.);
#2311=EDGE_CURVE('',#1846,#1844,#1063,.T.);
#2312=EDGE_CURVE('',#1845,#1846,#1064,.T.);
#2313=EDGE_CURVE('',#1840,#1845,#1065,.T.);
#2314=EDGE_CURVE('',#1841,#1846,#1066,.T.);
#2315=ORIENTED_EDGE('',*,*,#1847,.F.);
#2316=ORIENTED_EDGE('',*,*,#1848,.T.);
#2317=ORIENTED_EDGE('',*,*,#1849,.F.);
#2318=ORIENTED_EDGE('',*,*,#1850,.F.);
#2319=ORIENTED_EDGE('',*,*,#1851,.F.);
#2320=ORIENTED_EDGE('',*,*,#1850,.T.);
#2321=ORIENTED_EDGE('',*,*,#1852,.F.);
#2322=ORIENTED_EDGE('',*,*,#1853,.T.);
#2323=ORIENTED_EDGE('',*,*,#1854,.F.);
#2324=ORIENTED_EDGE('',*,*,#1853,.F.);
#2325=ORIENTED_EDGE('',*,*,#1855,.F.);
#2326=ORIENTED_EDGE('',*,*,#1856,.T.);
#2327=ORIENTED_EDGE('',*,*,#1857,.F.);
#2328=ORIENTED_EDGE('',*,*,#1856,.F.);
#2329=ORIENTED_EDGE('',*,*,#1858,.F.);
#2330=ORIENTED_EDGE('',*,*,#1848,.F.);
#2331=ORIENTED_EDGE('',*,*,#1859,.T.);
#2332=ORIENTED_EDGE('',*,*,#1860,.T.);
#2333=ORIENTED_EDGE('',*,*,#1861,.F.);
#2334=ORIENTED_EDGE('',*,*,#1862,.F.);
#2335=ORIENTED_EDGE('',*,*,#1863,.T.);
#2336=ORIENTED_EDGE('',*,*,#1862,.T.);
#2337=ORIENTED_EDGE('',*,*,#1864,.F.);
#2338=ORIENTED_EDGE('',*,*,#1865,.F.);
#2339=ORIENTED_EDGE('',*,*,#1854,.T.);
#2340=ORIENTED_EDGE('',*,*,#1857,.T.);
#2341=ORIENTED_EDGE('',*,*,#1847,.T.);
#2342=ORIENTED_EDGE('',*,*,#1851,.T.);
#2343=ORIENTED_EDGE('',*,*,#1866,.T.);
#2344=ORIENTED_EDGE('',*,*,#1865,.T.);
#2345=ORIENTED_EDGE('',*,*,#1867,.F.);
#2346=ORIENTED_EDGE('',*,*,#1868,.F.);
#2347=ORIENTED_EDGE('',*,*,#1869,.T.);
#2348=ORIENTED_EDGE('',*,*,#1868,.T.);
#2349=ORIENTED_EDGE('',*,*,#1870,.F.);
#2350=ORIENTED_EDGE('',*,*,#1860,.F.);
#2351=ORIENTED_EDGE('',*,*,#1855,.T.);
#2352=ORIENTED_EDGE('',*,*,#1852,.T.);
#2353=ORIENTED_EDGE('',*,*,#1849,.T.);
#2354=ORIENTED_EDGE('',*,*,#1858,.T.);
#2355=ORIENTED_EDGE('',*,*,#1870,.T.);
#2356=ORIENTED_EDGE('',*,*,#1867,.T.);
#2357=ORIENTED_EDGE('',*,*,#1864,.T.);
#2358=ORIENTED_EDGE('',*,*,#1861,.T.);
#2359=ORIENTED_EDGE('',*,*,#1869,.F.);
#2360=ORIENTED_EDGE('',*,*,#1859,.F.);
#2361=ORIENTED_EDGE('',*,*,#1863,.F.);
#2362=ORIENTED_EDGE('',*,*,#1866,.F.);
#2363=ORIENTED_EDGE('',*,*,#1871,.F.);
#2364=ORIENTED_EDGE('',*,*,#1872,.T.);
#2365=ORIENTED_EDGE('',*,*,#1873,.F.);
#2366=ORIENTED_EDGE('',*,*,#1874,.F.);
#2367=ORIENTED_EDGE('',*,*,#1875,.F.);
#2368=ORIENTED_EDGE('',*,*,#1874,.T.);
#2369=ORIENTED_EDGE('',*,*,#1876,.F.);
#2370=ORIENTED_EDGE('',*,*,#1877,.T.);
#2371=ORIENTED_EDGE('',*,*,#1878,.F.);
#2372=ORIENTED_EDGE('',*,*,#1877,.F.);
#2373=ORIENTED_EDGE('',*,*,#1879,.F.);
#2374=ORIENTED_EDGE('',*,*,#1880,.T.);
#2375=ORIENTED_EDGE('',*,*,#1881,.F.);
#2376=ORIENTED_EDGE('',*,*,#1880,.F.);
#2377=ORIENTED_EDGE('',*,*,#1882,.F.);
#2378=ORIENTED_EDGE('',*,*,#1872,.F.);
#2379=ORIENTED_EDGE('',*,*,#1883,.T.);
#2380=ORIENTED_EDGE('',*,*,#1884,.T.);
#2381=ORIENTED_EDGE('',*,*,#1885,.F.);
#2382=ORIENTED_EDGE('',*,*,#1886,.F.);
#2383=ORIENTED_EDGE('',*,*,#1887,.T.);
#2384=ORIENTED_EDGE('',*,*,#1886,.T.);
#2385=ORIENTED_EDGE('',*,*,#1888,.F.);
#2386=ORIENTED_EDGE('',*,*,#1889,.F.);
#2387=ORIENTED_EDGE('',*,*,#1878,.T.);
#2388=ORIENTED_EDGE('',*,*,#1881,.T.);
#2389=ORIENTED_EDGE('',*,*,#1871,.T.);
#2390=ORIENTED_EDGE('',*,*,#1875,.T.);
#2391=ORIENTED_EDGE('',*,*,#1890,.T.);
#2392=ORIENTED_EDGE('',*,*,#1889,.T.);
#2393=ORIENTED_EDGE('',*,*,#1891,.F.);
#2394=ORIENTED_EDGE('',*,*,#1892,.F.);
#2395=ORIENTED_EDGE('',*,*,#1893,.T.);
#2396=ORIENTED_EDGE('',*,*,#1892,.T.);
#2397=ORIENTED_EDGE('',*,*,#1894,.F.);
#2398=ORIENTED_EDGE('',*,*,#1884,.F.);
#2399=ORIENTED_EDGE('',*,*,#1879,.T.);
#2400=ORIENTED_EDGE('',*,*,#1876,.T.);
#2401=ORIENTED_EDGE('',*,*,#1873,.T.);
#2402=ORIENTED_EDGE('',*,*,#1882,.T.);
#2403=ORIENTED_EDGE('',*,*,#1894,.T.);
#2404=ORIENTED_EDGE('',*,*,#1891,.T.);
#2405=ORIENTED_EDGE('',*,*,#1888,.T.);
#2406=ORIENTED_EDGE('',*,*,#1885,.T.);
#2407=ORIENTED_EDGE('',*,*,#1893,.F.);
#2408=ORIENTED_EDGE('',*,*,#1883,.F.);
#2409=ORIENTED_EDGE('',*,*,#1887,.F.);
#2410=ORIENTED_EDGE('',*,*,#1890,.F.);
#2411=ORIENTED_EDGE('',*,*,#1895,.T.);
#2412=ORIENTED_EDGE('',*,*,#1896,.T.);
#2413=ORIENTED_EDGE('',*,*,#1897,.F.);
#2414=ORIENTED_EDGE('',*,*,#1898,.F.);
#2415=ORIENTED_EDGE('',*,*,#1899,.T.);
#2416=ORIENTED_EDGE('',*,*,#1898,.T.);
#2417=ORIENTED_EDGE('',*,*,#1900,.F.);
#2418=ORIENTED_EDGE('',*,*,#1901,.F.);
#2419=ORIENTED_EDGE('',*,*,#1902,.T.);
#2420=ORIENTED_EDGE('',*,*,#1901,.T.);
#2421=ORIENTED_EDGE('',*,*,#1903,.F.);
#2422=ORIENTED_EDGE('',*,*,#1904,.F.);
#2423=ORIENTED_EDGE('',*,*,#1905,.T.);
#2424=ORIENTED_EDGE('',*,*,#1904,.T.);
#2425=ORIENTED_EDGE('',*,*,#1906,.F.);
#2426=ORIENTED_EDGE('',*,*,#1896,.F.);
#2427=ORIENTED_EDGE('',*,*,#1906,.T.);
#2428=ORIENTED_EDGE('',*,*,#1903,.T.);
#2429=ORIENTED_EDGE('',*,*,#1900,.T.);
#2430=ORIENTED_EDGE('',*,*,#1897,.T.);
#2431=ORIENTED_EDGE('',*,*,#1905,.F.);
#2432=ORIENTED_EDGE('',*,*,#1895,.F.);
#2433=ORIENTED_EDGE('',*,*,#1899,.F.);
#2434=ORIENTED_EDGE('',*,*,#1902,.F.);
#2435=ORIENTED_EDGE('',*,*,#1907,.T.);
#2436=ORIENTED_EDGE('',*,*,#1908,.T.);
#2437=ORIENTED_EDGE('',*,*,#1909,.F.);
#2438=ORIENTED_EDGE('',*,*,#1910,.F.);
#2439=ORIENTED_EDGE('',*,*,#1911,.T.);
#2440=ORIENTED_EDGE('',*,*,#1910,.T.);
#2441=ORIENTED_EDGE('',*,*,#1912,.F.);
#2442=ORIENTED_EDGE('',*,*,#1913,.F.);
#2443=ORIENTED_EDGE('',*,*,#1914,.T.);
#2444=ORIENTED_EDGE('',*,*,#1913,.T.);
#2445=ORIENTED_EDGE('',*,*,#1915,.F.);
#2446=ORIENTED_EDGE('',*,*,#1916,.F.);
#2447=ORIENTED_EDGE('',*,*,#1917,.T.);
#2448=ORIENTED_EDGE('',*,*,#1916,.T.);
#2449=ORIENTED_EDGE('',*,*,#1918,.F.);
#2450=ORIENTED_EDGE('',*,*,#1908,.F.);
#2451=ORIENTED_EDGE('',*,*,#1918,.T.);
#2452=ORIENTED_EDGE('',*,*,#1915,.T.);
#2453=ORIENTED_EDGE('',*,*,#1912,.T.);
#2454=ORIENTED_EDGE('',*,*,#1909,.T.);
#2455=ORIENTED_EDGE('',*,*,#1917,.F.);
#2456=ORIENTED_EDGE('',*,*,#1907,.F.);
#2457=ORIENTED_EDGE('',*,*,#1911,.F.);
#2458=ORIENTED_EDGE('',*,*,#1914,.F.);
#2459=ORIENTED_EDGE('',*,*,#1919,.T.);
#2460=ORIENTED_EDGE('',*,*,#1920,.T.);
#2461=ORIENTED_EDGE('',*,*,#1921,.F.);
#2462=ORIENTED_EDGE('',*,*,#1922,.F.);
#2463=ORIENTED_EDGE('',*,*,#1923,.T.);
#2464=ORIENTED_EDGE('',*,*,#1922,.T.);
#2465=ORIENTED_EDGE('',*,*,#1924,.F.);
#2466=ORIENTED_EDGE('',*,*,#1925,.F.);
#2467=ORIENTED_EDGE('',*,*,#1926,.T.);
#2468=ORIENTED_EDGE('',*,*,#1925,.T.);
#2469=ORIENTED_EDGE('',*,*,#1927,.F.);
#2470=ORIENTED_EDGE('',*,*,#1928,.F.);
#2471=ORIENTED_EDGE('',*,*,#1929,.T.);
#2472=ORIENTED_EDGE('',*,*,#1928,.T.);
#2473=ORIENTED_EDGE('',*,*,#1930,.F.);
#2474=ORIENTED_EDGE('',*,*,#1920,.F.);
#2475=ORIENTED_EDGE('',*,*,#1930,.T.);
#2476=ORIENTED_EDGE('',*,*,#1927,.T.);
#2477=ORIENTED_EDGE('',*,*,#1924,.T.);
#2478=ORIENTED_EDGE('',*,*,#1921,.T.);
#2479=ORIENTED_EDGE('',*,*,#1929,.F.);
#2480=ORIENTED_EDGE('',*,*,#1919,.F.);
#2481=ORIENTED_EDGE('',*,*,#1923,.F.);
#2482=ORIENTED_EDGE('',*,*,#1926,.F.);
#2483=ORIENTED_EDGE('',*,*,#1931,.T.);
#2484=ORIENTED_EDGE('',*,*,#1932,.T.);
#2485=ORIENTED_EDGE('',*,*,#1933,.F.);
#2486=ORIENTED_EDGE('',*,*,#1934,.F.);
#2487=ORIENTED_EDGE('',*,*,#1935,.T.);
#2488=ORIENTED_EDGE('',*,*,#1934,.T.);
#2489=ORIENTED_EDGE('',*,*,#1936,.F.);
#2490=ORIENTED_EDGE('',*,*,#1937,.F.);
#2491=ORIENTED_EDGE('',*,*,#1938,.T.);
#2492=ORIENTED_EDGE('',*,*,#1937,.T.);
#2493=ORIENTED_EDGE('',*,*,#1939,.F.);
#2494=ORIENTED_EDGE('',*,*,#1940,.F.);
#2495=ORIENTED_EDGE('',*,*,#1941,.T.);
#2496=ORIENTED_EDGE('',*,*,#1940,.T.);
#2497=ORIENTED_EDGE('',*,*,#1942,.F.);
#2498=ORIENTED_EDGE('',*,*,#1932,.F.);
#2499=ORIENTED_EDGE('',*,*,#1942,.T.);
#2500=ORIENTED_EDGE('',*,*,#1939,.T.);
#2501=ORIENTED_EDGE('',*,*,#1936,.T.);
#2502=ORIENTED_EDGE('',*,*,#1933,.T.);
#2503=ORIENTED_EDGE('',*,*,#1941,.F.);
#2504=ORIENTED_EDGE('',*,*,#1931,.F.);
#2505=ORIENTED_EDGE('',*,*,#1935,.F.);
#2506=ORIENTED_EDGE('',*,*,#1938,.F.);
#2507=ORIENTED_EDGE('',*,*,#1943,.T.);
#2508=ORIENTED_EDGE('',*,*,#1944,.T.);
#2509=ORIENTED_EDGE('',*,*,#1945,.F.);
#2510=ORIENTED_EDGE('',*,*,#1946,.F.);
#2511=ORIENTED_EDGE('',*,*,#1947,.T.);
#2512=ORIENTED_EDGE('',*,*,#1946,.T.);
#2513=ORIENTED_EDGE('',*,*,#1948,.F.);
#2514=ORIENTED_EDGE('',*,*,#1949,.F.);
#2515=ORIENTED_EDGE('',*,*,#1950,.T.);
#2516=ORIENTED_EDGE('',*,*,#1949,.T.);
#2517=ORIENTED_EDGE('',*,*,#1951,.F.);
#2518=ORIENTED_EDGE('',*,*,#1952,.F.);
#2519=ORIENTED_EDGE('',*,*,#1953,.T.);
#2520=ORIENTED_EDGE('',*,*,#1952,.T.);
#2521=ORIENTED_EDGE('',*,*,#1954,.F.);
#2522=ORIENTED_EDGE('',*,*,#1944,.F.);
#2523=ORIENTED_EDGE('',*,*,#1954,.T.);
#2524=ORIENTED_EDGE('',*,*,#1951,.T.);
#2525=ORIENTED_EDGE('',*,*,#1948,.T.);
#2526=ORIENTED_EDGE('',*,*,#1945,.T.);
#2527=ORIENTED_EDGE('',*,*,#1953,.F.);
#2528=ORIENTED_EDGE('',*,*,#1943,.F.);
#2529=ORIENTED_EDGE('',*,*,#1947,.F.);
#2530=ORIENTED_EDGE('',*,*,#1950,.F.);
#2531=ORIENTED_EDGE('',*,*,#1955,.T.);
#2532=ORIENTED_EDGE('',*,*,#1956,.T.);
#2533=ORIENTED_EDGE('',*,*,#1957,.F.);
#2534=ORIENTED_EDGE('',*,*,#1958,.F.);
#2535=ORIENTED_EDGE('',*,*,#1959,.T.);
#2536=ORIENTED_EDGE('',*,*,#1958,.T.);
#2537=ORIENTED_EDGE('',*,*,#1960,.F.);
#2538=ORIENTED_EDGE('',*,*,#1961,.F.);
#2539=ORIENTED_EDGE('',*,*,#1962,.T.);
#2540=ORIENTED_EDGE('',*,*,#1961,.T.);
#2541=ORIENTED_EDGE('',*,*,#1963,.F.);
#2542=ORIENTED_EDGE('',*,*,#1964,.F.);
#2543=ORIENTED_EDGE('',*,*,#1965,.T.);
#2544=ORIENTED_EDGE('',*,*,#1964,.T.);
#2545=ORIENTED_EDGE('',*,*,#1966,.F.);
#2546=ORIENTED_EDGE('',*,*,#1956,.F.);
#2547=ORIENTED_EDGE('',*,*,#1966,.T.);
#2548=ORIENTED_EDGE('',*,*,#1963,.T.);
#2549=ORIENTED_EDGE('',*,*,#1960,.T.);
#2550=ORIENTED_EDGE('',*,*,#1957,.T.);
#2551=ORIENTED_EDGE('',*,*,#1965,.F.);
#2552=ORIENTED_EDGE('',*,*,#1955,.F.);
#2553=ORIENTED_EDGE('',*,*,#1959,.F.);
#2554=ORIENTED_EDGE('',*,*,#1962,.F.);
#2555=ORIENTED_EDGE('',*,*,#1967,.T.);
#2556=ORIENTED_EDGE('',*,*,#1968,.T.);
#2557=ORIENTED_EDGE('',*,*,#1969,.F.);
#2558=ORIENTED_EDGE('',*,*,#1970,.F.);
#2559=ORIENTED_EDGE('',*,*,#1971,.T.);
#2560=ORIENTED_EDGE('',*,*,#1970,.T.);
#2561=ORIENTED_EDGE('',*,*,#1972,.F.);
#2562=ORIENTED_EDGE('',*,*,#1973,.F.);
#2563=ORIENTED_EDGE('',*,*,#1974,.T.);
#2564=ORIENTED_EDGE('',*,*,#1973,.T.);
#2565=ORIENTED_EDGE('',*,*,#1975,.F.);
#2566=ORIENTED_EDGE('',*,*,#1976,.F.);
#2567=ORIENTED_EDGE('',*,*,#1977,.T.);
#2568=ORIENTED_EDGE('',*,*,#1976,.T.);
#2569=ORIENTED_EDGE('',*,*,#1978,.F.);
#2570=ORIENTED_EDGE('',*,*,#1968,.F.);
#2571=ORIENTED_EDGE('',*,*,#1978,.T.);
#2572=ORIENTED_EDGE('',*,*,#1975,.T.);
#2573=ORIENTED_EDGE('',*,*,#1972,.T.);
#2574=ORIENTED_EDGE('',*,*,#1969,.T.);
#2575=ORIENTED_EDGE('',*,*,#1977,.F.);
#2576=ORIENTED_EDGE('',*,*,#1967,.F.);
#2577=ORIENTED_EDGE('',*,*,#1971,.F.);
#2578=ORIENTED_EDGE('',*,*,#1974,.F.);
#2579=ORIENTED_EDGE('',*,*,#1979,.T.);
#2580=ORIENTED_EDGE('',*,*,#1980,.T.);
#2581=ORIENTED_EDGE('',*,*,#1981,.F.);
#2582=ORIENTED_EDGE('',*,*,#1982,.F.);
#2583=ORIENTED_EDGE('',*,*,#1983,.T.);
#2584=ORIENTED_EDGE('',*,*,#1982,.T.);
#2585=ORIENTED_EDGE('',*,*,#1984,.F.);
#2586=ORIENTED_EDGE('',*,*,#1985,.F.);
#2587=ORIENTED_EDGE('',*,*,#1986,.T.);
#2588=ORIENTED_EDGE('',*,*,#1985,.T.);
#2589=ORIENTED_EDGE('',*,*,#1987,.F.);
#2590=ORIENTED_EDGE('',*,*,#1988,.F.);
#2591=ORIENTED_EDGE('',*,*,#1989,.T.);
#2592=ORIENTED_EDGE('',*,*,#1988,.T.);
#2593=ORIENTED_EDGE('',*,*,#1990,.F.);
#2594=ORIENTED_EDGE('',*,*,#1980,.F.);
#2595=ORIENTED_EDGE('',*,*,#1990,.T.);
#2596=ORIENTED_EDGE('',*,*,#1987,.T.);
#2597=ORIENTED_EDGE('',*,*,#1984,.T.);
#2598=ORIENTED_EDGE('',*,*,#1981,.T.);
#2599=ORIENTED_EDGE('',*,*,#1989,.F.);
#2600=ORIENTED_EDGE('',*,*,#1979,.F.);
#2601=ORIENTED_EDGE('',*,*,#1983,.F.);
#2602=ORIENTED_EDGE('',*,*,#1986,.F.);
#2603=ORIENTED_EDGE('',*,*,#1991,.T.);
#2604=ORIENTED_EDGE('',*,*,#1992,.T.);
#2605=ORIENTED_EDGE('',*,*,#1993,.F.);
#2606=ORIENTED_EDGE('',*,*,#1994,.F.);
#2607=ORIENTED_EDGE('',*,*,#1995,.T.);
#2608=ORIENTED_EDGE('',*,*,#1994,.T.);
#2609=ORIENTED_EDGE('',*,*,#1996,.F.);
#2610=ORIENTED_EDGE('',*,*,#1997,.F.);
#2611=ORIENTED_EDGE('',*,*,#1998,.T.);
#2612=ORIENTED_EDGE('',*,*,#1997,.T.);
#2613=ORIENTED_EDGE('',*,*,#1999,.F.);
#2614=ORIENTED_EDGE('',*,*,#2000,.F.);
#2615=ORIENTED_EDGE('',*,*,#2001,.T.);
#2616=ORIENTED_EDGE('',*,*,#2000,.T.);
#2617=ORIENTED_EDGE('',*,*,#2002,.F.);
#2618=ORIENTED_EDGE('',*,*,#1992,.F.);
#2619=ORIENTED_EDGE('',*,*,#2002,.T.);
#2620=ORIENTED_EDGE('',*,*,#1999,.T.);
#2621=ORIENTED_EDGE('',*,*,#1996,.T.);
#2622=ORIENTED_EDGE('',*,*,#1993,.T.);
#2623=ORIENTED_EDGE('',*,*,#2001,.F.);
#2624=ORIENTED_EDGE('',*,*,#1991,.F.);
#2625=ORIENTED_EDGE('',*,*,#1995,.F.);
#2626=ORIENTED_EDGE('',*,*,#1998,.F.);
#2627=ORIENTED_EDGE('',*,*,#2003,.T.);
#2628=ORIENTED_EDGE('',*,*,#2004,.T.);
#2629=ORIENTED_EDGE('',*,*,#2005,.F.);
#2630=ORIENTED_EDGE('',*,*,#2006,.F.);
#2631=ORIENTED_EDGE('',*,*,#2007,.T.);
#2632=ORIENTED_EDGE('',*,*,#2006,.T.);
#2633=ORIENTED_EDGE('',*,*,#2008,.F.);
#2634=ORIENTED_EDGE('',*,*,#2009,.F.);
#2635=ORIENTED_EDGE('',*,*,#2010,.T.);
#2636=ORIENTED_EDGE('',*,*,#2009,.T.);
#2637=ORIENTED_EDGE('',*,*,#2011,.F.);
#2638=ORIENTED_EDGE('',*,*,#2012,.F.);
#2639=ORIENTED_EDGE('',*,*,#2013,.T.);
#2640=ORIENTED_EDGE('',*,*,#2012,.T.);
#2641=ORIENTED_EDGE('',*,*,#2014,.F.);
#2642=ORIENTED_EDGE('',*,*,#2004,.F.);
#2643=ORIENTED_EDGE('',*,*,#2014,.T.);
#2644=ORIENTED_EDGE('',*,*,#2011,.T.);
#2645=ORIENTED_EDGE('',*,*,#2008,.T.);
#2646=ORIENTED_EDGE('',*,*,#2005,.T.);
#2647=ORIENTED_EDGE('',*,*,#2013,.F.);
#2648=ORIENTED_EDGE('',*,*,#2003,.F.);
#2649=ORIENTED_EDGE('',*,*,#2007,.F.);
#2650=ORIENTED_EDGE('',*,*,#2010,.F.);
#2651=ORIENTED_EDGE('',*,*,#2015,.T.);
#2652=ORIENTED_EDGE('',*,*,#2016,.T.);
#2653=ORIENTED_EDGE('',*,*,#2017,.F.);
#2654=ORIENTED_EDGE('',*,*,#2018,.F.);
#2655=ORIENTED_EDGE('',*,*,#2019,.T.);
#2656=ORIENTED_EDGE('',*,*,#2018,.T.);
#2657=ORIENTED_EDGE('',*,*,#2020,.F.);
#2658=ORIENTED_EDGE('',*,*,#2021,.F.);
#2659=ORIENTED_EDGE('',*,*,#2022,.T.);
#2660=ORIENTED_EDGE('',*,*,#2021,.T.);
#2661=ORIENTED_EDGE('',*,*,#2023,.F.);
#2662=ORIENTED_EDGE('',*,*,#2024,.F.);
#2663=ORIENTED_EDGE('',*,*,#2025,.T.);
#2664=ORIENTED_EDGE('',*,*,#2024,.T.);
#2665=ORIENTED_EDGE('',*,*,#2026,.F.);
#2666=ORIENTED_EDGE('',*,*,#2016,.F.);
#2667=ORIENTED_EDGE('',*,*,#2026,.T.);
#2668=ORIENTED_EDGE('',*,*,#2023,.T.);
#2669=ORIENTED_EDGE('',*,*,#2020,.T.);
#2670=ORIENTED_EDGE('',*,*,#2017,.T.);
#2671=ORIENTED_EDGE('',*,*,#2025,.F.);
#2672=ORIENTED_EDGE('',*,*,#2015,.F.);
#2673=ORIENTED_EDGE('',*,*,#2019,.F.);
#2674=ORIENTED_EDGE('',*,*,#2022,.F.);
#2675=ORIENTED_EDGE('',*,*,#2027,.T.);
#2676=ORIENTED_EDGE('',*,*,#2028,.T.);
#2677=ORIENTED_EDGE('',*,*,#2029,.F.);
#2678=ORIENTED_EDGE('',*,*,#2030,.F.);
#2679=ORIENTED_EDGE('',*,*,#2031,.T.);
#2680=ORIENTED_EDGE('',*,*,#2030,.T.);
#2681=ORIENTED_EDGE('',*,*,#2032,.F.);
#2682=ORIENTED_EDGE('',*,*,#2033,.F.);
#2683=ORIENTED_EDGE('',*,*,#2034,.T.);
#2684=ORIENTED_EDGE('',*,*,#2033,.T.);
#2685=ORIENTED_EDGE('',*,*,#2035,.F.);
#2686=ORIENTED_EDGE('',*,*,#2036,.F.);
#2687=ORIENTED_EDGE('',*,*,#2037,.T.);
#2688=ORIENTED_EDGE('',*,*,#2036,.T.);
#2689=ORIENTED_EDGE('',*,*,#2038,.F.);
#2690=ORIENTED_EDGE('',*,*,#2028,.F.);
#2691=ORIENTED_EDGE('',*,*,#2038,.T.);
#2692=ORIENTED_EDGE('',*,*,#2035,.T.);
#2693=ORIENTED_EDGE('',*,*,#2032,.T.);
#2694=ORIENTED_EDGE('',*,*,#2029,.T.);
#2695=ORIENTED_EDGE('',*,*,#2037,.F.);
#2696=ORIENTED_EDGE('',*,*,#2027,.F.);
#2697=ORIENTED_EDGE('',*,*,#2031,.F.);
#2698=ORIENTED_EDGE('',*,*,#2034,.F.);
#2699=ORIENTED_EDGE('',*,*,#2039,.T.);
#2700=ORIENTED_EDGE('',*,*,#2040,.T.);
#2701=ORIENTED_EDGE('',*,*,#2041,.F.);
#2702=ORIENTED_EDGE('',*,*,#2042,.F.);
#2703=ORIENTED_EDGE('',*,*,#2043,.T.);
#2704=ORIENTED_EDGE('',*,*,#2042,.T.);
#2705=ORIENTED_EDGE('',*,*,#2044,.F.);
#2706=ORIENTED_EDGE('',*,*,#2045,.F.);
#2707=ORIENTED_EDGE('',*,*,#2046,.T.);
#2708=ORIENTED_EDGE('',*,*,#2045,.T.);
#2709=ORIENTED_EDGE('',*,*,#2047,.F.);
#2710=ORIENTED_EDGE('',*,*,#2048,.F.);
#2711=ORIENTED_EDGE('',*,*,#2049,.T.);
#2712=ORIENTED_EDGE('',*,*,#2048,.T.);
#2713=ORIENTED_EDGE('',*,*,#2050,.F.);
#2714=ORIENTED_EDGE('',*,*,#2040,.F.);
#2715=ORIENTED_EDGE('',*,*,#2050,.T.);
#2716=ORIENTED_EDGE('',*,*,#2047,.T.);
#2717=ORIENTED_EDGE('',*,*,#2044,.T.);
#2718=ORIENTED_EDGE('',*,*,#2041,.T.);
#2719=ORIENTED_EDGE('',*,*,#2049,.F.);
#2720=ORIENTED_EDGE('',*,*,#2039,.F.);
#2721=ORIENTED_EDGE('',*,*,#2043,.F.);
#2722=ORIENTED_EDGE('',*,*,#2046,.F.);
#2723=ORIENTED_EDGE('',*,*,#2051,.T.);
#2724=ORIENTED_EDGE('',*,*,#2052,.T.);
#2725=ORIENTED_EDGE('',*,*,#2053,.F.);
#2726=ORIENTED_EDGE('',*,*,#2054,.F.);
#2727=ORIENTED_EDGE('',*,*,#2055,.T.);
#2728=ORIENTED_EDGE('',*,*,#2054,.T.);
#2729=ORIENTED_EDGE('',*,*,#2056,.F.);
#2730=ORIENTED_EDGE('',*,*,#2057,.F.);
#2731=ORIENTED_EDGE('',*,*,#2058,.T.);
#2732=ORIENTED_EDGE('',*,*,#2057,.T.);
#2733=ORIENTED_EDGE('',*,*,#2059,.F.);
#2734=ORIENTED_EDGE('',*,*,#2060,.F.);
#2735=ORIENTED_EDGE('',*,*,#2061,.T.);
#2736=ORIENTED_EDGE('',*,*,#2060,.T.);
#2737=ORIENTED_EDGE('',*,*,#2062,.F.);
#2738=ORIENTED_EDGE('',*,*,#2052,.F.);
#2739=ORIENTED_EDGE('',*,*,#2062,.T.);
#2740=ORIENTED_EDGE('',*,*,#2059,.T.);
#2741=ORIENTED_EDGE('',*,*,#2056,.T.);
#2742=ORIENTED_EDGE('',*,*,#2053,.T.);
#2743=ORIENTED_EDGE('',*,*,#2061,.F.);
#2744=ORIENTED_EDGE('',*,*,#2051,.F.);
#2745=ORIENTED_EDGE('',*,*,#2055,.F.);
#2746=ORIENTED_EDGE('',*,*,#2058,.F.);
#2747=ORIENTED_EDGE('',*,*,#2063,.T.);
#2748=ORIENTED_EDGE('',*,*,#2064,.T.);
#2749=ORIENTED_EDGE('',*,*,#2065,.F.);
#2750=ORIENTED_EDGE('',*,*,#2066,.F.);
#2751=ORIENTED_EDGE('',*,*,#2067,.T.);
#2752=ORIENTED_EDGE('',*,*,#2066,.T.);
#2753=ORIENTED_EDGE('',*,*,#2068,.F.);
#2754=ORIENTED_EDGE('',*,*,#2069,.F.);
#2755=ORIENTED_EDGE('',*,*,#2070,.T.);
#2756=ORIENTED_EDGE('',*,*,#2069,.T.);
#2757=ORIENTED_EDGE('',*,*,#2071,.F.);
#2758=ORIENTED_EDGE('',*,*,#2072,.F.);
#2759=ORIENTED_EDGE('',*,*,#2073,.T.);
#2760=ORIENTED_EDGE('',*,*,#2072,.T.);
#2761=ORIENTED_EDGE('',*,*,#2074,.F.);
#2762=ORIENTED_EDGE('',*,*,#2064,.F.);
#2763=ORIENTED_EDGE('',*,*,#2074,.T.);
#2764=ORIENTED_EDGE('',*,*,#2071,.T.);
#2765=ORIENTED_EDGE('',*,*,#2068,.T.);
#2766=ORIENTED_EDGE('',*,*,#2065,.T.);
#2767=ORIENTED_EDGE('',*,*,#2073,.F.);
#2768=ORIENTED_EDGE('',*,*,#2063,.F.);
#2769=ORIENTED_EDGE('',*,*,#2067,.F.);
#2770=ORIENTED_EDGE('',*,*,#2070,.F.);
#2771=ORIENTED_EDGE('',*,*,#2075,.T.);
#2772=ORIENTED_EDGE('',*,*,#2076,.T.);
#2773=ORIENTED_EDGE('',*,*,#2077,.F.);
#2774=ORIENTED_EDGE('',*,*,#2078,.F.);
#2775=ORIENTED_EDGE('',*,*,#2079,.T.);
#2776=ORIENTED_EDGE('',*,*,#2078,.T.);
#2777=ORIENTED_EDGE('',*,*,#2080,.F.);
#2778=ORIENTED_EDGE('',*,*,#2081,.F.);
#2779=ORIENTED_EDGE('',*,*,#2082,.T.);
#2780=ORIENTED_EDGE('',*,*,#2081,.T.);
#2781=ORIENTED_EDGE('',*,*,#2083,.F.);
#2782=ORIENTED_EDGE('',*,*,#2084,.F.);
#2783=ORIENTED_EDGE('',*,*,#2085,.T.);
#2784=ORIENTED_EDGE('',*,*,#2084,.T.);
#2785=ORIENTED_EDGE('',*,*,#2086,.F.);
#2786=ORIENTED_EDGE('',*,*,#2076,.F.);
#2787=ORIENTED_EDGE('',*,*,#2086,.T.);
#2788=ORIENTED_EDGE('',*,*,#2083,.T.);
#2789=ORIENTED_EDGE('',*,*,#2080,.T.);
#2790=ORIENTED_EDGE('',*,*,#2077,.T.);
#2791=ORIENTED_EDGE('',*,*,#2085,.F.);
#2792=ORIENTED_EDGE('',*,*,#2075,.F.);
#2793=ORIENTED_EDGE('',*,*,#2079,.F.);
#2794=ORIENTED_EDGE('',*,*,#2082,.F.);
#2795=ORIENTED_EDGE('',*,*,#2087,.T.);
#2796=ORIENTED_EDGE('',*,*,#2088,.T.);
#2797=ORIENTED_EDGE('',*,*,#2089,.F.);
#2798=ORIENTED_EDGE('',*,*,#2090,.F.);
#2799=ORIENTED_EDGE('',*,*,#2091,.T.);
#2800=ORIENTED_EDGE('',*,*,#2090,.T.);
#2801=ORIENTED_EDGE('',*,*,#2092,.F.);
#2802=ORIENTED_EDGE('',*,*,#2093,.F.);
#2803=ORIENTED_EDGE('',*,*,#2094,.T.);
#2804=ORIENTED_EDGE('',*,*,#2093,.T.);
#2805=ORIENTED_EDGE('',*,*,#2095,.F.);
#2806=ORIENTED_EDGE('',*,*,#2096,.F.);
#2807=ORIENTED_EDGE('',*,*,#2097,.T.);
#2808=ORIENTED_EDGE('',*,*,#2096,.T.);
#2809=ORIENTED_EDGE('',*,*,#2098,.F.);
#2810=ORIENTED_EDGE('',*,*,#2088,.F.);
#2811=ORIENTED_EDGE('',*,*,#2098,.T.);
#2812=ORIENTED_EDGE('',*,*,#2095,.T.);
#2813=ORIENTED_EDGE('',*,*,#2092,.T.);
#2814=ORIENTED_EDGE('',*,*,#2089,.T.);
#2815=ORIENTED_EDGE('',*,*,#2097,.F.);
#2816=ORIENTED_EDGE('',*,*,#2087,.F.);
#2817=ORIENTED_EDGE('',*,*,#2091,.F.);
#2818=ORIENTED_EDGE('',*,*,#2094,.F.);
#2819=ORIENTED_EDGE('',*,*,#2099,.T.);
#2820=ORIENTED_EDGE('',*,*,#2100,.T.);
#2821=ORIENTED_EDGE('',*,*,#2101,.F.);
#2822=ORIENTED_EDGE('',*,*,#2102,.F.);
#2823=ORIENTED_EDGE('',*,*,#2103,.T.);
#2824=ORIENTED_EDGE('',*,*,#2102,.T.);
#2825=ORIENTED_EDGE('',*,*,#2104,.F.);
#2826=ORIENTED_EDGE('',*,*,#2105,.F.);
#2827=ORIENTED_EDGE('',*,*,#2106,.T.);
#2828=ORIENTED_EDGE('',*,*,#2105,.T.);
#2829=ORIENTED_EDGE('',*,*,#2107,.F.);
#2830=ORIENTED_EDGE('',*,*,#2108,.F.);
#2831=ORIENTED_EDGE('',*,*,#2109,.T.);
#2832=ORIENTED_EDGE('',*,*,#2108,.T.);
#2833=ORIENTED_EDGE('',*,*,#2110,.F.);
#2834=ORIENTED_EDGE('',*,*,#2100,.F.);
#2835=ORIENTED_EDGE('',*,*,#2110,.T.);
#2836=ORIENTED_EDGE('',*,*,#2107,.T.);
#2837=ORIENTED_EDGE('',*,*,#2104,.T.);
#2838=ORIENTED_EDGE('',*,*,#2101,.T.);
#2839=ORIENTED_EDGE('',*,*,#2109,.F.);
#2840=ORIENTED_EDGE('',*,*,#2099,.F.);
#2841=ORIENTED_EDGE('',*,*,#2103,.F.);
#2842=ORIENTED_EDGE('',*,*,#2106,.F.);
#2843=ORIENTED_EDGE('',*,*,#2111,.T.);
#2844=ORIENTED_EDGE('',*,*,#2112,.T.);
#2845=ORIENTED_EDGE('',*,*,#2113,.F.);
#2846=ORIENTED_EDGE('',*,*,#2114,.F.);
#2847=ORIENTED_EDGE('',*,*,#2115,.T.);
#2848=ORIENTED_EDGE('',*,*,#2114,.T.);
#2849=ORIENTED_EDGE('',*,*,#2116,.F.);
#2850=ORIENTED_EDGE('',*,*,#2117,.F.);
#2851=ORIENTED_EDGE('',*,*,#2118,.T.);
#2852=ORIENTED_EDGE('',*,*,#2117,.T.);
#2853=ORIENTED_EDGE('',*,*,#2119,.F.);
#2854=ORIENTED_EDGE('',*,*,#2120,.F.);
#2855=ORIENTED_EDGE('',*,*,#2121,.T.);
#2856=ORIENTED_EDGE('',*,*,#2120,.T.);
#2857=ORIENTED_EDGE('',*,*,#2122,.F.);
#2858=ORIENTED_EDGE('',*,*,#2112,.F.);
#2859=ORIENTED_EDGE('',*,*,#2122,.T.);
#2860=ORIENTED_EDGE('',*,*,#2119,.T.);
#2861=ORIENTED_EDGE('',*,*,#2116,.T.);
#2862=ORIENTED_EDGE('',*,*,#2113,.T.);
#2863=ORIENTED_EDGE('',*,*,#2121,.F.);
#2864=ORIENTED_EDGE('',*,*,#2111,.F.);
#2865=ORIENTED_EDGE('',*,*,#2115,.F.);
#2866=ORIENTED_EDGE('',*,*,#2118,.F.);
#2867=ORIENTED_EDGE('',*,*,#2123,.T.);
#2868=ORIENTED_EDGE('',*,*,#2124,.T.);
#2869=ORIENTED_EDGE('',*,*,#2125,.F.);
#2870=ORIENTED_EDGE('',*,*,#2126,.F.);
#2871=ORIENTED_EDGE('',*,*,#2127,.T.);
#2872=ORIENTED_EDGE('',*,*,#2126,.T.);
#2873=ORIENTED_EDGE('',*,*,#2128,.F.);
#2874=ORIENTED_EDGE('',*,*,#2129,.F.);
#2875=ORIENTED_EDGE('',*,*,#2130,.T.);
#2876=ORIENTED_EDGE('',*,*,#2129,.T.);
#2877=ORIENTED_EDGE('',*,*,#2131,.F.);
#2878=ORIENTED_EDGE('',*,*,#2132,.F.);
#2879=ORIENTED_EDGE('',*,*,#2133,.T.);
#2880=ORIENTED_EDGE('',*,*,#2132,.T.);
#2881=ORIENTED_EDGE('',*,*,#2134,.F.);
#2882=ORIENTED_EDGE('',*,*,#2124,.F.);
#2883=ORIENTED_EDGE('',*,*,#2134,.T.);
#2884=ORIENTED_EDGE('',*,*,#2131,.T.);
#2885=ORIENTED_EDGE('',*,*,#2128,.T.);
#2886=ORIENTED_EDGE('',*,*,#2125,.T.);
#2887=ORIENTED_EDGE('',*,*,#2133,.F.);
#2888=ORIENTED_EDGE('',*,*,#2123,.F.);
#2889=ORIENTED_EDGE('',*,*,#2127,.F.);
#2890=ORIENTED_EDGE('',*,*,#2130,.F.);
#2891=ORIENTED_EDGE('',*,*,#2135,.T.);
#2892=ORIENTED_EDGE('',*,*,#2136,.T.);
#2893=ORIENTED_EDGE('',*,*,#2137,.F.);
#2894=ORIENTED_EDGE('',*,*,#2138,.F.);
#2895=ORIENTED_EDGE('',*,*,#2139,.T.);
#2896=ORIENTED_EDGE('',*,*,#2138,.T.);
#2897=ORIENTED_EDGE('',*,*,#2140,.F.);
#2898=ORIENTED_EDGE('',*,*,#2141,.F.);
#2899=ORIENTED_EDGE('',*,*,#2142,.T.);
#2900=ORIENTED_EDGE('',*,*,#2141,.T.);
#2901=ORIENTED_EDGE('',*,*,#2143,.F.);
#2902=ORIENTED_EDGE('',*,*,#2144,.F.);
#2903=ORIENTED_EDGE('',*,*,#2145,.T.);
#2904=ORIENTED_EDGE('',*,*,#2144,.T.);
#2905=ORIENTED_EDGE('',*,*,#2146,.F.);
#2906=ORIENTED_EDGE('',*,*,#2136,.F.);
#2907=ORIENTED_EDGE('',*,*,#2146,.T.);
#2908=ORIENTED_EDGE('',*,*,#2143,.T.);
#2909=ORIENTED_EDGE('',*,*,#2140,.T.);
#2910=ORIENTED_EDGE('',*,*,#2137,.T.);
#2911=ORIENTED_EDGE('',*,*,#2145,.F.);
#2912=ORIENTED_EDGE('',*,*,#2135,.F.);
#2913=ORIENTED_EDGE('',*,*,#2139,.F.);
#2914=ORIENTED_EDGE('',*,*,#2142,.F.);
#2915=ORIENTED_EDGE('',*,*,#2147,.T.);
#2916=ORIENTED_EDGE('',*,*,#2148,.T.);
#2917=ORIENTED_EDGE('',*,*,#2149,.F.);
#2918=ORIENTED_EDGE('',*,*,#2150,.F.);
#2919=ORIENTED_EDGE('',*,*,#2151,.T.);
#2920=ORIENTED_EDGE('',*,*,#2150,.T.);
#2921=ORIENTED_EDGE('',*,*,#2152,.F.);
#2922=ORIENTED_EDGE('',*,*,#2153,.F.);
#2923=ORIENTED_EDGE('',*,*,#2154,.T.);
#2924=ORIENTED_EDGE('',*,*,#2153,.T.);
#2925=ORIENTED_EDGE('',*,*,#2155,.F.);
#2926=ORIENTED_EDGE('',*,*,#2156,.F.);
#2927=ORIENTED_EDGE('',*,*,#2157,.T.);
#2928=ORIENTED_EDGE('',*,*,#2156,.T.);
#2929=ORIENTED_EDGE('',*,*,#2158,.F.);
#2930=ORIENTED_EDGE('',*,*,#2148,.F.);
#2931=ORIENTED_EDGE('',*,*,#2158,.T.);
#2932=ORIENTED_EDGE('',*,*,#2155,.T.);
#2933=ORIENTED_EDGE('',*,*,#2152,.T.);
#2934=ORIENTED_EDGE('',*,*,#2149,.T.);
#2935=ORIENTED_EDGE('',*,*,#2157,.F.);
#2936=ORIENTED_EDGE('',*,*,#2147,.F.);
#2937=ORIENTED_EDGE('',*,*,#2151,.F.);
#2938=ORIENTED_EDGE('',*,*,#2154,.F.);
#2939=ORIENTED_EDGE('',*,*,#2159,.T.);
#2940=ORIENTED_EDGE('',*,*,#2160,.T.);
#2941=ORIENTED_EDGE('',*,*,#2161,.F.);
#2942=ORIENTED_EDGE('',*,*,#2162,.F.);
#2943=ORIENTED_EDGE('',*,*,#2163,.T.);
#2944=ORIENTED_EDGE('',*,*,#2162,.T.);
#2945=ORIENTED_EDGE('',*,*,#2164,.F.);
#2946=ORIENTED_EDGE('',*,*,#2165,.F.);
#2947=ORIENTED_EDGE('',*,*,#2166,.T.);
#2948=ORIENTED_EDGE('',*,*,#2165,.T.);
#2949=ORIENTED_EDGE('',*,*,#2167,.F.);
#2950=ORIENTED_EDGE('',*,*,#2168,.F.);
#2951=ORIENTED_EDGE('',*,*,#2169,.T.);
#2952=ORIENTED_EDGE('',*,*,#2168,.T.);
#2953=ORIENTED_EDGE('',*,*,#2170,.F.);
#2954=ORIENTED_EDGE('',*,*,#2160,.F.);
#2955=ORIENTED_EDGE('',*,*,#2170,.T.);
#2956=ORIENTED_EDGE('',*,*,#2167,.T.);
#2957=ORIENTED_EDGE('',*,*,#2164,.T.);
#2958=ORIENTED_EDGE('',*,*,#2161,.T.);
#2959=ORIENTED_EDGE('',*,*,#2169,.F.);
#2960=ORIENTED_EDGE('',*,*,#2159,.F.);
#2961=ORIENTED_EDGE('',*,*,#2163,.F.);
#2962=ORIENTED_EDGE('',*,*,#2166,.F.);
#2963=ORIENTED_EDGE('',*,*,#2171,.T.);
#2964=ORIENTED_EDGE('',*,*,#2172,.T.);
#2965=ORIENTED_EDGE('',*,*,#2173,.F.);
#2966=ORIENTED_EDGE('',*,*,#2174,.F.);
#2967=ORIENTED_EDGE('',*,*,#2175,.T.);
#2968=ORIENTED_EDGE('',*,*,#2174,.T.);
#2969=ORIENTED_EDGE('',*,*,#2176,.F.);
#2970=ORIENTED_EDGE('',*,*,#2177,.F.);
#2971=ORIENTED_EDGE('',*,*,#2178,.T.);
#2972=ORIENTED_EDGE('',*,*,#2177,.T.);
#2973=ORIENTED_EDGE('',*,*,#2179,.F.);
#2974=ORIENTED_EDGE('',*,*,#2180,.F.);
#2975=ORIENTED_EDGE('',*,*,#2181,.T.);
#2976=ORIENTED_EDGE('',*,*,#2180,.T.);
#2977=ORIENTED_EDGE('',*,*,#2182,.F.);
#2978=ORIENTED_EDGE('',*,*,#2172,.F.);
#2979=ORIENTED_EDGE('',*,*,#2182,.T.);
#2980=ORIENTED_EDGE('',*,*,#2179,.T.);
#2981=ORIENTED_EDGE('',*,*,#2176,.T.);
#2982=ORIENTED_EDGE('',*,*,#2173,.T.);
#2983=ORIENTED_EDGE('',*,*,#2181,.F.);
#2984=ORIENTED_EDGE('',*,*,#2171,.F.);
#2985=ORIENTED_EDGE('',*,*,#2175,.F.);
#2986=ORIENTED_EDGE('',*,*,#2178,.F.);
#2987=ORIENTED_EDGE('',*,*,#2183,.T.);
#2988=ORIENTED_EDGE('',*,*,#2184,.T.);
#2989=ORIENTED_EDGE('',*,*,#2185,.F.);
#2990=ORIENTED_EDGE('',*,*,#2186,.F.);
#2991=ORIENTED_EDGE('',*,*,#2187,.T.);
#2992=ORIENTED_EDGE('',*,*,#2186,.T.);
#2993=ORIENTED_EDGE('',*,*,#2188,.F.);
#2994=ORIENTED_EDGE('',*,*,#2189,.F.);
#2995=ORIENTED_EDGE('',*,*,#2190,.T.);
#2996=ORIENTED_EDGE('',*,*,#2189,.T.);
#2997=ORIENTED_EDGE('',*,*,#2191,.F.);
#2998=ORIENTED_EDGE('',*,*,#2192,.F.);
#2999=ORIENTED_EDGE('',*,*,#2193,.T.);
#3000=ORIENTED_EDGE('',*,*,#2192,.T.);
#3001=ORIENTED_EDGE('',*,*,#2194,.F.);
#3002=ORIENTED_EDGE('',*,*,#2184,.F.);
#3003=ORIENTED_EDGE('',*,*,#2194,.T.);
#3004=ORIENTED_EDGE('',*,*,#2191,.T.);
#3005=ORIENTED_EDGE('',*,*,#2188,.T.);
#3006=ORIENTED_EDGE('',*,*,#2185,.T.);
#3007=ORIENTED_EDGE('',*,*,#2193,.F.);
#3008=ORIENTED_EDGE('',*,*,#2183,.F.);
#3009=ORIENTED_EDGE('',*,*,#2187,.F.);
#3010=ORIENTED_EDGE('',*,*,#2190,.F.);
#3011=ORIENTED_EDGE('',*,*,#2195,.T.);
#3012=ORIENTED_EDGE('',*,*,#2196,.T.);
#3013=ORIENTED_EDGE('',*,*,#2197,.F.);
#3014=ORIENTED_EDGE('',*,*,#2198,.F.);
#3015=ORIENTED_EDGE('',*,*,#2199,.T.);
#3016=ORIENTED_EDGE('',*,*,#2198,.T.);
#3017=ORIENTED_EDGE('',*,*,#2200,.F.);
#3018=ORIENTED_EDGE('',*,*,#2201,.F.);
#3019=ORIENTED_EDGE('',*,*,#2202,.T.);
#3020=ORIENTED_EDGE('',*,*,#2201,.T.);
#3021=ORIENTED_EDGE('',*,*,#2203,.F.);
#3022=ORIENTED_EDGE('',*,*,#2204,.F.);
#3023=ORIENTED_EDGE('',*,*,#2205,.T.);
#3024=ORIENTED_EDGE('',*,*,#2204,.T.);
#3025=ORIENTED_EDGE('',*,*,#2206,.F.);
#3026=ORIENTED_EDGE('',*,*,#2196,.F.);
#3027=ORIENTED_EDGE('',*,*,#2206,.T.);
#3028=ORIENTED_EDGE('',*,*,#2203,.T.);
#3029=ORIENTED_EDGE('',*,*,#2200,.T.);
#3030=ORIENTED_EDGE('',*,*,#2197,.T.);
#3031=ORIENTED_EDGE('',*,*,#2205,.F.);
#3032=ORIENTED_EDGE('',*,*,#2195,.F.);
#3033=ORIENTED_EDGE('',*,*,#2199,.F.);
#3034=ORIENTED_EDGE('',*,*,#2202,.F.);
#3035=ORIENTED_EDGE('',*,*,#2207,.T.);
#3036=ORIENTED_EDGE('',*,*,#2208,.T.);
#3037=ORIENTED_EDGE('',*,*,#2209,.F.);
#3038=ORIENTED_EDGE('',*,*,#2210,.F.);
#3039=ORIENTED_EDGE('',*,*,#2211,.T.);
#3040=ORIENTED_EDGE('',*,*,#2210,.T.);
#3041=ORIENTED_EDGE('',*,*,#2212,.F.);
#3042=ORIENTED_EDGE('',*,*,#2213,.F.);
#3043=ORIENTED_EDGE('',*,*,#2214,.T.);
#3044=ORIENTED_EDGE('',*,*,#2213,.T.);
#3045=ORIENTED_EDGE('',*,*,#2215,.F.);
#3046=ORIENTED_EDGE('',*,*,#2216,.F.);
#3047=ORIENTED_EDGE('',*,*,#2217,.T.);
#3048=ORIENTED_EDGE('',*,*,#2216,.T.);
#3049=ORIENTED_EDGE('',*,*,#2218,.F.);
#3050=ORIENTED_EDGE('',*,*,#2208,.F.);
#3051=ORIENTED_EDGE('',*,*,#2218,.T.);
#3052=ORIENTED_EDGE('',*,*,#2215,.T.);
#3053=ORIENTED_EDGE('',*,*,#2212,.T.);
#3054=ORIENTED_EDGE('',*,*,#2209,.T.);
#3055=ORIENTED_EDGE('',*,*,#2217,.F.);
#3056=ORIENTED_EDGE('',*,*,#2207,.F.);
#3057=ORIENTED_EDGE('',*,*,#2211,.F.);
#3058=ORIENTED_EDGE('',*,*,#2214,.F.);
#3059=ORIENTED_EDGE('',*,*,#2219,.T.);
#3060=ORIENTED_EDGE('',*,*,#2220,.T.);
#3061=ORIENTED_EDGE('',*,*,#2221,.F.);
#3062=ORIENTED_EDGE('',*,*,#2222,.F.);
#3063=ORIENTED_EDGE('',*,*,#2223,.T.);
#3064=ORIENTED_EDGE('',*,*,#2222,.T.);
#3065=ORIENTED_EDGE('',*,*,#2224,.F.);
#3066=ORIENTED_EDGE('',*,*,#2225,.F.);
#3067=ORIENTED_EDGE('',*,*,#2226,.T.);
#3068=ORIENTED_EDGE('',*,*,#2225,.T.);
#3069=ORIENTED_EDGE('',*,*,#2227,.F.);
#3070=ORIENTED_EDGE('',*,*,#2228,.F.);
#3071=ORIENTED_EDGE('',*,*,#2229,.T.);
#3072=ORIENTED_EDGE('',*,*,#2228,.T.);
#3073=ORIENTED_EDGE('',*,*,#2230,.F.);
#3074=ORIENTED_EDGE('',*,*,#2220,.F.);
#3075=ORIENTED_EDGE('',*,*,#2230,.T.);
#3076=ORIENTED_EDGE('',*,*,#2227,.T.);
#3077=ORIENTED_EDGE('',*,*,#2224,.T.);
#3078=ORIENTED_EDGE('',*,*,#2221,.T.);
#3079=ORIENTED_EDGE('',*,*,#2229,.F.);
#3080=ORIENTED_EDGE('',*,*,#2219,.F.);
#3081=ORIENTED_EDGE('',*,*,#2223,.F.);
#3082=ORIENTED_EDGE('',*,*,#2226,.F.);
#3083=ORIENTED_EDGE('',*,*,#2231,.T.);
#3084=ORIENTED_EDGE('',*,*,#2232,.T.);
#3085=ORIENTED_EDGE('',*,*,#2233,.F.);
#3086=ORIENTED_EDGE('',*,*,#2234,.F.);
#3087=ORIENTED_EDGE('',*,*,#2235,.T.);
#3088=ORIENTED_EDGE('',*,*,#2234,.T.);
#3089=ORIENTED_EDGE('',*,*,#2236,.F.);
#3090=ORIENTED_EDGE('',*,*,#2237,.F.);
#3091=ORIENTED_EDGE('',*,*,#2238,.T.);
#3092=ORIENTED_EDGE('',*,*,#2237,.T.);
#3093=ORIENTED_EDGE('',*,*,#2239,.F.);
#3094=ORIENTED_EDGE('',*,*,#2240,.F.);
#3095=ORIENTED_EDGE('',*,*,#2241,.T.);
#3096=ORIENTED_EDGE('',*,*,#2240,.T.);
#3097=ORIENTED_EDGE('',*,*,#2242,.F.);
#3098=ORIENTED_EDGE('',*,*,#2232,.F.);
#3099=ORIENTED_EDGE('',*,*,#2242,.T.);
#3100=ORIENTED_EDGE('',*,*,#2239,.T.);
#3101=ORIENTED_EDGE('',*,*,#2236,.T.);
#3102=ORIENTED_EDGE('',*,*,#2233,.T.);
#3103=ORIENTED_EDGE('',*,*,#2241,.F.);
#3104=ORIENTED_EDGE('',*,*,#2231,.F.);
#3105=ORIENTED_EDGE('',*,*,#2235,.F.);
#3106=ORIENTED_EDGE('',*,*,#2238,.F.);
#3107=ORIENTED_EDGE('',*,*,#2243,.T.);
#3108=ORIENTED_EDGE('',*,*,#2244,.T.);
#3109=ORIENTED_EDGE('',*,*,#2245,.F.);
#3110=ORIENTED_EDGE('',*,*,#2246,.F.);
#3111=ORIENTED_EDGE('',*,*,#2247,.T.);
#3112=ORIENTED_EDGE('',*,*,#2246,.T.);
#3113=ORIENTED_EDGE('',*,*,#2248,.F.);
#3114=ORIENTED_EDGE('',*,*,#2249,.F.);
#3115=ORIENTED_EDGE('',*,*,#2250,.T.);
#3116=ORIENTED_EDGE('',*,*,#2249,.T.);
#3117=ORIENTED_EDGE('',*,*,#2251,.F.);
#3118=ORIENTED_EDGE('',*,*,#2252,.F.);
#3119=ORIENTED_EDGE('',*,*,#2253,.T.);
#3120=ORIENTED_EDGE('',*,*,#2252,.T.);
#3121=ORIENTED_EDGE('',*,*,#2254,.F.);
#3122=ORIENTED_EDGE('',*,*,#2244,.F.);
#3123=ORIENTED_EDGE('',*,*,#2254,.T.);
#3124=ORIENTED_EDGE('',*,*,#2251,.T.);
#3125=ORIENTED_EDGE('',*,*,#2248,.T.);
#3126=ORIENTED_EDGE('',*,*,#2245,.T.);
#3127=ORIENTED_EDGE('',*,*,#2253,.F.);
#3128=ORIENTED_EDGE('',*,*,#2243,.F.);
#3129=ORIENTED_EDGE('',*,*,#2247,.F.);
#3130=ORIENTED_EDGE('',*,*,#2250,.F.);
#3131=ORIENTED_EDGE('',*,*,#2255,.T.);
#3132=ORIENTED_EDGE('',*,*,#2256,.T.);
#3133=ORIENTED_EDGE('',*,*,#2257,.F.);
#3134=ORIENTED_EDGE('',*,*,#2258,.F.);
#3135=ORIENTED_EDGE('',*,*,#2259,.T.);
#3136=ORIENTED_EDGE('',*,*,#2258,.T.);
#3137=ORIENTED_EDGE('',*,*,#2260,.F.);
#3138=ORIENTED_EDGE('',*,*,#2261,.F.);
#3139=ORIENTED_EDGE('',*,*,#2262,.T.);
#3140=ORIENTED_EDGE('',*,*,#2261,.T.);
#3141=ORIENTED_EDGE('',*,*,#2263,.F.);
#3142=ORIENTED_EDGE('',*,*,#2264,.F.);
#3143=ORIENTED_EDGE('',*,*,#2265,.T.);
#3144=ORIENTED_EDGE('',*,*,#2264,.T.);
#3145=ORIENTED_EDGE('',*,*,#2266,.F.);
#3146=ORIENTED_EDGE('',*,*,#2256,.F.);
#3147=ORIENTED_EDGE('',*,*,#2266,.T.);
#3148=ORIENTED_EDGE('',*,*,#2263,.T.);
#3149=ORIENTED_EDGE('',*,*,#2260,.T.);
#3150=ORIENTED_EDGE('',*,*,#2257,.T.);
#3151=ORIENTED_EDGE('',*,*,#2265,.F.);
#3152=ORIENTED_EDGE('',*,*,#2255,.F.);
#3153=ORIENTED_EDGE('',*,*,#2259,.F.);
#3154=ORIENTED_EDGE('',*,*,#2262,.F.);
#3155=ORIENTED_EDGE('',*,*,#2267,.T.);
#3156=ORIENTED_EDGE('',*,*,#2268,.T.);
#3157=ORIENTED_EDGE('',*,*,#2269,.F.);
#3158=ORIENTED_EDGE('',*,*,#2270,.F.);
#3159=ORIENTED_EDGE('',*,*,#2271,.T.);
#3160=ORIENTED_EDGE('',*,*,#2270,.T.);
#3161=ORIENTED_EDGE('',*,*,#2272,.F.);
#3162=ORIENTED_EDGE('',*,*,#2273,.F.);
#3163=ORIENTED_EDGE('',*,*,#2274,.T.);
#3164=ORIENTED_EDGE('',*,*,#2273,.T.);
#3165=ORIENTED_EDGE('',*,*,#2275,.F.);
#3166=ORIENTED_EDGE('',*,*,#2276,.F.);
#3167=ORIENTED_EDGE('',*,*,#2277,.T.);
#3168=ORIENTED_EDGE('',*,*,#2276,.T.);
#3169=ORIENTED_EDGE('',*,*,#2278,.F.);
#3170=ORIENTED_EDGE('',*,*,#2268,.F.);
#3171=ORIENTED_EDGE('',*,*,#2278,.T.);
#3172=ORIENTED_EDGE('',*,*,#2275,.T.);
#3173=ORIENTED_EDGE('',*,*,#2272,.T.);
#3174=ORIENTED_EDGE('',*,*,#2269,.T.);
#3175=ORIENTED_EDGE('',*,*,#2277,.F.);
#3176=ORIENTED_EDGE('',*,*,#2267,.F.);
#3177=ORIENTED_EDGE('',*,*,#2271,.F.);
#3178=ORIENTED_EDGE('',*,*,#2274,.F.);
#3179=ORIENTED_EDGE('',*,*,#2279,.T.);
#3180=ORIENTED_EDGE('',*,*,#2280,.T.);
#3181=ORIENTED_EDGE('',*,*,#2281,.F.);
#3182=ORIENTED_EDGE('',*,*,#2282,.F.);
#3183=ORIENTED_EDGE('',*,*,#2283,.T.);
#3184=ORIENTED_EDGE('',*,*,#2282,.T.);
#3185=ORIENTED_EDGE('',*,*,#2284,.F.);
#3186=ORIENTED_EDGE('',*,*,#2285,.F.);
#3187=ORIENTED_EDGE('',*,*,#2286,.T.);
#3188=ORIENTED_EDGE('',*,*,#2285,.T.);
#3189=ORIENTED_EDGE('',*,*,#2287,.F.);
#3190=ORIENTED_EDGE('',*,*,#2288,.F.);
#3191=ORIENTED_EDGE('',*,*,#2289,.T.);
#3192=ORIENTED_EDGE('',*,*,#2288,.T.);
#3193=ORIENTED_EDGE('',*,*,#2290,.F.);
#3194=ORIENTED_EDGE('',*,*,#2280,.F.);
#3195=ORIENTED_EDGE('',*,*,#2290,.T.);
#3196=ORIENTED_EDGE('',*,*,#2287,.T.);
#3197=ORIENTED_EDGE('',*,*,#2284,.T.);
#3198=ORIENTED_EDGE('',*,*,#2281,.T.);
#3199=ORIENTED_EDGE('',*,*,#2289,.F.);
#3200=ORIENTED_EDGE('',*,*,#2279,.F.);
#3201=ORIENTED_EDGE('',*,*,#2283,.F.);
#3202=ORIENTED_EDGE('',*,*,#2286,.F.);
#3203=ORIENTED_EDGE('',*,*,#2291,.T.);
#3204=ORIENTED_EDGE('',*,*,#2292,.T.);
#3205=ORIENTED_EDGE('',*,*,#2293,.F.);
#3206=ORIENTED_EDGE('',*,*,#2294,.F.);
#3207=ORIENTED_EDGE('',*,*,#2295,.T.);
#3208=ORIENTED_EDGE('',*,*,#2294,.T.);
#3209=ORIENTED_EDGE('',*,*,#2296,.F.);
#3210=ORIENTED_EDGE('',*,*,#2297,.F.);
#3211=ORIENTED_EDGE('',*,*,#2298,.T.);
#3212=ORIENTED_EDGE('',*,*,#2297,.T.);
#3213=ORIENTED_EDGE('',*,*,#2299,.F.);
#3214=ORIENTED_EDGE('',*,*,#2300,.F.);
#3215=ORIENTED_EDGE('',*,*,#2301,.T.);
#3216=ORIENTED_EDGE('',*,*,#2300,.T.);
#3217=ORIENTED_EDGE('',*,*,#2302,.F.);
#3218=ORIENTED_EDGE('',*,*,#2292,.F.);
#3219=ORIENTED_EDGE('',*,*,#2302,.T.);
#3220=ORIENTED_EDGE('',*,*,#2299,.T.);
#3221=ORIENTED_EDGE('',*,*,#2296,.T.);
#3222=ORIENTED_EDGE('',*,*,#2293,.T.);
#3223=ORIENTED_EDGE('',*,*,#2301,.F.);
#3224=ORIENTED_EDGE('',*,*,#2291,.F.);
#3225=ORIENTED_EDGE('',*,*,#2295,.F.);
#3226=ORIENTED_EDGE('',*,*,#2298,.F.);
#3227=ORIENTED_EDGE('',*,*,#2303,.T.);
#3228=ORIENTED_EDGE('',*,*,#2304,.T.);
#3229=ORIENTED_EDGE('',*,*,#2305,.F.);
#3230=ORIENTED_EDGE('',*,*,#2306,.F.);
#3231=ORIENTED_EDGE('',*,*,#2307,.T.);
#3232=ORIENTED_EDGE('',*,*,#2306,.T.);
#3233=ORIENTED_EDGE('',*,*,#2308,.F.);
#3234=ORIENTED_EDGE('',*,*,#2309,.F.);
#3235=ORIENTED_EDGE('',*,*,#2310,.T.);
#3236=ORIENTED_EDGE('',*,*,#2309,.T.);
#3237=ORIENTED_EDGE('',*,*,#2311,.F.);
#3238=ORIENTED_EDGE('',*,*,#2312,.F.);
#3239=ORIENTED_EDGE('',*,*,#2313,.T.);
#3240=ORIENTED_EDGE('',*,*,#2312,.T.);
#3241=ORIENTED_EDGE('',*,*,#2314,.F.);
#3242=ORIENTED_EDGE('',*,*,#2304,.F.);
#3243=ORIENTED_EDGE('',*,*,#2314,.T.);
#3244=ORIENTED_EDGE('',*,*,#2311,.T.);
#3245=ORIENTED_EDGE('',*,*,#2308,.T.);
#3246=ORIENTED_EDGE('',*,*,#2305,.T.);
#3247=ORIENTED_EDGE('',*,*,#2313,.F.);
#3248=ORIENTED_EDGE('',*,*,#2303,.F.);
#3249=ORIENTED_EDGE('',*,*,#2307,.F.);
#3250=ORIENTED_EDGE('',*,*,#2310,.F.);
#3251=PLANE('',#3839);
#3252=PLANE('',#3840);
#3253=PLANE('',#3841);
#3254=PLANE('',#3842);
#3255=PLANE('',#3843);
#3256=PLANE('',#3844);
#3257=PLANE('',#3845);
#3258=PLANE('',#3846);
#3259=PLANE('',#3847);
#3260=PLANE('',#3848);
#3261=PLANE('',#3849);
#3262=PLANE('',#3850);
#3263=PLANE('',#3851);
#3264=PLANE('',#3852);
#3265=PLANE('',#3853);
#3266=PLANE('',#3854);
#3267=PLANE('',#3855);
#3268=PLANE('',#3856);
#3269=PLANE('',#3857);
#3270=PLANE('',#3858);
#3271=PLANE('',#3860);
#3272=PLANE('',#3861);
#3273=PLANE('',#3862);
#3274=PLANE('',#3863);
#3275=PLANE('',#3864);
#3276=PLANE('',#3865);
#3277=PLANE('',#3867);
#3278=PLANE('',#3868);
#3279=PLANE('',#3869);
#3280=PLANE('',#3870);
#3281=PLANE('',#3871);
#3282=PLANE('',#3872);
#3283=PLANE('',#3873);
#3284=PLANE('',#3874);
#3285=PLANE('',#3875);
#3286=PLANE('',#3876);
#3287=PLANE('',#3877);
#3288=PLANE('',#3878);
#3289=PLANE('',#3879);
#3290=PLANE('',#3880);
#3291=PLANE('',#3881);
#3292=PLANE('',#3882);
#3293=PLANE('',#3883);
#3294=PLANE('',#3884);
#3295=PLANE('',#3885);
#3296=PLANE('',#3886);
#3297=PLANE('',#3887);
#3298=PLANE('',#3888);
#3299=PLANE('',#3889);
#3300=PLANE('',#3890);
#3301=PLANE('',#3891);
#3302=PLANE('',#3892);
#3303=PLANE('',#3893);
#3304=PLANE('',#3894);
#3305=PLANE('',#3895);
#3306=PLANE('',#3896);
#3307=PLANE('',#3897);
#3308=PLANE('',#3898);
#3309=PLANE('',#3899);
#3310=PLANE('',#3900);
#3311=PLANE('',#3901);
#3312=PLANE('',#3902);
#3313=PLANE('',#3903);
#3314=PLANE('',#3904);
#3315=PLANE('',#3905);
#3316=PLANE('',#3906);
#3317=PLANE('',#3907);
#3318=PLANE('',#3908);
#3319=PLANE('',#3909);
#3320=PLANE('',#3910);
#3321=PLANE('',#3911);
#3322=PLANE('',#3912);
#3323=PLANE('',#3913);
#3324=PLANE('',#3914);
#3325=PLANE('',#3916);
#3326=PLANE('',#3917);
#3327=PLANE('',#3918);
#3328=PLANE('',#3919);
#3329=PLANE('',#3920);
#3330=PLANE('',#3921);
#3331=PLANE('',#3922);
#3332=PLANE('',#3923);
#3333=PLANE('',#3924);
#3334=PLANE('',#3925);
#3335=PLANE('',#3926);
#3336=PLANE('',#3927);
#3337=PLANE('',#3928);
#3338=PLANE('',#3929);
#3339=PLANE('',#3930);
#3340=PLANE('',#3931);
#3341=PLANE('',#3932);
#3342=PLANE('',#3933);
#3343=PLANE('',#3934);
#3344=PLANE('',#3935);
#3345=PLANE('',#3936);
#3346=PLANE('',#3937);
#3347=PLANE('',#3938);
#3348=PLANE('',#3939);
#3349=PLANE('',#3940);
#3350=PLANE('',#3941);
#3351=PLANE('',#3942);
#3352=PLANE('',#3943);
#3353=PLANE('',#3944);
#3354=PLANE('',#3945);
#3355=PLANE('',#3946);
#3356=PLANE('',#3947);
#3357=PLANE('',#3948);
#3358=PLANE('',#3949);
#3359=PLANE('',#3950);
#3360=PLANE('',#3951);
#3361=PLANE('',#3952);
#3362=PLANE('',#3953);
#3363=PLANE('',#3954);
#3364=PLANE('',#3955);
#3365=PLANE('',#3956);
#3366=PLANE('',#3957);
#3367=PLANE('',#3958);
#3368=PLANE('',#3959);
#3369=PLANE('',#3960);
#3370=PLANE('',#3961);
#3371=PLANE('',#3962);
#3372=PLANE('',#3963);
#3373=PLANE('',#3964);
#3374=PLANE('',#3965);
#3375=PLANE('',#3966);
#3376=PLANE('',#3967);
#3377=PLANE('',#3968);
#3378=PLANE('',#3969);
#3379=PLANE('',#3970);
#3380=PLANE('',#3971);
#3381=PLANE('',#3972);
#3382=PLANE('',#3973);
#3383=PLANE('',#3974);
#3384=PLANE('',#3975);
#3385=PLANE('',#3977);
#3386=PLANE('',#3978);
#3387=PLANE('',#3979);
#3388=PLANE('',#3980);
#3389=PLANE('',#3981);
#3390=PLANE('',#3982);
#3391=PLANE('',#3983);
#3392=PLANE('',#3984);
#3393=PLANE('',#3985);
#3394=PLANE('',#3986);
#3395=PLANE('',#3987);
#3396=PLANE('',#3988);
#3397=PLANE('',#3989);
#3398=PLANE('',#3990);
#3399=PLANE('',#3991);
#3400=PLANE('',#3992);
#3401=PLANE('',#3993);
#3402=PLANE('',#3994);
#3403=PLANE('',#3995);
#3404=PLANE('',#3996);
#3405=PLANE('',#3997);
#3406=PLANE('',#3998);
#3407=PLANE('',#3999);
#3408=PLANE('',#4000);
#3409=PLANE('',#4001);
#3410=PLANE('',#4002);
#3411=PLANE('',#4003);
#3412=PLANE('',#4004);
#3413=PLANE('',#4005);
#3414=PLANE('',#4006);
#3415=PLANE('',#4007);
#3416=PLANE('',#4008);
#3417=PLANE('',#4009);
#3418=PLANE('',#4010);
#3419=PLANE('',#4011);
#3420=PLANE('',#4012);
#3421=PLANE('',#4013);
#3422=PLANE('',#4014);
#3423=PLANE('',#4015);
#3424=PLANE('',#4016);
#3425=PLANE('',#4017);
#3426=PLANE('',#4018);
#3427=PLANE('',#4019);
#3428=PLANE('',#4020);
#3429=PLANE('',#4021);
#3430=PLANE('',#4022);
#3431=PLANE('',#4023);
#3432=PLANE('',#4024);
#3433=PLANE('',#4025);
#3434=PLANE('',#4026);
#3435=PLANE('',#4027);
#3436=PLANE('',#4028);
#3437=PLANE('',#4029);
#3438=PLANE('',#4030);
#3439=PLANE('',#4031);
#3440=PLANE('',#4032);
#3441=PLANE('',#4033);
#3442=PLANE('',#4034);
#3443=PLANE('',#4035);
#3444=PLANE('',#4036);
#3445=PLANE('',#4037);
#3446=PLANE('',#4038);
#3447=PLANE('',#4039);
#3448=PLANE('',#4040);
#3449=PLANE('',#4041);
#3450=PLANE('',#4042);
#3451=PLANE('',#4043);
#3452=PLANE('',#4044);
#3453=PLANE('',#4045);
#3454=PLANE('',#4046);
#3455=PLANE('',#4047);
#3456=PLANE('',#4048);
#3457=PLANE('',#4050);
#3458=PLANE('',#4051);
#3459=PLANE('',#4052);
#3460=PLANE('',#4053);
#3461=PLANE('',#4054);
#3462=PLANE('',#4055);
#3463=PLANE('',#4056);
#3464=PLANE('',#4057);
#3465=PLANE('',#4058);
#3466=PLANE('',#4059);
#3467=PLANE('',#4060);
#3468=PLANE('',#4061);
#3469=PLANE('',#4062);
#3470=PLANE('',#4063);
#3471=PLANE('',#4064);
#3472=PLANE('',#4065);
#3473=PLANE('',#4066);
#3474=PLANE('',#4067);
#3475=PLANE('',#4069);
#3476=PLANE('',#4070);
#3477=PLANE('',#4071);
#3478=PLANE('',#4072);
#3479=PLANE('',#4073);
#3480=PLANE('',#4074);
#3481=ADVANCED_FACE('',(#135),#3251,.F.);
#3482=ADVANCED_FACE('',(#136),#3252,.T.);
#3483=ADVANCED_FACE('',(#137),#3253,.F.);
#3484=ADVANCED_FACE('',(#138),#3254,.F.);
#3485=ADVANCED_FACE('',(#139),#3255,.T.);
#3486=ADVANCED_FACE('',(#140,#131),#3256,.T.);
#3487=ADVANCED_FACE('',(#141),#3257,.T.);
#3488=ADVANCED_FACE('',(#142,#132),#3258,.T.);
#3489=ADVANCED_FACE('',(#143),#3259,.T.);
#3490=ADVANCED_FACE('',(#144),#3260,.F.);
#3491=ADVANCED_FACE('',(#145),#3261,.F.);
#3492=ADVANCED_FACE('',(#146),#3262,.T.);
#3493=ADVANCED_FACE('',(#147),#3263,.F.);
#3494=ADVANCED_FACE('',(#148),#3264,.F.);
#3495=ADVANCED_FACE('',(#149),#3265,.T.);
#3496=ADVANCED_FACE('',(#150,#133),#3266,.T.);
#3497=ADVANCED_FACE('',(#151),#3267,.T.);
#3498=ADVANCED_FACE('',(#152,#134),#3268,.T.);
#3499=ADVANCED_FACE('',(#153),#3269,.T.);
#3500=ADVANCED_FACE('',(#154),#3270,.F.);
#3501=ADVANCED_FACE('',(#155),#3271,.T.);
#3502=ADVANCED_FACE('',(#156),#3272,.T.);
#3503=ADVANCED_FACE('',(#157),#3273,.T.);
#3504=ADVANCED_FACE('',(#158),#3274,.T.);
#3505=ADVANCED_FACE('',(#159),#3275,.T.);
#3506=ADVANCED_FACE('',(#160),#3276,.F.);
#3507=ADVANCED_FACE('',(#161),#3277,.T.);
#3508=ADVANCED_FACE('',(#162),#3278,.T.);
#3509=ADVANCED_FACE('',(#163),#3279,.T.);
#3510=ADVANCED_FACE('',(#164),#3280,.T.);
#3511=ADVANCED_FACE('',(#165),#3281,.T.);
#3512=ADVANCED_FACE('',(#166),#3282,.F.);
#3513=ADVANCED_FACE('',(#167),#3283,.T.);
#3514=ADVANCED_FACE('',(#168),#3284,.T.);
#3515=ADVANCED_FACE('',(#169),#3285,.T.);
#3516=ADVANCED_FACE('',(#170),#3286,.T.);
#3517=ADVANCED_FACE('',(#171),#3287,.T.);
#3518=ADVANCED_FACE('',(#172),#3288,.F.);
#3519=ADVANCED_FACE('',(#173),#3289,.T.);
#3520=ADVANCED_FACE('',(#174),#3290,.T.);
#3521=ADVANCED_FACE('',(#175),#3291,.T.);
#3522=ADVANCED_FACE('',(#176),#3292,.T.);
#3523=ADVANCED_FACE('',(#177),#3293,.T.);
#3524=ADVANCED_FACE('',(#178),#3294,.F.);
#3525=ADVANCED_FACE('',(#179),#3295,.T.);
#3526=ADVANCED_FACE('',(#180),#3296,.T.);
#3527=ADVANCED_FACE('',(#181),#3297,.T.);
#3528=ADVANCED_FACE('',(#182),#3298,.T.);
#3529=ADVANCED_FACE('',(#183),#3299,.T.);
#3530=ADVANCED_FACE('',(#184),#3300,.F.);
#3531=ADVANCED_FACE('',(#185),#3301,.T.);
#3532=ADVANCED_FACE('',(#186),#3302,.T.);
#3533=ADVANCED_FACE('',(#187),#3303,.T.);
#3534=ADVANCED_FACE('',(#188),#3304,.T.);
#3535=ADVANCED_FACE('',(#189),#3305,.T.);
#3536=ADVANCED_FACE('',(#190),#3306,.F.);
#3537=ADVANCED_FACE('',(#191),#3307,.T.);
#3538=ADVANCED_FACE('',(#192),#3308,.T.);
#3539=ADVANCED_FACE('',(#193),#3309,.T.);
#3540=ADVANCED_FACE('',(#194),#3310,.T.);
#3541=ADVANCED_FACE('',(#195),#3311,.T.);
#3542=ADVANCED_FACE('',(#196),#3312,.F.);
#3543=ADVANCED_FACE('',(#197),#3313,.T.);
#3544=ADVANCED_FACE('',(#198),#3314,.T.);
#3545=ADVANCED_FACE('',(#199),#3315,.T.);
#3546=ADVANCED_FACE('',(#200),#3316,.T.);
#3547=ADVANCED_FACE('',(#201),#3317,.T.);
#3548=ADVANCED_FACE('',(#202),#3318,.F.);
#3549=ADVANCED_FACE('',(#203),#3319,.T.);
#3550=ADVANCED_FACE('',(#204),#3320,.T.);
#3551=ADVANCED_FACE('',(#205),#3321,.T.);
#3552=ADVANCED_FACE('',(#206),#3322,.T.);
#3553=ADVANCED_FACE('',(#207),#3323,.T.);
#3554=ADVANCED_FACE('',(#208),#3324,.F.);
#3555=ADVANCED_FACE('',(#209),#3325,.T.);
#3556=ADVANCED_FACE('',(#210),#3326,.T.);
#3557=ADVANCED_FACE('',(#211),#3327,.T.);
#3558=ADVANCED_FACE('',(#212),#3328,.T.);
#3559=ADVANCED_FACE('',(#213),#3329,.T.);
#3560=ADVANCED_FACE('',(#214),#3330,.F.);
#3561=ADVANCED_FACE('',(#215),#3331,.T.);
#3562=ADVANCED_FACE('',(#216),#3332,.T.);
#3563=ADVANCED_FACE('',(#217),#3333,.T.);
#3564=ADVANCED_FACE('',(#218),#3334,.T.);
#3565=ADVANCED_FACE('',(#219),#3335,.T.);
#3566=ADVANCED_FACE('',(#220),#3336,.F.);
#3567=ADVANCED_FACE('',(#221),#3337,.T.);
#3568=ADVANCED_FACE('',(#222),#3338,.T.);
#3569=ADVANCED_FACE('',(#223),#3339,.T.);
#3570=ADVANCED_FACE('',(#224),#3340,.T.);
#3571=ADVANCED_FACE('',(#225),#3341,.T.);
#3572=ADVANCED_FACE('',(#226),#3342,.F.);
#3573=ADVANCED_FACE('',(#227),#3343,.T.);
#3574=ADVANCED_FACE('',(#228),#3344,.T.);
#3575=ADVANCED_FACE('',(#229),#3345,.T.);
#3576=ADVANCED_FACE('',(#230),#3346,.T.);
#3577=ADVANCED_FACE('',(#231),#3347,.T.);
#3578=ADVANCED_FACE('',(#232),#3348,.F.);
#3579=ADVANCED_FACE('',(#233),#3349,.T.);
#3580=ADVANCED_FACE('',(#234),#3350,.T.);
#3581=ADVANCED_FACE('',(#235),#3351,.T.);
#3582=ADVANCED_FACE('',(#236),#3352,.T.);
#3583=ADVANCED_FACE('',(#237),#3353,.T.);
#3584=ADVANCED_FACE('',(#238),#3354,.F.);
#3585=ADVANCED_FACE('',(#239),#3355,.T.);
#3586=ADVANCED_FACE('',(#240),#3356,.T.);
#3587=ADVANCED_FACE('',(#241),#3357,.T.);
#3588=ADVANCED_FACE('',(#242),#3358,.T.);
#3589=ADVANCED_FACE('',(#243),#3359,.T.);
#3590=ADVANCED_FACE('',(#244),#3360,.F.);
#3591=ADVANCED_FACE('',(#245),#3361,.T.);
#3592=ADVANCED_FACE('',(#246),#3362,.T.);
#3593=ADVANCED_FACE('',(#247),#3363,.T.);
#3594=ADVANCED_FACE('',(#248),#3364,.T.);
#3595=ADVANCED_FACE('',(#249),#3365,.T.);
#3596=ADVANCED_FACE('',(#250),#3366,.F.);
#3597=ADVANCED_FACE('',(#251),#3367,.T.);
#3598=ADVANCED_FACE('',(#252),#3368,.T.);
#3599=ADVANCED_FACE('',(#253),#3369,.T.);
#3600=ADVANCED_FACE('',(#254),#3370,.T.);
#3601=ADVANCED_FACE('',(#255),#3371,.T.);
#3602=ADVANCED_FACE('',(#256),#3372,.F.);
#3603=ADVANCED_FACE('',(#257),#3373,.T.);
#3604=ADVANCED_FACE('',(#258),#3374,.T.);
#3605=ADVANCED_FACE('',(#259),#3375,.T.);
#3606=ADVANCED_FACE('',(#260),#3376,.T.);
#3607=ADVANCED_FACE('',(#261),#3377,.T.);
#3608=ADVANCED_FACE('',(#262),#3378,.F.);
#3609=ADVANCED_FACE('',(#263),#3379,.T.);
#3610=ADVANCED_FACE('',(#264),#3380,.T.);
#3611=ADVANCED_FACE('',(#265),#3381,.T.);
#3612=ADVANCED_FACE('',(#266),#3382,.T.);
#3613=ADVANCED_FACE('',(#267),#3383,.T.);
#3614=ADVANCED_FACE('',(#268),#3384,.F.);
#3615=ADVANCED_FACE('',(#269),#3385,.T.);
#3616=ADVANCED_FACE('',(#270),#3386,.T.);
#3617=ADVANCED_FACE('',(#271),#3387,.T.);
#3618=ADVANCED_FACE('',(#272),#3388,.T.);
#3619=ADVANCED_FACE('',(#273),#3389,.T.);
#3620=ADVANCED_FACE('',(#274),#3390,.F.);
#3621=ADVANCED_FACE('',(#275),#3391,.T.);
#3622=ADVANCED_FACE('',(#276),#3392,.T.);
#3623=ADVANCED_FACE('',(#277),#3393,.T.);
#3624=ADVANCED_FACE('',(#278),#3394,.T.);
#3625=ADVANCED_FACE('',(#279),#3395,.T.);
#3626=ADVANCED_FACE('',(#280),#3396,.F.);
#3627=ADVANCED_FACE('',(#281),#3397,.T.);
#3628=ADVANCED_FACE('',(#282),#3398,.T.);
#3629=ADVANCED_FACE('',(#283),#3399,.T.);
#3630=ADVANCED_FACE('',(#284),#3400,.T.);
#3631=ADVANCED_FACE('',(#285),#3401,.T.);
#3632=ADVANCED_FACE('',(#286),#3402,.F.);
#3633=ADVANCED_FACE('',(#287),#3403,.T.);
#3634=ADVANCED_FACE('',(#288),#3404,.T.);
#3635=ADVANCED_FACE('',(#289),#3405,.T.);
#3636=ADVANCED_FACE('',(#290),#3406,.T.);
#3637=ADVANCED_FACE('',(#291),#3407,.T.);
#3638=ADVANCED_FACE('',(#292),#3408,.F.);
#3639=ADVANCED_FACE('',(#293),#3409,.T.);
#3640=ADVANCED_FACE('',(#294),#3410,.T.);
#3641=ADVANCED_FACE('',(#295),#3411,.T.);
#3642=ADVANCED_FACE('',(#296),#3412,.T.);
#3643=ADVANCED_FACE('',(#297),#3413,.T.);
#3644=ADVANCED_FACE('',(#298),#3414,.F.);
#3645=ADVANCED_FACE('',(#299),#3415,.T.);
#3646=ADVANCED_FACE('',(#300),#3416,.T.);
#3647=ADVANCED_FACE('',(#301),#3417,.T.);
#3648=ADVANCED_FACE('',(#302),#3418,.T.);
#3649=ADVANCED_FACE('',(#303),#3419,.T.);
#3650=ADVANCED_FACE('',(#304),#3420,.F.);
#3651=ADVANCED_FACE('',(#305),#3421,.T.);
#3652=ADVANCED_FACE('',(#306),#3422,.T.);
#3653=ADVANCED_FACE('',(#307),#3423,.T.);
#3654=ADVANCED_FACE('',(#308),#3424,.T.);
#3655=ADVANCED_FACE('',(#309),#3425,.T.);
#3656=ADVANCED_FACE('',(#310),#3426,.F.);
#3657=ADVANCED_FACE('',(#311),#3427,.T.);
#3658=ADVANCED_FACE('',(#312),#3428,.T.);
#3659=ADVANCED_FACE('',(#313),#3429,.T.);
#3660=ADVANCED_FACE('',(#314),#3430,.T.);
#3661=ADVANCED_FACE('',(#315),#3431,.T.);
#3662=ADVANCED_FACE('',(#316),#3432,.F.);
#3663=ADVANCED_FACE('',(#317),#3433,.T.);
#3664=ADVANCED_FACE('',(#318),#3434,.T.);
#3665=ADVANCED_FACE('',(#319),#3435,.T.);
#3666=ADVANCED_FACE('',(#320),#3436,.T.);
#3667=ADVANCED_FACE('',(#321),#3437,.T.);
#3668=ADVANCED_FACE('',(#322),#3438,.F.);
#3669=ADVANCED_FACE('',(#323),#3439,.T.);
#3670=ADVANCED_FACE('',(#324),#3440,.T.);
#3671=ADVANCED_FACE('',(#325),#3441,.T.);
#3672=ADVANCED_FACE('',(#326),#3442,.T.);
#3673=ADVANCED_FACE('',(#327),#3443,.T.);
#3674=ADVANCED_FACE('',(#328),#3444,.F.);
#3675=ADVANCED_FACE('',(#329),#3445,.T.);
#3676=ADVANCED_FACE('',(#330),#3446,.T.);
#3677=ADVANCED_FACE('',(#331),#3447,.T.);
#3678=ADVANCED_FACE('',(#332),#3448,.T.);
#3679=ADVANCED_FACE('',(#333),#3449,.T.);
#3680=ADVANCED_FACE('',(#334),#3450,.F.);
#3681=ADVANCED_FACE('',(#335),#3451,.T.);
#3682=ADVANCED_FACE('',(#336),#3452,.T.);
#3683=ADVANCED_FACE('',(#337),#3453,.T.);
#3684=ADVANCED_FACE('',(#338),#3454,.T.);
#3685=ADVANCED_FACE('',(#339),#3455,.T.);
#3686=ADVANCED_FACE('',(#340),#3456,.F.);
#3687=ADVANCED_FACE('',(#341),#3457,.T.);
#3688=ADVANCED_FACE('',(#342),#3458,.T.);
#3689=ADVANCED_FACE('',(#343),#3459,.T.);
#3690=ADVANCED_FACE('',(#344),#3460,.T.);
#3691=ADVANCED_FACE('',(#345),#3461,.T.);
#3692=ADVANCED_FACE('',(#346),#3462,.F.);
#3693=ADVANCED_FACE('',(#347),#3463,.T.);
#3694=ADVANCED_FACE('',(#348),#3464,.T.);
#3695=ADVANCED_FACE('',(#349),#3465,.T.);
#3696=ADVANCED_FACE('',(#350),#3466,.T.);
#3697=ADVANCED_FACE('',(#351),#3467,.T.);
#3698=ADVANCED_FACE('',(#352),#3468,.F.);
#3699=ADVANCED_FACE('',(#353),#3469,.T.);
#3700=ADVANCED_FACE('',(#354),#3470,.T.);
#3701=ADVANCED_FACE('',(#355),#3471,.T.);
#3702=ADVANCED_FACE('',(#356),#3472,.T.);
#3703=ADVANCED_FACE('',(#357),#3473,.T.);
#3704=ADVANCED_FACE('',(#358),#3474,.F.);
#3705=ADVANCED_FACE('',(#359),#3475,.T.);
#3706=ADVANCED_FACE('',(#360),#3476,.T.);
#3707=ADVANCED_FACE('',(#361),#3477,.T.);
#3708=ADVANCED_FACE('',(#362),#3478,.T.);
#3709=ADVANCED_FACE('',(#363),#3479,.T.);
#3710=ADVANCED_FACE('',(#364),#3480,.F.);
#3711=CLOSED_SHELL('',(#3481,#3482,#3483,#3484,#3485,#3486,#3487,#3488,
#3489,#3490));
#3712=CLOSED_SHELL('',(#3491,#3492,#3493,#3494,#3495,#3496,#3497,#3498,
#3499,#3500));
#3713=CLOSED_SHELL('',(#3501,#3502,#3503,#3504,#3505,#3506));
#3714=CLOSED_SHELL('',(#3507,#3508,#3509,#3510,#3511,#3512));
#3715=CLOSED_SHELL('',(#3513,#3514,#3515,#3516,#3517,#3518));
#3716=CLOSED_SHELL('',(#3519,#3520,#3521,#3522,#3523,#3524));
#3717=CLOSED_SHELL('',(#3525,#3526,#3527,#3528,#3529,#3530));
#3718=CLOSED_SHELL('',(#3531,#3532,#3533,#3534,#3535,#3536));
#3719=CLOSED_SHELL('',(#3537,#3538,#3539,#3540,#3541,#3542));
#3720=CLOSED_SHELL('',(#3543,#3544,#3545,#3546,#3547,#3548));
#3721=CLOSED_SHELL('',(#3549,#3550,#3551,#3552,#3553,#3554));
#3722=CLOSED_SHELL('',(#3555,#3556,#3557,#3558,#3559,#3560));
#3723=CLOSED_SHELL('',(#3561,#3562,#3563,#3564,#3565,#3566));
#3724=CLOSED_SHELL('',(#3567,#3568,#3569,#3570,#3571,#3572));
#3725=CLOSED_SHELL('',(#3573,#3574,#3575,#3576,#3577,#3578));
#3726=CLOSED_SHELL('',(#3579,#3580,#3581,#3582,#3583,#3584));
#3727=CLOSED_SHELL('',(#3585,#3586,#3587,#3588,#3589,#3590));
#3728=CLOSED_SHELL('',(#3591,#3592,#3593,#3594,#3595,#3596));
#3729=CLOSED_SHELL('',(#3597,#3598,#3599,#3600,#3601,#3602));
#3730=CLOSED_SHELL('',(#3603,#3604,#3605,#3606,#3607,#3608));
#3731=CLOSED_SHELL('',(#3609,#3610,#3611,#3612,#3613,#3614));
#3732=CLOSED_SHELL('',(#3615,#3616,#3617,#3618,#3619,#3620));
#3733=CLOSED_SHELL('',(#3621,#3622,#3623,#3624,#3625,#3626));
#3734=CLOSED_SHELL('',(#3627,#3628,#3629,#3630,#3631,#3632));
#3735=CLOSED_SHELL('',(#3633,#3634,#3635,#3636,#3637,#3638));
#3736=CLOSED_SHELL('',(#3639,#3640,#3641,#3642,#3643,#3644));
#3737=CLOSED_SHELL('',(#3645,#3646,#3647,#3648,#3649,#3650));
#3738=CLOSED_SHELL('',(#3651,#3652,#3653,#3654,#3655,#3656));
#3739=CLOSED_SHELL('',(#3657,#3658,#3659,#3660,#3661,#3662));
#3740=CLOSED_SHELL('',(#3663,#3664,#3665,#3666,#3667,#3668));
#3741=CLOSED_SHELL('',(#3669,#3670,#3671,#3672,#3673,#3674));
#3742=CLOSED_SHELL('',(#3675,#3676,#3677,#3678,#3679,#3680));
#3743=CLOSED_SHELL('',(#3681,#3682,#3683,#3684,#3685,#3686));
#3744=CLOSED_SHELL('',(#3687,#3688,#3689,#3690,#3691,#3692));
#3745=CLOSED_SHELL('',(#3693,#3694,#3695,#3696,#3697,#3698));
#3746=CLOSED_SHELL('',(#3699,#3700,#3701,#3702,#3703,#3704));
#3747=CLOSED_SHELL('',(#3705,#3706,#3707,#3708,#3709,#3710));
#3748=DERIVED_UNIT_ELEMENT(#3764,1.);
#3749=DERIVED_UNIT_ELEMENT(#6094,-3.);
#3750=DERIVED_UNIT_ELEMENT(#3764,1.);
#3751=DERIVED_UNIT_ELEMENT(#6094,-3.);
#3752=DERIVED_UNIT_ELEMENT(#3764,1.);
#3753=DERIVED_UNIT_ELEMENT(#6094,-3.);
#3754=DERIVED_UNIT_ELEMENT(#3764,1.);
#3755=DERIVED_UNIT_ELEMENT(#6094,-3.);
#3756=DERIVED_UNIT_ELEMENT(#3764,1.);
#3757=DERIVED_UNIT_ELEMENT(#6094,-3.);
#3758=DERIVED_UNIT_ELEMENT(#3764,1.);
#3759=DERIVED_UNIT_ELEMENT(#6094,-3.);
#3760=DERIVED_UNIT_ELEMENT(#3764,1.);
#3761=DERIVED_UNIT_ELEMENT(#6094,-3.);
#3762=DERIVED_UNIT_ELEMENT(#3764,1.);
#3763=DERIVED_UNIT_ELEMENT(#6094,-3.);
#3764=(
MASS_UNIT()
NAMED_UNIT(*)
SI_UNIT(.KILO.,.GRAM.)
);
#3765=DERIVED_UNIT((#3748,#3749));
#3766=DERIVED_UNIT((#3750,#3751));
#3767=DERIVED_UNIT((#3752,#3753));
#3768=DERIVED_UNIT((#3754,#3755));
#3769=DERIVED_UNIT((#3756,#3757));
#3770=DERIVED_UNIT((#3758,#3759));
#3771=DERIVED_UNIT((#3760,#3761));
#3772=DERIVED_UNIT((#3762,#3763));
#3773=MEASURE_REPRESENTATION_ITEM('density measure',
POSITIVE_RATIO_MEASURE(7850.),#3765);
#3774=MEASURE_REPRESENTATION_ITEM('density measure',
POSITIVE_RATIO_MEASURE(7850.),#3766);
#3775=MEASURE_REPRESENTATION_ITEM('density measure',
POSITIVE_RATIO_MEASURE(7850.),#3767);
#3776=MEASURE_REPRESENTATION_ITEM('density measure',
POSITIVE_RATIO_MEASURE(7850.),#3768);
#3777=MEASURE_REPRESENTATION_ITEM('density measure',
POSITIVE_RATIO_MEASURE(7850.),#3769);
#3778=MEASURE_REPRESENTATION_ITEM('density measure',
POSITIVE_RATIO_MEASURE(7850.),#3770);
#3779=MEASURE_REPRESENTATION_ITEM('density measure',
POSITIVE_RATIO_MEASURE(7850.),#3771);
#3780=MEASURE_REPRESENTATION_ITEM('density measure',
POSITIVE_RATIO_MEASURE(7850.),#3772);
#3781=PROPERTY_DEFINITION_REPRESENTATION(#3821,#3797);
#3782=PROPERTY_DEFINITION_REPRESENTATION(#3822,#3798);
#3783=PROPERTY_DEFINITION_REPRESENTATION(#3823,#3799);
#3784=PROPERTY_DEFINITION_REPRESENTATION(#3824,#3800);
#3785=PROPERTY_DEFINITION_REPRESENTATION(#3825,#3801);
#3786=PROPERTY_DEFINITION_REPRESENTATION(#3826,#3802);
#3787=PROPERTY_DEFINITION_REPRESENTATION(#3827,#3803);
#3788=PROPERTY_DEFINITION_REPRESENTATION(#3828,#3804);
#3789=PROPERTY_DEFINITION_REPRESENTATION(#3829,#3805);
#3790=PROPERTY_DEFINITION_REPRESENTATION(#3830,#3806);
#3791=PROPERTY_DEFINITION_REPRESENTATION(#3831,#3807);
#3792=PROPERTY_DEFINITION_REPRESENTATION(#3832,#3808);
#3793=PROPERTY_DEFINITION_REPRESENTATION(#3833,#3809);
#3794=PROPERTY_DEFINITION_REPRESENTATION(#3834,#3810);
#3795=PROPERTY_DEFINITION_REPRESENTATION(#3835,#3811);
#3796=PROPERTY_DEFINITION_REPRESENTATION(#3836,#3812);
#3797=REPRESENTATION('material name',(#3813),#6084);
#3798=REPRESENTATION('density',(#3773),#6084);
#3799=REPRESENTATION('material name',(#3814),#6085);
#3800=REPRESENTATION('density',(#3774),#6085);
#3801=REPRESENTATION('material name',(#3815),#6086);
#3802=REPRESENTATION('density',(#3775),#6086);
#3803=REPRESENTATION('material name',(#3816),#6087);
#3804=REPRESENTATION('density',(#3776),#6087);
#3805=REPRESENTATION('material name',(#3817),#6088);
#3806=REPRESENTATION('density',(#3777),#6088);
#3807=REPRESENTATION('material name',(#3818),#6089);
#3808=REPRESENTATION('density',(#3778),#6089);
#3809=REPRESENTATION('material name',(#3819),#6090);
#3810=REPRESENTATION('density',(#3779),#6090);
#3811=REPRESENTATION('material name',(#3820),#6091);
#3812=REPRESENTATION('density',(#3780),#6091);
#3813=DESCRIPTIVE_REPRESENTATION_ITEM('Steel','Steel');
#3814=DESCRIPTIVE_REPRESENTATION_ITEM('Steel','Steel');
#3815=DESCRIPTIVE_REPRESENTATION_ITEM('Steel','Steel');
#3816=DESCRIPTIVE_REPRESENTATION_ITEM('Steel','Steel');
#3817=DESCRIPTIVE_REPRESENTATION_ITEM('Steel','Steel');
#3818=DESCRIPTIVE_REPRESENTATION_ITEM('Steel','Steel');
#3819=DESCRIPTIVE_REPRESENTATION_ITEM('Steel','Steel');
#3820=DESCRIPTIVE_REPRESENTATION_ITEM('Steel','Steel');
#3821=PROPERTY_DEFINITION('material property','material name',#6134);
#3822=PROPERTY_DEFINITION('material property','density of part',#6134);
#3823=PROPERTY_DEFINITION('material property','material name',#6135);
#3824=PROPERTY_DEFINITION('material property','density of part',#6135);
#3825=PROPERTY_DEFINITION('material property','material name',#6136);
#3826=PROPERTY_DEFINITION('material property','density of part',#6136);
#3827=PROPERTY_DEFINITION('material property','material name',#6137);
#3828=PROPERTY_DEFINITION('material property','density of part',#6137);
#3829=PROPERTY_DEFINITION('material property','material name',#6138);
#3830=PROPERTY_DEFINITION('material property','density of part',#6138);
#3831=PROPERTY_DEFINITION('material property','material name',#6139);
#3832=PROPERTY_DEFINITION('material property','density of part',#6139);
#3833=PROPERTY_DEFINITION('material property','material name',#6140);
#3834=PROPERTY_DEFINITION('material property','density of part',#6140);
#3835=PROPERTY_DEFINITION('material property','material name',#6141);
#3836=PROPERTY_DEFINITION('material property','density of part',#6141);
#3837=AXIS2_PLACEMENT_3D('',#5046,#4084,#4085);
#3838=AXIS2_PLACEMENT_3D('',#5047,#4086,#4087);
#3839=AXIS2_PLACEMENT_3D('',#5048,#4088,#4089);
#3840=AXIS2_PLACEMENT_3D('',#5057,#4094,#4095);
#3841=AXIS2_PLACEMENT_3D('',#5063,#4099,#4100);
#3842=AXIS2_PLACEMENT_3D('',#5069,#4104,#4105);
#3843=AXIS2_PLACEMENT_3D('',#5072,#4108,#4109);
#3844=AXIS2_PLACEMENT_3D('',#5081,#4114,#4115);
#3845=AXIS2_PLACEMENT_3D('',#5087,#4119,#4120);
#3846=AXIS2_PLACEMENT_3D('',#5093,#4124,#4125);
#3847=AXIS2_PLACEMENT_3D('',#5096,#4128,#4129);
#3848=AXIS2_PLACEMENT_3D('',#5097,#4130,#4131);
#3849=AXIS2_PLACEMENT_3D('',#5098,#4132,#4133);
#3850=AXIS2_PLACEMENT_3D('',#5107,#4138,#4139);
#3851=AXIS2_PLACEMENT_3D('',#5113,#4143,#4144);
#3852=AXIS2_PLACEMENT_3D('',#5119,#4148,#4149);
#3853=AXIS2_PLACEMENT_3D('',#5122,#4152,#4153);
#3854=AXIS2_PLACEMENT_3D('',#5131,#4158,#4159);
#3855=AXIS2_PLACEMENT_3D('',#5137,#4163,#4164);
#3856=AXIS2_PLACEMENT_3D('',#5143,#4168,#4169);
#3857=AXIS2_PLACEMENT_3D('',#5146,#4172,#4173);
#3858=AXIS2_PLACEMENT_3D('',#5147,#4174,#4175);
#3859=AXIS2_PLACEMENT_3D('',#5148,#4176,#4177);
#3860=AXIS2_PLACEMENT_3D('',#5149,#4178,#4179);
#3861=AXIS2_PLACEMENT_3D('',#5158,#4184,#4185);
#3862=AXIS2_PLACEMENT_3D('',#5164,#4189,#4190);
#3863=AXIS2_PLACEMENT_3D('',#5170,#4194,#4195);
#3864=AXIS2_PLACEMENT_3D('',#5173,#4198,#4199);
#3865=AXIS2_PLACEMENT_3D('',#5174,#4200,#4201);
#3866=AXIS2_PLACEMENT_3D('',#5175,#4202,#4203);
#3867=AXIS2_PLACEMENT_3D('',#5176,#4204,#4205);
#3868=AXIS2_PLACEMENT_3D('',#5185,#4210,#4211);
#3869=AXIS2_PLACEMENT_3D('',#5191,#4215,#4216);
#3870=AXIS2_PLACEMENT_3D('',#5197,#4220,#4221);
#3871=AXIS2_PLACEMENT_3D('',#5200,#4224,#4225);
#3872=AXIS2_PLACEMENT_3D('',#5201,#4226,#4227);
#3873=AXIS2_PLACEMENT_3D('',#5202,#4228,#4229);
#3874=AXIS2_PLACEMENT_3D('',#5211,#4234,#4235);
#3875=AXIS2_PLACEMENT_3D('',#5217,#4239,#4240);
#3876=AXIS2_PLACEMENT_3D('',#5223,#4244,#4245);
#3877=AXIS2_PLACEMENT_3D('',#5226,#4248,#4249);
#3878=AXIS2_PLACEMENT_3D('',#5227,#4250,#4251);
#3879=AXIS2_PLACEMENT_3D('',#5228,#4252,#4253);
#3880=AXIS2_PLACEMENT_3D('',#5237,#4258,#4259);
#3881=AXIS2_PLACEMENT_3D('',#5243,#4263,#4264);
#3882=AXIS2_PLACEMENT_3D('',#5249,#4268,#4269);
#3883=AXIS2_PLACEMENT_3D('',#5252,#4272,#4273);
#3884=AXIS2_PLACEMENT_3D('',#5253,#4274,#4275);
#3885=AXIS2_PLACEMENT_3D('',#5254,#4276,#4277);
#3886=AXIS2_PLACEMENT_3D('',#5263,#4282,#4283);
#3887=AXIS2_PLACEMENT_3D('',#5269,#4287,#4288);
#3888=AXIS2_PLACEMENT_3D('',#5275,#4292,#4293);
#3889=AXIS2_PLACEMENT_3D('',#5278,#4296,#4297);
#3890=AXIS2_PLACEMENT_3D('',#5279,#4298,#4299);
#3891=AXIS2_PLACEMENT_3D('',#5280,#4300,#4301);
#3892=AXIS2_PLACEMENT_3D('',#5289,#4306,#4307);
#3893=AXIS2_PLACEMENT_3D('',#5295,#4311,#4312);
#3894=AXIS2_PLACEMENT_3D('',#5301,#4316,#4317);
#3895=AXIS2_PLACEMENT_3D('',#5304,#4320,#4321);
#3896=AXIS2_PLACEMENT_3D('',#5305,#4322,#4323);
#3897=AXIS2_PLACEMENT_3D('',#5306,#4324,#4325);
#3898=AXIS2_PLACEMENT_3D('',#5315,#4330,#4331);
#3899=AXIS2_PLACEMENT_3D('',#5321,#4335,#4336);
#3900=AXIS2_PLACEMENT_3D('',#5327,#4340,#4341);
#3901=AXIS2_PLACEMENT_3D('',#5330,#4344,#4345);
#3902=AXIS2_PLACEMENT_3D('',#5331,#4346,#4347);
#3903=AXIS2_PLACEMENT_3D('',#5332,#4348,#4349);
#3904=AXIS2_PLACEMENT_3D('',#5341,#4354,#4355);
#3905=AXIS2_PLACEMENT_3D('',#5347,#4359,#4360);
#3906=AXIS2_PLACEMENT_3D('',#5353,#4364,#4365);
#3907=AXIS2_PLACEMENT_3D('',#5356,#4368,#4369);
#3908=AXIS2_PLACEMENT_3D('',#5357,#4370,#4371);
#3909=AXIS2_PLACEMENT_3D('',#5358,#4372,#4373);
#3910=AXIS2_PLACEMENT_3D('',#5367,#4378,#4379);
#3911=AXIS2_PLACEMENT_3D('',#5373,#4383,#4384);
#3912=AXIS2_PLACEMENT_3D('',#5379,#4388,#4389);
#3913=AXIS2_PLACEMENT_3D('',#5382,#4392,#4393);
#3914=AXIS2_PLACEMENT_3D('',#5383,#4394,#4395);
#3915=AXIS2_PLACEMENT_3D('',#5384,#4396,#4397);
#3916=AXIS2_PLACEMENT_3D('',#5385,#4398,#4399);
#3917=AXIS2_PLACEMENT_3D('',#5394,#4404,#4405);
#3918=AXIS2_PLACEMENT_3D('',#5400,#4409,#4410);
#3919=AXIS2_PLACEMENT_3D('',#5406,#4414,#4415);
#3920=AXIS2_PLACEMENT_3D('',#5409,#4418,#4419);
#3921=AXIS2_PLACEMENT_3D('',#5410,#4420,#4421);
#3922=AXIS2_PLACEMENT_3D('',#5411,#4422,#4423);
#3923=AXIS2_PLACEMENT_3D('',#5420,#4428,#4429);
#3924=AXIS2_PLACEMENT_3D('',#5426,#4433,#4434);
#3925=AXIS2_PLACEMENT_3D('',#5432,#4438,#4439);
#3926=AXIS2_PLACEMENT_3D('',#5435,#4442,#4443);
#3927=AXIS2_PLACEMENT_3D('',#5436,#4444,#4445);
#3928=AXIS2_PLACEMENT_3D('',#5437,#4446,#4447);
#3929=AXIS2_PLACEMENT_3D('',#5446,#4452,#4453);
#3930=AXIS2_PLACEMENT_3D('',#5452,#4457,#4458);
#3931=AXIS2_PLACEMENT_3D('',#5458,#4462,#4463);
#3932=AXIS2_PLACEMENT_3D('',#5461,#4466,#4467);
#3933=AXIS2_PLACEMENT_3D('',#5462,#4468,#4469);
#3934=AXIS2_PLACEMENT_3D('',#5463,#4470,#4471);
#3935=AXIS2_PLACEMENT_3D('',#5472,#4476,#4477);
#3936=AXIS2_PLACEMENT_3D('',#5478,#4481,#4482);
#3937=AXIS2_PLACEMENT_3D('',#5484,#4486,#4487);
#3938=AXIS2_PLACEMENT_3D('',#5487,#4490,#4491);
#3939=AXIS2_PLACEMENT_3D('',#5488,#4492,#4493);
#3940=AXIS2_PLACEMENT_3D('',#5489,#4494,#4495);
#3941=AXIS2_PLACEMENT_3D('',#5498,#4500,#4501);
#3942=AXIS2_PLACEMENT_3D('',#5504,#4505,#4506);
#3943=AXIS2_PLACEMENT_3D('',#5510,#4510,#4511);
#3944=AXIS2_PLACEMENT_3D('',#5513,#4514,#4515);
#3945=AXIS2_PLACEMENT_3D('',#5514,#4516,#4517);
#3946=AXIS2_PLACEMENT_3D('',#5515,#4518,#4519);
#3947=AXIS2_PLACEMENT_3D('',#5524,#4524,#4525);
#3948=AXIS2_PLACEMENT_3D('',#5530,#4529,#4530);
#3949=AXIS2_PLACEMENT_3D('',#5536,#4534,#4535);
#3950=AXIS2_PLACEMENT_3D('',#5539,#4538,#4539);
#3951=AXIS2_PLACEMENT_3D('',#5540,#4540,#4541);
#3952=AXIS2_PLACEMENT_3D('',#5541,#4542,#4543);
#3953=AXIS2_PLACEMENT_3D('',#5550,#4548,#4549);
#3954=AXIS2_PLACEMENT_3D('',#5556,#4553,#4554);
#3955=AXIS2_PLACEMENT_3D('',#5562,#4558,#4559);
#3956=AXIS2_PLACEMENT_3D('',#5565,#4562,#4563);
#3957=AXIS2_PLACEMENT_3D('',#5566,#4564,#4565);
#3958=AXIS2_PLACEMENT_3D('',#5567,#4566,#4567);
#3959=AXIS2_PLACEMENT_3D('',#5576,#4572,#4573);
#3960=AXIS2_PLACEMENT_3D('',#5582,#4577,#4578);
#3961=AXIS2_PLACEMENT_3D('',#5588,#4582,#4583);
#3962=AXIS2_PLACEMENT_3D('',#5591,#4586,#4587);
#3963=AXIS2_PLACEMENT_3D('',#5592,#4588,#4589);
#3964=AXIS2_PLACEMENT_3D('',#5593,#4590,#4591);
#3965=AXIS2_PLACEMENT_3D('',#5602,#4596,#4597);
#3966=AXIS2_PLACEMENT_3D('',#5608,#4601,#4602);
#3967=AXIS2_PLACEMENT_3D('',#5614,#4606,#4607);
#3968=AXIS2_PLACEMENT_3D('',#5617,#4610,#4611);
#3969=AXIS2_PLACEMENT_3D('',#5618,#4612,#4613);
#3970=AXIS2_PLACEMENT_3D('',#5619,#4614,#4615);
#3971=AXIS2_PLACEMENT_3D('',#5628,#4620,#4621);
#3972=AXIS2_PLACEMENT_3D('',#5634,#4625,#4626);
#3973=AXIS2_PLACEMENT_3D('',#5640,#4630,#4631);
#3974=AXIS2_PLACEMENT_3D('',#5643,#4634,#4635);
#3975=AXIS2_PLACEMENT_3D('',#5644,#4636,#4637);
#3976=AXIS2_PLACEMENT_3D('',#5645,#4638,#4639);
#3977=AXIS2_PLACEMENT_3D('',#5646,#4640,#4641);
#3978=AXIS2_PLACEMENT_3D('',#5655,#4646,#4647);
#3979=AXIS2_PLACEMENT_3D('',#5661,#4651,#4652);
#3980=AXIS2_PLACEMENT_3D('',#5667,#4656,#4657);
#3981=AXIS2_PLACEMENT_3D('',#5670,#4660,#4661);
#3982=AXIS2_PLACEMENT_3D('',#5671,#4662,#4663);
#3983=AXIS2_PLACEMENT_3D('',#5672,#4664,#4665);
#3984=AXIS2_PLACEMENT_3D('',#5681,#4670,#4671);
#3985=AXIS2_PLACEMENT_3D('',#5687,#4675,#4676);
#3986=AXIS2_PLACEMENT_3D('',#5693,#4680,#4681);
#3987=AXIS2_PLACEMENT_3D('',#5696,#4684,#4685);
#3988=AXIS2_PLACEMENT_3D('',#5697,#4686,#4687);
#3989=AXIS2_PLACEMENT_3D('',#5698,#4688,#4689);
#3990=AXIS2_PLACEMENT_3D('',#5707,#4694,#4695);
#3991=AXIS2_PLACEMENT_3D('',#5713,#4699,#4700);
#3992=AXIS2_PLACEMENT_3D('',#5719,#4704,#4705);
#3993=AXIS2_PLACEMENT_3D('',#5722,#4708,#4709);
#3994=AXIS2_PLACEMENT_3D('',#5723,#4710,#4711);
#3995=AXIS2_PLACEMENT_3D('',#5724,#4712,#4713);
#3996=AXIS2_PLACEMENT_3D('',#5733,#4718,#4719);
#3997=AXIS2_PLACEMENT_3D('',#5739,#4723,#4724);
#3998=AXIS2_PLACEMENT_3D('',#5745,#4728,#4729);
#3999=AXIS2_PLACEMENT_3D('',#5748,#4732,#4733);
#4000=AXIS2_PLACEMENT_3D('',#5749,#4734,#4735);
#4001=AXIS2_PLACEMENT_3D('',#5750,#4736,#4737);
#4002=AXIS2_PLACEMENT_3D('',#5759,#4742,#4743);
#4003=AXIS2_PLACEMENT_3D('',#5765,#4747,#4748);
#4004=AXIS2_PLACEMENT_3D('',#5771,#4752,#4753);
#4005=AXIS2_PLACEMENT_3D('',#5774,#4756,#4757);
#4006=AXIS2_PLACEMENT_3D('',#5775,#4758,#4759);
#4007=AXIS2_PLACEMENT_3D('',#5776,#4760,#4761);
#4008=AXIS2_PLACEMENT_3D('',#5785,#4766,#4767);
#4009=AXIS2_PLACEMENT_3D('',#5791,#4771,#4772);
#4010=AXIS2_PLACEMENT_3D('',#5797,#4776,#4777);
#4011=AXIS2_PLACEMENT_3D('',#5800,#4780,#4781);
#4012=AXIS2_PLACEMENT_3D('',#5801,#4782,#4783);
#4013=AXIS2_PLACEMENT_3D('',#5802,#4784,#4785);
#4014=AXIS2_PLACEMENT_3D('',#5811,#4790,#4791);
#4015=AXIS2_PLACEMENT_3D('',#5817,#4795,#4796);
#4016=AXIS2_PLACEMENT_3D('',#5823,#4800,#4801);
#4017=AXIS2_PLACEMENT_3D('',#5826,#4804,#4805);
#4018=AXIS2_PLACEMENT_3D('',#5827,#4806,#4807);
#4019=AXIS2_PLACEMENT_3D('',#5828,#4808,#4809);
#4020=AXIS2_PLACEMENT_3D('',#5837,#4814,#4815);
#4021=AXIS2_PLACEMENT_3D('',#5843,#4819,#4820);
#4022=AXIS2_PLACEMENT_3D('',#5849,#4824,#4825);
#4023=AXIS2_PLACEMENT_3D('',#5852,#4828,#4829);
#4024=AXIS2_PLACEMENT_3D('',#5853,#4830,#4831);
#4025=AXIS2_PLACEMENT_3D('',#5854,#4832,#4833);
#4026=AXIS2_PLACEMENT_3D('',#5863,#4838,#4839);
#4027=AXIS2_PLACEMENT_3D('',#5869,#4843,#4844);
#4028=AXIS2_PLACEMENT_3D('',#5875,#4848,#4849);
#4029=AXIS2_PLACEMENT_3D('',#5878,#4852,#4853);
#4030=AXIS2_PLACEMENT_3D('',#5879,#4854,#4855);
#4031=AXIS2_PLACEMENT_3D('',#5880,#4856,#4857);
#4032=AXIS2_PLACEMENT_3D('',#5889,#4862,#4863);
#4033=AXIS2_PLACEMENT_3D('',#5895,#4867,#4868);
#4034=AXIS2_PLACEMENT_3D('',#5901,#4872,#4873);
#4035=AXIS2_PLACEMENT_3D('',#5904,#4876,#4877);
#4036=AXIS2_PLACEMENT_3D('',#5905,#4878,#4879);
#4037=AXIS2_PLACEMENT_3D('',#5906,#4880,#4881);
#4038=AXIS2_PLACEMENT_3D('',#5915,#4886,#4887);
#4039=AXIS2_PLACEMENT_3D('',#5921,#4891,#4892);
#4040=AXIS2_PLACEMENT_3D('',#5927,#4896,#4897);
#4041=AXIS2_PLACEMENT_3D('',#5930,#4900,#4901);
#4042=AXIS2_PLACEMENT_3D('',#5931,#4902,#4903);
#4043=AXIS2_PLACEMENT_3D('',#5932,#4904,#4905);
#4044=AXIS2_PLACEMENT_3D('',#5941,#4910,#4911);
#4045=AXIS2_PLACEMENT_3D('',#5947,#4915,#4916);
#4046=AXIS2_PLACEMENT_3D('',#5953,#4920,#4921);
#4047=AXIS2_PLACEMENT_3D('',#5956,#4924,#4925);
#4048=AXIS2_PLACEMENT_3D('',#5957,#4926,#4927);
#4049=AXIS2_PLACEMENT_3D('',#5958,#4928,#4929);
#4050=AXIS2_PLACEMENT_3D('',#5959,#4930,#4931);
#4051=AXIS2_PLACEMENT_3D('',#5968,#4936,#4937);
#4052=AXIS2_PLACEMENT_3D('',#5974,#4941,#4942);
#4053=AXIS2_PLACEMENT_3D('',#5980,#4946,#4947);
#4054=AXIS2_PLACEMENT_3D('',#5983,#4950,#4951);
#4055=AXIS2_PLACEMENT_3D('',#5984,#4952,#4953);
#4056=AXIS2_PLACEMENT_3D('',#5985,#4954,#4955);
#4057=AXIS2_PLACEMENT_3D('',#5994,#4960,#4961);
#4058=AXIS2_PLACEMENT_3D('',#6000,#4965,#4966);
#4059=AXIS2_PLACEMENT_3D('',#6006,#4970,#4971);
#4060=AXIS2_PLACEMENT_3D('',#6009,#4974,#4975);
#4061=AXIS2_PLACEMENT_3D('',#6010,#4976,#4977);
#4062=AXIS2_PLACEMENT_3D('',#6011,#4978,#4979);
#4063=AXIS2_PLACEMENT_3D('',#6020,#4984,#4985);
#4064=AXIS2_PLACEMENT_3D('',#6026,#4989,#4990);
#4065=AXIS2_PLACEMENT_3D('',#6032,#4994,#4995);
#4066=AXIS2_PLACEMENT_3D('',#6035,#4998,#4999);
#4067=AXIS2_PLACEMENT_3D('',#6036,#5000,#5001);
#4068=AXIS2_PLACEMENT_3D('',#6037,#5002,#5003);
#4069=AXIS2_PLACEMENT_3D('',#6038,#5004,#5005);
#4070=AXIS2_PLACEMENT_3D('',#6047,#5010,#5011);
#4071=AXIS2_PLACEMENT_3D('',#6053,#5015,#5016);
#4072=AXIS2_PLACEMENT_3D('',#6059,#5020,#5021);
#4073=AXIS2_PLACEMENT_3D('',#6062,#5024,#5025);
#4074=AXIS2_PLACEMENT_3D('',#6063,#5026,#5027);
#4075=AXIS2_PLACEMENT_3D('',#6064,#5028,#5029);
#4076=AXIS2_PLACEMENT_3D('',#6065,#5030,#5031);
#4077=AXIS2_PLACEMENT_3D('',#6066,#5032,#5033);
#4078=AXIS2_PLACEMENT_3D('',#6067,#5034,#5035);
#4079=AXIS2_PLACEMENT_3D('',#6068,#5036,#5037);
#4080=AXIS2_PLACEMENT_3D('',#6069,#5038,#5039);
#4081=AXIS2_PLACEMENT_3D('',#6070,#5040,#5041);
#4082=AXIS2_PLACEMENT_3D('',#6071,#5042,#5043);
#4083=AXIS2_PLACEMENT_3D('',#6072,#5044,#5045);
#4084=DIRECTION('axis',(0.,0.,1.));
#4085=DIRECTION('refdir',(1.,0.,0.));
#4086=DIRECTION('axis',(0.,0.,1.));
#4087=DIRECTION('refdir',(1.,0.,0.));
#4088=DIRECTION('center_axis',(0.,1.,0.));
#4089=DIRECTION('ref_axis',(-1.,0.,0.));
#4090=DIRECTION('',(0.,0.,-1.));
#4091=DIRECTION('',(-1.,0.,0.));
#4092=DIRECTION('',(0.,0.,1.));
#4093=DIRECTION('',(-1.,0.,0.));
#4094=DIRECTION('center_axis',(0.,0.,1.));
#4095=DIRECTION('ref_axis',(1.,0.,0.));
#4096=DIRECTION('',(0.,-1.,0.));
#4097=DIRECTION('',(0.,1.,0.));
#4098=DIRECTION('',(1.,0.,0.));
#4099=DIRECTION('center_axis',(0.,-1.,0.));
#4100=DIRECTION('ref_axis',(1.,0.,0.));
#4101=DIRECTION('',(0.,0.,1.));
#4102=DIRECTION('',(0.,0.,-1.));
#4103=DIRECTION('',(1.,0.,0.));
#4104=DIRECTION('center_axis',(0.,0.,1.));
#4105=DIRECTION('ref_axis',(1.,0.,0.));
#4106=DIRECTION('',(0.,1.,0.));
#4107=DIRECTION('',(0.,-1.,0.));
#4108=DIRECTION('center_axis',(0.,1.,0.));
#4109=DIRECTION('ref_axis',(-1.,0.,0.));
#4110=DIRECTION('',(-1.,0.,0.));
#4111=DIRECTION('',(0.,0.,1.));
#4112=DIRECTION('',(-1.,0.,0.));
#4113=DIRECTION('',(0.,0.,1.));
#4114=DIRECTION('center_axis',(1.,0.,0.));
#4115=DIRECTION('ref_axis',(0.,1.,0.));
#4116=DIRECTION('',(0.,1.,0.));
#4117=DIRECTION('',(0.,1.,0.));
#4118=DIRECTION('',(0.,0.,1.));
#4119=DIRECTION('center_axis',(0.,-1.,0.));
#4120=DIRECTION('ref_axis',(1.,0.,0.));
#4121=DIRECTION('',(1.,0.,0.));
#4122=DIRECTION('',(1.,0.,0.));
#4123=DIRECTION('',(0.,0.,1.));
#4124=DIRECTION('center_axis',(-1.,0.,0.));
#4125=DIRECTION('ref_axis',(0.,-1.,0.));
#4126=DIRECTION('',(0.,-1.,0.));
#4127=DIRECTION('',(0.,-1.,0.));
#4128=DIRECTION('center_axis',(0.,0.,1.));
#4129=DIRECTION('ref_axis',(1.,0.,0.));
#4130=DIRECTION('center_axis',(0.,0.,1.));
#4131=DIRECTION('ref_axis',(1.,0.,0.));
#4132=DIRECTION('center_axis',(0.,1.,0.));
#4133=DIRECTION('ref_axis',(-1.,0.,0.));
#4134=DIRECTION('',(0.,0.,-1.));
#4135=DIRECTION('',(-1.,0.,0.));
#4136=DIRECTION('',(0.,0.,1.));
#4137=DIRECTION('',(-1.,0.,0.));
#4138=DIRECTION('center_axis',(0.,0.,1.));
#4139=DIRECTION('ref_axis',(1.,0.,0.));
#4140=DIRECTION('',(0.,-1.,0.));
#4141=DIRECTION('',(0.,1.,0.));
#4142=DIRECTION('',(1.,0.,0.));
#4143=DIRECTION('center_axis',(0.,-1.,0.));
#4144=DIRECTION('ref_axis',(1.,0.,0.));
#4145=DIRECTION('',(0.,0.,1.));
#4146=DIRECTION('',(0.,0.,-1.));
#4147=DIRECTION('',(1.,0.,0.));
#4148=DIRECTION('center_axis',(0.,0.,1.));
#4149=DIRECTION('ref_axis',(1.,0.,0.));
#4150=DIRECTION('',(0.,1.,0.));
#4151=DIRECTION('',(0.,-1.,0.));
#4152=DIRECTION('center_axis',(0.,1.,0.));
#4153=DIRECTION('ref_axis',(-1.,0.,0.));
#4154=DIRECTION('',(-1.,0.,0.));
#4155=DIRECTION('',(0.,0.,1.));
#4156=DIRECTION('',(-1.,0.,0.));
#4157=DIRECTION('',(0.,0.,1.));
#4158=DIRECTION('center_axis',(1.,0.,0.));
#4159=DIRECTION('ref_axis',(0.,1.,0.));
#4160=DIRECTION('',(0.,1.,0.));
#4161=DIRECTION('',(0.,1.,0.));
#4162=DIRECTION('',(0.,0.,1.));
#4163=DIRECTION('center_axis',(0.,-1.,0.));
#4164=DIRECTION('ref_axis',(1.,0.,0.));
#4165=DIRECTION('',(1.,0.,0.));
#4166=DIRECTION('',(1.,0.,0.));
#4167=DIRECTION('',(0.,0.,1.));
#4168=DIRECTION('center_axis',(-1.,0.,0.));
#4169=DIRECTION('ref_axis',(0.,-1.,0.));
#4170=DIRECTION('',(0.,-1.,0.));
#4171=DIRECTION('',(0.,-1.,0.));
#4172=DIRECTION('center_axis',(0.,0.,1.));
#4173=DIRECTION('ref_axis',(1.,0.,0.));
#4174=DIRECTION('center_axis',(0.,0.,1.));
#4175=DIRECTION('ref_axis',(1.,0.,0.));
#4176=DIRECTION('axis',(0.,0.,1.));
#4177=DIRECTION('refdir',(1.,0.,0.));
#4178=DIRECTION('center_axis',(0.,1.,0.));
#4179=DIRECTION('ref_axis',(-1.,0.,0.));
#4180=DIRECTION('',(-1.,0.,0.));
#4181=DIRECTION('',(0.,0.,1.));
#4182=DIRECTION('',(-1.,0.,0.));
#4183=DIRECTION('',(0.,0.,1.));
#4184=DIRECTION('center_axis',(1.,0.,0.));
#4185=DIRECTION('ref_axis',(0.,1.,0.));
#4186=DIRECTION('',(0.,1.,0.));
#4187=DIRECTION('',(0.,1.,0.));
#4188=DIRECTION('',(0.,0.,1.));
#4189=DIRECTION('center_axis',(0.,-1.,0.));
#4190=DIRECTION('ref_axis',(1.,0.,0.));
#4191=DIRECTION('',(1.,0.,0.));
#4192=DIRECTION('',(1.,0.,0.));
#4193=DIRECTION('',(0.,0.,1.));
#4194=DIRECTION('center_axis',(-1.,0.,0.));
#4195=DIRECTION('ref_axis',(0.,-1.,0.));
#4196=DIRECTION('',(0.,-1.,0.));
#4197=DIRECTION('',(0.,-1.,0.));
#4198=DIRECTION('center_axis',(0.,0.,1.));
#4199=DIRECTION('ref_axis',(1.,0.,0.));
#4200=DIRECTION('center_axis',(0.,0.,1.));
#4201=DIRECTION('ref_axis',(1.,0.,0.));
#4202=DIRECTION('axis',(0.,0.,1.));
#4203=DIRECTION('refdir',(1.,0.,0.));
#4204=DIRECTION('center_axis',(0.,1.,0.));
#4205=DIRECTION('ref_axis',(-1.,0.,0.));
#4206=DIRECTION('',(-1.,0.,0.));
#4207=DIRECTION('',(0.,0.,1.));
#4208=DIRECTION('',(-1.,0.,0.));
#4209=DIRECTION('',(0.,0.,1.));
#4210=DIRECTION('center_axis',(1.,0.,0.));
#4211=DIRECTION('ref_axis',(0.,1.,0.));
#4212=DIRECTION('',(0.,1.,0.));
#4213=DIRECTION('',(0.,1.,0.));
#4214=DIRECTION('',(0.,0.,1.));
#4215=DIRECTION('center_axis',(0.,-1.,0.));
#4216=DIRECTION('ref_axis',(1.,0.,0.));
#4217=DIRECTION('',(1.,0.,0.));
#4218=DIRECTION('',(1.,0.,0.));
#4219=DIRECTION('',(0.,0.,1.));
#4220=DIRECTION('center_axis',(-1.,0.,0.));
#4221=DIRECTION('ref_axis',(0.,-1.,0.));
#4222=DIRECTION('',(0.,-1.,0.));
#4223=DIRECTION('',(0.,-1.,0.));
#4224=DIRECTION('center_axis',(0.,0.,1.));
#4225=DIRECTION('ref_axis',(1.,0.,0.));
#4226=DIRECTION('center_axis',(0.,0.,1.));
#4227=DIRECTION('ref_axis',(1.,0.,0.));
#4228=DIRECTION('center_axis',(0.,1.,0.));
#4229=DIRECTION('ref_axis',(-1.,0.,0.));
#4230=DIRECTION('',(-1.,0.,0.));
#4231=DIRECTION('',(0.,0.,1.));
#4232=DIRECTION('',(-1.,0.,0.));
#4233=DIRECTION('',(0.,0.,1.));
#4234=DIRECTION('center_axis',(1.,0.,0.));
#4235=DIRECTION('ref_axis',(0.,1.,0.));
#4236=DIRECTION('',(0.,1.,0.));
#4237=DIRECTION('',(0.,1.,0.));
#4238=DIRECTION('',(0.,0.,1.));
#4239=DIRECTION('center_axis',(0.,-1.,0.));
#4240=DIRECTION('ref_axis',(1.,0.,0.));
#4241=DIRECTION('',(1.,0.,0.));
#4242=DIRECTION('',(1.,0.,0.));
#4243=DIRECTION('',(0.,0.,1.));
#4244=DIRECTION('center_axis',(-1.,0.,0.));
#4245=DIRECTION('ref_axis',(0.,-1.,0.));
#4246=DIRECTION('',(0.,-1.,0.));
#4247=DIRECTION('',(0.,-1.,0.));
#4248=DIRECTION('center_axis',(0.,0.,1.));
#4249=DIRECTION('ref_axis',(1.,0.,0.));
#4250=DIRECTION('center_axis',(0.,0.,1.));
#4251=DIRECTION('ref_axis',(1.,0.,0.));
#4252=DIRECTION('center_axis',(0.,1.,0.));
#4253=DIRECTION('ref_axis',(-1.,0.,0.));
#4254=DIRECTION('',(-1.,0.,0.));
#4255=DIRECTION('',(0.,0.,1.));
#4256=DIRECTION('',(-1.,0.,0.));
#4257=DIRECTION('',(0.,0.,1.));
#4258=DIRECTION('center_axis',(1.,0.,0.));
#4259=DIRECTION('ref_axis',(0.,1.,0.));
#4260=DIRECTION('',(0.,1.,0.));
#4261=DIRECTION('',(0.,1.,0.));
#4262=DIRECTION('',(0.,0.,1.));
#4263=DIRECTION('center_axis',(0.,-1.,0.));
#4264=DIRECTION('ref_axis',(1.,0.,0.));
#4265=DIRECTION('',(1.,0.,0.));
#4266=DIRECTION('',(1.,0.,0.));
#4267=DIRECTION('',(0.,0.,1.));
#4268=DIRECTION('center_axis',(-1.,0.,0.));
#4269=DIRECTION('ref_axis',(0.,-1.,0.));
#4270=DIRECTION('',(0.,-1.,0.));
#4271=DIRECTION('',(0.,-1.,0.));
#4272=DIRECTION('center_axis',(0.,0.,1.));
#4273=DIRECTION('ref_axis',(1.,0.,0.));
#4274=DIRECTION('center_axis',(0.,0.,1.));
#4275=DIRECTION('ref_axis',(1.,0.,0.));
#4276=DIRECTION('center_axis',(0.,1.,0.));
#4277=DIRECTION('ref_axis',(-1.,0.,0.));
#4278=DIRECTION('',(-1.,0.,0.));
#4279=DIRECTION('',(0.,0.,1.));
#4280=DIRECTION('',(-1.,0.,0.));
#4281=DIRECTION('',(0.,0.,1.));
#4282=DIRECTION('center_axis',(1.,0.,0.));
#4283=DIRECTION('ref_axis',(0.,1.,0.));
#4284=DIRECTION('',(0.,1.,0.));
#4285=DIRECTION('',(0.,1.,0.));
#4286=DIRECTION('',(0.,0.,1.));
#4287=DIRECTION('center_axis',(0.,-1.,0.));
#4288=DIRECTION('ref_axis',(1.,0.,0.));
#4289=DIRECTION('',(1.,0.,0.));
#4290=DIRECTION('',(1.,0.,0.));
#4291=DIRECTION('',(0.,0.,1.));
#4292=DIRECTION('center_axis',(-1.,0.,0.));
#4293=DIRECTION('ref_axis',(0.,-1.,0.));
#4294=DIRECTION('',(0.,-1.,0.));
#4295=DIRECTION('',(0.,-1.,0.));
#4296=DIRECTION('center_axis',(0.,0.,1.));
#4297=DIRECTION('ref_axis',(1.,0.,0.));
#4298=DIRECTION('center_axis',(0.,0.,1.));
#4299=DIRECTION('ref_axis',(1.,0.,0.));
#4300=DIRECTION('center_axis',(0.,1.,0.));
#4301=DIRECTION('ref_axis',(-1.,0.,0.));
#4302=DIRECTION('',(-1.,0.,0.));
#4303=DIRECTION('',(0.,0.,1.));
#4304=DIRECTION('',(-1.,0.,0.));
#4305=DIRECTION('',(0.,0.,1.));
#4306=DIRECTION('center_axis',(1.,0.,0.));
#4307=DIRECTION('ref_axis',(0.,1.,0.));
#4308=DIRECTION('',(0.,1.,0.));
#4309=DIRECTION('',(0.,1.,0.));
#4310=DIRECTION('',(0.,0.,1.));
#4311=DIRECTION('center_axis',(0.,-1.,0.));
#4312=DIRECTION('ref_axis',(1.,0.,0.));
#4313=DIRECTION('',(1.,0.,0.));
#4314=DIRECTION('',(1.,0.,0.));
#4315=DIRECTION('',(0.,0.,1.));
#4316=DIRECTION('center_axis',(-1.,0.,0.));
#4317=DIRECTION('ref_axis',(0.,-1.,0.));
#4318=DIRECTION('',(0.,-1.,0.));
#4319=DIRECTION('',(0.,-1.,0.));
#4320=DIRECTION('center_axis',(0.,0.,1.));
#4321=DIRECTION('ref_axis',(1.,0.,0.));
#4322=DIRECTION('center_axis',(0.,0.,1.));
#4323=DIRECTION('ref_axis',(1.,0.,0.));
#4324=DIRECTION('center_axis',(0.,1.,0.));
#4325=DIRECTION('ref_axis',(-1.,0.,0.));
#4326=DIRECTION('',(-1.,0.,0.));
#4327=DIRECTION('',(0.,0.,1.));
#4328=DIRECTION('',(-1.,0.,0.));
#4329=DIRECTION('',(0.,0.,1.));
#4330=DIRECTION('center_axis',(1.,0.,0.));
#4331=DIRECTION('ref_axis',(0.,1.,0.));
#4332=DIRECTION('',(0.,1.,0.));
#4333=DIRECTION('',(0.,1.,0.));
#4334=DIRECTION('',(0.,0.,1.));
#4335=DIRECTION('center_axis',(0.,-1.,0.));
#4336=DIRECTION('ref_axis',(1.,0.,0.));
#4337=DIRECTION('',(1.,0.,0.));
#4338=DIRECTION('',(1.,0.,0.));
#4339=DIRECTION('',(0.,0.,1.));
#4340=DIRECTION('center_axis',(-1.,0.,0.));
#4341=DIRECTION('ref_axis',(0.,-1.,0.));
#4342=DIRECTION('',(0.,-1.,0.));
#4343=DIRECTION('',(0.,-1.,0.));
#4344=DIRECTION('center_axis',(0.,0.,1.));
#4345=DIRECTION('ref_axis',(1.,0.,0.));
#4346=DIRECTION('center_axis',(0.,0.,1.));
#4347=DIRECTION('ref_axis',(1.,0.,0.));
#4348=DIRECTION('center_axis',(0.,1.,0.));
#4349=DIRECTION('ref_axis',(-1.,0.,0.));
#4350=DIRECTION('',(-1.,0.,0.));
#4351=DIRECTION('',(0.,0.,1.));
#4352=DIRECTION('',(-1.,0.,0.));
#4353=DIRECTION('',(0.,0.,1.));
#4354=DIRECTION('center_axis',(1.,0.,0.));
#4355=DIRECTION('ref_axis',(0.,1.,0.));
#4356=DIRECTION('',(0.,1.,0.));
#4357=DIRECTION('',(0.,1.,0.));
#4358=DIRECTION('',(0.,0.,1.));
#4359=DIRECTION('center_axis',(0.,-1.,0.));
#4360=DIRECTION('ref_axis',(1.,0.,0.));
#4361=DIRECTION('',(1.,0.,0.));
#4362=DIRECTION('',(1.,0.,0.));
#4363=DIRECTION('',(0.,0.,1.));
#4364=DIRECTION('center_axis',(-1.,0.,0.));
#4365=DIRECTION('ref_axis',(0.,-1.,0.));
#4366=DIRECTION('',(0.,-1.,0.));
#4367=DIRECTION('',(0.,-1.,0.));
#4368=DIRECTION('center_axis',(0.,0.,1.));
#4369=DIRECTION('ref_axis',(1.,0.,0.));
#4370=DIRECTION('center_axis',(0.,0.,1.));
#4371=DIRECTION('ref_axis',(1.,0.,0.));
#4372=DIRECTION('center_axis',(0.,1.,0.));
#4373=DIRECTION('ref_axis',(-1.,0.,0.));
#4374=DIRECTION('',(-1.,0.,0.));
#4375=DIRECTION('',(0.,0.,1.));
#4376=DIRECTION('',(-1.,0.,0.));
#4377=DIRECTION('',(0.,0.,1.));
#4378=DIRECTION('center_axis',(1.,0.,0.));
#4379=DIRECTION('ref_axis',(0.,1.,0.));
#4380=DIRECTION('',(0.,1.,0.));
#4381=DIRECTION('',(0.,1.,0.));
#4382=DIRECTION('',(0.,0.,1.));
#4383=DIRECTION('center_axis',(0.,-1.,0.));
#4384=DIRECTION('ref_axis',(1.,0.,0.));
#4385=DIRECTION('',(1.,0.,0.));
#4386=DIRECTION('',(1.,0.,0.));
#4387=DIRECTION('',(0.,0.,1.));
#4388=DIRECTION('center_axis',(-1.,0.,0.));
#4389=DIRECTION('ref_axis',(0.,-1.,0.));
#4390=DIRECTION('',(0.,-1.,0.));
#4391=DIRECTION('',(0.,-1.,0.));
#4392=DIRECTION('center_axis',(0.,0.,1.));
#4393=DIRECTION('ref_axis',(1.,0.,0.));
#4394=DIRECTION('center_axis',(0.,0.,1.));
#4395=DIRECTION('ref_axis',(1.,0.,0.));
#4396=DIRECTION('axis',(0.,0.,1.));
#4397=DIRECTION('refdir',(1.,0.,0.));
#4398=DIRECTION('center_axis',(0.,1.,0.));
#4399=DIRECTION('ref_axis',(-1.,0.,0.));
#4400=DIRECTION('',(-1.,0.,0.));
#4401=DIRECTION('',(0.,0.,1.));
#4402=DIRECTION('',(-1.,0.,0.));
#4403=DIRECTION('',(0.,0.,1.));
#4404=DIRECTION('center_axis',(1.,0.,0.));
#4405=DIRECTION('ref_axis',(0.,1.,0.));
#4406=DIRECTION('',(0.,1.,0.));
#4407=DIRECTION('',(0.,1.,0.));
#4408=DIRECTION('',(0.,0.,1.));
#4409=DIRECTION('center_axis',(0.,-1.,0.));
#4410=DIRECTION('ref_axis',(1.,0.,0.));
#4411=DIRECTION('',(1.,0.,0.));
#4412=DIRECTION('',(1.,0.,0.));
#4413=DIRECTION('',(0.,0.,1.));
#4414=DIRECTION('center_axis',(-1.,0.,0.));
#4415=DIRECTION('ref_axis',(0.,-1.,0.));
#4416=DIRECTION('',(0.,-1.,0.));
#4417=DIRECTION('',(0.,-1.,0.));
#4418=DIRECTION('center_axis',(0.,0.,1.));
#4419=DIRECTION('ref_axis',(1.,0.,0.));
#4420=DIRECTION('center_axis',(0.,0.,1.));
#4421=DIRECTION('ref_axis',(1.,0.,0.));
#4422=DIRECTION('center_axis',(0.,1.,0.));
#4423=DIRECTION('ref_axis',(-1.,0.,0.));
#4424=DIRECTION('',(-1.,0.,0.));
#4425=DIRECTION('',(0.,0.,1.));
#4426=DIRECTION('',(-1.,0.,0.));
#4427=DIRECTION('',(0.,0.,1.));
#4428=DIRECTION('center_axis',(1.,0.,0.));
#4429=DIRECTION('ref_axis',(0.,1.,0.));
#4430=DIRECTION('',(0.,1.,0.));
#4431=DIRECTION('',(0.,1.,0.));
#4432=DIRECTION('',(0.,0.,1.));
#4433=DIRECTION('center_axis',(0.,-1.,0.));
#4434=DIRECTION('ref_axis',(1.,0.,0.));
#4435=DIRECTION('',(1.,0.,0.));
#4436=DIRECTION('',(1.,0.,0.));
#4437=DIRECTION('',(0.,0.,1.));
#4438=DIRECTION('center_axis',(-1.,0.,0.));
#4439=DIRECTION('ref_axis',(0.,-1.,0.));
#4440=DIRECTION('',(0.,-1.,0.));
#4441=DIRECTION('',(0.,-1.,0.));
#4442=DIRECTION('center_axis',(0.,0.,1.));
#4443=DIRECTION('ref_axis',(1.,0.,0.));
#4444=DIRECTION('center_axis',(0.,0.,1.));
#4445=DIRECTION('ref_axis',(1.,0.,0.));
#4446=DIRECTION('center_axis',(0.,1.,0.));
#4447=DIRECTION('ref_axis',(-1.,0.,0.));
#4448=DIRECTION('',(-1.,0.,0.));
#4449=DIRECTION('',(0.,0.,1.));
#4450=DIRECTION('',(-1.,0.,0.));
#4451=DIRECTION('',(0.,0.,1.));
#4452=DIRECTION('center_axis',(1.,0.,0.));
#4453=DIRECTION('ref_axis',(0.,1.,0.));
#4454=DIRECTION('',(0.,1.,0.));
#4455=DIRECTION('',(0.,1.,0.));
#4456=DIRECTION('',(0.,0.,1.));
#4457=DIRECTION('center_axis',(0.,-1.,0.));
#4458=DIRECTION('ref_axis',(1.,0.,0.));
#4459=DIRECTION('',(1.,0.,0.));
#4460=DIRECTION('',(1.,0.,0.));
#4461=DIRECTION('',(0.,0.,1.));
#4462=DIRECTION('center_axis',(-1.,0.,0.));
#4463=DIRECTION('ref_axis',(0.,-1.,0.));
#4464=DIRECTION('',(0.,-1.,0.));
#4465=DIRECTION('',(0.,-1.,0.));
#4466=DIRECTION('center_axis',(0.,0.,1.));
#4467=DIRECTION('ref_axis',(1.,0.,0.));
#4468=DIRECTION('center_axis',(0.,0.,1.));
#4469=DIRECTION('ref_axis',(1.,0.,0.));
#4470=DIRECTION('center_axis',(0.,1.,0.));
#4471=DIRECTION('ref_axis',(-1.,0.,0.));
#4472=DIRECTION('',(-1.,0.,0.));
#4473=DIRECTION('',(0.,0.,1.));
#4474=DIRECTION('',(-1.,0.,0.));
#4475=DIRECTION('',(0.,0.,1.));
#4476=DIRECTION('center_axis',(1.,0.,0.));
#4477=DIRECTION('ref_axis',(0.,1.,0.));
#4478=DIRECTION('',(0.,1.,0.));
#4479=DIRECTION('',(0.,1.,0.));
#4480=DIRECTION('',(0.,0.,1.));
#4481=DIRECTION('center_axis',(0.,-1.,0.));
#4482=DIRECTION('ref_axis',(1.,0.,0.));
#4483=DIRECTION('',(1.,0.,0.));
#4484=DIRECTION('',(1.,0.,0.));
#4485=DIRECTION('',(0.,0.,1.));
#4486=DIRECTION('center_axis',(-1.,0.,0.));
#4487=DIRECTION('ref_axis',(0.,-1.,0.));
#4488=DIRECTION('',(0.,-1.,0.));
#4489=DIRECTION('',(0.,-1.,0.));
#4490=DIRECTION('center_axis',(0.,0.,1.));
#4491=DIRECTION('ref_axis',(1.,0.,0.));
#4492=DIRECTION('center_axis',(0.,0.,1.));
#4493=DIRECTION('ref_axis',(1.,0.,0.));
#4494=DIRECTION('center_axis',(0.,1.,0.));
#4495=DIRECTION('ref_axis',(-1.,0.,0.));
#4496=DIRECTION('',(-1.,0.,0.));
#4497=DIRECTION('',(0.,0.,1.));
#4498=DIRECTION('',(-1.,0.,0.));
#4499=DIRECTION('',(0.,0.,1.));
#4500=DIRECTION('center_axis',(1.,0.,0.));
#4501=DIRECTION('ref_axis',(0.,1.,0.));
#4502=DIRECTION('',(0.,1.,0.));
#4503=DIRECTION('',(0.,1.,0.));
#4504=DIRECTION('',(0.,0.,1.));
#4505=DIRECTION('center_axis',(0.,-1.,0.));
#4506=DIRECTION('ref_axis',(1.,0.,0.));
#4507=DIRECTION('',(1.,0.,0.));
#4508=DIRECTION('',(1.,0.,0.));
#4509=DIRECTION('',(0.,0.,1.));
#4510=DIRECTION('center_axis',(-1.,0.,0.));
#4511=DIRECTION('ref_axis',(0.,-1.,0.));
#4512=DIRECTION('',(0.,-1.,0.));
#4513=DIRECTION('',(0.,-1.,0.));
#4514=DIRECTION('center_axis',(0.,0.,1.));
#4515=DIRECTION('ref_axis',(1.,0.,0.));
#4516=DIRECTION('center_axis',(0.,0.,1.));
#4517=DIRECTION('ref_axis',(1.,0.,0.));
#4518=DIRECTION('center_axis',(0.,1.,0.));
#4519=DIRECTION('ref_axis',(-1.,0.,0.));
#4520=DIRECTION('',(-1.,0.,0.));
#4521=DIRECTION('',(0.,0.,1.));
#4522=DIRECTION('',(-1.,0.,0.));
#4523=DIRECTION('',(0.,0.,1.));
#4524=DIRECTION('center_axis',(1.,0.,0.));
#4525=DIRECTION('ref_axis',(0.,1.,0.));
#4526=DIRECTION('',(0.,1.,0.));
#4527=DIRECTION('',(0.,1.,0.));
#4528=DIRECTION('',(0.,0.,1.));
#4529=DIRECTION('center_axis',(0.,-1.,0.));
#4530=DIRECTION('ref_axis',(1.,0.,0.));
#4531=DIRECTION('',(1.,0.,0.));
#4532=DIRECTION('',(1.,0.,0.));
#4533=DIRECTION('',(0.,0.,1.));
#4534=DIRECTION('center_axis',(-1.,0.,0.));
#4535=DIRECTION('ref_axis',(0.,-1.,0.));
#4536=DIRECTION('',(0.,-1.,0.));
#4537=DIRECTION('',(0.,-1.,0.));
#4538=DIRECTION('center_axis',(0.,0.,1.));
#4539=DIRECTION('ref_axis',(1.,0.,0.));
#4540=DIRECTION('center_axis',(0.,0.,1.));
#4541=DIRECTION('ref_axis',(1.,0.,0.));
#4542=DIRECTION('center_axis',(0.,1.,0.));
#4543=DIRECTION('ref_axis',(-1.,0.,0.));
#4544=DIRECTION('',(-1.,0.,0.));
#4545=DIRECTION('',(0.,0.,1.));
#4546=DIRECTION('',(-1.,0.,0.));
#4547=DIRECTION('',(0.,0.,1.));
#4548=DIRECTION('center_axis',(1.,0.,0.));
#4549=DIRECTION('ref_axis',(0.,1.,0.));
#4550=DIRECTION('',(0.,1.,0.));
#4551=DIRECTION('',(0.,1.,0.));
#4552=DIRECTION('',(0.,0.,1.));
#4553=DIRECTION('center_axis',(0.,-1.,0.));
#4554=DIRECTION('ref_axis',(1.,0.,0.));
#4555=DIRECTION('',(1.,0.,0.));
#4556=DIRECTION('',(1.,0.,0.));
#4557=DIRECTION('',(0.,0.,1.));
#4558=DIRECTION('center_axis',(-1.,0.,0.));
#4559=DIRECTION('ref_axis',(0.,-1.,0.));
#4560=DIRECTION('',(0.,-1.,0.));
#4561=DIRECTION('',(0.,-1.,0.));
#4562=DIRECTION('center_axis',(0.,0.,1.));
#4563=DIRECTION('ref_axis',(1.,0.,0.));
#4564=DIRECTION('center_axis',(0.,0.,1.));
#4565=DIRECTION('ref_axis',(1.,0.,0.));
#4566=DIRECTION('center_axis',(0.,1.,0.));
#4567=DIRECTION('ref_axis',(-1.,0.,0.));
#4568=DIRECTION('',(-1.,0.,0.));
#4569=DIRECTION('',(0.,0.,1.));
#4570=DIRECTION('',(-1.,0.,0.));
#4571=DIRECTION('',(0.,0.,1.));
#4572=DIRECTION('center_axis',(1.,0.,0.));
#4573=DIRECTION('ref_axis',(0.,1.,0.));
#4574=DIRECTION('',(0.,1.,0.));
#4575=DIRECTION('',(0.,1.,0.));
#4576=DIRECTION('',(0.,0.,1.));
#4577=DIRECTION('center_axis',(0.,-1.,0.));
#4578=DIRECTION('ref_axis',(1.,0.,0.));
#4579=DIRECTION('',(1.,0.,0.));
#4580=DIRECTION('',(1.,0.,0.));
#4581=DIRECTION('',(0.,0.,1.));
#4582=DIRECTION('center_axis',(-1.,0.,0.));
#4583=DIRECTION('ref_axis',(0.,-1.,0.));
#4584=DIRECTION('',(0.,-1.,0.));
#4585=DIRECTION('',(0.,-1.,0.));
#4586=DIRECTION('center_axis',(0.,0.,1.));
#4587=DIRECTION('ref_axis',(1.,0.,0.));
#4588=DIRECTION('center_axis',(0.,0.,1.));
#4589=DIRECTION('ref_axis',(1.,0.,0.));
#4590=DIRECTION('center_axis',(0.,1.,0.));
#4591=DIRECTION('ref_axis',(-1.,0.,0.));
#4592=DIRECTION('',(-1.,0.,0.));
#4593=DIRECTION('',(0.,0.,1.));
#4594=DIRECTION('',(-1.,0.,0.));
#4595=DIRECTION('',(0.,0.,1.));
#4596=DIRECTION('center_axis',(1.,0.,0.));
#4597=DIRECTION('ref_axis',(0.,1.,0.));
#4598=DIRECTION('',(0.,1.,0.));
#4599=DIRECTION('',(0.,1.,0.));
#4600=DIRECTION('',(0.,0.,1.));
#4601=DIRECTION('center_axis',(0.,-1.,0.));
#4602=DIRECTION('ref_axis',(1.,0.,0.));
#4603=DIRECTION('',(1.,0.,0.));
#4604=DIRECTION('',(1.,0.,0.));
#4605=DIRECTION('',(0.,0.,1.));
#4606=DIRECTION('center_axis',(-1.,0.,0.));
#4607=DIRECTION('ref_axis',(0.,-1.,0.));
#4608=DIRECTION('',(0.,-1.,0.));
#4609=DIRECTION('',(0.,-1.,0.));
#4610=DIRECTION('center_axis',(0.,0.,1.));
#4611=DIRECTION('ref_axis',(1.,0.,0.));
#4612=DIRECTION('center_axis',(0.,0.,1.));
#4613=DIRECTION('ref_axis',(1.,0.,0.));
#4614=DIRECTION('center_axis',(0.,1.,0.));
#4615=DIRECTION('ref_axis',(-1.,0.,0.));
#4616=DIRECTION('',(-1.,0.,0.));
#4617=DIRECTION('',(0.,0.,1.));
#4618=DIRECTION('',(-1.,0.,0.));
#4619=DIRECTION('',(0.,0.,1.));
#4620=DIRECTION('center_axis',(1.,0.,0.));
#4621=DIRECTION('ref_axis',(0.,1.,0.));
#4622=DIRECTION('',(0.,1.,0.));
#4623=DIRECTION('',(0.,1.,0.));
#4624=DIRECTION('',(0.,0.,1.));
#4625=DIRECTION('center_axis',(0.,-1.,0.));
#4626=DIRECTION('ref_axis',(1.,0.,0.));
#4627=DIRECTION('',(1.,0.,0.));
#4628=DIRECTION('',(1.,0.,0.));
#4629=DIRECTION('',(0.,0.,1.));
#4630=DIRECTION('center_axis',(-1.,0.,0.));
#4631=DIRECTION('ref_axis',(0.,-1.,0.));
#4632=DIRECTION('',(0.,-1.,0.));
#4633=DIRECTION('',(0.,-1.,0.));
#4634=DIRECTION('center_axis',(0.,0.,1.));
#4635=DIRECTION('ref_axis',(1.,0.,0.));
#4636=DIRECTION('center_axis',(0.,0.,1.));
#4637=DIRECTION('ref_axis',(1.,0.,0.));
#4638=DIRECTION('axis',(0.,0.,1.));
#4639=DIRECTION('refdir',(1.,0.,0.));
#4640=DIRECTION('center_axis',(0.,1.,0.));
#4641=DIRECTION('ref_axis',(-1.,0.,0.));
#4642=DIRECTION('',(-1.,0.,0.));
#4643=DIRECTION('',(0.,0.,1.));
#4644=DIRECTION('',(-1.,0.,0.));
#4645=DIRECTION('',(0.,0.,1.));
#4646=DIRECTION('center_axis',(1.,0.,0.));
#4647=DIRECTION('ref_axis',(0.,1.,0.));
#4648=DIRECTION('',(0.,1.,0.));
#4649=DIRECTION('',(0.,1.,0.));
#4650=DIRECTION('',(0.,0.,1.));
#4651=DIRECTION('center_axis',(0.,-1.,0.));
#4652=DIRECTION('ref_axis',(1.,0.,0.));
#4653=DIRECTION('',(1.,0.,0.));
#4654=DIRECTION('',(1.,0.,0.));
#4655=DIRECTION('',(0.,0.,1.));
#4656=DIRECTION('center_axis',(-1.,0.,0.));
#4657=DIRECTION('ref_axis',(0.,-1.,0.));
#4658=DIRECTION('',(0.,-1.,0.));
#4659=DIRECTION('',(0.,-1.,0.));
#4660=DIRECTION('center_axis',(0.,0.,1.));
#4661=DIRECTION('ref_axis',(1.,0.,0.));
#4662=DIRECTION('center_axis',(0.,0.,1.));
#4663=DIRECTION('ref_axis',(1.,0.,0.));
#4664=DIRECTION('center_axis',(0.,1.,0.));
#4665=DIRECTION('ref_axis',(-1.,0.,0.));
#4666=DIRECTION('',(-1.,0.,0.));
#4667=DIRECTION('',(0.,0.,1.));
#4668=DIRECTION('',(-1.,0.,0.));
#4669=DIRECTION('',(0.,0.,1.));
#4670=DIRECTION('center_axis',(1.,0.,0.));
#4671=DIRECTION('ref_axis',(0.,1.,0.));
#4672=DIRECTION('',(0.,1.,0.));
#4673=DIRECTION('',(0.,1.,0.));
#4674=DIRECTION('',(0.,0.,1.));
#4675=DIRECTION('center_axis',(0.,-1.,0.));
#4676=DIRECTION('ref_axis',(1.,0.,0.));
#4677=DIRECTION('',(1.,0.,0.));
#4678=DIRECTION('',(1.,0.,0.));
#4679=DIRECTION('',(0.,0.,1.));
#4680=DIRECTION('center_axis',(-1.,0.,0.));
#4681=DIRECTION('ref_axis',(0.,-1.,0.));
#4682=DIRECTION('',(0.,-1.,0.));
#4683=DIRECTION('',(0.,-1.,0.));
#4684=DIRECTION('center_axis',(0.,0.,1.));
#4685=DIRECTION('ref_axis',(1.,0.,0.));
#4686=DIRECTION('center_axis',(0.,0.,1.));
#4687=DIRECTION('ref_axis',(1.,0.,0.));
#4688=DIRECTION('center_axis',(0.,1.,0.));
#4689=DIRECTION('ref_axis',(-1.,0.,0.));
#4690=DIRECTION('',(-1.,0.,0.));
#4691=DIRECTION('',(0.,0.,1.));
#4692=DIRECTION('',(-1.,0.,0.));
#4693=DIRECTION('',(0.,0.,1.));
#4694=DIRECTION('center_axis',(1.,0.,0.));
#4695=DIRECTION('ref_axis',(0.,1.,0.));
#4696=DIRECTION('',(0.,1.,0.));
#4697=DIRECTION('',(0.,1.,0.));
#4698=DIRECTION('',(0.,0.,1.));
#4699=DIRECTION('center_axis',(0.,-1.,0.));
#4700=DIRECTION('ref_axis',(1.,0.,0.));
#4701=DIRECTION('',(1.,0.,0.));
#4702=DIRECTION('',(1.,0.,0.));
#4703=DIRECTION('',(0.,0.,1.));
#4704=DIRECTION('center_axis',(-1.,0.,0.));
#4705=DIRECTION('ref_axis',(0.,-1.,0.));
#4706=DIRECTION('',(0.,-1.,0.));
#4707=DIRECTION('',(0.,-1.,0.));
#4708=DIRECTION('center_axis',(0.,0.,1.));
#4709=DIRECTION('ref_axis',(1.,0.,0.));
#4710=DIRECTION('center_axis',(0.,0.,1.));
#4711=DIRECTION('ref_axis',(1.,0.,0.));
#4712=DIRECTION('center_axis',(0.,1.,0.));
#4713=DIRECTION('ref_axis',(-1.,0.,0.));
#4714=DIRECTION('',(-1.,0.,0.));
#4715=DIRECTION('',(0.,0.,1.));
#4716=DIRECTION('',(-1.,0.,0.));
#4717=DIRECTION('',(0.,0.,1.));
#4718=DIRECTION('center_axis',(1.,0.,0.));
#4719=DIRECTION('ref_axis',(0.,1.,0.));
#4720=DIRECTION('',(0.,1.,0.));
#4721=DIRECTION('',(0.,1.,0.));
#4722=DIRECTION('',(0.,0.,1.));
#4723=DIRECTION('center_axis',(0.,-1.,0.));
#4724=DIRECTION('ref_axis',(1.,0.,0.));
#4725=DIRECTION('',(1.,0.,0.));
#4726=DIRECTION('',(1.,0.,0.));
#4727=DIRECTION('',(0.,0.,1.));
#4728=DIRECTION('center_axis',(-1.,0.,0.));
#4729=DIRECTION('ref_axis',(0.,-1.,0.));
#4730=DIRECTION('',(0.,-1.,0.));
#4731=DIRECTION('',(0.,-1.,0.));
#4732=DIRECTION('center_axis',(0.,0.,1.));
#4733=DIRECTION('ref_axis',(1.,0.,0.));
#4734=DIRECTION('center_axis',(0.,0.,1.));
#4735=DIRECTION('ref_axis',(1.,0.,0.));
#4736=DIRECTION('center_axis',(0.,1.,0.));
#4737=DIRECTION('ref_axis',(-1.,0.,0.));
#4738=DIRECTION('',(-1.,0.,0.));
#4739=DIRECTION('',(0.,0.,1.));
#4740=DIRECTION('',(-1.,0.,0.));
#4741=DIRECTION('',(0.,0.,1.));
#4742=DIRECTION('center_axis',(1.,0.,0.));
#4743=DIRECTION('ref_axis',(0.,1.,0.));
#4744=DIRECTION('',(0.,1.,0.));
#4745=DIRECTION('',(0.,1.,0.));
#4746=DIRECTION('',(0.,0.,1.));
#4747=DIRECTION('center_axis',(0.,-1.,0.));
#4748=DIRECTION('ref_axis',(1.,0.,0.));
#4749=DIRECTION('',(1.,0.,0.));
#4750=DIRECTION('',(1.,0.,0.));
#4751=DIRECTION('',(0.,0.,1.));
#4752=DIRECTION('center_axis',(-1.,0.,0.));
#4753=DIRECTION('ref_axis',(0.,-1.,0.));
#4754=DIRECTION('',(0.,-1.,0.));
#4755=DIRECTION('',(0.,-1.,0.));
#4756=DIRECTION('center_axis',(0.,0.,1.));
#4757=DIRECTION('ref_axis',(1.,0.,0.));
#4758=DIRECTION('center_axis',(0.,0.,1.));
#4759=DIRECTION('ref_axis',(1.,0.,0.));
#4760=DIRECTION('center_axis',(0.,1.,0.));
#4761=DIRECTION('ref_axis',(-1.,0.,0.));
#4762=DIRECTION('',(-1.,0.,0.));
#4763=DIRECTION('',(0.,0.,1.));
#4764=DIRECTION('',(-1.,0.,0.));
#4765=DIRECTION('',(0.,0.,1.));
#4766=DIRECTION('center_axis',(1.,0.,0.));
#4767=DIRECTION('ref_axis',(0.,1.,0.));
#4768=DIRECTION('',(0.,1.,0.));
#4769=DIRECTION('',(0.,1.,0.));
#4770=DIRECTION('',(0.,0.,1.));
#4771=DIRECTION('center_axis',(0.,-1.,0.));
#4772=DIRECTION('ref_axis',(1.,0.,0.));
#4773=DIRECTION('',(1.,0.,0.));
#4774=DIRECTION('',(1.,0.,0.));
#4775=DIRECTION('',(0.,0.,1.));
#4776=DIRECTION('center_axis',(-1.,0.,0.));
#4777=DIRECTION('ref_axis',(0.,-1.,0.));
#4778=DIRECTION('',(0.,-1.,0.));
#4779=DIRECTION('',(0.,-1.,0.));
#4780=DIRECTION('center_axis',(0.,0.,1.));
#4781=DIRECTION('ref_axis',(1.,0.,0.));
#4782=DIRECTION('center_axis',(0.,0.,1.));
#4783=DIRECTION('ref_axis',(1.,0.,0.));
#4784=DIRECTION('center_axis',(0.,1.,0.));
#4785=DIRECTION('ref_axis',(-1.,0.,0.));
#4786=DIRECTION('',(-1.,0.,0.));
#4787=DIRECTION('',(0.,0.,1.));
#4788=DIRECTION('',(-1.,0.,0.));
#4789=DIRECTION('',(0.,0.,1.));
#4790=DIRECTION('center_axis',(1.,0.,0.));
#4791=DIRECTION('ref_axis',(0.,1.,0.));
#4792=DIRECTION('',(0.,1.,0.));
#4793=DIRECTION('',(0.,1.,0.));
#4794=DIRECTION('',(0.,0.,1.));
#4795=DIRECTION('center_axis',(0.,-1.,0.));
#4796=DIRECTION('ref_axis',(1.,0.,0.));
#4797=DIRECTION('',(1.,0.,0.));
#4798=DIRECTION('',(1.,0.,0.));
#4799=DIRECTION('',(0.,0.,1.));
#4800=DIRECTION('center_axis',(-1.,0.,0.));
#4801=DIRECTION('ref_axis',(0.,-1.,0.));
#4802=DIRECTION('',(0.,-1.,0.));
#4803=DIRECTION('',(0.,-1.,0.));
#4804=DIRECTION('center_axis',(0.,0.,1.));
#4805=DIRECTION('ref_axis',(1.,0.,0.));
#4806=DIRECTION('center_axis',(0.,0.,1.));
#4807=DIRECTION('ref_axis',(1.,0.,0.));
#4808=DIRECTION('center_axis',(0.,1.,0.));
#4809=DIRECTION('ref_axis',(-1.,0.,0.));
#4810=DIRECTION('',(-1.,0.,0.));
#4811=DIRECTION('',(0.,0.,1.));
#4812=DIRECTION('',(-1.,0.,0.));
#4813=DIRECTION('',(0.,0.,1.));
#4814=DIRECTION('center_axis',(1.,0.,0.));
#4815=DIRECTION('ref_axis',(0.,1.,0.));
#4816=DIRECTION('',(0.,1.,0.));
#4817=DIRECTION('',(0.,1.,0.));
#4818=DIRECTION('',(0.,0.,1.));
#4819=DIRECTION('center_axis',(0.,-1.,0.));
#4820=DIRECTION('ref_axis',(1.,0.,0.));
#4821=DIRECTION('',(1.,0.,0.));
#4822=DIRECTION('',(1.,0.,0.));
#4823=DIRECTION('',(0.,0.,1.));
#4824=DIRECTION('center_axis',(-1.,0.,0.));
#4825=DIRECTION('ref_axis',(0.,-1.,0.));
#4826=DIRECTION('',(0.,-1.,0.));
#4827=DIRECTION('',(0.,-1.,0.));
#4828=DIRECTION('center_axis',(0.,0.,1.));
#4829=DIRECTION('ref_axis',(1.,0.,0.));
#4830=DIRECTION('center_axis',(0.,0.,1.));
#4831=DIRECTION('ref_axis',(1.,0.,0.));
#4832=DIRECTION('center_axis',(0.,1.,0.));
#4833=DIRECTION('ref_axis',(-1.,0.,0.));
#4834=DIRECTION('',(-1.,0.,0.));
#4835=DIRECTION('',(0.,0.,1.));
#4836=DIRECTION('',(-1.,0.,0.));
#4837=DIRECTION('',(0.,0.,1.));
#4838=DIRECTION('center_axis',(1.,0.,0.));
#4839=DIRECTION('ref_axis',(0.,1.,0.));
#4840=DIRECTION('',(0.,1.,0.));
#4841=DIRECTION('',(0.,1.,0.));
#4842=DIRECTION('',(0.,0.,1.));
#4843=DIRECTION('center_axis',(0.,-1.,0.));
#4844=DIRECTION('ref_axis',(1.,0.,0.));
#4845=DIRECTION('',(1.,0.,0.));
#4846=DIRECTION('',(1.,0.,0.));
#4847=DIRECTION('',(0.,0.,1.));
#4848=DIRECTION('center_axis',(-1.,0.,0.));
#4849=DIRECTION('ref_axis',(0.,-1.,0.));
#4850=DIRECTION('',(0.,-1.,0.));
#4851=DIRECTION('',(0.,-1.,0.));
#4852=DIRECTION('center_axis',(0.,0.,1.));
#4853=DIRECTION('ref_axis',(1.,0.,0.));
#4854=DIRECTION('center_axis',(0.,0.,1.));
#4855=DIRECTION('ref_axis',(1.,0.,0.));
#4856=DIRECTION('center_axis',(0.,1.,0.));
#4857=DIRECTION('ref_axis',(-1.,0.,0.));
#4858=DIRECTION('',(-1.,0.,0.));
#4859=DIRECTION('',(0.,0.,1.));
#4860=DIRECTION('',(-1.,0.,0.));
#4861=DIRECTION('',(0.,0.,1.));
#4862=DIRECTION('center_axis',(1.,0.,0.));
#4863=DIRECTION('ref_axis',(0.,1.,0.));
#4864=DIRECTION('',(0.,1.,0.));
#4865=DIRECTION('',(0.,1.,0.));
#4866=DIRECTION('',(0.,0.,1.));
#4867=DIRECTION('center_axis',(0.,-1.,0.));
#4868=DIRECTION('ref_axis',(1.,0.,0.));
#4869=DIRECTION('',(1.,0.,0.));
#4870=DIRECTION('',(1.,0.,0.));
#4871=DIRECTION('',(0.,0.,1.));
#4872=DIRECTION('center_axis',(-1.,0.,0.));
#4873=DIRECTION('ref_axis',(0.,-1.,0.));
#4874=DIRECTION('',(0.,-1.,0.));
#4875=DIRECTION('',(0.,-1.,0.));
#4876=DIRECTION('center_axis',(0.,0.,1.));
#4877=DIRECTION('ref_axis',(1.,0.,0.));
#4878=DIRECTION('center_axis',(0.,0.,1.));
#4879=DIRECTION('ref_axis',(1.,0.,0.));
#4880=DIRECTION('center_axis',(0.,1.,0.));
#4881=DIRECTION('ref_axis',(-1.,0.,0.));
#4882=DIRECTION('',(-1.,0.,0.));
#4883=DIRECTION('',(0.,0.,1.));
#4884=DIRECTION('',(-1.,0.,0.));
#4885=DIRECTION('',(0.,0.,1.));
#4886=DIRECTION('center_axis',(1.,0.,0.));
#4887=DIRECTION('ref_axis',(0.,1.,0.));
#4888=DIRECTION('',(0.,1.,0.));
#4889=DIRECTION('',(0.,1.,0.));
#4890=DIRECTION('',(0.,0.,1.));
#4891=DIRECTION('center_axis',(0.,-1.,0.));
#4892=DIRECTION('ref_axis',(1.,0.,0.));
#4893=DIRECTION('',(1.,0.,0.));
#4894=DIRECTION('',(1.,0.,0.));
#4895=DIRECTION('',(0.,0.,1.));
#4896=DIRECTION('center_axis',(-1.,0.,0.));
#4897=DIRECTION('ref_axis',(0.,-1.,0.));
#4898=DIRECTION('',(0.,-1.,0.));
#4899=DIRECTION('',(0.,-1.,0.));
#4900=DIRECTION('center_axis',(0.,0.,1.));
#4901=DIRECTION('ref_axis',(1.,0.,0.));
#4902=DIRECTION('center_axis',(0.,0.,1.));
#4903=DIRECTION('ref_axis',(1.,0.,0.));
#4904=DIRECTION('center_axis',(0.,1.,0.));
#4905=DIRECTION('ref_axis',(-1.,0.,0.));
#4906=DIRECTION('',(-1.,0.,0.));
#4907=DIRECTION('',(0.,0.,1.));
#4908=DIRECTION('',(-1.,0.,0.));
#4909=DIRECTION('',(0.,0.,1.));
#4910=DIRECTION('center_axis',(1.,0.,0.));
#4911=DIRECTION('ref_axis',(0.,1.,0.));
#4912=DIRECTION('',(0.,1.,0.));
#4913=DIRECTION('',(0.,1.,0.));
#4914=DIRECTION('',(0.,0.,1.));
#4915=DIRECTION('center_axis',(0.,-1.,0.));
#4916=DIRECTION('ref_axis',(1.,0.,0.));
#4917=DIRECTION('',(1.,0.,0.));
#4918=DIRECTION('',(1.,0.,0.));
#4919=DIRECTION('',(0.,0.,1.));
#4920=DIRECTION('center_axis',(-1.,0.,0.));
#4921=DIRECTION('ref_axis',(0.,-1.,0.));
#4922=DIRECTION('',(0.,-1.,0.));
#4923=DIRECTION('',(0.,-1.,0.));
#4924=DIRECTION('center_axis',(0.,0.,1.));
#4925=DIRECTION('ref_axis',(1.,0.,0.));
#4926=DIRECTION('center_axis',(0.,0.,1.));
#4927=DIRECTION('ref_axis',(1.,0.,0.));
#4928=DIRECTION('axis',(0.,0.,1.));
#4929=DIRECTION('refdir',(1.,0.,0.));
#4930=DIRECTION('center_axis',(0.,1.,0.));
#4931=DIRECTION('ref_axis',(-1.,0.,0.));
#4932=DIRECTION('',(-1.,0.,0.));
#4933=DIRECTION('',(0.,0.,1.));
#4934=DIRECTION('',(-1.,0.,0.));
#4935=DIRECTION('',(0.,0.,1.));
#4936=DIRECTION('center_axis',(1.,0.,0.));
#4937=DIRECTION('ref_axis',(0.,1.,0.));
#4938=DIRECTION('',(0.,1.,0.));
#4939=DIRECTION('',(0.,1.,0.));
#4940=DIRECTION('',(0.,0.,1.));
#4941=DIRECTION('center_axis',(0.,-1.,0.));
#4942=DIRECTION('ref_axis',(1.,0.,0.));
#4943=DIRECTION('',(1.,0.,0.));
#4944=DIRECTION('',(1.,0.,0.));
#4945=DIRECTION('',(0.,0.,1.));
#4946=DIRECTION('center_axis',(-1.,0.,0.));
#4947=DIRECTION('ref_axis',(0.,-1.,0.));
#4948=DIRECTION('',(0.,-1.,0.));
#4949=DIRECTION('',(0.,-1.,0.));
#4950=DIRECTION('center_axis',(0.,0.,1.));
#4951=DIRECTION('ref_axis',(1.,0.,0.));
#4952=DIRECTION('center_axis',(0.,0.,1.));
#4953=DIRECTION('ref_axis',(1.,0.,0.));
#4954=DIRECTION('center_axis',(0.,1.,0.));
#4955=DIRECTION('ref_axis',(-1.,0.,0.));
#4956=DIRECTION('',(-1.,0.,0.));
#4957=DIRECTION('',(0.,0.,1.));
#4958=DIRECTION('',(-1.,0.,0.));
#4959=DIRECTION('',(0.,0.,1.));
#4960=DIRECTION('center_axis',(1.,0.,0.));
#4961=DIRECTION('ref_axis',(0.,1.,0.));
#4962=DIRECTION('',(0.,1.,0.));
#4963=DIRECTION('',(0.,1.,0.));
#4964=DIRECTION('',(0.,0.,1.));
#4965=DIRECTION('center_axis',(0.,-1.,0.));
#4966=DIRECTION('ref_axis',(1.,0.,0.));
#4967=DIRECTION('',(1.,0.,0.));
#4968=DIRECTION('',(1.,0.,0.));
#4969=DIRECTION('',(0.,0.,1.));
#4970=DIRECTION('center_axis',(-1.,0.,0.));
#4971=DIRECTION('ref_axis',(0.,-1.,0.));
#4972=DIRECTION('',(0.,-1.,0.));
#4973=DIRECTION('',(0.,-1.,0.));
#4974=DIRECTION('center_axis',(0.,0.,1.));
#4975=DIRECTION('ref_axis',(1.,0.,0.));
#4976=DIRECTION('center_axis',(0.,0.,1.));
#4977=DIRECTION('ref_axis',(1.,0.,0.));
#4978=DIRECTION('center_axis',(0.,1.,0.));
#4979=DIRECTION('ref_axis',(-1.,0.,0.));
#4980=DIRECTION('',(-1.,0.,0.));
#4981=DIRECTION('',(0.,0.,1.));
#4982=DIRECTION('',(-1.,0.,0.));
#4983=DIRECTION('',(0.,0.,1.));
#4984=DIRECTION('center_axis',(1.,0.,0.));
#4985=DIRECTION('ref_axis',(0.,1.,0.));
#4986=DIRECTION('',(0.,1.,0.));
#4987=DIRECTION('',(0.,1.,0.));
#4988=DIRECTION('',(0.,0.,1.));
#4989=DIRECTION('center_axis',(0.,-1.,0.));
#4990=DIRECTION('ref_axis',(1.,0.,0.));
#4991=DIRECTION('',(1.,0.,0.));
#4992=DIRECTION('',(1.,0.,0.));
#4993=DIRECTION('',(0.,0.,1.));
#4994=DIRECTION('center_axis',(-1.,0.,0.));
#4995=DIRECTION('ref_axis',(0.,-1.,0.));
#4996=DIRECTION('',(0.,-1.,0.));
#4997=DIRECTION('',(0.,-1.,0.));
#4998=DIRECTION('center_axis',(0.,0.,1.));
#4999=DIRECTION('ref_axis',(1.,0.,0.));
#5000=DIRECTION('center_axis',(0.,0.,1.));
#5001=DIRECTION('ref_axis',(1.,0.,0.));
#5002=DIRECTION('axis',(0.,0.,1.));
#5003=DIRECTION('refdir',(1.,0.,0.));
#5004=DIRECTION('center_axis',(0.,1.,0.));
#5005=DIRECTION('ref_axis',(-1.,0.,0.));
#5006=DIRECTION('',(-1.,0.,0.));
#5007=DIRECTION('',(0.,0.,1.));
#5008=DIRECTION('',(-1.,0.,0.));
#5009=DIRECTION('',(0.,0.,1.));
#5010=DIRECTION('center_axis',(1.,0.,0.));
#5011=DIRECTION('ref_axis',(0.,1.,0.));
#5012=DIRECTION('',(0.,1.,0.));
#5013=DIRECTION('',(0.,1.,0.));
#5014=DIRECTION('',(0.,0.,1.));
#5015=DIRECTION('center_axis',(0.,-1.,0.));
#5016=DIRECTION('ref_axis',(1.,0.,0.));
#5017=DIRECTION('',(1.,0.,0.));
#5018=DIRECTION('',(1.,0.,0.));
#5019=DIRECTION('',(0.,0.,1.));
#5020=DIRECTION('center_axis',(-1.,0.,0.));
#5021=DIRECTION('ref_axis',(0.,-1.,0.));
#5022=DIRECTION('',(0.,-1.,0.));
#5023=DIRECTION('',(0.,-1.,0.));
#5024=DIRECTION('center_axis',(0.,0.,1.));
#5025=DIRECTION('ref_axis',(1.,0.,0.));
#5026=DIRECTION('center_axis',(0.,0.,1.));
#5027=DIRECTION('ref_axis',(1.,0.,0.));
#5028=DIRECTION('axis',(0.,0.,1.));
#5029=DIRECTION('refdir',(1.,0.,0.));
#5030=DIRECTION('',(0.,0.,1.));
#5031=DIRECTION('',(1.,0.,0.));
#5032=DIRECTION('',(0.,0.,1.));
#5033=DIRECTION('',(1.,0.,0.));
#5034=DIRECTION('',(0.,0.,1.));
#5035=DIRECTION('',(1.,0.,0.));
#5036=DIRECTION('',(0.,0.,1.));
#5037=DIRECTION('',(1.,0.,0.));
#5038=DIRECTION('',(0.,0.,1.));
#5039=DIRECTION('',(1.,0.,0.));
#5040=DIRECTION('',(0.,0.,1.));
#5041=DIRECTION('',(1.,0.,0.));
#5042=DIRECTION('',(0.,0.,1.));
#5043=DIRECTION('',(1.,0.,0.));
#5044=DIRECTION('',(0.,0.,1.));
#5045=DIRECTION('',(1.,0.,0.));
#5046=CARTESIAN_POINT('',(0.,0.,0.));
#5047=CARTESIAN_POINT('',(0.,0.,0.));
#5048=CARTESIAN_POINT('Origin',(1560.,98.5,-41.));
#5049=CARTESIAN_POINT('',(1550.,98.5,16.));
#5050=CARTESIAN_POINT('',(1550.,98.5,-41.));
#5051=CARTESIAN_POINT('',(1550.,98.5,-43.));
#5052=CARTESIAN_POINT('',(0.,98.5,16.));
#5053=CARTESIAN_POINT('',(1560.,98.5,16.));
#5054=CARTESIAN_POINT('',(0.,98.5,-41.));
#5055=CARTESIAN_POINT('',(0.,98.5,-43.));
#5056=CARTESIAN_POINT('',(1560.,98.5,-41.));
#5057=CARTESIAN_POINT('Origin',(775.,80.,-41.));
#5058=CARTESIAN_POINT('',(1550.,61.5,-41.));
#5059=CARTESIAN_POINT('',(1550.,68.75,-41.));
#5060=CARTESIAN_POINT('',(0.,61.5,-41.));
#5061=CARTESIAN_POINT('',(0.,91.25,-41.));
#5062=CARTESIAN_POINT('',(-10.,61.5,-41.));
#5063=CARTESIAN_POINT('Origin',(-10.,61.5,-41.));
#5064=CARTESIAN_POINT('',(1550.,61.5,16.));
#5065=CARTESIAN_POINT('',(1550.,61.5,-43.));
#5066=CARTESIAN_POINT('',(0.,61.5,16.));
#5067=CARTESIAN_POINT('',(0.,61.5,-43.));
#5068=CARTESIAN_POINT('',(-10.,61.5,16.));
#5069=CARTESIAN_POINT('Origin',(775.,80.,16.));
#5070=CARTESIAN_POINT('',(1550.,68.75,16.));
#5071=CARTESIAN_POINT('',(0.,91.25,16.));
#5072=CARTESIAN_POINT('Origin',(1550.,102.5,-45.));
#5073=CARTESIAN_POINT('',(1550.,102.5,-45.));
#5074=CARTESIAN_POINT('',(0.,102.5,-45.));
#5075=CARTESIAN_POINT('',(1550.,102.5,-45.));
#5076=CARTESIAN_POINT('',(0.,102.5,20.));
#5077=CARTESIAN_POINT('',(0.,102.5,-45.));
#5078=CARTESIAN_POINT('',(1550.,102.5,20.));
#5079=CARTESIAN_POINT('',(1550.,102.5,20.));
#5080=CARTESIAN_POINT('',(1550.,102.5,-45.));
#5081=CARTESIAN_POINT('Origin',(1550.,57.5,-45.));
#5082=CARTESIAN_POINT('',(1550.,57.5,-45.));
#5083=CARTESIAN_POINT('',(1550.,57.5,-45.));
#5084=CARTESIAN_POINT('',(1550.,57.5,20.));
#5085=CARTESIAN_POINT('',(1550.,57.5,20.));
#5086=CARTESIAN_POINT('',(1550.,57.5,-45.));
#5087=CARTESIAN_POINT('Origin',(0.,57.5,-45.));
#5088=CARTESIAN_POINT('',(0.,57.5,-45.));
#5089=CARTESIAN_POINT('',(0.,57.5,-45.));
#5090=CARTESIAN_POINT('',(0.,57.5,20.));
#5091=CARTESIAN_POINT('',(0.,57.5,20.));
#5092=CARTESIAN_POINT('',(0.,57.5,-45.));
#5093=CARTESIAN_POINT('Origin',(0.,102.5,-45.));
#5094=CARTESIAN_POINT('',(0.,102.5,-45.));
#5095=CARTESIAN_POINT('',(0.,102.5,20.));
#5096=CARTESIAN_POINT('Origin',(775.,80.,20.));
#5097=CARTESIAN_POINT('Origin',(775.,80.,-45.));
#5098=CARTESIAN_POINT('Origin',(1560.,-61.5,-41.));
#5099=CARTESIAN_POINT('',(1550.,-61.5,16.));
#5100=CARTESIAN_POINT('',(1550.,-61.5,-41.));
#5101=CARTESIAN_POINT('',(1550.,-61.5,-43.));
#5102=CARTESIAN_POINT('',(0.,-61.5,16.));
#5103=CARTESIAN_POINT('',(1560.,-61.5,16.));
#5104=CARTESIAN_POINT('',(0.,-61.5,-41.));
#5105=CARTESIAN_POINT('',(0.,-61.5,-43.));
#5106=CARTESIAN_POINT('',(1560.,-61.5,-41.));
#5107=CARTESIAN_POINT('Origin',(775.,-80.,-41.));
#5108=CARTESIAN_POINT('',(1550.,-98.5,-41.));
#5109=CARTESIAN_POINT('',(1550.,-91.25,-41.));
#5110=CARTESIAN_POINT('',(0.,-98.5,-41.));
#5111=CARTESIAN_POINT('',(0.,-68.75,-41.));
#5112=CARTESIAN_POINT('',(-10.,-98.5,-41.));
#5113=CARTESIAN_POINT('Origin',(-10.,-98.5,-41.));
#5114=CARTESIAN_POINT('',(1550.,-98.5,16.));
#5115=CARTESIAN_POINT('',(1550.,-98.5,-43.));
#5116=CARTESIAN_POINT('',(0.,-98.5,16.));
#5117=CARTESIAN_POINT('',(0.,-98.5,-43.));
#5118=CARTESIAN_POINT('',(-10.,-98.5,16.));
#5119=CARTESIAN_POINT('Origin',(775.,-80.,16.));
#5120=CARTESIAN_POINT('',(1550.,-91.25,16.));
#5121=CARTESIAN_POINT('',(0.,-68.75,16.));
#5122=CARTESIAN_POINT('Origin',(1550.,-57.5,-45.));
#5123=CARTESIAN_POINT('',(1550.,-57.5,-45.));
#5124=CARTESIAN_POINT('',(0.,-57.5,-45.));
#5125=CARTESIAN_POINT('',(1550.,-57.5,-45.));
#5126=CARTESIAN_POINT('',(0.,-57.5,20.));
#5127=CARTESIAN_POINT('',(0.,-57.5,-45.));
#5128=CARTESIAN_POINT('',(1550.,-57.5,20.));
#5129=CARTESIAN_POINT('',(1550.,-57.5,20.));
#5130=CARTESIAN_POINT('',(1550.,-57.5,-45.));
#5131=CARTESIAN_POINT('Origin',(1550.,-102.5,-45.));
#5132=CARTESIAN_POINT('',(1550.,-102.5,-45.));
#5133=CARTESIAN_POINT('',(1550.,-102.5,-45.));
#5134=CARTESIAN_POINT('',(1550.,-102.5,20.));
#5135=CARTESIAN_POINT('',(1550.,-102.5,20.));
#5136=CARTESIAN_POINT('',(1550.,-102.5,-45.));
#5137=CARTESIAN_POINT('Origin',(0.,-102.5,-45.));
#5138=CARTESIAN_POINT('',(0.,-102.5,-45.));
#5139=CARTESIAN_POINT('',(0.,-102.5,-45.));
#5140=CARTESIAN_POINT('',(0.,-102.5,20.));
#5141=CARTESIAN_POINT('',(0.,-102.5,20.));
#5142=CARTESIAN_POINT('',(0.,-102.5,-45.));
#5143=CARTESIAN_POINT('Origin',(0.,-57.5,-45.));
#5144=CARTESIAN_POINT('',(0.,-57.5,-45.));
#5145=CARTESIAN_POINT('',(0.,-57.5,20.));
#5146=CARTESIAN_POINT('Origin',(775.,-80.,20.));
#5147=CARTESIAN_POINT('Origin',(775.,-80.,-45.));
#5148=CARTESIAN_POINT('',(0.,0.,0.));
#5149=CARTESIAN_POINT('Origin',(1300.,45.,-5.));
#5150=CARTESIAN_POINT('',(1300.,45.,-5.));
#5151=CARTESIAN_POINT('',(0.,45.,-5.));
#5152=CARTESIAN_POINT('',(1300.,45.,-5.));
#5153=CARTESIAN_POINT('',(0.,45.,5.));
#5154=CARTESIAN_POINT('',(0.,45.,-5.));
#5155=CARTESIAN_POINT('',(1300.,45.,5.));
#5156=CARTESIAN_POINT('',(1300.,45.,5.));
#5157=CARTESIAN_POINT('',(1300.,45.,-5.));
#5158=CARTESIAN_POINT('Origin',(1300.,-45.,-5.));
#5159=CARTESIAN_POINT('',(1300.,-45.,-5.));
#5160=CARTESIAN_POINT('',(1300.,-45.,-5.));
#5161=CARTESIAN_POINT('',(1300.,-45.,5.));
#5162=CARTESIAN_POINT('',(1300.,-45.,5.));
#5163=CARTESIAN_POINT('',(1300.,-45.,-5.));
#5164=CARTESIAN_POINT('Origin',(0.,-45.,-5.));
#5165=CARTESIAN_POINT('',(0.,-45.,-5.));
#5166=CARTESIAN_POINT('',(0.,-45.,-5.));
#5167=CARTESIAN_POINT('',(0.,-45.,5.));
#5168=CARTESIAN_POINT('',(0.,-45.,5.));
#5169=CARTESIAN_POINT('',(0.,-45.,-5.));
#5170=CARTESIAN_POINT('Origin',(0.,45.,-5.));
#5171=CARTESIAN_POINT('',(0.,45.,-5.));
#5172=CARTESIAN_POINT('',(0.,45.,5.));
#5173=CARTESIAN_POINT('Origin',(650.,0.,5.));
#5174=CARTESIAN_POINT('Origin',(650.,0.,-5.));
#5175=CARTESIAN_POINT('',(0.,0.,0.));
#5176=CARTESIAN_POINT('Origin',(570.,45.,6.));
#5177=CARTESIAN_POINT('',(570.,45.,6.));
#5178=CARTESIAN_POINT('',(230.,45.,6.));
#5179=CARTESIAN_POINT('',(570.,45.,6.));
#5180=CARTESIAN_POINT('',(230.,45.,14.));
#5181=CARTESIAN_POINT('',(230.,45.,6.));
#5182=CARTESIAN_POINT('',(570.,45.,14.));
#5183=CARTESIAN_POINT('',(570.,45.,14.));
#5184=CARTESIAN_POINT('',(570.,45.,6.));
#5185=CARTESIAN_POINT('Origin',(570.,-45.,6.));
#5186=CARTESIAN_POINT('',(570.,-45.,6.));
#5187=CARTESIAN_POINT('',(570.,-45.,6.));
#5188=CARTESIAN_POINT('',(570.,-45.,14.));
#5189=CARTESIAN_POINT('',(570.,-45.,14.));
#5190=CARTESIAN_POINT('',(570.,-45.,6.));
#5191=CARTESIAN_POINT('Origin',(230.,-45.,6.));
#5192=CARTESIAN_POINT('',(230.,-45.,6.));
#5193=CARTESIAN_POINT('',(230.,-45.,6.));
#5194=CARTESIAN_POINT('',(230.,-45.,14.));
#5195=CARTESIAN_POINT('',(230.,-45.,14.));
#5196=CARTESIAN_POINT('',(230.,-45.,6.));
#5197=CARTESIAN_POINT('Origin',(230.,45.,6.));
#5198=CARTESIAN_POINT('',(230.,45.,6.));
#5199=CARTESIAN_POINT('',(230.,45.,14.));
#5200=CARTESIAN_POINT('Origin',(400.,0.,14.));
#5201=CARTESIAN_POINT('Origin',(400.,0.,6.));
#5202=CARTESIAN_POINT('Origin',(570.,45.,-14.));
#5203=CARTESIAN_POINT('',(570.,45.,-14.));
#5204=CARTESIAN_POINT('',(230.,45.,-14.));
#5205=CARTESIAN_POINT('',(570.,45.,-14.));
#5206=CARTESIAN_POINT('',(230.,45.,-6.));
#5207=CARTESIAN_POINT('',(230.,45.,-14.));
#5208=CARTESIAN_POINT('',(570.,45.,-6.));
#5209=CARTESIAN_POINT('',(570.,45.,-6.));
#5210=CARTESIAN_POINT('',(570.,45.,-14.));
#5211=CARTESIAN_POINT('Origin',(570.,-45.,-14.));
#5212=CARTESIAN_POINT('',(570.,-45.,-14.));
#5213=CARTESIAN_POINT('',(570.,-45.,-14.));
#5214=CARTESIAN_POINT('',(570.,-45.,-6.));
#5215=CARTESIAN_POINT('',(570.,-45.,-6.));
#5216=CARTESIAN_POINT('',(570.,-45.,-14.));
#5217=CARTESIAN_POINT('Origin',(230.,-45.,-14.));
#5218=CARTESIAN_POINT('',(230.,-45.,-14.));
#5219=CARTESIAN_POINT('',(230.,-45.,-14.));
#5220=CARTESIAN_POINT('',(230.,-45.,-6.));
#5221=CARTESIAN_POINT('',(230.,-45.,-6.));
#5222=CARTESIAN_POINT('',(230.,-45.,-14.));
#5223=CARTESIAN_POINT('Origin',(230.,45.,-14.));
#5224=CARTESIAN_POINT('',(230.,45.,-14.));
#5225=CARTESIAN_POINT('',(230.,45.,-6.));
#5226=CARTESIAN_POINT('Origin',(400.,0.,-6.));
#5227=CARTESIAN_POINT('Origin',(400.,0.,-14.));
#5228=CARTESIAN_POINT('Origin',(580.,55.,14.));
#5229=CARTESIAN_POINT('',(580.,55.,14.));
#5230=CARTESIAN_POINT('',(220.,55.,14.));
#5231=CARTESIAN_POINT('',(580.,55.,14.));
#5232=CARTESIAN_POINT('',(220.,55.,26.));
#5233=CARTESIAN_POINT('',(220.,55.,14.));
#5234=CARTESIAN_POINT('',(580.,55.,26.));
#5235=CARTESIAN_POINT('',(580.,55.,26.));
#5236=CARTESIAN_POINT('',(580.,55.,14.));
#5237=CARTESIAN_POINT('Origin',(580.,-55.,14.));
#5238=CARTESIAN_POINT('',(580.,-55.,14.));
#5239=CARTESIAN_POINT('',(580.,-55.,14.));
#5240=CARTESIAN_POINT('',(580.,-55.,26.));
#5241=CARTESIAN_POINT('',(580.,-55.,26.));
#5242=CARTESIAN_POINT('',(580.,-55.,14.));
#5243=CARTESIAN_POINT('Origin',(220.,-55.,14.));
#5244=CARTESIAN_POINT('',(220.,-55.,14.));
#5245=CARTESIAN_POINT('',(220.,-55.,14.));
#5246=CARTESIAN_POINT('',(220.,-55.,26.));
#5247=CARTESIAN_POINT('',(220.,-55.,26.));
#5248=CARTESIAN_POINT('',(220.,-55.,14.));
#5249=CARTESIAN_POINT('Origin',(220.,55.,14.));
#5250=CARTESIAN_POINT('',(220.,55.,14.));
#5251=CARTESIAN_POINT('',(220.,55.,26.));
#5252=CARTESIAN_POINT('Origin',(400.,0.,26.));
#5253=CARTESIAN_POINT('Origin',(400.,0.,14.));
#5254=CARTESIAN_POINT('Origin',(580.,55.,-26.));
#5255=CARTESIAN_POINT('',(580.,55.,-26.));
#5256=CARTESIAN_POINT('',(220.,55.,-26.));
#5257=CARTESIAN_POINT('',(580.,55.,-26.));
#5258=CARTESIAN_POINT('',(220.,55.,-14.));
#5259=CARTESIAN_POINT('',(220.,55.,-26.));
#5260=CARTESIAN_POINT('',(580.,55.,-14.));
#5261=CARTESIAN_POINT('',(580.,55.,-14.));
#5262=CARTESIAN_POINT('',(580.,55.,-26.));
#5263=CARTESIAN_POINT('Origin',(580.,-55.,-26.));
#5264=CARTESIAN_POINT('',(580.,-55.,-26.));
#5265=CARTESIAN_POINT('',(580.,-55.,-26.));
#5266=CARTESIAN_POINT('',(580.,-55.,-14.));
#5267=CARTESIAN_POINT('',(580.,-55.,-14.));
#5268=CARTESIAN_POINT('',(580.,-55.,-26.));
#5269=CARTESIAN_POINT('Origin',(220.,-55.,-26.));
#5270=CARTESIAN_POINT('',(220.,-55.,-26.));
#5271=CARTESIAN_POINT('',(220.,-55.,-26.));
#5272=CARTESIAN_POINT('',(220.,-55.,-14.));
#5273=CARTESIAN_POINT('',(220.,-55.,-14.));
#5274=CARTESIAN_POINT('',(220.,-55.,-26.));
#5275=CARTESIAN_POINT('Origin',(220.,55.,-26.));
#5276=CARTESIAN_POINT('',(220.,55.,-26.));
#5277=CARTESIAN_POINT('',(220.,55.,-14.));
#5278=CARTESIAN_POINT('Origin',(400.,0.,-14.));
#5279=CARTESIAN_POINT('Origin',(400.,0.,-26.));
#5280=CARTESIAN_POINT('Origin',(580.,55.,-14.));
#5281=CARTESIAN_POINT('',(580.,55.,-14.));
#5282=CARTESIAN_POINT('',(220.,55.,-14.));
#5283=CARTESIAN_POINT('',(580.,55.,-14.));
#5284=CARTESIAN_POINT('',(220.,55.,14.));
#5285=CARTESIAN_POINT('',(220.,55.,-14.));
#5286=CARTESIAN_POINT('',(580.,55.,14.));
#5287=CARTESIAN_POINT('',(580.,55.,14.));
#5288=CARTESIAN_POINT('',(580.,55.,-14.));
#5289=CARTESIAN_POINT('Origin',(580.,48.,-14.));
#5290=CARTESIAN_POINT('',(580.,48.,-14.));
#5291=CARTESIAN_POINT('',(580.,48.,-14.));
#5292=CARTESIAN_POINT('',(580.,48.,14.));
#5293=CARTESIAN_POINT('',(580.,48.,14.));
#5294=CARTESIAN_POINT('',(580.,48.,-14.));
#5295=CARTESIAN_POINT('Origin',(220.,48.,-14.));
#5296=CARTESIAN_POINT('',(220.,48.,-14.));
#5297=CARTESIAN_POINT('',(220.,48.,-14.));
#5298=CARTESIAN_POINT('',(220.,48.,14.));
#5299=CARTESIAN_POINT('',(220.,48.,14.));
#5300=CARTESIAN_POINT('',(220.,48.,-14.));
#5301=CARTESIAN_POINT('Origin',(220.,55.,-14.));
#5302=CARTESIAN_POINT('',(220.,55.,-14.));
#5303=CARTESIAN_POINT('',(220.,55.,14.));
#5304=CARTESIAN_POINT('Origin',(400.,51.5,14.));
#5305=CARTESIAN_POINT('Origin',(400.,51.5,-14.));
#5306=CARTESIAN_POINT('Origin',(580.,-48.,-14.));
#5307=CARTESIAN_POINT('',(580.,-48.,-14.));
#5308=CARTESIAN_POINT('',(220.,-48.,-14.));
#5309=CARTESIAN_POINT('',(580.,-48.,-14.));
#5310=CARTESIAN_POINT('',(220.,-48.,14.));
#5311=CARTESIAN_POINT('',(220.,-48.,-14.));
#5312=CARTESIAN_POINT('',(580.,-48.,14.));
#5313=CARTESIAN_POINT('',(580.,-48.,14.));
#5314=CARTESIAN_POINT('',(580.,-48.,-14.));
#5315=CARTESIAN_POINT('Origin',(580.,-55.,-14.));
#5316=CARTESIAN_POINT('',(580.,-55.,-14.));
#5317=CARTESIAN_POINT('',(580.,-55.,-14.));
#5318=CARTESIAN_POINT('',(580.,-55.,14.));
#5319=CARTESIAN_POINT('',(580.,-55.,14.));
#5320=CARTESIAN_POINT('',(580.,-55.,-14.));
#5321=CARTESIAN_POINT('Origin',(220.,-55.,-14.));
#5322=CARTESIAN_POINT('',(220.,-55.,-14.));
#5323=CARTESIAN_POINT('',(220.,-55.,-14.));
#5324=CARTESIAN_POINT('',(220.,-55.,14.));
#5325=CARTESIAN_POINT('',(220.,-55.,14.));
#5326=CARTESIAN_POINT('',(220.,-55.,-14.));
#5327=CARTESIAN_POINT('Origin',(220.,-48.,-14.));
#5328=CARTESIAN_POINT('',(220.,-48.,-14.));
#5329=CARTESIAN_POINT('',(220.,-48.,14.));
#5330=CARTESIAN_POINT('Origin',(400.,-51.5,14.));
#5331=CARTESIAN_POINT('Origin',(400.,-51.5,-14.));
#5332=CARTESIAN_POINT('Origin',(220.,55.,26.));
#5333=CARTESIAN_POINT('',(220.,55.,26.));
#5334=CARTESIAN_POINT('',(208.,55.,26.));
#5335=CARTESIAN_POINT('',(220.,55.,26.));
#5336=CARTESIAN_POINT('',(208.,55.,126.));
#5337=CARTESIAN_POINT('',(208.,55.,26.));
#5338=CARTESIAN_POINT('',(220.,55.,126.));
#5339=CARTESIAN_POINT('',(220.,55.,126.));
#5340=CARTESIAN_POINT('',(220.,55.,26.));
#5341=CARTESIAN_POINT('Origin',(220.,-55.,26.));
#5342=CARTESIAN_POINT('',(220.,-55.,26.));
#5343=CARTESIAN_POINT('',(220.,-55.,26.));
#5344=CARTESIAN_POINT('',(220.,-55.,126.));
#5345=CARTESIAN_POINT('',(220.,-55.,126.));
#5346=CARTESIAN_POINT('',(220.,-55.,26.));
#5347=CARTESIAN_POINT('Origin',(208.,-55.,26.));
#5348=CARTESIAN_POINT('',(208.,-55.,26.));
#5349=CARTESIAN_POINT('',(208.,-55.,26.));
#5350=CARTESIAN_POINT('',(208.,-55.,126.));
#5351=CARTESIAN_POINT('',(208.,-55.,126.));
#5352=CARTESIAN_POINT('',(208.,-55.,26.));
#5353=CARTESIAN_POINT('Origin',(208.,55.,26.));
#5354=CARTESIAN_POINT('',(208.,55.,26.));
#5355=CARTESIAN_POINT('',(208.,55.,126.));
#5356=CARTESIAN_POINT('Origin',(214.,0.,126.));
#5357=CARTESIAN_POINT('Origin',(214.,0.,26.));
#5358=CARTESIAN_POINT('Origin',(700.,40.,-2.));
#5359=CARTESIAN_POINT('',(700.,40.,-2.));
#5360=CARTESIAN_POINT('',(580.,40.,-2.));
#5361=CARTESIAN_POINT('',(700.,40.,-2.));
#5362=CARTESIAN_POINT('',(580.,40.,2.));
#5363=CARTESIAN_POINT('',(580.,40.,-2.));
#5364=CARTESIAN_POINT('',(700.,40.,2.));
#5365=CARTESIAN_POINT('',(700.,40.,2.));
#5366=CARTESIAN_POINT('',(700.,40.,-2.));
#5367=CARTESIAN_POINT('Origin',(700.,-40.,-2.));
#5368=CARTESIAN_POINT('',(700.,-40.,-2.));
#5369=CARTESIAN_POINT('',(700.,-40.,-2.));
#5370=CARTESIAN_POINT('',(700.,-40.,2.));
#5371=CARTESIAN_POINT('',(700.,-40.,2.));
#5372=CARTESIAN_POINT('',(700.,-40.,-2.));
#5373=CARTESIAN_POINT('Origin',(580.,-40.,-2.));
#5374=CARTESIAN_POINT('',(580.,-40.,-2.));
#5375=CARTESIAN_POINT('',(580.,-40.,-2.));
#5376=CARTESIAN_POINT('',(580.,-40.,2.));
#5377=CARTESIAN_POINT('',(580.,-40.,2.));
#5378=CARTESIAN_POINT('',(580.,-40.,-2.));
#5379=CARTESIAN_POINT('Origin',(580.,40.,-2.));
#5380=CARTESIAN_POINT('',(580.,40.,-2.));
#5381=CARTESIAN_POINT('',(580.,40.,2.));
#5382=CARTESIAN_POINT('Origin',(640.,0.,2.));
#5383=CARTESIAN_POINT('Origin',(640.,0.,-2.));
#5384=CARTESIAN_POINT('',(0.,0.,0.));
#5385=CARTESIAN_POINT('Origin',(380.5,230.,16.));
#5386=CARTESIAN_POINT('',(380.5,230.,16.));
#5387=CARTESIAN_POINT('',(20.,230.,16.));
#5388=CARTESIAN_POINT('',(380.5,230.,16.));
#5389=CARTESIAN_POINT('',(20.,230.,656.));
#5390=CARTESIAN_POINT('',(20.,230.,16.));
#5391=CARTESIAN_POINT('',(380.5,230.,656.));
#5392=CARTESIAN_POINT('',(380.5,230.,656.));
#5393=CARTESIAN_POINT('',(380.5,230.,16.));
#5394=CARTESIAN_POINT('Origin',(380.5,226.,16.));
#5395=CARTESIAN_POINT('',(380.5,226.,16.));
#5396=CARTESIAN_POINT('',(380.5,226.,16.));
#5397=CARTESIAN_POINT('',(380.5,226.,656.));
#5398=CARTESIAN_POINT('',(380.5,226.,656.));
#5399=CARTESIAN_POINT('',(380.5,226.,16.));
#5400=CARTESIAN_POINT('Origin',(20.,226.,16.));
#5401=CARTESIAN_POINT('',(20.,226.,16.));
#5402=CARTESIAN_POINT('',(20.,226.,16.));
#5403=CARTESIAN_POINT('',(20.,226.,656.));
#5404=CARTESIAN_POINT('',(20.,226.,656.));
#5405=CARTESIAN_POINT('',(20.,226.,16.));
#5406=CARTESIAN_POINT('Origin',(20.,230.,16.));
#5407=CARTESIAN_POINT('',(20.,230.,16.));
#5408=CARTESIAN_POINT('',(20.,230.,656.));
#5409=CARTESIAN_POINT('Origin',(200.25,228.,656.));
#5410=CARTESIAN_POINT('Origin',(200.25,228.,16.));
#5411=CARTESIAN_POINT('Origin',(24.,230.,16.));
#5412=CARTESIAN_POINT('',(24.,230.,16.));
#5413=CARTESIAN_POINT('',(20.,230.,16.));
#5414=CARTESIAN_POINT('',(24.,230.,16.));
#5415=CARTESIAN_POINT('',(20.,230.,656.));
#5416=CARTESIAN_POINT('',(20.,230.,16.));
#5417=CARTESIAN_POINT('',(24.,230.,656.));
#5418=CARTESIAN_POINT('',(24.,230.,656.));
#5419=CARTESIAN_POINT('',(24.,230.,16.));
#5420=CARTESIAN_POINT('Origin',(24.,115.,16.));
#5421=CARTESIAN_POINT('',(24.,115.,16.));
#5422=CARTESIAN_POINT('',(24.,115.,16.));
#5423=CARTESIAN_POINT('',(24.,115.,656.));
#5424=CARTESIAN_POINT('',(24.,115.,656.));
#5425=CARTESIAN_POINT('',(24.,115.,16.));
#5426=CARTESIAN_POINT('Origin',(20.,115.,16.));
#5427=CARTESIAN_POINT('',(20.,115.,16.));
#5428=CARTESIAN_POINT('',(20.,115.,16.));
#5429=CARTESIAN_POINT('',(20.,115.,656.));
#5430=CARTESIAN_POINT('',(20.,115.,656.));
#5431=CARTESIAN_POINT('',(20.,115.,16.));
#5432=CARTESIAN_POINT('Origin',(20.,230.,16.));
#5433=CARTESIAN_POINT('',(20.,230.,16.));
#5434=CARTESIAN_POINT('',(20.,230.,656.));
#5435=CARTESIAN_POINT('Origin',(22.,172.5,656.));
#5436=CARTESIAN_POINT('Origin',(22.,172.5,16.));
#5437=CARTESIAN_POINT('Origin',(380.5,230.,16.));
#5438=CARTESIAN_POINT('',(380.5,230.,16.));
#5439=CARTESIAN_POINT('',(376.5,230.,16.));
#5440=CARTESIAN_POINT('',(380.5,230.,16.));
#5441=CARTESIAN_POINT('',(376.5,230.,656.));
#5442=CARTESIAN_POINT('',(376.5,230.,16.));
#5443=CARTESIAN_POINT('',(380.5,230.,656.));
#5444=CARTESIAN_POINT('',(380.5,230.,656.));
#5445=CARTESIAN_POINT('',(380.5,230.,16.));
#5446=CARTESIAN_POINT('Origin',(380.5,115.,16.));
#5447=CARTESIAN_POINT('',(380.5,115.,16.));
#5448=CARTESIAN_POINT('',(380.5,115.,16.));
#5449=CARTESIAN_POINT('',(380.5,115.,656.));
#5450=CARTESIAN_POINT('',(380.5,115.,656.));
#5451=CARTESIAN_POINT('',(380.5,115.,16.));
#5452=CARTESIAN_POINT('Origin',(376.5,115.,16.));
#5453=CARTESIAN_POINT('',(376.5,115.,16.));
#5454=CARTESIAN_POINT('',(376.5,115.,16.));
#5455=CARTESIAN_POINT('',(376.5,115.,656.));
#5456=CARTESIAN_POINT('',(376.5,115.,656.));
#5457=CARTESIAN_POINT('',(376.5,115.,16.));
#5458=CARTESIAN_POINT('Origin',(376.5,230.,16.));
#5459=CARTESIAN_POINT('',(376.5,230.,16.));
#5460=CARTESIAN_POINT('',(376.5,230.,656.));
#5461=CARTESIAN_POINT('Origin',(378.5,172.5,656.));
#5462=CARTESIAN_POINT('Origin',(378.5,172.5,16.));
#5463=CARTESIAN_POINT('Origin',(380.5,230.,16.));
#5464=CARTESIAN_POINT('',(380.5,230.,16.));
#5465=CARTESIAN_POINT('',(20.,230.,16.));
#5466=CARTESIAN_POINT('',(380.5,230.,16.));
#5467=CARTESIAN_POINT('',(20.,230.,20.));
#5468=CARTESIAN_POINT('',(20.,230.,16.));
#5469=CARTESIAN_POINT('',(380.5,230.,20.));
#5470=CARTESIAN_POINT('',(380.5,230.,20.));
#5471=CARTESIAN_POINT('',(380.5,230.,16.));
#5472=CARTESIAN_POINT('Origin',(380.5,115.,16.));
#5473=CARTESIAN_POINT('',(380.5,115.,16.));
#5474=CARTESIAN_POINT('',(380.5,115.,16.));
#5475=CARTESIAN_POINT('',(380.5,115.,20.));
#5476=CARTESIAN_POINT('',(380.5,115.,20.));
#5477=CARTESIAN_POINT('',(380.5,115.,16.));
#5478=CARTESIAN_POINT('Origin',(20.,115.,16.));
#5479=CARTESIAN_POINT('',(20.,115.,16.));
#5480=CARTESIAN_POINT('',(20.,115.,16.));
#5481=CARTESIAN_POINT('',(20.,115.,20.));
#5482=CARTESIAN_POINT('',(20.,115.,20.));
#5483=CARTESIAN_POINT('',(20.,115.,16.));
#5484=CARTESIAN_POINT('Origin',(20.,230.,16.));
#5485=CARTESIAN_POINT('',(20.,230.,16.));
#5486=CARTESIAN_POINT('',(20.,230.,20.));
#5487=CARTESIAN_POINT('Origin',(200.25,172.5,20.));
#5488=CARTESIAN_POINT('Origin',(200.25,172.5,16.));
#5489=CARTESIAN_POINT('Origin',(380.5,230.,652.));
#5490=CARTESIAN_POINT('',(380.5,230.,652.));
#5491=CARTESIAN_POINT('',(20.,230.,652.));
#5492=CARTESIAN_POINT('',(380.5,230.,652.));
#5493=CARTESIAN_POINT('',(20.,230.,656.));
#5494=CARTESIAN_POINT('',(20.,230.,652.));
#5495=CARTESIAN_POINT('',(380.5,230.,656.));
#5496=CARTESIAN_POINT('',(380.5,230.,656.));
#5497=CARTESIAN_POINT('',(380.5,230.,652.));
#5498=CARTESIAN_POINT('Origin',(380.5,115.,652.));
#5499=CARTESIAN_POINT('',(380.5,115.,652.));
#5500=CARTESIAN_POINT('',(380.5,115.,652.));
#5501=CARTESIAN_POINT('',(380.5,115.,656.));
#5502=CARTESIAN_POINT('',(380.5,115.,656.));
#5503=CARTESIAN_POINT('',(380.5,115.,652.));
#5504=CARTESIAN_POINT('Origin',(20.,115.,652.));
#5505=CARTESIAN_POINT('',(20.,115.,652.));
#5506=CARTESIAN_POINT('',(20.,115.,652.));
#5507=CARTESIAN_POINT('',(20.,115.,656.));
#5508=CARTESIAN_POINT('',(20.,115.,656.));
#5509=CARTESIAN_POINT('',(20.,115.,652.));
#5510=CARTESIAN_POINT('Origin',(20.,230.,652.));
#5511=CARTESIAN_POINT('',(20.,230.,652.));
#5512=CARTESIAN_POINT('',(20.,230.,656.));
#5513=CARTESIAN_POINT('Origin',(200.25,172.5,656.));
#5514=CARTESIAN_POINT('Origin',(200.25,172.5,652.));
#5515=CARTESIAN_POINT('Origin',(380.5,-226.,16.));
#5516=CARTESIAN_POINT('',(380.5,-226.,16.));
#5517=CARTESIAN_POINT('',(20.,-226.,16.));
#5518=CARTESIAN_POINT('',(380.5,-226.,16.));
#5519=CARTESIAN_POINT('',(20.,-226.,656.));
#5520=CARTESIAN_POINT('',(20.,-226.,16.));
#5521=CARTESIAN_POINT('',(380.5,-226.,656.));
#5522=CARTESIAN_POINT('',(380.5,-226.,656.));
#5523=CARTESIAN_POINT('',(380.5,-226.,16.));
#5524=CARTESIAN_POINT('Origin',(380.5,-230.,16.));
#5525=CARTESIAN_POINT('',(380.5,-230.,16.));
#5526=CARTESIAN_POINT('',(380.5,-230.,16.));
#5527=CARTESIAN_POINT('',(380.5,-230.,656.));
#5528=CARTESIAN_POINT('',(380.5,-230.,656.));
#5529=CARTESIAN_POINT('',(380.5,-230.,16.));
#5530=CARTESIAN_POINT('Origin',(20.,-230.,16.));
#5531=CARTESIAN_POINT('',(20.,-230.,16.));
#5532=CARTESIAN_POINT('',(20.,-230.,16.));
#5533=CARTESIAN_POINT('',(20.,-230.,656.));
#5534=CARTESIAN_POINT('',(20.,-230.,656.));
#5535=CARTESIAN_POINT('',(20.,-230.,16.));
#5536=CARTESIAN_POINT('Origin',(20.,-226.,16.));
#5537=CARTESIAN_POINT('',(20.,-226.,16.));
#5538=CARTESIAN_POINT('',(20.,-226.,656.));
#5539=CARTESIAN_POINT('Origin',(200.25,-228.,656.));
#5540=CARTESIAN_POINT('Origin',(200.25,-228.,16.));
#5541=CARTESIAN_POINT('Origin',(24.,-115.,16.));
#5542=CARTESIAN_POINT('',(24.,-115.,16.));
#5543=CARTESIAN_POINT('',(20.,-115.,16.));
#5544=CARTESIAN_POINT('',(24.,-115.,16.));
#5545=CARTESIAN_POINT('',(20.,-115.,656.));
#5546=CARTESIAN_POINT('',(20.,-115.,16.));
#5547=CARTESIAN_POINT('',(24.,-115.,656.));
#5548=CARTESIAN_POINT('',(24.,-115.,656.));
#5549=CARTESIAN_POINT('',(24.,-115.,16.));
#5550=CARTESIAN_POINT('Origin',(24.,-230.,16.));
#5551=CARTESIAN_POINT('',(24.,-230.,16.));
#5552=CARTESIAN_POINT('',(24.,-230.,16.));
#5553=CARTESIAN_POINT('',(24.,-230.,656.));
#5554=CARTESIAN_POINT('',(24.,-230.,656.));
#5555=CARTESIAN_POINT('',(24.,-230.,16.));
#5556=CARTESIAN_POINT('Origin',(20.,-230.,16.));
#5557=CARTESIAN_POINT('',(20.,-230.,16.));
#5558=CARTESIAN_POINT('',(20.,-230.,16.));
#5559=CARTESIAN_POINT('',(20.,-230.,656.));
#5560=CARTESIAN_POINT('',(20.,-230.,656.));
#5561=CARTESIAN_POINT('',(20.,-230.,16.));
#5562=CARTESIAN_POINT('Origin',(20.,-115.,16.));
#5563=CARTESIAN_POINT('',(20.,-115.,16.));
#5564=CARTESIAN_POINT('',(20.,-115.,656.));
#5565=CARTESIAN_POINT('Origin',(22.,-172.5,656.));
#5566=CARTESIAN_POINT('Origin',(22.,-172.5,16.));
#5567=CARTESIAN_POINT('Origin',(380.5,-115.,16.));
#5568=CARTESIAN_POINT('',(380.5,-115.,16.));
#5569=CARTESIAN_POINT('',(376.5,-115.,16.));
#5570=CARTESIAN_POINT('',(380.5,-115.,16.));
#5571=CARTESIAN_POINT('',(376.5,-115.,656.));
#5572=CARTESIAN_POINT('',(376.5,-115.,16.));
#5573=CARTESIAN_POINT('',(380.5,-115.,656.));
#5574=CARTESIAN_POINT('',(380.5,-115.,656.));
#5575=CARTESIAN_POINT('',(380.5,-115.,16.));
#5576=CARTESIAN_POINT('Origin',(380.5,-230.,16.));
#5577=CARTESIAN_POINT('',(380.5,-230.,16.));
#5578=CARTESIAN_POINT('',(380.5,-230.,16.));
#5579=CARTESIAN_POINT('',(380.5,-230.,656.));
#5580=CARTESIAN_POINT('',(380.5,-230.,656.));
#5581=CARTESIAN_POINT('',(380.5,-230.,16.));
#5582=CARTESIAN_POINT('Origin',(376.5,-230.,16.));
#5583=CARTESIAN_POINT('',(376.5,-230.,16.));
#5584=CARTESIAN_POINT('',(376.5,-230.,16.));
#5585=CARTESIAN_POINT('',(376.5,-230.,656.));
#5586=CARTESIAN_POINT('',(376.5,-230.,656.));
#5587=CARTESIAN_POINT('',(376.5,-230.,16.));
#5588=CARTESIAN_POINT('Origin',(376.5,-115.,16.));
#5589=CARTESIAN_POINT('',(376.5,-115.,16.));
#5590=CARTESIAN_POINT('',(376.5,-115.,656.));
#5591=CARTESIAN_POINT('Origin',(378.5,-172.5,656.));
#5592=CARTESIAN_POINT('Origin',(378.5,-172.5,16.));
#5593=CARTESIAN_POINT('Origin',(380.5,-115.,16.));
#5594=CARTESIAN_POINT('',(380.5,-115.,16.));
#5595=CARTESIAN_POINT('',(20.,-115.,16.));
#5596=CARTESIAN_POINT('',(380.5,-115.,16.));
#5597=CARTESIAN_POINT('',(20.,-115.,20.));
#5598=CARTESIAN_POINT('',(20.,-115.,16.));
#5599=CARTESIAN_POINT('',(380.5,-115.,20.));
#5600=CARTESIAN_POINT('',(380.5,-115.,20.));
#5601=CARTESIAN_POINT('',(380.5,-115.,16.));
#5602=CARTESIAN_POINT('Origin',(380.5,-230.,16.));
#5603=CARTESIAN_POINT('',(380.5,-230.,16.));
#5604=CARTESIAN_POINT('',(380.5,-230.,16.));
#5605=CARTESIAN_POINT('',(380.5,-230.,20.));
#5606=CARTESIAN_POINT('',(380.5,-230.,20.));
#5607=CARTESIAN_POINT('',(380.5,-230.,16.));
#5608=CARTESIAN_POINT('Origin',(20.,-230.,16.));
#5609=CARTESIAN_POINT('',(20.,-230.,16.));
#5610=CARTESIAN_POINT('',(20.,-230.,16.));
#5611=CARTESIAN_POINT('',(20.,-230.,20.));
#5612=CARTESIAN_POINT('',(20.,-230.,20.));
#5613=CARTESIAN_POINT('',(20.,-230.,16.));
#5614=CARTESIAN_POINT('Origin',(20.,-115.,16.));
#5615=CARTESIAN_POINT('',(20.,-115.,16.));
#5616=CARTESIAN_POINT('',(20.,-115.,20.));
#5617=CARTESIAN_POINT('Origin',(200.25,-172.5,20.));
#5618=CARTESIAN_POINT('Origin',(200.25,-172.5,16.));
#5619=CARTESIAN_POINT('Origin',(380.5,-115.,652.));
#5620=CARTESIAN_POINT('',(380.5,-115.,652.));
#5621=CARTESIAN_POINT('',(20.,-115.,652.));
#5622=CARTESIAN_POINT('',(380.5,-115.,652.));
#5623=CARTESIAN_POINT('',(20.,-115.,656.));
#5624=CARTESIAN_POINT('',(20.,-115.,652.));
#5625=CARTESIAN_POINT('',(380.5,-115.,656.));
#5626=CARTESIAN_POINT('',(380.5,-115.,656.));
#5627=CARTESIAN_POINT('',(380.5,-115.,652.));
#5628=CARTESIAN_POINT('Origin',(380.5,-230.,652.));
#5629=CARTESIAN_POINT('',(380.5,-230.,652.));
#5630=CARTESIAN_POINT('',(380.5,-230.,652.));
#5631=CARTESIAN_POINT('',(380.5,-230.,656.));
#5632=CARTESIAN_POINT('',(380.5,-230.,656.));
#5633=CARTESIAN_POINT('',(380.5,-230.,652.));
#5634=CARTESIAN_POINT('Origin',(20.,-230.,652.));
#5635=CARTESIAN_POINT('',(20.,-230.,652.));
#5636=CARTESIAN_POINT('',(20.,-230.,652.));
#5637=CARTESIAN_POINT('',(20.,-230.,656.));
#5638=CARTESIAN_POINT('',(20.,-230.,656.));
#5639=CARTESIAN_POINT('',(20.,-230.,652.));
#5640=CARTESIAN_POINT('Origin',(20.,-115.,652.));
#5641=CARTESIAN_POINT('',(20.,-115.,652.));
#5642=CARTESIAN_POINT('',(20.,-115.,656.));
#5643=CARTESIAN_POINT('Origin',(200.25,-172.5,656.));
#5644=CARTESIAN_POINT('Origin',(200.25,-172.5,652.));
#5645=CARTESIAN_POINT('',(0.,0.,0.));
#5646=CARTESIAN_POINT('Origin',(369.5,222.5,26.));
#5647=CARTESIAN_POINT('',(369.5,222.5,26.));
#5648=CARTESIAN_POINT('',(29.,222.5,26.));
#5649=CARTESIAN_POINT('',(369.5,222.5,26.));
#5650=CARTESIAN_POINT('',(29.,222.5,126.));
#5651=CARTESIAN_POINT('',(29.,222.5,26.));
#5652=CARTESIAN_POINT('',(369.5,222.5,126.));
#5653=CARTESIAN_POINT('',(369.5,222.5,126.));
#5654=CARTESIAN_POINT('',(369.5,222.5,26.));
#5655=CARTESIAN_POINT('Origin',(369.5,122.5,26.));
#5656=CARTESIAN_POINT('',(369.5,122.5,26.));
#5657=CARTESIAN_POINT('',(369.5,122.5,26.));
#5658=CARTESIAN_POINT('',(369.5,122.5,126.));
#5659=CARTESIAN_POINT('',(369.5,122.5,126.));
#5660=CARTESIAN_POINT('',(369.5,122.5,26.));
#5661=CARTESIAN_POINT('Origin',(29.,122.5,26.));
#5662=CARTESIAN_POINT('',(29.,122.5,26.));
#5663=CARTESIAN_POINT('',(29.,122.5,26.));
#5664=CARTESIAN_POINT('',(29.,122.5,126.));
#5665=CARTESIAN_POINT('',(29.,122.5,126.));
#5666=CARTESIAN_POINT('',(29.,122.5,26.));
#5667=CARTESIAN_POINT('Origin',(29.,222.5,26.));
#5668=CARTESIAN_POINT('',(29.,222.5,26.));
#5669=CARTESIAN_POINT('',(29.,222.5,126.));
#5670=CARTESIAN_POINT('Origin',(199.25,172.5,126.));
#5671=CARTESIAN_POINT('Origin',(199.25,172.5,26.));
#5672=CARTESIAN_POINT('Origin',(369.5,222.5,130.));
#5673=CARTESIAN_POINT('',(369.5,222.5,130.));
#5674=CARTESIAN_POINT('',(29.,222.5,130.));
#5675=CARTESIAN_POINT('',(369.5,222.5,130.));
#5676=CARTESIAN_POINT('',(29.,222.5,230.));
#5677=CARTESIAN_POINT('',(29.,222.5,130.));
#5678=CARTESIAN_POINT('',(369.5,222.5,230.));
#5679=CARTESIAN_POINT('',(369.5,222.5,230.));
#5680=CARTESIAN_POINT('',(369.5,222.5,130.));
#5681=CARTESIAN_POINT('Origin',(369.5,122.5,130.));
#5682=CARTESIAN_POINT('',(369.5,122.5,130.));
#5683=CARTESIAN_POINT('',(369.5,122.5,130.));
#5684=CARTESIAN_POINT('',(369.5,122.5,230.));
#5685=CARTESIAN_POINT('',(369.5,122.5,230.));
#5686=CARTESIAN_POINT('',(369.5,122.5,130.));
#5687=CARTESIAN_POINT('Origin',(29.,122.5,130.));
#5688=CARTESIAN_POINT('',(29.,122.5,130.));
#5689=CARTESIAN_POINT('',(29.,122.5,130.));
#5690=CARTESIAN_POINT('',(29.,122.5,230.));
#5691=CARTESIAN_POINT('',(29.,122.5,230.));
#5692=CARTESIAN_POINT('',(29.,122.5,130.));
#5693=CARTESIAN_POINT('Origin',(29.,222.5,130.));
#5694=CARTESIAN_POINT('',(29.,222.5,130.));
#5695=CARTESIAN_POINT('',(29.,222.5,230.));
#5696=CARTESIAN_POINT('Origin',(199.25,172.5,230.));
#5697=CARTESIAN_POINT('Origin',(199.25,172.5,130.));
#5698=CARTESIAN_POINT('Origin',(369.5,222.5,234.));
#5699=CARTESIAN_POINT('',(369.5,222.5,234.));
#5700=CARTESIAN_POINT('',(29.,222.5,234.));
#5701=CARTESIAN_POINT('',(369.5,222.5,234.));
#5702=CARTESIAN_POINT('',(29.,222.5,334.));
#5703=CARTESIAN_POINT('',(29.,222.5,234.));
#5704=CARTESIAN_POINT('',(369.5,222.5,334.));
#5705=CARTESIAN_POINT('',(369.5,222.5,334.));
#5706=CARTESIAN_POINT('',(369.5,222.5,234.));
#5707=CARTESIAN_POINT('Origin',(369.5,122.5,234.));
#5708=CARTESIAN_POINT('',(369.5,122.5,234.));
#5709=CARTESIAN_POINT('',(369.5,122.5,234.));
#5710=CARTESIAN_POINT('',(369.5,122.5,334.));
#5711=CARTESIAN_POINT('',(369.5,122.5,334.));
#5712=CARTESIAN_POINT('',(369.5,122.5,234.));
#5713=CARTESIAN_POINT('Origin',(29.,122.5,234.));
#5714=CARTESIAN_POINT('',(29.,122.5,234.));
#5715=CARTESIAN_POINT('',(29.,122.5,234.));
#5716=CARTESIAN_POINT('',(29.,122.5,334.));
#5717=CARTESIAN_POINT('',(29.,122.5,334.));
#5718=CARTESIAN_POINT('',(29.,122.5,234.));
#5719=CARTESIAN_POINT('Origin',(29.,222.5,234.));
#5720=CARTESIAN_POINT('',(29.,222.5,234.));
#5721=CARTESIAN_POINT('',(29.,222.5,334.));
#5722=CARTESIAN_POINT('Origin',(199.25,172.5,334.));
#5723=CARTESIAN_POINT('Origin',(199.25,172.5,234.));
#5724=CARTESIAN_POINT('Origin',(369.5,222.5,338.));
#5725=CARTESIAN_POINT('',(369.5,222.5,338.));
#5726=CARTESIAN_POINT('',(29.,222.5,338.));
#5727=CARTESIAN_POINT('',(369.5,222.5,338.));
#5728=CARTESIAN_POINT('',(29.,222.5,438.));
#5729=CARTESIAN_POINT('',(29.,222.5,338.));
#5730=CARTESIAN_POINT('',(369.5,222.5,438.));
#5731=CARTESIAN_POINT('',(369.5,222.5,438.));
#5732=CARTESIAN_POINT('',(369.5,222.5,338.));
#5733=CARTESIAN_POINT('Origin',(369.5,122.5,338.));
#5734=CARTESIAN_POINT('',(369.5,122.5,338.));
#5735=CARTESIAN_POINT('',(369.5,122.5,338.));
#5736=CARTESIAN_POINT('',(369.5,122.5,438.));
#5737=CARTESIAN_POINT('',(369.5,122.5,438.));
#5738=CARTESIAN_POINT('',(369.5,122.5,338.));
#5739=CARTESIAN_POINT('Origin',(29.,122.5,338.));
#5740=CARTESIAN_POINT('',(29.,122.5,338.));
#5741=CARTESIAN_POINT('',(29.,122.5,338.));
#5742=CARTESIAN_POINT('',(29.,122.5,438.));
#5743=CARTESIAN_POINT('',(29.,122.5,438.));
#5744=CARTESIAN_POINT('',(29.,122.5,338.));
#5745=CARTESIAN_POINT('Origin',(29.,222.5,338.));
#5746=CARTESIAN_POINT('',(29.,222.5,338.));
#5747=CARTESIAN_POINT('',(29.,222.5,438.));
#5748=CARTESIAN_POINT('Origin',(199.25,172.5,438.));
#5749=CARTESIAN_POINT('Origin',(199.25,172.5,338.));
#5750=CARTESIAN_POINT('Origin',(369.5,222.5,442.));
#5751=CARTESIAN_POINT('',(369.5,222.5,442.));
#5752=CARTESIAN_POINT('',(29.,222.5,442.));
#5753=CARTESIAN_POINT('',(369.5,222.5,442.));
#5754=CARTESIAN_POINT('',(29.,222.5,542.));
#5755=CARTESIAN_POINT('',(29.,222.5,442.));
#5756=CARTESIAN_POINT('',(369.5,222.5,542.));
#5757=CARTESIAN_POINT('',(369.5,222.5,542.));
#5758=CARTESIAN_POINT('',(369.5,222.5,442.));
#5759=CARTESIAN_POINT('Origin',(369.5,122.5,442.));
#5760=CARTESIAN_POINT('',(369.5,122.5,442.));
#5761=CARTESIAN_POINT('',(369.5,122.5,442.));
#5762=CARTESIAN_POINT('',(369.5,122.5,542.));
#5763=CARTESIAN_POINT('',(369.5,122.5,542.));
#5764=CARTESIAN_POINT('',(369.5,122.5,442.));
#5765=CARTESIAN_POINT('Origin',(29.,122.5,442.));
#5766=CARTESIAN_POINT('',(29.,122.5,442.));
#5767=CARTESIAN_POINT('',(29.,122.5,442.));
#5768=CARTESIAN_POINT('',(29.,122.5,542.));
#5769=CARTESIAN_POINT('',(29.,122.5,542.));
#5770=CARTESIAN_POINT('',(29.,122.5,442.));
#5771=CARTESIAN_POINT('Origin',(29.,222.5,442.));
#5772=CARTESIAN_POINT('',(29.,222.5,442.));
#5773=CARTESIAN_POINT('',(29.,222.5,542.));
#5774=CARTESIAN_POINT('Origin',(199.25,172.5,542.));
#5775=CARTESIAN_POINT('Origin',(199.25,172.5,442.));
#5776=CARTESIAN_POINT('Origin',(369.5,222.5,546.));
#5777=CARTESIAN_POINT('',(369.5,222.5,546.));
#5778=CARTESIAN_POINT('',(29.,222.5,546.));
#5779=CARTESIAN_POINT('',(369.5,222.5,546.));
#5780=CARTESIAN_POINT('',(29.,222.5,646.));
#5781=CARTESIAN_POINT('',(29.,222.5,546.));
#5782=CARTESIAN_POINT('',(369.5,222.5,646.));
#5783=CARTESIAN_POINT('',(369.5,222.5,646.));
#5784=CARTESIAN_POINT('',(369.5,222.5,546.));
#5785=CARTESIAN_POINT('Origin',(369.5,122.5,546.));
#5786=CARTESIAN_POINT('',(369.5,122.5,546.));
#5787=CARTESIAN_POINT('',(369.5,122.5,546.));
#5788=CARTESIAN_POINT('',(369.5,122.5,646.));
#5789=CARTESIAN_POINT('',(369.5,122.5,646.));
#5790=CARTESIAN_POINT('',(369.5,122.5,546.));
#5791=CARTESIAN_POINT('Origin',(29.,122.5,546.));
#5792=CARTESIAN_POINT('',(29.,122.5,546.));
#5793=CARTESIAN_POINT('',(29.,122.5,546.));
#5794=CARTESIAN_POINT('',(29.,122.5,646.));
#5795=CARTESIAN_POINT('',(29.,122.5,646.));
#5796=CARTESIAN_POINT('',(29.,122.5,546.));
#5797=CARTESIAN_POINT('Origin',(29.,222.5,546.));
#5798=CARTESIAN_POINT('',(29.,222.5,546.));
#5799=CARTESIAN_POINT('',(29.,222.5,646.));
#5800=CARTESIAN_POINT('Origin',(199.25,172.5,646.));
#5801=CARTESIAN_POINT('Origin',(199.25,172.5,546.));
#5802=CARTESIAN_POINT('Origin',(369.5,-122.5,26.));
#5803=CARTESIAN_POINT('',(369.5,-122.5,26.));
#5804=CARTESIAN_POINT('',(29.,-122.5,26.));
#5805=CARTESIAN_POINT('',(369.5,-122.5,26.));
#5806=CARTESIAN_POINT('',(29.,-122.5,126.));
#5807=CARTESIAN_POINT('',(29.,-122.5,26.));
#5808=CARTESIAN_POINT('',(369.5,-122.5,126.));
#5809=CARTESIAN_POINT('',(369.5,-122.5,126.));
#5810=CARTESIAN_POINT('',(369.5,-122.5,26.));
#5811=CARTESIAN_POINT('Origin',(369.5,-222.5,26.));
#5812=CARTESIAN_POINT('',(369.5,-222.5,26.));
#5813=CARTESIAN_POINT('',(369.5,-222.5,26.));
#5814=CARTESIAN_POINT('',(369.5,-222.5,126.));
#5815=CARTESIAN_POINT('',(369.5,-222.5,126.));
#5816=CARTESIAN_POINT('',(369.5,-222.5,26.));
#5817=CARTESIAN_POINT('Origin',(29.,-222.5,26.));
#5818=CARTESIAN_POINT('',(29.,-222.5,26.));
#5819=CARTESIAN_POINT('',(29.,-222.5,26.));
#5820=CARTESIAN_POINT('',(29.,-222.5,126.));
#5821=CARTESIAN_POINT('',(29.,-222.5,126.));
#5822=CARTESIAN_POINT('',(29.,-222.5,26.));
#5823=CARTESIAN_POINT('Origin',(29.,-122.5,26.));
#5824=CARTESIAN_POINT('',(29.,-122.5,26.));
#5825=CARTESIAN_POINT('',(29.,-122.5,126.));
#5826=CARTESIAN_POINT('Origin',(199.25,-172.5,126.));
#5827=CARTESIAN_POINT('Origin',(199.25,-172.5,26.));
#5828=CARTESIAN_POINT('Origin',(369.5,-122.5,130.));
#5829=CARTESIAN_POINT('',(369.5,-122.5,130.));
#5830=CARTESIAN_POINT('',(29.,-122.5,130.));
#5831=CARTESIAN_POINT('',(369.5,-122.5,130.));
#5832=CARTESIAN_POINT('',(29.,-122.5,230.));
#5833=CARTESIAN_POINT('',(29.,-122.5,130.));
#5834=CARTESIAN_POINT('',(369.5,-122.5,230.));
#5835=CARTESIAN_POINT('',(369.5,-122.5,230.));
#5836=CARTESIAN_POINT('',(369.5,-122.5,130.));
#5837=CARTESIAN_POINT('Origin',(369.5,-222.5,130.));
#5838=CARTESIAN_POINT('',(369.5,-222.5,130.));
#5839=CARTESIAN_POINT('',(369.5,-222.5,130.));
#5840=CARTESIAN_POINT('',(369.5,-222.5,230.));
#5841=CARTESIAN_POINT('',(369.5,-222.5,230.));
#5842=CARTESIAN_POINT('',(369.5,-222.5,130.));
#5843=CARTESIAN_POINT('Origin',(29.,-222.5,130.));
#5844=CARTESIAN_POINT('',(29.,-222.5,130.));
#5845=CARTESIAN_POINT('',(29.,-222.5,130.));
#5846=CARTESIAN_POINT('',(29.,-222.5,230.));
#5847=CARTESIAN_POINT('',(29.,-222.5,230.));
#5848=CARTESIAN_POINT('',(29.,-222.5,130.));
#5849=CARTESIAN_POINT('Origin',(29.,-122.5,130.));
#5850=CARTESIAN_POINT('',(29.,-122.5,130.));
#5851=CARTESIAN_POINT('',(29.,-122.5,230.));
#5852=CARTESIAN_POINT('Origin',(199.25,-172.5,230.));
#5853=CARTESIAN_POINT('Origin',(199.25,-172.5,130.));
#5854=CARTESIAN_POINT('Origin',(369.5,-122.5,234.));
#5855=CARTESIAN_POINT('',(369.5,-122.5,234.));
#5856=CARTESIAN_POINT('',(29.,-122.5,234.));
#5857=CARTESIAN_POINT('',(369.5,-122.5,234.));
#5858=CARTESIAN_POINT('',(29.,-122.5,334.));
#5859=CARTESIAN_POINT('',(29.,-122.5,234.));
#5860=CARTESIAN_POINT('',(369.5,-122.5,334.));
#5861=CARTESIAN_POINT('',(369.5,-122.5,334.));
#5862=CARTESIAN_POINT('',(369.5,-122.5,234.));
#5863=CARTESIAN_POINT('Origin',(369.5,-222.5,234.));
#5864=CARTESIAN_POINT('',(369.5,-222.5,234.));
#5865=CARTESIAN_POINT('',(369.5,-222.5,234.));
#5866=CARTESIAN_POINT('',(369.5,-222.5,334.));
#5867=CARTESIAN_POINT('',(369.5,-222.5,334.));
#5868=CARTESIAN_POINT('',(369.5,-222.5,234.));
#5869=CARTESIAN_POINT('Origin',(29.,-222.5,234.));
#5870=CARTESIAN_POINT('',(29.,-222.5,234.));
#5871=CARTESIAN_POINT('',(29.,-222.5,234.));
#5872=CARTESIAN_POINT('',(29.,-222.5,334.));
#5873=CARTESIAN_POINT('',(29.,-222.5,334.));
#5874=CARTESIAN_POINT('',(29.,-222.5,234.));
#5875=CARTESIAN_POINT('Origin',(29.,-122.5,234.));
#5876=CARTESIAN_POINT('',(29.,-122.5,234.));
#5877=CARTESIAN_POINT('',(29.,-122.5,334.));
#5878=CARTESIAN_POINT('Origin',(199.25,-172.5,334.));
#5879=CARTESIAN_POINT('Origin',(199.25,-172.5,234.));
#5880=CARTESIAN_POINT('Origin',(369.5,-122.5,338.));
#5881=CARTESIAN_POINT('',(369.5,-122.5,338.));
#5882=CARTESIAN_POINT('',(29.,-122.5,338.));
#5883=CARTESIAN_POINT('',(369.5,-122.5,338.));
#5884=CARTESIAN_POINT('',(29.,-122.5,438.));
#5885=CARTESIAN_POINT('',(29.,-122.5,338.));
#5886=CARTESIAN_POINT('',(369.5,-122.5,438.));
#5887=CARTESIAN_POINT('',(369.5,-122.5,438.));
#5888=CARTESIAN_POINT('',(369.5,-122.5,338.));
#5889=CARTESIAN_POINT('Origin',(369.5,-222.5,338.));
#5890=CARTESIAN_POINT('',(369.5,-222.5,338.));
#5891=CARTESIAN_POINT('',(369.5,-222.5,338.));
#5892=CARTESIAN_POINT('',(369.5,-222.5,438.));
#5893=CARTESIAN_POINT('',(369.5,-222.5,438.));
#5894=CARTESIAN_POINT('',(369.5,-222.5,338.));
#5895=CARTESIAN_POINT('Origin',(29.,-222.5,338.));
#5896=CARTESIAN_POINT('',(29.,-222.5,338.));
#5897=CARTESIAN_POINT('',(29.,-222.5,338.));
#5898=CARTESIAN_POINT('',(29.,-222.5,438.));
#5899=CARTESIAN_POINT('',(29.,-222.5,438.));
#5900=CARTESIAN_POINT('',(29.,-222.5,338.));
#5901=CARTESIAN_POINT('Origin',(29.,-122.5,338.));
#5902=CARTESIAN_POINT('',(29.,-122.5,338.));
#5903=CARTESIAN_POINT('',(29.,-122.5,438.));
#5904=CARTESIAN_POINT('Origin',(199.25,-172.5,438.));
#5905=CARTESIAN_POINT('Origin',(199.25,-172.5,338.));
#5906=CARTESIAN_POINT('Origin',(369.5,-122.5,442.));
#5907=CARTESIAN_POINT('',(369.5,-122.5,442.));
#5908=CARTESIAN_POINT('',(29.,-122.5,442.));
#5909=CARTESIAN_POINT('',(369.5,-122.5,442.));
#5910=CARTESIAN_POINT('',(29.,-122.5,542.));
#5911=CARTESIAN_POINT('',(29.,-122.5,442.));
#5912=CARTESIAN_POINT('',(369.5,-122.5,542.));
#5913=CARTESIAN_POINT('',(369.5,-122.5,542.));
#5914=CARTESIAN_POINT('',(369.5,-122.5,442.));
#5915=CARTESIAN_POINT('Origin',(369.5,-222.5,442.));
#5916=CARTESIAN_POINT('',(369.5,-222.5,442.));
#5917=CARTESIAN_POINT('',(369.5,-222.5,442.));
#5918=CARTESIAN_POINT('',(369.5,-222.5,542.));
#5919=CARTESIAN_POINT('',(369.5,-222.5,542.));
#5920=CARTESIAN_POINT('',(369.5,-222.5,442.));
#5921=CARTESIAN_POINT('Origin',(29.,-222.5,442.));
#5922=CARTESIAN_POINT('',(29.,-222.5,442.));
#5923=CARTESIAN_POINT('',(29.,-222.5,442.));
#5924=CARTESIAN_POINT('',(29.,-222.5,542.));
#5925=CARTESIAN_POINT('',(29.,-222.5,542.));
#5926=CARTESIAN_POINT('',(29.,-222.5,442.));
#5927=CARTESIAN_POINT('Origin',(29.,-122.5,442.));
#5928=CARTESIAN_POINT('',(29.,-122.5,442.));
#5929=CARTESIAN_POINT('',(29.,-122.5,542.));
#5930=CARTESIAN_POINT('Origin',(199.25,-172.5,542.));
#5931=CARTESIAN_POINT('Origin',(199.25,-172.5,442.));
#5932=CARTESIAN_POINT('Origin',(570.25,50.,26.));
#5933=CARTESIAN_POINT('',(570.25,50.,26.));
#5934=CARTESIAN_POINT('',(229.75,50.,26.));
#5935=CARTESIAN_POINT('',(570.25,50.,26.));
#5936=CARTESIAN_POINT('',(229.75,50.,126.));
#5937=CARTESIAN_POINT('',(229.75,50.,26.));
#5938=CARTESIAN_POINT('',(570.25,50.,126.));
#5939=CARTESIAN_POINT('',(570.25,50.,126.));
#5940=CARTESIAN_POINT('',(570.25,50.,26.));
#5941=CARTESIAN_POINT('Origin',(570.25,-50.,26.));
#5942=CARTESIAN_POINT('',(570.25,-50.,26.));
#5943=CARTESIAN_POINT('',(570.25,-50.,26.));
#5944=CARTESIAN_POINT('',(570.25,-50.,126.));
#5945=CARTESIAN_POINT('',(570.25,-50.,126.));
#5946=CARTESIAN_POINT('',(570.25,-50.,26.));
#5947=CARTESIAN_POINT('Origin',(229.75,-50.,26.));
#5948=CARTESIAN_POINT('',(229.75,-50.,26.));
#5949=CARTESIAN_POINT('',(229.75,-50.,26.));
#5950=CARTESIAN_POINT('',(229.75,-50.,126.));
#5951=CARTESIAN_POINT('',(229.75,-50.,126.));
#5952=CARTESIAN_POINT('',(229.75,-50.,26.));
#5953=CARTESIAN_POINT('Origin',(229.75,50.,26.));
#5954=CARTESIAN_POINT('',(229.75,50.,26.));
#5955=CARTESIAN_POINT('',(229.75,50.,126.));
#5956=CARTESIAN_POINT('Origin',(400.,0.,126.));
#5957=CARTESIAN_POINT('Origin',(400.,0.,26.));
#5958=CARTESIAN_POINT('',(0.,0.,0.));
#5959=CARTESIAN_POINT('Origin',(1470.,45.,16.));
#5960=CARTESIAN_POINT('',(1470.,45.,16.));
#5961=CARTESIAN_POINT('',(1370.,45.,16.));
#5962=CARTESIAN_POINT('',(1470.,45.,16.));
#5963=CARTESIAN_POINT('',(1370.,45.,46.));
#5964=CARTESIAN_POINT('',(1370.,45.,16.));
#5965=CARTESIAN_POINT('',(1470.,45.,46.));
#5966=CARTESIAN_POINT('',(1470.,45.,46.));
#5967=CARTESIAN_POINT('',(1470.,45.,16.));
#5968=CARTESIAN_POINT('Origin',(1470.,-45.,16.));
#5969=CARTESIAN_POINT('',(1470.,-45.,16.));
#5970=CARTESIAN_POINT('',(1470.,-45.,16.));
#5971=CARTESIAN_POINT('',(1470.,-45.,46.));
#5972=CARTESIAN_POINT('',(1470.,-45.,46.));
#5973=CARTESIAN_POINT('',(1470.,-45.,16.));
#5974=CARTESIAN_POINT('Origin',(1370.,-45.,16.));
#5975=CARTESIAN_POINT('',(1370.,-45.,16.));
#5976=CARTESIAN_POINT('',(1370.,-45.,16.));
#5977=CARTESIAN_POINT('',(1370.,-45.,46.));
#5978=CARTESIAN_POINT('',(1370.,-45.,46.));
#5979=CARTESIAN_POINT('',(1370.,-45.,16.));
#5980=CARTESIAN_POINT('Origin',(1370.,45.,16.));
#5981=CARTESIAN_POINT('',(1370.,45.,16.));
#5982=CARTESIAN_POINT('',(1370.,45.,46.));
#5983=CARTESIAN_POINT('Origin',(1420.,0.,46.));
#5984=CARTESIAN_POINT('Origin',(1420.,0.,16.));
#5985=CARTESIAN_POINT('Origin',(1470.,45.,-46.));
#5986=CARTESIAN_POINT('',(1470.,45.,-46.));
#5987=CARTESIAN_POINT('',(1370.,45.,-46.));
#5988=CARTESIAN_POINT('',(1470.,45.,-46.));
#5989=CARTESIAN_POINT('',(1370.,45.,-16.));
#5990=CARTESIAN_POINT('',(1370.,45.,-46.));
#5991=CARTESIAN_POINT('',(1470.,45.,-16.));
#5992=CARTESIAN_POINT('',(1470.,45.,-16.));
#5993=CARTESIAN_POINT('',(1470.,45.,-46.));
#5994=CARTESIAN_POINT('Origin',(1470.,-45.,-46.));
#5995=CARTESIAN_POINT('',(1470.,-45.,-46.));
#5996=CARTESIAN_POINT('',(1470.,-45.,-46.));
#5997=CARTESIAN_POINT('',(1470.,-45.,-16.));
#5998=CARTESIAN_POINT('',(1470.,-45.,-16.));
#5999=CARTESIAN_POINT('',(1470.,-45.,-46.));
#6000=CARTESIAN_POINT('Origin',(1370.,-45.,-46.));
#6001=CARTESIAN_POINT('',(1370.,-45.,-46.));
#6002=CARTESIAN_POINT('',(1370.,-45.,-46.));
#6003=CARTESIAN_POINT('',(1370.,-45.,-16.));
#6004=CARTESIAN_POINT('',(1370.,-45.,-16.));
#6005=CARTESIAN_POINT('',(1370.,-45.,-46.));
#6006=CARTESIAN_POINT('Origin',(1370.,45.,-46.));
#6007=CARTESIAN_POINT('',(1370.,45.,-46.));
#6008=CARTESIAN_POINT('',(1370.,45.,-16.));
#6009=CARTESIAN_POINT('Origin',(1420.,0.,-16.));
#6010=CARTESIAN_POINT('Origin',(1420.,0.,-46.));
#6011=CARTESIAN_POINT('Origin',(1490.,45.,-46.));
#6012=CARTESIAN_POINT('',(1490.,45.,-46.));
#6013=CARTESIAN_POINT('',(1470.,45.,-46.));
#6014=CARTESIAN_POINT('',(1490.,45.,-46.));
#6015=CARTESIAN_POINT('',(1470.,45.,46.));
#6016=CARTESIAN_POINT('',(1470.,45.,-46.));
#6017=CARTESIAN_POINT('',(1490.,45.,46.));
#6018=CARTESIAN_POINT('',(1490.,45.,46.));
#6019=CARTESIAN_POINT('',(1490.,45.,-46.));
#6020=CARTESIAN_POINT('Origin',(1490.,-45.,-46.));
#6021=CARTESIAN_POINT('',(1490.,-45.,-46.));
#6022=CARTESIAN_POINT('',(1490.,-45.,-46.));
#6023=CARTESIAN_POINT('',(1490.,-45.,46.));
#6024=CARTESIAN_POINT('',(1490.,-45.,46.));
#6025=CARTESIAN_POINT('',(1490.,-45.,-46.));
#6026=CARTESIAN_POINT('Origin',(1470.,-45.,-46.));
#6027=CARTESIAN_POINT('',(1470.,-45.,-46.));
#6028=CARTESIAN_POINT('',(1470.,-45.,-46.));
#6029=CARTESIAN_POINT('',(1470.,-45.,46.));
#6030=CARTESIAN_POINT('',(1470.,-45.,46.));
#6031=CARTESIAN_POINT('',(1470.,-45.,-46.));
#6032=CARTESIAN_POINT('Origin',(1470.,45.,-46.));
#6033=CARTESIAN_POINT('',(1470.,45.,-46.));
#6034=CARTESIAN_POINT('',(1470.,45.,46.));
#6035=CARTESIAN_POINT('Origin',(1480.,0.,46.));
#6036=CARTESIAN_POINT('Origin',(1480.,0.,-46.));
#6037=CARTESIAN_POINT('',(0.,0.,0.));
#6038=CARTESIAN_POINT('Origin',(0.,250.,-200.));
#6039=CARTESIAN_POINT('',(0.,250.,-200.));
#6040=CARTESIAN_POINT('',(-25.,250.,-200.));
#6041=CARTESIAN_POINT('',(0.,250.,-200.));
#6042=CARTESIAN_POINT('',(-25.,250.,200.));
#6043=CARTESIAN_POINT('',(-25.,250.,-200.));
#6044=CARTESIAN_POINT('',(0.,250.,200.));
#6045=CARTESIAN_POINT('',(0.,250.,200.));
#6046=CARTESIAN_POINT('',(0.,250.,-200.));
#6047=CARTESIAN_POINT('Origin',(0.,-250.,-200.));
#6048=CARTESIAN_POINT('',(0.,-250.,-200.));
#6049=CARTESIAN_POINT('',(0.,-250.,-200.));
#6050=CARTESIAN_POINT('',(0.,-250.,200.));
#6051=CARTESIAN_POINT('',(0.,-250.,200.));
#6052=CARTESIAN_POINT('',(0.,-250.,-200.));
#6053=CARTESIAN_POINT('Origin',(-25.,-250.,-200.));
#6054=CARTESIAN_POINT('',(-25.,-250.,-200.));
#6055=CARTESIAN_POINT('',(-25.,-250.,-200.));
#6056=CARTESIAN_POINT('',(-25.,-250.,200.));
#6057=CARTESIAN_POINT('',(-25.,-250.,200.));
#6058=CARTESIAN_POINT('',(-25.,-250.,-200.));
#6059=CARTESIAN_POINT('Origin',(-25.,250.,-200.));
#6060=CARTESIAN_POINT('',(-25.,250.,-200.));
#6061=CARTESIAN_POINT('',(-25.,250.,200.));
#6062=CARTESIAN_POINT('Origin',(-12.5,0.,200.));
#6063=CARTESIAN_POINT('Origin',(-12.5,0.,-200.));
#6064=CARTESIAN_POINT('',(0.,0.,0.));
#6065=CARTESIAN_POINT('',(0.,0.,0.));
#6066=CARTESIAN_POINT('',(0.,0.,0.));
#6067=CARTESIAN_POINT('',(0.,0.,0.));
#6068=CARTESIAN_POINT('',(0.,0.,0.));
#6069=CARTESIAN_POINT('',(0.,0.,0.));
#6070=CARTESIAN_POINT('',(0.,0.,0.));
#6071=CARTESIAN_POINT('',(0.,0.,0.));
#6072=CARTESIAN_POINT('',(0.,0.,0.));
#6073=UNCERTAINTY_MEASURE_WITH_UNIT(LENGTH_MEASURE(0.01),#6093,
'DISTANCE_ACCURACY_VALUE',
'Maximum model space distance between geometric entities at asserted c
onnectivities');
#6074=UNCERTAINTY_MEASURE_WITH_UNIT(LENGTH_MEASURE(0.01),#6093,
'DISTANCE_ACCURACY_VALUE',
'Maximum model space distance between geometric entities at asserted c
onnectivities');
#6075=UNCERTAINTY_MEASURE_WITH_UNIT(LENGTH_MEASURE(0.01),#6093,
'DISTANCE_ACCURACY_VALUE',
'Maximum model space distance between geometric entities at asserted c
onnectivities');
#6076=UNCERTAINTY_MEASURE_WITH_UNIT(LENGTH_MEASURE(0.01),#6093,
'DISTANCE_ACCURACY_VALUE',
'Maximum model space distance between geometric entities at asserted c
onnectivities');
#6077=UNCERTAINTY_MEASURE_WITH_UNIT(LENGTH_MEASURE(0.01),#6093,
'DISTANCE_ACCURACY_VALUE',
'Maximum model space distance between geometric entities at asserted c
onnectivities');
#6078=UNCERTAINTY_MEASURE_WITH_UNIT(LENGTH_MEASURE(0.01),#6093,
'DISTANCE_ACCURACY_VALUE',
'Maximum model space distance between geometric entities at asserted c
onnectivities');
#6079=UNCERTAINTY_MEASURE_WITH_UNIT(LENGTH_MEASURE(0.01),#6093,
'DISTANCE_ACCURACY_VALUE',
'Maximum model space distance between geometric entities at asserted c
onnectivities');
#6080=UNCERTAINTY_MEASURE_WITH_UNIT(LENGTH_MEASURE(0.01),#6093,
'DISTANCE_ACCURACY_VALUE',
'Maximum model space distance between geometric entities at asserted c
onnectivities');
#6081=UNCERTAINTY_MEASURE_WITH_UNIT(LENGTH_MEASURE(0.01),#6093,
'DISTANCE_ACCURACY_VALUE',
'Maximum model space distance between geometric entities at asserted c
onnectivities');
#6082=UNCERTAINTY_MEASURE_WITH_UNIT(LENGTH_MEASURE(0.01),#6093,
'DISTANCE_ACCURACY_VALUE',
'Maximum model space distance between geometric entities at asserted c
onnectivities');
#6083=(
GEOMETRIC_REPRESENTATION_CONTEXT(3)
GLOBAL_UNCERTAINTY_ASSIGNED_CONTEXT((#6073))
GLOBAL_UNIT_ASSIGNED_CONTEXT((#6093,#6095,#6096))
REPRESENTATION_CONTEXT('','3D')
);
#6084=(
GEOMETRIC_REPRESENTATION_CONTEXT(3)
GLOBAL_UNCERTAINTY_ASSIGNED_CONTEXT((#6074))
GLOBAL_UNIT_ASSIGNED_CONTEXT((#6093,#6095,#6096))
REPRESENTATION_CONTEXT('','3D')
);
#6085=(
GEOMETRIC_REPRESENTATION_CONTEXT(3)
GLOBAL_UNCERTAINTY_ASSIGNED_CONTEXT((#6075))
GLOBAL_UNIT_ASSIGNED_CONTEXT((#6093,#6095,#6096))
REPRESENTATION_CONTEXT('','3D')
);
#6086=(
GEOMETRIC_REPRESENTATION_CONTEXT(3)
GLOBAL_UNCERTAINTY_ASSIGNED_CONTEXT((#6076))
GLOBAL_UNIT_ASSIGNED_CONTEXT((#6093,#6095,#6096))
REPRESENTATION_CONTEXT('','3D')
);
#6087=(
GEOMETRIC_REPRESENTATION_CONTEXT(3)
GLOBAL_UNCERTAINTY_ASSIGNED_CONTEXT((#6077))
GLOBAL_UNIT_ASSIGNED_CONTEXT((#6093,#6095,#6096))
REPRESENTATION_CONTEXT('','3D')
);
#6088=(
GEOMETRIC_REPRESENTATION_CONTEXT(3)
GLOBAL_UNCERTAINTY_ASSIGNED_CONTEXT((#6078))
GLOBAL_UNIT_ASSIGNED_CONTEXT((#6093,#6095,#6096))
REPRESENTATION_CONTEXT('','3D')
);
#6089=(
GEOMETRIC_REPRESENTATION_CONTEXT(3)
GLOBAL_UNCERTAINTY_ASSIGNED_CONTEXT((#6079))
GLOBAL_UNIT_ASSIGNED_CONTEXT((#6093,#6095,#6096))
REPRESENTATION_CONTEXT('','3D')
);
#6090=(
GEOMETRIC_REPRESENTATION_CONTEXT(3)
GLOBAL_UNCERTAINTY_ASSIGNED_CONTEXT((#6080))
GLOBAL_UNIT_ASSIGNED_CONTEXT((#6093,#6095,#6096))
REPRESENTATION_CONTEXT('','3D')
);
#6091=(
GEOMETRIC_REPRESENTATION_CONTEXT(3)
GLOBAL_UNCERTAINTY_ASSIGNED_CONTEXT((#6081))
GLOBAL_UNIT_ASSIGNED_CONTEXT((#6093,#6095,#6096))
REPRESENTATION_CONTEXT('','3D')
);
#6092=(
GEOMETRIC_REPRESENTATION_CONTEXT(3)
GLOBAL_UNCERTAINTY_ASSIGNED_CONTEXT((#6082))
GLOBAL_UNIT_ASSIGNED_CONTEXT((#6093,#6095,#6096))
REPRESENTATION_CONTEXT('','3D')
);
#6093=(
LENGTH_UNIT()
NAMED_UNIT(*)
SI_UNIT(.MILLI.,.METRE.)
);
#6094=(
LENGTH_UNIT()
NAMED_UNIT(*)
SI_UNIT($,.METRE.)
);
#6095=(
NAMED_UNIT(*)
PLANE_ANGLE_UNIT()
SI_UNIT($,.RADIAN.)
);
#6096=(
NAMED_UNIT(*)
SI_UNIT($,.STERADIAN.)
SOLID_ANGLE_UNIT()
);
#6097=SHAPE_DEFINITION_REPRESENTATION(#6106,#6123);
#6098=SHAPE_DEFINITION_REPRESENTATION(#6107,#6124);
#6099=SHAPE_DEFINITION_REPRESENTATION(#6108,#6125);
#6100=SHAPE_DEFINITION_REPRESENTATION(#6109,#6126);
#6101=SHAPE_DEFINITION_REPRESENTATION(#6110,#6127);
#6102=SHAPE_DEFINITION_REPRESENTATION(#6111,#6128);
#6103=SHAPE_DEFINITION_REPRESENTATION(#6112,#6129);
#6104=SHAPE_DEFINITION_REPRESENTATION(#6113,#6130);
#6105=SHAPE_DEFINITION_REPRESENTATION(#6114,#6131);
#6106=PRODUCT_DEFINITION_SHAPE('',$,#6133);
#6107=PRODUCT_DEFINITION_SHAPE('',$,#6134);
#6108=PRODUCT_DEFINITION_SHAPE('',$,#6135);
#6109=PRODUCT_DEFINITION_SHAPE('',$,#6136);
#6110=PRODUCT_DEFINITION_SHAPE('',$,#6137);
#6111=PRODUCT_DEFINITION_SHAPE('',$,#6138);
#6112=PRODUCT_DEFINITION_SHAPE('',$,#6139);
#6113=PRODUCT_DEFINITION_SHAPE('',$,#6140);
#6114=PRODUCT_DEFINITION_SHAPE('',$,#6141);
#6115=PRODUCT_DEFINITION_SHAPE($,$,#35);
#6116=PRODUCT_DEFINITION_SHAPE($,$,#36);
#6117=PRODUCT_DEFINITION_SHAPE($,$,#37);
#6118=PRODUCT_DEFINITION_SHAPE($,$,#38);
#6119=PRODUCT_DEFINITION_SHAPE($,$,#39);
#6120=PRODUCT_DEFINITION_SHAPE($,$,#40);
#6121=PRODUCT_DEFINITION_SHAPE($,$,#41);
#6122=PRODUCT_DEFINITION_SHAPE($,$,#42);
#6123=SHAPE_REPRESENTATION('',(#3837,#4076,#4077,#4078,#4079,#4080,#4081,
#4082,#4083),#6083);
#6124=SHAPE_REPRESENTATION('',(#3838),#6084);
#6125=SHAPE_REPRESENTATION('',(#3859),#6085);
#6126=SHAPE_REPRESENTATION('',(#3866),#6086);
#6127=SHAPE_REPRESENTATION('',(#3915),#6087);
#6128=SHAPE_REPRESENTATION('',(#3976),#6088);
#6129=SHAPE_REPRESENTATION('',(#4049),#6089);
#6130=SHAPE_REPRESENTATION('',(#4068),#6090);
#6131=SHAPE_REPRESENTATION('',(#4075),#6091);
#6132=PRODUCT_DEFINITION_CONTEXT('part definition',#6161,'design');
#6133=PRODUCT_DEFINITION('EMOCD_Deployer_Assembly_v1',
'EMOCD_Deployer_Assembly_v1 v1',#6142,#6132);
#6134=PRODUCT_DEFINITION('01_Track','01_Track',#6143,#6132);
#6135=PRODUCT_DEFINITION('02_Stator','02_Stator',#6144,#6132);
#6136=PRODUCT_DEFINITION('03_Sled','03_Sled',#6145,#6132);
#6137=PRODUCT_DEFINITION('04_Cassettes','04_Cassettes',#6146,#6132);
#6138=PRODUCT_DEFINITION('05_Payload','05_Payload',#6147,#6132);
#6139=PRODUCT_DEFINITION('06_Brake','06_Brake',#6148,#6132);
#6140=PRODUCT_DEFINITION('07_Interface','07_Interface',#6149,#6132);
#6141=PRODUCT_DEFINITION('08_Annotation','08_Annotation',#6150,#6132);
#6142=PRODUCT_DEFINITION_FORMATION('',$,#6163);
#6143=PRODUCT_DEFINITION_FORMATION('',$,#6164);
#6144=PRODUCT_DEFINITION_FORMATION('',$,#6165);
#6145=PRODUCT_DEFINITION_FORMATION('',$,#6166);
#6146=PRODUCT_DEFINITION_FORMATION('',$,#6167);
#6147=PRODUCT_DEFINITION_FORMATION('',$,#6168);
#6148=PRODUCT_DEFINITION_FORMATION('',$,#6169);
#6149=PRODUCT_DEFINITION_FORMATION('',$,#6170);
#6150=PRODUCT_DEFINITION_FORMATION('',$,#6171);
#6151=PRODUCT_RELATED_PRODUCT_CATEGORY('EMOCD_Deployer_Assembly_v1 v1',
'EMOCD_Deployer_Assembly_v1 v1',(#6163));
#6152=PRODUCT_RELATED_PRODUCT_CATEGORY('01_Track','01_Track',(#6164));
#6153=PRODUCT_RELATED_PRODUCT_CATEGORY('02_Stator','02_Stator',(#6165));
#6154=PRODUCT_RELATED_PRODUCT_CATEGORY('03_Sled','03_Sled',(#6166));
#6155=PRODUCT_RELATED_PRODUCT_CATEGORY('04_Cassettes','04_Cassettes',(#6167));
#6156=PRODUCT_RELATED_PRODUCT_CATEGORY('05_Payload','05_Payload',(#6168));
#6157=PRODUCT_RELATED_PRODUCT_CATEGORY('06_Brake','06_Brake',(#6169));
#6158=PRODUCT_RELATED_PRODUCT_CATEGORY('07_Interface','07_Interface',(#6170));
#6159=PRODUCT_RELATED_PRODUCT_CATEGORY('08_Annotation','08_Annotation',
(#6171));
#6160=APPLICATION_PROTOCOL_DEFINITION('international standard',
'automotive_design',2009,#6161);
#6161=APPLICATION_CONTEXT(
'Core Data for Automotive Mechanical Design Process');
#6162=PRODUCT_CONTEXT('part definition',#6161,'mechanical');
#6163=PRODUCT('EMOCD_Deployer_Assembly_v1',
'EMOCD_Deployer_Assembly_v1 v1',$,(#6162));
#6164=PRODUCT('01_Track','01_Track',$,(#6162));
#6165=PRODUCT('02_Stator','02_Stator',$,(#6162));
#6166=PRODUCT('03_Sled','03_Sled',$,(#6162));
#6167=PRODUCT('04_Cassettes','04_Cassettes',$,(#6162));
#6168=PRODUCT('05_Payload','05_Payload',$,(#6162));
#6169=PRODUCT('06_Brake','06_Brake',$,(#6162));
#6170=PRODUCT('07_Interface','07_Interface',$,(#6162));
#6171=PRODUCT('08_Annotation','08_Annotation',$,(#6162));
#6172=PRESENTATION_STYLE_ASSIGNMENT((#6182));
#6173=PRESENTATION_STYLE_ASSIGNMENT((#6183));
#6174=PRESENTATION_STYLE_ASSIGNMENT((#6184));
#6175=PRESENTATION_STYLE_ASSIGNMENT((#6185));
#6176=PRESENTATION_STYLE_ASSIGNMENT((#6186));
#6177=PRESENTATION_STYLE_ASSIGNMENT((#6187));
#6178=PRESENTATION_STYLE_ASSIGNMENT((#6188));
#6179=PRESENTATION_STYLE_ASSIGNMENT((#6189));
#6180=PRESENTATION_STYLE_ASSIGNMENT((#6190));
#6181=PRESENTATION_STYLE_ASSIGNMENT((#6191));
#6182=SURFACE_STYLE_USAGE(.BOTH.,#6192);
#6183=SURFACE_STYLE_USAGE(.BOTH.,#6193);
#6184=SURFACE_STYLE_USAGE(.BOTH.,#6194);
#6185=SURFACE_STYLE_USAGE(.BOTH.,#6195);
#6186=SURFACE_STYLE_USAGE(.BOTH.,#6196);
#6187=SURFACE_STYLE_USAGE(.BOTH.,#6197);
#6188=SURFACE_STYLE_USAGE(.BOTH.,#6198);
#6189=SURFACE_STYLE_USAGE(.BOTH.,#6199);
#6190=SURFACE_STYLE_USAGE(.BOTH.,#6200);
#6191=SURFACE_STYLE_USAGE(.BOTH.,#6201);
#6192=SURFACE_SIDE_STYLE('',(#6202));
#6193=SURFACE_SIDE_STYLE('',(#6203));
#6194=SURFACE_SIDE_STYLE('',(#6204));
#6195=SURFACE_SIDE_STYLE('',(#6205));
#6196=SURFACE_SIDE_STYLE('',(#6206));
#6197=SURFACE_SIDE_STYLE('',(#6207));
#6198=SURFACE_SIDE_STYLE('',(#6208));
#6199=SURFACE_SIDE_STYLE('',(#6209));
#6200=SURFACE_SIDE_STYLE('',(#6210));
#6201=SURFACE_SIDE_STYLE('',(#6211));
#6202=SURFACE_STYLE_FILL_AREA(#6212);
#6203=SURFACE_STYLE_FILL_AREA(#6213);
#6204=SURFACE_STYLE_FILL_AREA(#6214);
#6205=SURFACE_STYLE_FILL_AREA(#6215);
#6206=SURFACE_STYLE_FILL_AREA(#6216);
#6207=SURFACE_STYLE_FILL_AREA(#6217);
#6208=SURFACE_STYLE_FILL_AREA(#6218);
#6209=SURFACE_STYLE_FILL_AREA(#6219);
#6210=SURFACE_STYLE_FILL_AREA(#6220);
#6211=SURFACE_STYLE_FILL_AREA(#6221);
#6212=FILL_AREA_STYLE('Steel - Satin',(#6222));
#6213=FILL_AREA_STYLE('Aluminum - Anodized Rough (Grey)',(#6223));
#6214=FILL_AREA_STYLE('Copper - Raw',(#6224));
#6215=FILL_AREA_STYLE('Paint - Enamel Glossy (Red)',(#6225));
#6216=FILL_AREA_STYLE('Titanium - Satin',(#6226));
#6217=FILL_AREA_STYLE('Copper - Polished',(#6227));
#6218=FILL_AREA_STYLE('Aluminum - Anodized Glossy (Blue)',(#6228));
#6219=FILL_AREA_STYLE('Gold - Polished',(#6229));
#6220=FILL_AREA_STYLE('Stainless Steel - Satin',(#6230));
#6221=FILL_AREA_STYLE('Paint - Enamel Glossy (Dark Grey)',(#6231));
#6222=FILL_AREA_STYLE_COLOUR('Steel - Satin',#6232);
#6223=FILL_AREA_STYLE_COLOUR('Aluminum - Anodized Rough (Grey)',#6233);
#6224=FILL_AREA_STYLE_COLOUR('Copper - Raw',#6234);
#6225=FILL_AREA_STYLE_COLOUR('Paint - Enamel Glossy (Red)',#6235);
#6226=FILL_AREA_STYLE_COLOUR('Titanium - Satin',#6236);
#6227=FILL_AREA_STYLE_COLOUR('Copper - Polished',#6237);
#6228=FILL_AREA_STYLE_COLOUR('Aluminum - Anodized Glossy (Blue)',#6238);
#6229=FILL_AREA_STYLE_COLOUR('Gold - Polished',#6239);
#6230=FILL_AREA_STYLE_COLOUR('Stainless Steel - Satin',#6240);
#6231=FILL_AREA_STYLE_COLOUR('Paint - Enamel Glossy (Dark Grey)',#6241);
#6232=COLOUR_RGB('Steel - Satin',0.627450980392157,0.627450980392157,0.627450980392157);
#6233=COLOUR_RGB('Aluminum - Anodized Rough (Grey)',0.537254901960784,0.537254901960784,
0.537254901960784);
#6234=COLOUR_RGB('Copper - Raw',0.,0.,0.);
#6235=COLOUR_RGB('Paint - Enamel Glossy (Red)',0.768627450980392,0.207843137254902,
0.152941176470588);
#6236=COLOUR_RGB('Titanium - Satin',0.858823529411765,0.847058823529412,
0.827450980392157);
#6237=COLOUR_RGB('Copper - Polished',0.929411764705882,0.807843137254902,
0.764705882352941);
#6238=COLOUR_RGB('Aluminum - Anodized Glossy (Blue)',0.349019607843137,
0.584313725490196,0.854901960784314);
#6239=COLOUR_RGB('Gold - Polished',0.956862745098039,0.898039215686275,
0.654901960784314);
#6240=COLOUR_RGB('Stainless Steel - Satin',0.796078431372549,0.796078431372549,
0.796078431372549);
#6241=COLOUR_RGB('Paint - Enamel Glossy (Dark Grey)',0.349019607843137,
0.349019607843137,0.349019607843137);
ENDSEC;
END-ISO-10303-21;
