ISO-10303-21;
HEADER;
/* Generated by software containing ST-Developer
 * from STEP Tools, Inc. (www.steptools.com) 
 */

FILE_DESCRIPTION(
/* description */ (''),
/* implementation_level */ '2;1');

FILE_NAME(
/* name */ 'EMOCD_Assembly_Gen1.step',
/* time_stamp */ '2026-07-28T19:10:00+05:30',
/* author */ (''),
/* organization */ (''),
/* preprocessor_version */ 'ST-DEVELOPER v20.1',
/* originating_system */ 'Autodesk Translation Framework v15.8.0.0',
/* authorisation */ '');

FILE_SCHEMA (('AUTOMOTIVE_DESIGN { 1 0 10303 214 3 1 1 }'));
ENDSEC;

DATA;
#10=MECHANICAL_DESIGN_GEOMETRIC_PRESENTATION_REPRESENTATION('',(#36,#37,
#38,#39,#40,#41,#42,#43,#44,#45,#46,#47,#48,#49,#50,#51,#52,#53,#54,#55,
#56,#57,#58,#59,#60,#61,#62,#63,#64,#65,#66,#67,#68,#69,#70,#71,#72,#73,
#74,#75,#76,#77,#78),#5982);
#11=SHAPE_REPRESENTATION_RELATIONSHIP('SRR','None',#5989,#12);
#12=ADVANCED_BREP_SHAPE_REPRESENTATION('',(#79,#80,#81,#82,#83,#84,#85,
#86,#87,#88,#89,#90,#91,#92,#93,#94,#95,#96,#97,#98,#99,#100,#101,#102,
#103,#104,#105,#106,#107,#108,#109,#110,#111,#112,#113,#114,#115,#116,#117,
#118,#119,#120,#121),#5981);
#13=FACE_BOUND('',#498,.T.);
#14=FACE_BOUND('',#500,.T.);
#15=CIRCLE('',#3841,15.);
#16=CIRCLE('',#3842,15.);
#17=CIRCLE('',#3846,15.);
#18=CIRCLE('',#3847,15.);
#19=CIRCLE('',#3851,15.);
#20=CIRCLE('',#3852,15.);
#21=CIRCLE('',#3856,15.);
#22=CIRCLE('',#3857,15.);
#23=CIRCLE('',#3885,170.);
#24=CIRCLE('',#3886,170.);
#25=CIRCLE('',#3888,230.);
#26=CIRCLE('',#3889,230.);
#27=CIRCLE('',#3893,150.);
#28=CIRCLE('',#3894,150.);
#29=CYLINDRICAL_SURFACE('',#3840,15.);
#30=CYLINDRICAL_SURFACE('',#3845,15.);
#31=CYLINDRICAL_SURFACE('',#3850,15.);
#32=CYLINDRICAL_SURFACE('',#3855,15.);
#33=CYLINDRICAL_SURFACE('',#3884,170.);
#34=CYLINDRICAL_SURFACE('',#3887,230.);
#35=CYLINDRICAL_SURFACE('',#3892,150.);
#36=STYLED_ITEM('',(#5998),#79);
#37=STYLED_ITEM('',(#5998),#80);
#38=STYLED_ITEM('',(#5998),#81);
#39=STYLED_ITEM('',(#5998),#82);
#40=STYLED_ITEM('',(#5998),#83);
#41=STYLED_ITEM('',(#5998),#84);
#42=STYLED_ITEM('',(#5998),#85);
#43=STYLED_ITEM('',(#5998),#86);
#44=STYLED_ITEM('',(#5998),#87);
#45=STYLED_ITEM('',(#5998),#88);
#46=STYLED_ITEM('',(#5998),#89);
#47=STYLED_ITEM('',(#5998),#90);
#48=STYLED_ITEM('',(#5998),#91);
#49=STYLED_ITEM('',(#5998),#92);
#50=STYLED_ITEM('',(#5998),#93);
#51=STYLED_ITEM('',(#5998),#94);
#52=STYLED_ITEM('',(#5998),#95);
#53=STYLED_ITEM('',(#5998),#96);
#54=STYLED_ITEM('',(#5998),#97);
#55=STYLED_ITEM('',(#5998),#98);
#56=STYLED_ITEM('',(#5998),#99);
#57=STYLED_ITEM('',(#5998),#100);
#58=STYLED_ITEM('',(#5998),#101);
#59=STYLED_ITEM('',(#5998),#102);
#60=STYLED_ITEM('',(#5998),#103);
#61=STYLED_ITEM('',(#5998),#104);
#62=STYLED_ITEM('',(#5998),#105);
#63=STYLED_ITEM('',(#5998),#106);
#64=STYLED_ITEM('',(#5998),#107);
#65=STYLED_ITEM('',(#5998),#108);
#66=STYLED_ITEM('',(#5998),#109);
#67=STYLED_ITEM('',(#5998),#110);
#68=STYLED_ITEM('',(#5998),#111);
#69=STYLED_ITEM('',(#5998),#112);
#70=STYLED_ITEM('',(#5998),#113);
#71=STYLED_ITEM('',(#5998),#114);
#72=STYLED_ITEM('',(#5998),#115);
#73=STYLED_ITEM('',(#5998),#116);
#74=STYLED_ITEM('',(#5998),#117);
#75=STYLED_ITEM('',(#5998),#118);
#76=STYLED_ITEM('',(#5998),#119);
#77=STYLED_ITEM('',(#5998),#120);
#78=STYLED_ITEM('',(#5998),#121);
#79=MANIFOLD_SOLID_BREP('Track_Longeron_P',#3688);
#80=MANIFOLD_SOLID_BREP('Track_GuideRail_P_Lo',#3689);
#81=MANIFOLD_SOLID_BREP('Track_GuideRail_P_Hi',#3690);
#82=MANIFOLD_SOLID_BREP('Track_Longeron_S',#3691);
#83=MANIFOLD_SOLID_BREP('Track_GuideRail_S_Lo',#3692);
#84=MANIFOLD_SOLID_BREP('Track_GuideRail_S_Hi',#3693);
#85=MANIFOLD_SOLID_BREP('Track_LaunchLock_P',#3694);
#86=MANIFOLD_SOLID_BREP('Track_LaunchLock_S',#3695);
#87=MANIFOLD_SOLID_BREP('Stator_TopWinding',#3696);
#88=MANIFOLD_SOLID_BREP('Stator_BottomWinding',#3697);
#89=MANIFOLD_SOLID_BREP('Sled_TopPlate',#3698);
#90=MANIFOLD_SOLID_BREP('Sled_BotPlate',#3699);
#91=MANIFOLD_SOLID_BREP('Sled_WebP',#3700);
#92=MANIFOLD_SOLID_BREP('Sled_WebS',#3701);
#93=MANIFOLD_SOLID_BREP('Sled_HalbachTop',#3702);
#94=MANIFOLD_SOLID_BREP('Sled_HalbachBot',#3703);
#95=MANIFOLD_SOLID_BREP('Sled_Roller_P_119',#3704);
#96=MANIFOLD_SOLID_BREP('Sled_Roller_S_119',#3705);
#97=MANIFOLD_SOLID_BREP('Sled_Roller_P_369',#3706);
#98=MANIFOLD_SOLID_BREP('Sled_Roller_S_369',#3707);
#99=MANIFOLD_SOLID_BREP('Magazine_P',#3708);
#100=MANIFOLD_SOLID_BREP('Magazine_S',#3709);
#101=MANIFOLD_SOLID_BREP('Brake_TopPole',#3710);
#102=MANIFOLD_SOLID_BREP('Brake_BotPole',#3711);
#103=MANIFOLD_SOLID_BREP('ESPA_Flange',#3712);
#104=MANIFOLD_SOLID_BREP('ESPA_Hub',#3713);
#105=MANIFOLD_SOLID_BREP('CubeSat_P_1',#3714);
#106=MANIFOLD_SOLID_BREP('CubeSat_P_2',#3715);
#107=MANIFOLD_SOLID_BREP('CubeSat_P_3',#3716);
#108=MANIFOLD_SOLID_BREP('CubeSat_P_4',#3717);
#109=MANIFOLD_SOLID_BREP('CubeSat_P_5',#3718);
#110=MANIFOLD_SOLID_BREP('CubeSat_P_6',#3719);
#111=MANIFOLD_SOLID_BREP('CubeSat_S_1',#3720);
#112=MANIFOLD_SOLID_BREP('CubeSat_S_2',#3721);
#113=MANIFOLD_SOLID_BREP('CubeSat_S_3',#3722);
#114=MANIFOLD_SOLID_BREP('CubeSat_S_4',#3723);
#115=MANIFOLD_SOLID_BREP('CubeSat_S_5',#3724);
#116=MANIFOLD_SOLID_BREP('CubeSat_S_6',#3725);
#117=MANIFOLD_SOLID_BREP('Enclosure_TopSkin',#3726);
#118=MANIFOLD_SOLID_BREP('Enclosure_BotSkin',#3727);
#119=MANIFOLD_SOLID_BREP('Enclosure_PortSkin',#3728);
#120=MANIFOLD_SOLID_BREP('Enclosure_StbdSkin',#3729);
#121=MANIFOLD_SOLID_BREP('Enclosure_Radiator',#3730);
#122=FACE_OUTER_BOUND('',#363,.T.);
#123=FACE_OUTER_BOUND('',#364,.T.);
#124=FACE_OUTER_BOUND('',#365,.T.);
#125=FACE_OUTER_BOUND('',#366,.T.);
#126=FACE_OUTER_BOUND('',#367,.T.);
#127=FACE_OUTER_BOUND('',#368,.T.);
#128=FACE_OUTER_BOUND('',#369,.T.);
#129=FACE_OUTER_BOUND('',#370,.T.);
#130=FACE_OUTER_BOUND('',#371,.T.);
#131=FACE_OUTER_BOUND('',#372,.T.);
#132=FACE_OUTER_BOUND('',#373,.T.);
#133=FACE_OUTER_BOUND('',#374,.T.);
#134=FACE_OUTER_BOUND('',#375,.T.);
#135=FACE_OUTER_BOUND('',#376,.T.);
#136=FACE_OUTER_BOUND('',#377,.T.);
#137=FACE_OUTER_BOUND('',#378,.T.);
#138=FACE_OUTER_BOUND('',#379,.T.);
#139=FACE_OUTER_BOUND('',#380,.T.);
#140=FACE_OUTER_BOUND('',#381,.T.);
#141=FACE_OUTER_BOUND('',#382,.T.);
#142=FACE_OUTER_BOUND('',#383,.T.);
#143=FACE_OUTER_BOUND('',#384,.T.);
#144=FACE_OUTER_BOUND('',#385,.T.);
#145=FACE_OUTER_BOUND('',#386,.T.);
#146=FACE_OUTER_BOUND('',#387,.T.);
#147=FACE_OUTER_BOUND('',#388,.T.);
#148=FACE_OUTER_BOUND('',#389,.T.);
#149=FACE_OUTER_BOUND('',#390,.T.);
#150=FACE_OUTER_BOUND('',#391,.T.);
#151=FACE_OUTER_BOUND('',#392,.T.);
#152=FACE_OUTER_BOUND('',#393,.T.);
#153=FACE_OUTER_BOUND('',#394,.T.);
#154=FACE_OUTER_BOUND('',#395,.T.);
#155=FACE_OUTER_BOUND('',#396,.T.);
#156=FACE_OUTER_BOUND('',#397,.T.);
#157=FACE_OUTER_BOUND('',#398,.T.);
#158=FACE_OUTER_BOUND('',#399,.T.);
#159=FACE_OUTER_BOUND('',#400,.T.);
#160=FACE_OUTER_BOUND('',#401,.T.);
#161=FACE_OUTER_BOUND('',#402,.T.);
#162=FACE_OUTER_BOUND('',#403,.T.);
#163=FACE_OUTER_BOUND('',#404,.T.);
#164=FACE_OUTER_BOUND('',#405,.T.);
#165=FACE_OUTER_BOUND('',#406,.T.);
#166=FACE_OUTER_BOUND('',#407,.T.);
#167=FACE_OUTER_BOUND('',#408,.T.);
#168=FACE_OUTER_BOUND('',#409,.T.);
#169=FACE_OUTER_BOUND('',#410,.T.);
#170=FACE_OUTER_BOUND('',#411,.T.);
#171=FACE_OUTER_BOUND('',#412,.T.);
#172=FACE_OUTER_BOUND('',#413,.T.);
#173=FACE_OUTER_BOUND('',#414,.T.);
#174=FACE_OUTER_BOUND('',#415,.T.);
#175=FACE_OUTER_BOUND('',#416,.T.);
#176=FACE_OUTER_BOUND('',#417,.T.);
#177=FACE_OUTER_BOUND('',#418,.T.);
#178=FACE_OUTER_BOUND('',#419,.T.);
#179=FACE_OUTER_BOUND('',#420,.T.);
#180=FACE_OUTER_BOUND('',#421,.T.);
#181=FACE_OUTER_BOUND('',#422,.T.);
#182=FACE_OUTER_BOUND('',#423,.T.);
#183=FACE_OUTER_BOUND('',#424,.T.);
#184=FACE_OUTER_BOUND('',#425,.T.);
#185=FACE_OUTER_BOUND('',#426,.T.);
#186=FACE_OUTER_BOUND('',#427,.T.);
#187=FACE_OUTER_BOUND('',#428,.T.);
#188=FACE_OUTER_BOUND('',#429,.T.);
#189=FACE_OUTER_BOUND('',#430,.T.);
#190=FACE_OUTER_BOUND('',#431,.T.);
#191=FACE_OUTER_BOUND('',#432,.T.);
#192=FACE_OUTER_BOUND('',#433,.T.);
#193=FACE_OUTER_BOUND('',#434,.T.);
#194=FACE_OUTER_BOUND('',#435,.T.);
#195=FACE_OUTER_BOUND('',#436,.T.);
#196=FACE_OUTER_BOUND('',#437,.T.);
#197=FACE_OUTER_BOUND('',#438,.T.);
#198=FACE_OUTER_BOUND('',#439,.T.);
#199=FACE_OUTER_BOUND('',#440,.T.);
#200=FACE_OUTER_BOUND('',#441,.T.);
#201=FACE_OUTER_BOUND('',#442,.T.);
#202=FACE_OUTER_BOUND('',#443,.T.);
#203=FACE_OUTER_BOUND('',#444,.T.);
#204=FACE_OUTER_BOUND('',#445,.T.);
#205=FACE_OUTER_BOUND('',#446,.T.);
#206=FACE_OUTER_BOUND('',#447,.T.);
#207=FACE_OUTER_BOUND('',#448,.T.);
#208=FACE_OUTER_BOUND('',#449,.T.);
#209=FACE_OUTER_BOUND('',#450,.T.);
#210=FACE_OUTER_BOUND('',#451,.T.);
#211=FACE_OUTER_BOUND('',#452,.T.);
#212=FACE_OUTER_BOUND('',#453,.T.);
#213=FACE_OUTER_BOUND('',#454,.T.);
#214=FACE_OUTER_BOUND('',#455,.T.);
#215=FACE_OUTER_BOUND('',#456,.T.);
#216=FACE_OUTER_BOUND('',#457,.T.);
#217=FACE_OUTER_BOUND('',#458,.T.);
#218=FACE_OUTER_BOUND('',#459,.T.);
#219=FACE_OUTER_BOUND('',#460,.T.);
#220=FACE_OUTER_BOUND('',#461,.T.);
#221=FACE_OUTER_BOUND('',#462,.T.);
#222=FACE_OUTER_BOUND('',#463,.T.);
#223=FACE_OUTER_BOUND('',#464,.T.);
#224=FACE_OUTER_BOUND('',#465,.T.);
#225=FACE_OUTER_BOUND('',#466,.T.);
#226=FACE_OUTER_BOUND('',#467,.T.);
#227=FACE_OUTER_BOUND('',#468,.T.);
#228=FACE_OUTER_BOUND('',#469,.T.);
#229=FACE_OUTER_BOUND('',#470,.T.);
#230=FACE_OUTER_BOUND('',#471,.T.);
#231=FACE_OUTER_BOUND('',#472,.T.);
#232=FACE_OUTER_BOUND('',#473,.T.);
#233=FACE_OUTER_BOUND('',#474,.T.);
#234=FACE_OUTER_BOUND('',#475,.T.);
#235=FACE_OUTER_BOUND('',#476,.T.);
#236=FACE_OUTER_BOUND('',#477,.T.);
#237=FACE_OUTER_BOUND('',#478,.T.);
#238=FACE_OUTER_BOUND('',#479,.T.);
#239=FACE_OUTER_BOUND('',#480,.T.);
#240=FACE_OUTER_BOUND('',#481,.T.);
#241=FACE_OUTER_BOUND('',#482,.T.);
#242=FACE_OUTER_BOUND('',#483,.T.);
#243=FACE_OUTER_BOUND('',#484,.T.);
#244=FACE_OUTER_BOUND('',#485,.T.);
#245=FACE_OUTER_BOUND('',#486,.T.);
#246=FACE_OUTER_BOUND('',#487,.T.);
#247=FACE_OUTER_BOUND('',#488,.T.);
#248=FACE_OUTER_BOUND('',#489,.T.);
#249=FACE_OUTER_BOUND('',#490,.T.);
#250=FACE_OUTER_BOUND('',#491,.T.);
#251=FACE_OUTER_BOUND('',#492,.T.);
#252=FACE_OUTER_BOUND('',#493,.T.);
#253=FACE_OUTER_BOUND('',#494,.T.);
#254=FACE_OUTER_BOUND('',#495,.T.);
#255=FACE_OUTER_BOUND('',#496,.T.);
#256=FACE_OUTER_BOUND('',#497,.T.);
#257=FACE_OUTER_BOUND('',#499,.T.);
#258=FACE_OUTER_BOUND('',#501,.T.);
#259=FACE_OUTER_BOUND('',#502,.T.);
#260=FACE_OUTER_BOUND('',#503,.T.);
#261=FACE_OUTER_BOUND('',#504,.T.);
#262=FACE_OUTER_BOUND('',#505,.T.);
#263=FACE_OUTER_BOUND('',#506,.T.);
#264=FACE_OUTER_BOUND('',#507,.T.);
#265=FACE_OUTER_BOUND('',#508,.T.);
#266=FACE_OUTER_BOUND('',#509,.T.);
#267=FACE_OUTER_BOUND('',#510,.T.);
#268=FACE_OUTER_BOUND('',#511,.T.);
#269=FACE_OUTER_BOUND('',#512,.T.);
#270=FACE_OUTER_BOUND('',#513,.T.);
#271=FACE_OUTER_BOUND('',#514,.T.);
#272=FACE_OUTER_BOUND('',#515,.T.);
#273=FACE_OUTER_BOUND('',#516,.T.);
#274=FACE_OUTER_BOUND('',#517,.T.);
#275=FACE_OUTER_BOUND('',#518,.T.);
#276=FACE_OUTER_BOUND('',#519,.T.);
#277=FACE_OUTER_BOUND('',#520,.T.);
#278=FACE_OUTER_BOUND('',#521,.T.);
#279=FACE_OUTER_BOUND('',#522,.T.);
#280=FACE_OUTER_BOUND('',#523,.T.);
#281=FACE_OUTER_BOUND('',#524,.T.);
#282=FACE_OUTER_BOUND('',#525,.T.);
#283=FACE_OUTER_BOUND('',#526,.T.);
#284=FACE_OUTER_BOUND('',#527,.T.);
#285=FACE_OUTER_BOUND('',#528,.T.);
#286=FACE_OUTER_BOUND('',#529,.T.);
#287=FACE_OUTER_BOUND('',#530,.T.);
#288=FACE_OUTER_BOUND('',#531,.T.);
#289=FACE_OUTER_BOUND('',#532,.T.);
#290=FACE_OUTER_BOUND('',#533,.T.);
#291=FACE_OUTER_BOUND('',#534,.T.);
#292=FACE_OUTER_BOUND('',#535,.T.);
#293=FACE_OUTER_BOUND('',#536,.T.);
#294=FACE_OUTER_BOUND('',#537,.T.);
#295=FACE_OUTER_BOUND('',#538,.T.);
#296=FACE_OUTER_BOUND('',#539,.T.);
#297=FACE_OUTER_BOUND('',#540,.T.);
#298=FACE_OUTER_BOUND('',#541,.T.);
#299=FACE_OUTER_BOUND('',#542,.T.);
#300=FACE_OUTER_BOUND('',#543,.T.);
#301=FACE_OUTER_BOUND('',#544,.T.);
#302=FACE_OUTER_BOUND('',#545,.T.);
#303=FACE_OUTER_BOUND('',#546,.T.);
#304=FACE_OUTER_BOUND('',#547,.T.);
#305=FACE_OUTER_BOUND('',#548,.T.);
#306=FACE_OUTER_BOUND('',#549,.T.);
#307=FACE_OUTER_BOUND('',#550,.T.);
#308=FACE_OUTER_BOUND('',#551,.T.);
#309=FACE_OUTER_BOUND('',#552,.T.);
#310=FACE_OUTER_BOUND('',#553,.T.);
#311=FACE_OUTER_BOUND('',#554,.T.);
#312=FACE_OUTER_BOUND('',#555,.T.);
#313=FACE_OUTER_BOUND('',#556,.T.);
#314=FACE_OUTER_BOUND('',#557,.T.);
#315=FACE_OUTER_BOUND('',#558,.T.);
#316=FACE_OUTER_BOUND('',#559,.T.);
#317=FACE_OUTER_BOUND('',#560,.T.);
#318=FACE_OUTER_BOUND('',#561,.T.);
#319=FACE_OUTER_BOUND('',#562,.T.);
#320=FACE_OUTER_BOUND('',#563,.T.);
#321=FACE_OUTER_BOUND('',#564,.T.);
#322=FACE_OUTER_BOUND('',#565,.T.);
#323=FACE_OUTER_BOUND('',#566,.T.);
#324=FACE_OUTER_BOUND('',#567,.T.);
#325=FACE_OUTER_BOUND('',#568,.T.);
#326=FACE_OUTER_BOUND('',#569,.T.);
#327=FACE_OUTER_BOUND('',#570,.T.);
#328=FACE_OUTER_BOUND('',#571,.T.);
#329=FACE_OUTER_BOUND('',#572,.T.);
#330=FACE_OUTER_BOUND('',#573,.T.);
#331=FACE_OUTER_BOUND('',#574,.T.);
#332=FACE_OUTER_BOUND('',#575,.T.);
#333=FACE_OUTER_BOUND('',#576,.T.);
#334=FACE_OUTER_BOUND('',#577,.T.);
#335=FACE_OUTER_BOUND('',#578,.T.);
#336=FACE_OUTER_BOUND('',#579,.T.);
#337=FACE_OUTER_BOUND('',#580,.T.);
#338=FACE_OUTER_BOUND('',#581,.T.);
#339=FACE_OUTER_BOUND('',#582,.T.);
#340=FACE_OUTER_BOUND('',#583,.T.);
#341=FACE_OUTER_BOUND('',#584,.T.);
#342=FACE_OUTER_BOUND('',#585,.T.);
#343=FACE_OUTER_BOUND('',#586,.T.);
#344=FACE_OUTER_BOUND('',#587,.T.);
#345=FACE_OUTER_BOUND('',#588,.T.);
#346=FACE_OUTER_BOUND('',#589,.T.);
#347=FACE_OUTER_BOUND('',#590,.T.);
#348=FACE_OUTER_BOUND('',#591,.T.);
#349=FACE_OUTER_BOUND('',#592,.T.);
#350=FACE_OUTER_BOUND('',#593,.T.);
#351=FACE_OUTER_BOUND('',#594,.T.);
#352=FACE_OUTER_BOUND('',#595,.T.);
#353=FACE_OUTER_BOUND('',#596,.T.);
#354=FACE_OUTER_BOUND('',#597,.T.);
#355=FACE_OUTER_BOUND('',#598,.T.);
#356=FACE_OUTER_BOUND('',#599,.T.);
#357=FACE_OUTER_BOUND('',#600,.T.);
#358=FACE_OUTER_BOUND('',#601,.T.);
#359=FACE_OUTER_BOUND('',#602,.T.);
#360=FACE_OUTER_BOUND('',#603,.T.);
#361=FACE_OUTER_BOUND('',#604,.T.);
#362=FACE_OUTER_BOUND('',#605,.T.);
#363=EDGE_LOOP('',(#2283,#2284,#2285,#2286));
#364=EDGE_LOOP('',(#2287,#2288,#2289,#2290));
#365=EDGE_LOOP('',(#2291,#2292,#2293,#2294));
#366=EDGE_LOOP('',(#2295,#2296,#2297,#2298));
#367=EDGE_LOOP('',(#2299,#2300,#2301,#2302));
#368=EDGE_LOOP('',(#2303,#2304,#2305,#2306));
#369=EDGE_LOOP('',(#2307,#2308,#2309,#2310));
#370=EDGE_LOOP('',(#2311,#2312,#2313,#2314));
#371=EDGE_LOOP('',(#2315,#2316,#2317,#2318));
#372=EDGE_LOOP('',(#2319,#2320,#2321,#2322));
#373=EDGE_LOOP('',(#2323,#2324,#2325,#2326));
#374=EDGE_LOOP('',(#2327,#2328,#2329,#2330));
#375=EDGE_LOOP('',(#2331,#2332,#2333,#2334));
#376=EDGE_LOOP('',(#2335,#2336,#2337,#2338));
#377=EDGE_LOOP('',(#2339,#2340,#2341,#2342));
#378=EDGE_LOOP('',(#2343,#2344,#2345,#2346));
#379=EDGE_LOOP('',(#2347,#2348,#2349,#2350));
#380=EDGE_LOOP('',(#2351,#2352,#2353,#2354));
#381=EDGE_LOOP('',(#2355,#2356,#2357,#2358));
#382=EDGE_LOOP('',(#2359,#2360,#2361,#2362));
#383=EDGE_LOOP('',(#2363,#2364,#2365,#2366));
#384=EDGE_LOOP('',(#2367,#2368,#2369,#2370));
#385=EDGE_LOOP('',(#2371,#2372,#2373,#2374));
#386=EDGE_LOOP('',(#2375,#2376,#2377,#2378));
#387=EDGE_LOOP('',(#2379,#2380,#2381,#2382));
#388=EDGE_LOOP('',(#2383,#2384,#2385,#2386));
#389=EDGE_LOOP('',(#2387,#2388,#2389,#2390));
#390=EDGE_LOOP('',(#2391,#2392,#2393,#2394));
#391=EDGE_LOOP('',(#2395,#2396,#2397,#2398));
#392=EDGE_LOOP('',(#2399,#2400,#2401,#2402));
#393=EDGE_LOOP('',(#2403,#2404,#2405,#2406));
#394=EDGE_LOOP('',(#2407,#2408,#2409,#2410));
#395=EDGE_LOOP('',(#2411,#2412,#2413,#2414));
#396=EDGE_LOOP('',(#2415,#2416,#2417,#2418));
#397=EDGE_LOOP('',(#2419,#2420,#2421,#2422));
#398=EDGE_LOOP('',(#2423,#2424,#2425,#2426));
#399=EDGE_LOOP('',(#2427,#2428,#2429,#2430));
#400=EDGE_LOOP('',(#2431,#2432,#2433,#2434));
#401=EDGE_LOOP('',(#2435,#2436,#2437,#2438));
#402=EDGE_LOOP('',(#2439,#2440,#2441,#2442));
#403=EDGE_LOOP('',(#2443,#2444,#2445,#2446));
#404=EDGE_LOOP('',(#2447,#2448,#2449,#2450));
#405=EDGE_LOOP('',(#2451,#2452,#2453,#2454));
#406=EDGE_LOOP('',(#2455,#2456,#2457,#2458));
#407=EDGE_LOOP('',(#2459,#2460,#2461,#2462));
#408=EDGE_LOOP('',(#2463,#2464,#2465,#2466));
#409=EDGE_LOOP('',(#2467,#2468,#2469,#2470));
#410=EDGE_LOOP('',(#2471,#2472,#2473,#2474));
#411=EDGE_LOOP('',(#2475,#2476,#2477,#2478));
#412=EDGE_LOOP('',(#2479,#2480,#2481,#2482));
#413=EDGE_LOOP('',(#2483,#2484,#2485,#2486));
#414=EDGE_LOOP('',(#2487,#2488,#2489,#2490));
#415=EDGE_LOOP('',(#2491,#2492,#2493,#2494));
#416=EDGE_LOOP('',(#2495,#2496,#2497,#2498));
#417=EDGE_LOOP('',(#2499,#2500,#2501,#2502));
#418=EDGE_LOOP('',(#2503,#2504,#2505,#2506));
#419=EDGE_LOOP('',(#2507,#2508,#2509,#2510));
#420=EDGE_LOOP('',(#2511,#2512,#2513,#2514));
#421=EDGE_LOOP('',(#2515,#2516,#2517,#2518));
#422=EDGE_LOOP('',(#2519,#2520,#2521,#2522));
#423=EDGE_LOOP('',(#2523,#2524,#2525,#2526));
#424=EDGE_LOOP('',(#2527,#2528,#2529,#2530));
#425=EDGE_LOOP('',(#2531,#2532,#2533,#2534));
#426=EDGE_LOOP('',(#2535,#2536,#2537,#2538));
#427=EDGE_LOOP('',(#2539,#2540,#2541,#2542));
#428=EDGE_LOOP('',(#2543,#2544,#2545,#2546));
#429=EDGE_LOOP('',(#2547,#2548,#2549,#2550));
#430=EDGE_LOOP('',(#2551,#2552,#2553,#2554));
#431=EDGE_LOOP('',(#2555,#2556,#2557,#2558));
#432=EDGE_LOOP('',(#2559,#2560,#2561,#2562));
#433=EDGE_LOOP('',(#2563,#2564,#2565,#2566));
#434=EDGE_LOOP('',(#2567,#2568,#2569,#2570));
#435=EDGE_LOOP('',(#2571,#2572,#2573,#2574));
#436=EDGE_LOOP('',(#2575,#2576,#2577,#2578));
#437=EDGE_LOOP('',(#2579,#2580,#2581,#2582));
#438=EDGE_LOOP('',(#2583,#2584,#2585,#2586));
#439=EDGE_LOOP('',(#2587,#2588,#2589,#2590));
#440=EDGE_LOOP('',(#2591,#2592,#2593,#2594));
#441=EDGE_LOOP('',(#2595,#2596,#2597,#2598));
#442=EDGE_LOOP('',(#2599,#2600,#2601,#2602));
#443=EDGE_LOOP('',(#2603,#2604,#2605,#2606));
#444=EDGE_LOOP('',(#2607,#2608,#2609,#2610));
#445=EDGE_LOOP('',(#2611,#2612,#2613,#2614));
#446=EDGE_LOOP('',(#2615,#2616,#2617,#2618));
#447=EDGE_LOOP('',(#2619,#2620,#2621,#2622));
#448=EDGE_LOOP('',(#2623,#2624,#2625,#2626));
#449=EDGE_LOOP('',(#2627,#2628,#2629,#2630));
#450=EDGE_LOOP('',(#2631,#2632,#2633,#2634));
#451=EDGE_LOOP('',(#2635,#2636,#2637,#2638));
#452=EDGE_LOOP('',(#2639,#2640,#2641,#2642));
#453=EDGE_LOOP('',(#2643,#2644,#2645,#2646));
#454=EDGE_LOOP('',(#2647,#2648,#2649,#2650));
#455=EDGE_LOOP('',(#2651,#2652,#2653,#2654));
#456=EDGE_LOOP('',(#2655,#2656,#2657,#2658));
#457=EDGE_LOOP('',(#2659,#2660,#2661,#2662));
#458=EDGE_LOOP('',(#2663,#2664,#2665,#2666));
#459=EDGE_LOOP('',(#2667,#2668,#2669,#2670));
#460=EDGE_LOOP('',(#2671));
#461=EDGE_LOOP('',(#2672));
#462=EDGE_LOOP('',(#2673,#2674,#2675,#2676));
#463=EDGE_LOOP('',(#2677));
#464=EDGE_LOOP('',(#2678));
#465=EDGE_LOOP('',(#2679,#2680,#2681,#2682));
#466=EDGE_LOOP('',(#2683));
#467=EDGE_LOOP('',(#2684));
#468=EDGE_LOOP('',(#2685,#2686,#2687,#2688));
#469=EDGE_LOOP('',(#2689));
#470=EDGE_LOOP('',(#2690));
#471=EDGE_LOOP('',(#2691,#2692,#2693,#2694));
#472=EDGE_LOOP('',(#2695,#2696,#2697,#2698));
#473=EDGE_LOOP('',(#2699,#2700,#2701,#2702));
#474=EDGE_LOOP('',(#2703,#2704,#2705,#2706));
#475=EDGE_LOOP('',(#2707,#2708,#2709,#2710));
#476=EDGE_LOOP('',(#2711,#2712,#2713,#2714));
#477=EDGE_LOOP('',(#2715,#2716,#2717,#2718));
#478=EDGE_LOOP('',(#2719,#2720,#2721,#2722));
#479=EDGE_LOOP('',(#2723,#2724,#2725,#2726));
#480=EDGE_LOOP('',(#2727,#2728,#2729,#2730));
#481=EDGE_LOOP('',(#2731,#2732,#2733,#2734));
#482=EDGE_LOOP('',(#2735,#2736,#2737,#2738));
#483=EDGE_LOOP('',(#2739,#2740,#2741,#2742));
#484=EDGE_LOOP('',(#2743,#2744,#2745,#2746));
#485=EDGE_LOOP('',(#2747,#2748,#2749,#2750));
#486=EDGE_LOOP('',(#2751,#2752,#2753,#2754));
#487=EDGE_LOOP('',(#2755,#2756,#2757,#2758));
#488=EDGE_LOOP('',(#2759,#2760,#2761,#2762));
#489=EDGE_LOOP('',(#2763,#2764,#2765,#2766));
#490=EDGE_LOOP('',(#2767,#2768,#2769,#2770));
#491=EDGE_LOOP('',(#2771,#2772,#2773,#2774));
#492=EDGE_LOOP('',(#2775,#2776,#2777,#2778));
#493=EDGE_LOOP('',(#2779,#2780,#2781,#2782));
#494=EDGE_LOOP('',(#2783,#2784,#2785,#2786));
#495=EDGE_LOOP('',(#2787,#2788,#2789,#2790));
#496=EDGE_LOOP('',(#2791,#2792,#2793,#2794));
#497=EDGE_LOOP('',(#2795));
#498=EDGE_LOOP('',(#2796));
#499=EDGE_LOOP('',(#2797));
#500=EDGE_LOOP('',(#2798));
#501=EDGE_LOOP('',(#2799,#2800,#2801,#2802));
#502=EDGE_LOOP('',(#2803));
#503=EDGE_LOOP('',(#2804));
#504=EDGE_LOOP('',(#2805,#2806,#2807,#2808));
#505=EDGE_LOOP('',(#2809,#2810,#2811,#2812));
#506=EDGE_LOOP('',(#2813,#2814,#2815,#2816));
#507=EDGE_LOOP('',(#2817,#2818,#2819,#2820));
#508=EDGE_LOOP('',(#2821,#2822,#2823,#2824));
#509=EDGE_LOOP('',(#2825,#2826,#2827,#2828));
#510=EDGE_LOOP('',(#2829,#2830,#2831,#2832));
#511=EDGE_LOOP('',(#2833,#2834,#2835,#2836));
#512=EDGE_LOOP('',(#2837,#2838,#2839,#2840));
#513=EDGE_LOOP('',(#2841,#2842,#2843,#2844));
#514=EDGE_LOOP('',(#2845,#2846,#2847,#2848));
#515=EDGE_LOOP('',(#2849,#2850,#2851,#2852));
#516=EDGE_LOOP('',(#2853,#2854,#2855,#2856));
#517=EDGE_LOOP('',(#2857,#2858,#2859,#2860));
#518=EDGE_LOOP('',(#2861,#2862,#2863,#2864));
#519=EDGE_LOOP('',(#2865,#2866,#2867,#2868));
#520=EDGE_LOOP('',(#2869,#2870,#2871,#2872));
#521=EDGE_LOOP('',(#2873,#2874,#2875,#2876));
#522=EDGE_LOOP('',(#2877,#2878,#2879,#2880));
#523=EDGE_LOOP('',(#2881,#2882,#2883,#2884));
#524=EDGE_LOOP('',(#2885,#2886,#2887,#2888));
#525=EDGE_LOOP('',(#2889,#2890,#2891,#2892));
#526=EDGE_LOOP('',(#2893,#2894,#2895,#2896));
#527=EDGE_LOOP('',(#2897,#2898,#2899,#2900));
#528=EDGE_LOOP('',(#2901,#2902,#2903,#2904));
#529=EDGE_LOOP('',(#2905,#2906,#2907,#2908));
#530=EDGE_LOOP('',(#2909,#2910,#2911,#2912));
#531=EDGE_LOOP('',(#2913,#2914,#2915,#2916));
#532=EDGE_LOOP('',(#2917,#2918,#2919,#2920));
#533=EDGE_LOOP('',(#2921,#2922,#2923,#2924));
#534=EDGE_LOOP('',(#2925,#2926,#2927,#2928));
#535=EDGE_LOOP('',(#2929,#2930,#2931,#2932));
#536=EDGE_LOOP('',(#2933,#2934,#2935,#2936));
#537=EDGE_LOOP('',(#2937,#2938,#2939,#2940));
#538=EDGE_LOOP('',(#2941,#2942,#2943,#2944));
#539=EDGE_LOOP('',(#2945,#2946,#2947,#2948));
#540=EDGE_LOOP('',(#2949,#2950,#2951,#2952));
#541=EDGE_LOOP('',(#2953,#2954,#2955,#2956));
#542=EDGE_LOOP('',(#2957,#2958,#2959,#2960));
#543=EDGE_LOOP('',(#2961,#2962,#2963,#2964));
#544=EDGE_LOOP('',(#2965,#2966,#2967,#2968));
#545=EDGE_LOOP('',(#2969,#2970,#2971,#2972));
#546=EDGE_LOOP('',(#2973,#2974,#2975,#2976));
#547=EDGE_LOOP('',(#2977,#2978,#2979,#2980));
#548=EDGE_LOOP('',(#2981,#2982,#2983,#2984));
#549=EDGE_LOOP('',(#2985,#2986,#2987,#2988));
#550=EDGE_LOOP('',(#2989,#2990,#2991,#2992));
#551=EDGE_LOOP('',(#2993,#2994,#2995,#2996));
#552=EDGE_LOOP('',(#2997,#2998,#2999,#3000));
#553=EDGE_LOOP('',(#3001,#3002,#3003,#3004));
#554=EDGE_LOOP('',(#3005,#3006,#3007,#3008));
#555=EDGE_LOOP('',(#3009,#3010,#3011,#3012));
#556=EDGE_LOOP('',(#3013,#3014,#3015,#3016));
#557=EDGE_LOOP('',(#3017,#3018,#3019,#3020));
#558=EDGE_LOOP('',(#3021,#3022,#3023,#3024));
#559=EDGE_LOOP('',(#3025,#3026,#3027,#3028));
#560=EDGE_LOOP('',(#3029,#3030,#3031,#3032));
#561=EDGE_LOOP('',(#3033,#3034,#3035,#3036));
#562=EDGE_LOOP('',(#3037,#3038,#3039,#3040));
#563=EDGE_LOOP('',(#3041,#3042,#3043,#3044));
#564=EDGE_LOOP('',(#3045,#3046,#3047,#3048));
#565=EDGE_LOOP('',(#3049,#3050,#3051,#3052));
#566=EDGE_LOOP('',(#3053,#3054,#3055,#3056));
#567=EDGE_LOOP('',(#3057,#3058,#3059,#3060));
#568=EDGE_LOOP('',(#3061,#3062,#3063,#3064));
#569=EDGE_LOOP('',(#3065,#3066,#3067,#3068));
#570=EDGE_LOOP('',(#3069,#3070,#3071,#3072));
#571=EDGE_LOOP('',(#3073,#3074,#3075,#3076));
#572=EDGE_LOOP('',(#3077,#3078,#3079,#3080));
#573=EDGE_LOOP('',(#3081,#3082,#3083,#3084));
#574=EDGE_LOOP('',(#3085,#3086,#3087,#3088));
#575=EDGE_LOOP('',(#3089,#3090,#3091,#3092));
#576=EDGE_LOOP('',(#3093,#3094,#3095,#3096));
#577=EDGE_LOOP('',(#3097,#3098,#3099,#3100));
#578=EDGE_LOOP('',(#3101,#3102,#3103,#3104));
#579=EDGE_LOOP('',(#3105,#3106,#3107,#3108));
#580=EDGE_LOOP('',(#3109,#3110,#3111,#3112));
#581=EDGE_LOOP('',(#3113,#3114,#3115,#3116));
#582=EDGE_LOOP('',(#3117,#3118,#3119,#3120));
#583=EDGE_LOOP('',(#3121,#3122,#3123,#3124));
#584=EDGE_LOOP('',(#3125,#3126,#3127,#3128));
#585=EDGE_LOOP('',(#3129,#3130,#3131,#3132));
#586=EDGE_LOOP('',(#3133,#3134,#3135,#3136));
#587=EDGE_LOOP('',(#3137,#3138,#3139,#3140));
#588=EDGE_LOOP('',(#3141,#3142,#3143,#3144));
#589=EDGE_LOOP('',(#3145,#3146,#3147,#3148));
#590=EDGE_LOOP('',(#3149,#3150,#3151,#3152));
#591=EDGE_LOOP('',(#3153,#3154,#3155,#3156));
#592=EDGE_LOOP('',(#3157,#3158,#3159,#3160));
#593=EDGE_LOOP('',(#3161,#3162,#3163,#3164));
#594=EDGE_LOOP('',(#3165,#3166,#3167,#3168));
#595=EDGE_LOOP('',(#3169,#3170,#3171,#3172));
#596=EDGE_LOOP('',(#3173,#3174,#3175,#3176));
#597=EDGE_LOOP('',(#3177,#3178,#3179,#3180));
#598=EDGE_LOOP('',(#3181,#3182,#3183,#3184));
#599=EDGE_LOOP('',(#3185,#3186,#3187,#3188));
#600=EDGE_LOOP('',(#3189,#3190,#3191,#3192));
#601=EDGE_LOOP('',(#3193,#3194,#3195,#3196));
#602=EDGE_LOOP('',(#3197,#3198,#3199,#3200));
#603=EDGE_LOOP('',(#3201,#3202,#3203,#3204));
#604=EDGE_LOOP('',(#3205,#3206,#3207,#3208));
#605=EDGE_LOOP('',(#3209,#3210,#3211,#3212));
#606=LINE('',#4966,#1057);
#607=LINE('',#4968,#1058);
#608=LINE('',#4970,#1059);
#609=LINE('',#4971,#1060);
#610=LINE('',#4974,#1061);
#611=LINE('',#4976,#1062);
#612=LINE('',#4977,#1063);
#613=LINE('',#4980,#1064);
#614=LINE('',#4982,#1065);
#615=LINE('',#4983,#1066);
#616=LINE('',#4985,#1067);
#617=LINE('',#4986,#1068);
#618=LINE('',#4992,#1069);
#619=LINE('',#4994,#1070);
#620=LINE('',#4996,#1071);
#621=LINE('',#4997,#1072);
#622=LINE('',#5000,#1073);
#623=LINE('',#5002,#1074);
#624=LINE('',#5003,#1075);
#625=LINE('',#5006,#1076);
#626=LINE('',#5008,#1077);
#627=LINE('',#5009,#1078);
#628=LINE('',#5011,#1079);
#629=LINE('',#5012,#1080);
#630=LINE('',#5018,#1081);
#631=LINE('',#5020,#1082);
#632=LINE('',#5022,#1083);
#633=LINE('',#5023,#1084);
#634=LINE('',#5026,#1085);
#635=LINE('',#5028,#1086);
#636=LINE('',#5029,#1087);
#637=LINE('',#5032,#1088);
#638=LINE('',#5034,#1089);
#639=LINE('',#5035,#1090);
#640=LINE('',#5037,#1091);
#641=LINE('',#5038,#1092);
#642=LINE('',#5044,#1093);
#643=LINE('',#5046,#1094);
#644=LINE('',#5048,#1095);
#645=LINE('',#5049,#1096);
#646=LINE('',#5052,#1097);
#647=LINE('',#5054,#1098);
#648=LINE('',#5055,#1099);
#649=LINE('',#5058,#1100);
#650=LINE('',#5060,#1101);
#651=LINE('',#5061,#1102);
#652=LINE('',#5063,#1103);
#653=LINE('',#5064,#1104);
#654=LINE('',#5070,#1105);
#655=LINE('',#5072,#1106);
#656=LINE('',#5074,#1107);
#657=LINE('',#5075,#1108);
#658=LINE('',#5078,#1109);
#659=LINE('',#5080,#1110);
#660=LINE('',#5081,#1111);
#661=LINE('',#5084,#1112);
#662=LINE('',#5086,#1113);
#663=LINE('',#5087,#1114);
#664=LINE('',#5089,#1115);
#665=LINE('',#5090,#1116);
#666=LINE('',#5096,#1117);
#667=LINE('',#5098,#1118);
#668=LINE('',#5100,#1119);
#669=LINE('',#5101,#1120);
#670=LINE('',#5104,#1121);
#671=LINE('',#5106,#1122);
#672=LINE('',#5107,#1123);
#673=LINE('',#5110,#1124);
#674=LINE('',#5112,#1125);
#675=LINE('',#5113,#1126);
#676=LINE('',#5115,#1127);
#677=LINE('',#5116,#1128);
#678=LINE('',#5122,#1129);
#679=LINE('',#5124,#1130);
#680=LINE('',#5126,#1131);
#681=LINE('',#5127,#1132);
#682=LINE('',#5130,#1133);
#683=LINE('',#5132,#1134);
#684=LINE('',#5133,#1135);
#685=LINE('',#5136,#1136);
#686=LINE('',#5138,#1137);
#687=LINE('',#5139,#1138);
#688=LINE('',#5141,#1139);
#689=LINE('',#5142,#1140);
#690=LINE('',#5148,#1141);
#691=LINE('',#5150,#1142);
#692=LINE('',#5152,#1143);
#693=LINE('',#5153,#1144);
#694=LINE('',#5156,#1145);
#695=LINE('',#5158,#1146);
#696=LINE('',#5159,#1147);
#697=LINE('',#5162,#1148);
#698=LINE('',#5164,#1149);
#699=LINE('',#5165,#1150);
#700=LINE('',#5167,#1151);
#701=LINE('',#5168,#1152);
#702=LINE('',#5174,#1153);
#703=LINE('',#5176,#1154);
#704=LINE('',#5178,#1155);
#705=LINE('',#5179,#1156);
#706=LINE('',#5182,#1157);
#707=LINE('',#5184,#1158);
#708=LINE('',#5185,#1159);
#709=LINE('',#5188,#1160);
#710=LINE('',#5190,#1161);
#711=LINE('',#5191,#1162);
#712=LINE('',#5193,#1163);
#713=LINE('',#5194,#1164);
#714=LINE('',#5200,#1165);
#715=LINE('',#5202,#1166);
#716=LINE('',#5204,#1167);
#717=LINE('',#5205,#1168);
#718=LINE('',#5208,#1169);
#719=LINE('',#5210,#1170);
#720=LINE('',#5211,#1171);
#721=LINE('',#5214,#1172);
#722=LINE('',#5216,#1173);
#723=LINE('',#5217,#1174);
#724=LINE('',#5219,#1175);
#725=LINE('',#5220,#1176);
#726=LINE('',#5226,#1177);
#727=LINE('',#5228,#1178);
#728=LINE('',#5230,#1179);
#729=LINE('',#5231,#1180);
#730=LINE('',#5234,#1181);
#731=LINE('',#5236,#1182);
#732=LINE('',#5237,#1183);
#733=LINE('',#5240,#1184);
#734=LINE('',#5242,#1185);
#735=LINE('',#5243,#1186);
#736=LINE('',#5245,#1187);
#737=LINE('',#5246,#1188);
#738=LINE('',#5252,#1189);
#739=LINE('',#5254,#1190);
#740=LINE('',#5256,#1191);
#741=LINE('',#5257,#1192);
#742=LINE('',#5260,#1193);
#743=LINE('',#5262,#1194);
#744=LINE('',#5263,#1195);
#745=LINE('',#5266,#1196);
#746=LINE('',#5268,#1197);
#747=LINE('',#5269,#1198);
#748=LINE('',#5271,#1199);
#749=LINE('',#5272,#1200);
#750=LINE('',#5278,#1201);
#751=LINE('',#5280,#1202);
#752=LINE('',#5282,#1203);
#753=LINE('',#5283,#1204);
#754=LINE('',#5286,#1205);
#755=LINE('',#5288,#1206);
#756=LINE('',#5289,#1207);
#757=LINE('',#5292,#1208);
#758=LINE('',#5294,#1209);
#759=LINE('',#5295,#1210);
#760=LINE('',#5297,#1211);
#761=LINE('',#5298,#1212);
#762=LINE('',#5304,#1213);
#763=LINE('',#5306,#1214);
#764=LINE('',#5308,#1215);
#765=LINE('',#5309,#1216);
#766=LINE('',#5312,#1217);
#767=LINE('',#5314,#1218);
#768=LINE('',#5315,#1219);
#769=LINE('',#5318,#1220);
#770=LINE('',#5320,#1221);
#771=LINE('',#5321,#1222);
#772=LINE('',#5323,#1223);
#773=LINE('',#5324,#1224);
#774=LINE('',#5330,#1225);
#775=LINE('',#5332,#1226);
#776=LINE('',#5334,#1227);
#777=LINE('',#5335,#1228);
#778=LINE('',#5338,#1229);
#779=LINE('',#5340,#1230);
#780=LINE('',#5341,#1231);
#781=LINE('',#5344,#1232);
#782=LINE('',#5346,#1233);
#783=LINE('',#5347,#1234);
#784=LINE('',#5349,#1235);
#785=LINE('',#5350,#1236);
#786=LINE('',#5356,#1237);
#787=LINE('',#5358,#1238);
#788=LINE('',#5360,#1239);
#789=LINE('',#5361,#1240);
#790=LINE('',#5364,#1241);
#791=LINE('',#5366,#1242);
#792=LINE('',#5367,#1243);
#793=LINE('',#5370,#1244);
#794=LINE('',#5372,#1245);
#795=LINE('',#5373,#1246);
#796=LINE('',#5375,#1247);
#797=LINE('',#5376,#1248);
#798=LINE('',#5383,#1249);
#799=LINE('',#5391,#1250);
#800=LINE('',#5399,#1251);
#801=LINE('',#5407,#1252);
#802=LINE('',#5414,#1253);
#803=LINE('',#5416,#1254);
#804=LINE('',#5418,#1255);
#805=LINE('',#5419,#1256);
#806=LINE('',#5422,#1257);
#807=LINE('',#5424,#1258);
#808=LINE('',#5425,#1259);
#809=LINE('',#5428,#1260);
#810=LINE('',#5430,#1261);
#811=LINE('',#5431,#1262);
#812=LINE('',#5433,#1263);
#813=LINE('',#5434,#1264);
#814=LINE('',#5440,#1265);
#815=LINE('',#5442,#1266);
#816=LINE('',#5444,#1267);
#817=LINE('',#5445,#1268);
#818=LINE('',#5448,#1269);
#819=LINE('',#5450,#1270);
#820=LINE('',#5451,#1271);
#821=LINE('',#5454,#1272);
#822=LINE('',#5456,#1273);
#823=LINE('',#5457,#1274);
#824=LINE('',#5459,#1275);
#825=LINE('',#5460,#1276);
#826=LINE('',#5466,#1277);
#827=LINE('',#5468,#1278);
#828=LINE('',#5470,#1279);
#829=LINE('',#5471,#1280);
#830=LINE('',#5474,#1281);
#831=LINE('',#5476,#1282);
#832=LINE('',#5477,#1283);
#833=LINE('',#5480,#1284);
#834=LINE('',#5482,#1285);
#835=LINE('',#5483,#1286);
#836=LINE('',#5485,#1287);
#837=LINE('',#5486,#1288);
#838=LINE('',#5492,#1289);
#839=LINE('',#5494,#1290);
#840=LINE('',#5496,#1291);
#841=LINE('',#5497,#1292);
#842=LINE('',#5500,#1293);
#843=LINE('',#5502,#1294);
#844=LINE('',#5503,#1295);
#845=LINE('',#5506,#1296);
#846=LINE('',#5508,#1297);
#847=LINE('',#5509,#1298);
#848=LINE('',#5511,#1299);
#849=LINE('',#5512,#1300);
#850=LINE('',#5519,#1301);
#851=LINE('',#5525,#1302);
#852=LINE('',#5533,#1303);
#853=LINE('',#5540,#1304);
#854=LINE('',#5542,#1305);
#855=LINE('',#5544,#1306);
#856=LINE('',#5545,#1307);
#857=LINE('',#5548,#1308);
#858=LINE('',#5550,#1309);
#859=LINE('',#5551,#1310);
#860=LINE('',#5554,#1311);
#861=LINE('',#5556,#1312);
#862=LINE('',#5557,#1313);
#863=LINE('',#5559,#1314);
#864=LINE('',#5560,#1315);
#865=LINE('',#5566,#1316);
#866=LINE('',#5568,#1317);
#867=LINE('',#5570,#1318);
#868=LINE('',#5571,#1319);
#869=LINE('',#5574,#1320);
#870=LINE('',#5576,#1321);
#871=LINE('',#5577,#1322);
#872=LINE('',#5580,#1323);
#873=LINE('',#5582,#1324);
#874=LINE('',#5583,#1325);
#875=LINE('',#5585,#1326);
#876=LINE('',#5586,#1327);
#877=LINE('',#5592,#1328);
#878=LINE('',#5594,#1329);
#879=LINE('',#5596,#1330);
#880=LINE('',#5597,#1331);
#881=LINE('',#5600,#1332);
#882=LINE('',#5602,#1333);
#883=LINE('',#5603,#1334);
#884=LINE('',#5606,#1335);
#885=LINE('',#5608,#1336);
#886=LINE('',#5609,#1337);
#887=LINE('',#5611,#1338);
#888=LINE('',#5612,#1339);
#889=LINE('',#5618,#1340);
#890=LINE('',#5620,#1341);
#891=LINE('',#5622,#1342);
#892=LINE('',#5623,#1343);
#893=LINE('',#5626,#1344);
#894=LINE('',#5628,#1345);
#895=LINE('',#5629,#1346);
#896=LINE('',#5632,#1347);
#897=LINE('',#5634,#1348);
#898=LINE('',#5635,#1349);
#899=LINE('',#5637,#1350);
#900=LINE('',#5638,#1351);
#901=LINE('',#5644,#1352);
#902=LINE('',#5646,#1353);
#903=LINE('',#5648,#1354);
#904=LINE('',#5649,#1355);
#905=LINE('',#5652,#1356);
#906=LINE('',#5654,#1357);
#907=LINE('',#5655,#1358);
#908=LINE('',#5658,#1359);
#909=LINE('',#5660,#1360);
#910=LINE('',#5661,#1361);
#911=LINE('',#5663,#1362);
#912=LINE('',#5664,#1363);
#913=LINE('',#5670,#1364);
#914=LINE('',#5672,#1365);
#915=LINE('',#5674,#1366);
#916=LINE('',#5675,#1367);
#917=LINE('',#5678,#1368);
#918=LINE('',#5680,#1369);
#919=LINE('',#5681,#1370);
#920=LINE('',#5684,#1371);
#921=LINE('',#5686,#1372);
#922=LINE('',#5687,#1373);
#923=LINE('',#5689,#1374);
#924=LINE('',#5690,#1375);
#925=LINE('',#5696,#1376);
#926=LINE('',#5698,#1377);
#927=LINE('',#5700,#1378);
#928=LINE('',#5701,#1379);
#929=LINE('',#5704,#1380);
#930=LINE('',#5706,#1381);
#931=LINE('',#5707,#1382);
#932=LINE('',#5710,#1383);
#933=LINE('',#5712,#1384);
#934=LINE('',#5713,#1385);
#935=LINE('',#5715,#1386);
#936=LINE('',#5716,#1387);
#937=LINE('',#5722,#1388);
#938=LINE('',#5724,#1389);
#939=LINE('',#5726,#1390);
#940=LINE('',#5727,#1391);
#941=LINE('',#5730,#1392);
#942=LINE('',#5732,#1393);
#943=LINE('',#5733,#1394);
#944=LINE('',#5736,#1395);
#945=LINE('',#5738,#1396);
#946=LINE('',#5739,#1397);
#947=LINE('',#5741,#1398);
#948=LINE('',#5742,#1399);
#949=LINE('',#5748,#1400);
#950=LINE('',#5750,#1401);
#951=LINE('',#5752,#1402);
#952=LINE('',#5753,#1403);
#953=LINE('',#5756,#1404);
#954=LINE('',#5758,#1405);
#955=LINE('',#5759,#1406);
#956=LINE('',#5762,#1407);
#957=LINE('',#5764,#1408);
#958=LINE('',#5765,#1409);
#959=LINE('',#5767,#1410);
#960=LINE('',#5768,#1411);
#961=LINE('',#5774,#1412);
#962=LINE('',#5776,#1413);
#963=LINE('',#5778,#1414);
#964=LINE('',#5779,#1415);
#965=LINE('',#5782,#1416);
#966=LINE('',#5784,#1417);
#967=LINE('',#5785,#1418);
#968=LINE('',#5788,#1419);
#969=LINE('',#5790,#1420);
#970=LINE('',#5791,#1421);
#971=LINE('',#5793,#1422);
#972=LINE('',#5794,#1423);
#973=LINE('',#5800,#1424);
#974=LINE('',#5802,#1425);
#975=LINE('',#5804,#1426);
#976=LINE('',#5805,#1427);
#977=LINE('',#5808,#1428);
#978=LINE('',#5810,#1429);
#979=LINE('',#5811,#1430);
#980=LINE('',#5814,#1431);
#981=LINE('',#5816,#1432);
#982=LINE('',#5817,#1433);
#983=LINE('',#5819,#1434);
#984=LINE('',#5820,#1435);
#985=LINE('',#5826,#1436);
#986=LINE('',#5828,#1437);
#987=LINE('',#5830,#1438);
#988=LINE('',#5831,#1439);
#989=LINE('',#5834,#1440);
#990=LINE('',#5836,#1441);
#991=LINE('',#5837,#1442);
#992=LINE('',#5840,#1443);
#993=LINE('',#5842,#1444);
#994=LINE('',#5843,#1445);
#995=LINE('',#5845,#1446);
#996=LINE('',#5846,#1447);
#997=LINE('',#5852,#1448);
#998=LINE('',#5854,#1449);
#999=LINE('',#5856,#1450);
#1000=LINE('',#5857,#1451);
#1001=LINE('',#5860,#1452);
#1002=LINE('',#5862,#1453);
#1003=LINE('',#5863,#1454);
#1004=LINE('',#5866,#1455);
#1005=LINE('',#5868,#1456);
#1006=LINE('',#5869,#1457);
#1007=LINE('',#5871,#1458);
#1008=LINE('',#5872,#1459);
#1009=LINE('',#5878,#1460);
#1010=LINE('',#5880,#1461);
#1011=LINE('',#5882,#1462);
#1012=LINE('',#5883,#1463);
#1013=LINE('',#5886,#1464);
#1014=LINE('',#5888,#1465);
#1015=LINE('',#5889,#1466);
#1016=LINE('',#5892,#1467);
#1017=LINE('',#5894,#1468);
#1018=LINE('',#5895,#1469);
#1019=LINE('',#5897,#1470);
#1020=LINE('',#5898,#1471);
#1021=LINE('',#5904,#1472);
#1022=LINE('',#5906,#1473);
#1023=LINE('',#5908,#1474);
#1024=LINE('',#5909,#1475);
#1025=LINE('',#5912,#1476);
#1026=LINE('',#5914,#1477);
#1027=LINE('',#5915,#1478);
#1028=LINE('',#5918,#1479);
#1029=LINE('',#5920,#1480);
#1030=LINE('',#5921,#1481);
#1031=LINE('',#5923,#1482);
#1032=LINE('',#5924,#1483);
#1033=LINE('',#5930,#1484);
#1034=LINE('',#5932,#1485);
#1035=LINE('',#5934,#1486);
#1036=LINE('',#5935,#1487);
#1037=LINE('',#5938,#1488);
#1038=LINE('',#5940,#1489);
#1039=LINE('',#5941,#1490);
#1040=LINE('',#5944,#1491);
#1041=LINE('',#5946,#1492);
#1042=LINE('',#5947,#1493);
#1043=LINE('',#5949,#1494);
#1044=LINE('',#5950,#1495);
#1045=LINE('',#5956,#1496);
#1046=LINE('',#5958,#1497);
#1047=LINE('',#5960,#1498);
#1048=LINE('',#5961,#1499);
#1049=LINE('',#5964,#1500);
#1050=LINE('',#5966,#1501);
#1051=LINE('',#5967,#1502);
#1052=LINE('',#5970,#1503);
#1053=LINE('',#5972,#1504);
#1054=LINE('',#5973,#1505);
#1055=LINE('',#5975,#1506);
#1056=LINE('',#5976,#1507);
#1057=VECTOR('',#4003,10.);
#1058=VECTOR('',#4004,10.);
#1059=VECTOR('',#4005,10.);
#1060=VECTOR('',#4006,10.);
#1061=VECTOR('',#4009,10.);
#1062=VECTOR('',#4010,10.);
#1063=VECTOR('',#4011,10.);
#1064=VECTOR('',#4014,10.);
#1065=VECTOR('',#4015,10.);
#1066=VECTOR('',#4016,10.);
#1067=VECTOR('',#4019,10.);
#1068=VECTOR('',#4020,10.);
#1069=VECTOR('',#4027,10.);
#1070=VECTOR('',#4028,10.);
#1071=VECTOR('',#4029,10.);
#1072=VECTOR('',#4030,10.);
#1073=VECTOR('',#4033,10.);
#1074=VECTOR('',#4034,10.);
#1075=VECTOR('',#4035,10.);
#1076=VECTOR('',#4038,10.);
#1077=VECTOR('',#4039,10.);
#1078=VECTOR('',#4040,10.);
#1079=VECTOR('',#4043,10.);
#1080=VECTOR('',#4044,10.);
#1081=VECTOR('',#4051,10.);
#1082=VECTOR('',#4052,10.);
#1083=VECTOR('',#4053,10.);
#1084=VECTOR('',#4054,10.);
#1085=VECTOR('',#4057,10.);
#1086=VECTOR('',#4058,10.);
#1087=VECTOR('',#4059,10.);
#1088=VECTOR('',#4062,10.);
#1089=VECTOR('',#4063,10.);
#1090=VECTOR('',#4064,10.);
#1091=VECTOR('',#4067,10.);
#1092=VECTOR('',#4068,10.);
#1093=VECTOR('',#4075,10.);
#1094=VECTOR('',#4076,10.);
#1095=VECTOR('',#4077,10.);
#1096=VECTOR('',#4078,10.);
#1097=VECTOR('',#4081,10.);
#1098=VECTOR('',#4082,10.);
#1099=VECTOR('',#4083,10.);
#1100=VECTOR('',#4086,10.);
#1101=VECTOR('',#4087,10.);
#1102=VECTOR('',#4088,10.);
#1103=VECTOR('',#4091,10.);
#1104=VECTOR('',#4092,10.);
#1105=VECTOR('',#4099,10.);
#1106=VECTOR('',#4100,10.);
#1107=VECTOR('',#4101,10.);
#1108=VECTOR('',#4102,10.);
#1109=VECTOR('',#4105,10.);
#1110=VECTOR('',#4106,10.);
#1111=VECTOR('',#4107,10.);
#1112=VECTOR('',#4110,10.);
#1113=VECTOR('',#4111,10.);
#1114=VECTOR('',#4112,10.);
#1115=VECTOR('',#4115,10.);
#1116=VECTOR('',#4116,10.);
#1117=VECTOR('',#4123,10.);
#1118=VECTOR('',#4124,10.);
#1119=VECTOR('',#4125,10.);
#1120=VECTOR('',#4126,10.);
#1121=VECTOR('',#4129,10.);
#1122=VECTOR('',#4130,10.);
#1123=VECTOR('',#4131,10.);
#1124=VECTOR('',#4134,10.);
#1125=VECTOR('',#4135,10.);
#1126=VECTOR('',#4136,10.);
#1127=VECTOR('',#4139,10.);
#1128=VECTOR('',#4140,10.);
#1129=VECTOR('',#4147,10.);
#1130=VECTOR('',#4148,10.);
#1131=VECTOR('',#4149,10.);
#1132=VECTOR('',#4150,10.);
#1133=VECTOR('',#4153,10.);
#1134=VECTOR('',#4154,10.);
#1135=VECTOR('',#4155,10.);
#1136=VECTOR('',#4158,10.);
#1137=VECTOR('',#4159,10.);
#1138=VECTOR('',#4160,10.);
#1139=VECTOR('',#4163,10.);
#1140=VECTOR('',#4164,10.);
#1141=VECTOR('',#4171,10.);
#1142=VECTOR('',#4172,10.);
#1143=VECTOR('',#4173,10.);
#1144=VECTOR('',#4174,10.);
#1145=VECTOR('',#4177,10.);
#1146=VECTOR('',#4178,10.);
#1147=VECTOR('',#4179,10.);
#1148=VECTOR('',#4182,10.);
#1149=VECTOR('',#4183,10.);
#1150=VECTOR('',#4184,10.);
#1151=VECTOR('',#4187,10.);
#1152=VECTOR('',#4188,10.);
#1153=VECTOR('',#4195,10.);
#1154=VECTOR('',#4196,10.);
#1155=VECTOR('',#4197,10.);
#1156=VECTOR('',#4198,10.);
#1157=VECTOR('',#4201,10.);
#1158=VECTOR('',#4202,10.);
#1159=VECTOR('',#4203,10.);
#1160=VECTOR('',#4206,10.);
#1161=VECTOR('',#4207,10.);
#1162=VECTOR('',#4208,10.);
#1163=VECTOR('',#4211,10.);
#1164=VECTOR('',#4212,10.);
#1165=VECTOR('',#4219,10.);
#1166=VECTOR('',#4220,10.);
#1167=VECTOR('',#4221,10.);
#1168=VECTOR('',#4222,10.);
#1169=VECTOR('',#4225,10.);
#1170=VECTOR('',#4226,10.);
#1171=VECTOR('',#4227,10.);
#1172=VECTOR('',#4230,10.);
#1173=VECTOR('',#4231,10.);
#1174=VECTOR('',#4232,10.);
#1175=VECTOR('',#4235,10.);
#1176=VECTOR('',#4236,10.);
#1177=VECTOR('',#4243,10.);
#1178=VECTOR('',#4244,10.);
#1179=VECTOR('',#4245,10.);
#1180=VECTOR('',#4246,10.);
#1181=VECTOR('',#4249,10.);
#1182=VECTOR('',#4250,10.);
#1183=VECTOR('',#4251,10.);
#1184=VECTOR('',#4254,10.);
#1185=VECTOR('',#4255,10.);
#1186=VECTOR('',#4256,10.);
#1187=VECTOR('',#4259,10.);
#1188=VECTOR('',#4260,10.);
#1189=VECTOR('',#4267,10.);
#1190=VECTOR('',#4268,10.);
#1191=VECTOR('',#4269,10.);
#1192=VECTOR('',#4270,10.);
#1193=VECTOR('',#4273,10.);
#1194=VECTOR('',#4274,10.);
#1195=VECTOR('',#4275,10.);
#1196=VECTOR('',#4278,10.);
#1197=VECTOR('',#4279,10.);
#1198=VECTOR('',#4280,10.);
#1199=VECTOR('',#4283,10.);
#1200=VECTOR('',#4284,10.);
#1201=VECTOR('',#4291,10.);
#1202=VECTOR('',#4292,10.);
#1203=VECTOR('',#4293,10.);
#1204=VECTOR('',#4294,10.);
#1205=VECTOR('',#4297,10.);
#1206=VECTOR('',#4298,10.);
#1207=VECTOR('',#4299,10.);
#1208=VECTOR('',#4302,10.);
#1209=VECTOR('',#4303,10.);
#1210=VECTOR('',#4304,10.);
#1211=VECTOR('',#4307,10.);
#1212=VECTOR('',#4308,10.);
#1213=VECTOR('',#4315,10.);
#1214=VECTOR('',#4316,10.);
#1215=VECTOR('',#4317,10.);
#1216=VECTOR('',#4318,10.);
#1217=VECTOR('',#4321,10.);
#1218=VECTOR('',#4322,10.);
#1219=VECTOR('',#4323,10.);
#1220=VECTOR('',#4326,10.);
#1221=VECTOR('',#4327,10.);
#1222=VECTOR('',#4328,10.);
#1223=VECTOR('',#4331,10.);
#1224=VECTOR('',#4332,10.);
#1225=VECTOR('',#4339,10.);
#1226=VECTOR('',#4340,10.);
#1227=VECTOR('',#4341,10.);
#1228=VECTOR('',#4342,10.);
#1229=VECTOR('',#4345,10.);
#1230=VECTOR('',#4346,10.);
#1231=VECTOR('',#4347,10.);
#1232=VECTOR('',#4350,10.);
#1233=VECTOR('',#4351,10.);
#1234=VECTOR('',#4352,10.);
#1235=VECTOR('',#4355,10.);
#1236=VECTOR('',#4356,10.);
#1237=VECTOR('',#4363,10.);
#1238=VECTOR('',#4364,10.);
#1239=VECTOR('',#4365,10.);
#1240=VECTOR('',#4366,10.);
#1241=VECTOR('',#4369,10.);
#1242=VECTOR('',#4370,10.);
#1243=VECTOR('',#4371,10.);
#1244=VECTOR('',#4374,10.);
#1245=VECTOR('',#4375,10.);
#1246=VECTOR('',#4376,10.);
#1247=VECTOR('',#4379,10.);
#1248=VECTOR('',#4380,10.);
#1249=VECTOR('',#4389,15.);
#1250=VECTOR('',#4400,15.);
#1251=VECTOR('',#4411,15.);
#1252=VECTOR('',#4422,15.);
#1253=VECTOR('',#4431,10.);
#1254=VECTOR('',#4432,10.);
#1255=VECTOR('',#4433,10.);
#1256=VECTOR('',#4434,10.);
#1257=VECTOR('',#4437,10.);
#1258=VECTOR('',#4438,10.);
#1259=VECTOR('',#4439,10.);
#1260=VECTOR('',#4442,10.);
#1261=VECTOR('',#4443,10.);
#1262=VECTOR('',#4444,10.);
#1263=VECTOR('',#4447,10.);
#1264=VECTOR('',#4448,10.);
#1265=VECTOR('',#4455,10.);
#1266=VECTOR('',#4456,10.);
#1267=VECTOR('',#4457,10.);
#1268=VECTOR('',#4458,10.);
#1269=VECTOR('',#4461,10.);
#1270=VECTOR('',#4462,10.);
#1271=VECTOR('',#4463,10.);
#1272=VECTOR('',#4466,10.);
#1273=VECTOR('',#4467,10.);
#1274=VECTOR('',#4468,10.);
#1275=VECTOR('',#4471,10.);
#1276=VECTOR('',#4472,10.);
#1277=VECTOR('',#4479,10.);
#1278=VECTOR('',#4480,10.);
#1279=VECTOR('',#4481,10.);
#1280=VECTOR('',#4482,10.);
#1281=VECTOR('',#4485,10.);
#1282=VECTOR('',#4486,10.);
#1283=VECTOR('',#4487,10.);
#1284=VECTOR('',#4490,10.);
#1285=VECTOR('',#4491,10.);
#1286=VECTOR('',#4492,10.);
#1287=VECTOR('',#4495,10.);
#1288=VECTOR('',#4496,10.);
#1289=VECTOR('',#4503,10.);
#1290=VECTOR('',#4504,10.);
#1291=VECTOR('',#4505,10.);
#1292=VECTOR('',#4506,10.);
#1293=VECTOR('',#4509,10.);
#1294=VECTOR('',#4510,10.);
#1295=VECTOR('',#4511,10.);
#1296=VECTOR('',#4514,10.);
#1297=VECTOR('',#4515,10.);
#1298=VECTOR('',#4516,10.);
#1299=VECTOR('',#4519,10.);
#1300=VECTOR('',#4520,10.);
#1301=VECTOR('',#4529,170.);
#1302=VECTOR('',#4536,230.);
#1303=VECTOR('',#4547,150.);
#1304=VECTOR('',#4556,10.);
#1305=VECTOR('',#4557,10.);
#1306=VECTOR('',#4558,10.);
#1307=VECTOR('',#4559,10.);
#1308=VECTOR('',#4562,10.);
#1309=VECTOR('',#4563,10.);
#1310=VECTOR('',#4564,10.);
#1311=VECTOR('',#4567,10.);
#1312=VECTOR('',#4568,10.);
#1313=VECTOR('',#4569,10.);
#1314=VECTOR('',#4572,10.);
#1315=VECTOR('',#4573,10.);
#1316=VECTOR('',#4580,10.);
#1317=VECTOR('',#4581,10.);
#1318=VECTOR('',#4582,10.);
#1319=VECTOR('',#4583,10.);
#1320=VECTOR('',#4586,10.);
#1321=VECTOR('',#4587,10.);
#1322=VECTOR('',#4588,10.);
#1323=VECTOR('',#4591,10.);
#1324=VECTOR('',#4592,10.);
#1325=VECTOR('',#4593,10.);
#1326=VECTOR('',#4596,10.);
#1327=VECTOR('',#4597,10.);
#1328=VECTOR('',#4604,10.);
#1329=VECTOR('',#4605,10.);
#1330=VECTOR('',#4606,10.);
#1331=VECTOR('',#4607,10.);
#1332=VECTOR('',#4610,10.);
#1333=VECTOR('',#4611,10.);
#1334=VECTOR('',#4612,10.);
#1335=VECTOR('',#4615,10.);
#1336=VECTOR('',#4616,10.);
#1337=VECTOR('',#4617,10.);
#1338=VECTOR('',#4620,10.);
#1339=VECTOR('',#4621,10.);
#1340=VECTOR('',#4628,10.);
#1341=VECTOR('',#4629,10.);
#1342=VECTOR('',#4630,10.);
#1343=VECTOR('',#4631,10.);
#1344=VECTOR('',#4634,10.);
#1345=VECTOR('',#4635,10.);
#1346=VECTOR('',#4636,10.);
#1347=VECTOR('',#4639,10.);
#1348=VECTOR('',#4640,10.);
#1349=VECTOR('',#4641,10.);
#1350=VECTOR('',#4644,10.);
#1351=VECTOR('',#4645,10.);
#1352=VECTOR('',#4652,10.);
#1353=VECTOR('',#4653,10.);
#1354=VECTOR('',#4654,10.);
#1355=VECTOR('',#4655,10.);
#1356=VECTOR('',#4658,10.);
#1357=VECTOR('',#4659,10.);
#1358=VECTOR('',#4660,10.);
#1359=VECTOR('',#4663,10.);
#1360=VECTOR('',#4664,10.);
#1361=VECTOR('',#4665,10.);
#1362=VECTOR('',#4668,10.);
#1363=VECTOR('',#4669,10.);
#1364=VECTOR('',#4676,10.);
#1365=VECTOR('',#4677,10.);
#1366=VECTOR('',#4678,10.);
#1367=VECTOR('',#4679,10.);
#1368=VECTOR('',#4682,10.);
#1369=VECTOR('',#4683,10.);
#1370=VECTOR('',#4684,10.);
#1371=VECTOR('',#4687,10.);
#1372=VECTOR('',#4688,10.);
#1373=VECTOR('',#4689,10.);
#1374=VECTOR('',#4692,10.);
#1375=VECTOR('',#4693,10.);
#1376=VECTOR('',#4700,10.);
#1377=VECTOR('',#4701,10.);
#1378=VECTOR('',#4702,10.);
#1379=VECTOR('',#4703,10.);
#1380=VECTOR('',#4706,10.);
#1381=VECTOR('',#4707,10.);
#1382=VECTOR('',#4708,10.);
#1383=VECTOR('',#4711,10.);
#1384=VECTOR('',#4712,10.);
#1385=VECTOR('',#4713,10.);
#1386=VECTOR('',#4716,10.);
#1387=VECTOR('',#4717,10.);
#1388=VECTOR('',#4724,10.);
#1389=VECTOR('',#4725,10.);
#1390=VECTOR('',#4726,10.);
#1391=VECTOR('',#4727,10.);
#1392=VECTOR('',#4730,10.);
#1393=VECTOR('',#4731,10.);
#1394=VECTOR('',#4732,10.);
#1395=VECTOR('',#4735,10.);
#1396=VECTOR('',#4736,10.);
#1397=VECTOR('',#4737,10.);
#1398=VECTOR('',#4740,10.);
#1399=VECTOR('',#4741,10.);
#1400=VECTOR('',#4748,10.);
#1401=VECTOR('',#4749,10.);
#1402=VECTOR('',#4750,10.);
#1403=VECTOR('',#4751,10.);
#1404=VECTOR('',#4754,10.);
#1405=VECTOR('',#4755,10.);
#1406=VECTOR('',#4756,10.);
#1407=VECTOR('',#4759,10.);
#1408=VECTOR('',#4760,10.);
#1409=VECTOR('',#4761,10.);
#1410=VECTOR('',#4764,10.);
#1411=VECTOR('',#4765,10.);
#1412=VECTOR('',#4772,10.);
#1413=VECTOR('',#4773,10.);
#1414=VECTOR('',#4774,10.);
#1415=VECTOR('',#4775,10.);
#1416=VECTOR('',#4778,10.);
#1417=VECTOR('',#4779,10.);
#1418=VECTOR('',#4780,10.);
#1419=VECTOR('',#4783,10.);
#1420=VECTOR('',#4784,10.);
#1421=VECTOR('',#4785,10.);
#1422=VECTOR('',#4788,10.);
#1423=VECTOR('',#4789,10.);
#1424=VECTOR('',#4796,10.);
#1425=VECTOR('',#4797,10.);
#1426=VECTOR('',#4798,10.);
#1427=VECTOR('',#4799,10.);
#1428=VECTOR('',#4802,10.);
#1429=VECTOR('',#4803,10.);
#1430=VECTOR('',#4804,10.);
#1431=VECTOR('',#4807,10.);
#1432=VECTOR('',#4808,10.);
#1433=VECTOR('',#4809,10.);
#1434=VECTOR('',#4812,10.);
#1435=VECTOR('',#4813,10.);
#1436=VECTOR('',#4820,10.);
#1437=VECTOR('',#4821,10.);
#1438=VECTOR('',#4822,10.);
#1439=VECTOR('',#4823,10.);
#1440=VECTOR('',#4826,10.);
#1441=VECTOR('',#4827,10.);
#1442=VECTOR('',#4828,10.);
#1443=VECTOR('',#4831,10.);
#1444=VECTOR('',#4832,10.);
#1445=VECTOR('',#4833,10.);
#1446=VECTOR('',#4836,10.);
#1447=VECTOR('',#4837,10.);
#1448=VECTOR('',#4844,10.);
#1449=VECTOR('',#4845,10.);
#1450=VECTOR('',#4846,10.);
#1451=VECTOR('',#4847,10.);
#1452=VECTOR('',#4850,10.);
#1453=VECTOR('',#4851,10.);
#1454=VECTOR('',#4852,10.);
#1455=VECTOR('',#4855,10.);
#1456=VECTOR('',#4856,10.);
#1457=VECTOR('',#4857,10.);
#1458=VECTOR('',#4860,10.);
#1459=VECTOR('',#4861,10.);
#1460=VECTOR('',#4868,10.);
#1461=VECTOR('',#4869,10.);
#1462=VECTOR('',#4870,10.);
#1463=VECTOR('',#4871,10.);
#1464=VECTOR('',#4874,10.);
#1465=VECTOR('',#4875,10.);
#1466=VECTOR('',#4876,10.);
#1467=VECTOR('',#4879,10.);
#1468=VECTOR('',#4880,10.);
#1469=VECTOR('',#4881,10.);
#1470=VECTOR('',#4884,10.);
#1471=VECTOR('',#4885,10.);
#1472=VECTOR('',#4892,10.);
#1473=VECTOR('',#4893,10.);
#1474=VECTOR('',#4894,10.);
#1475=VECTOR('',#4895,10.);
#1476=VECTOR('',#4898,10.);
#1477=VECTOR('',#4899,10.);
#1478=VECTOR('',#4900,10.);
#1479=VECTOR('',#4903,10.);
#1480=VECTOR('',#4904,10.);
#1481=VECTOR('',#4905,10.);
#1482=VECTOR('',#4908,10.);
#1483=VECTOR('',#4909,10.);
#1484=VECTOR('',#4916,10.);
#1485=VECTOR('',#4917,10.);
#1486=VECTOR('',#4918,10.);
#1487=VECTOR('',#4919,10.);
#1488=VECTOR('',#4922,10.);
#1489=VECTOR('',#4923,10.);
#1490=VECTOR('',#4924,10.);
#1491=VECTOR('',#4927,10.);
#1492=VECTOR('',#4928,10.);
#1493=VECTOR('',#4929,10.);
#1494=VECTOR('',#4932,10.);
#1495=VECTOR('',#4933,10.);
#1496=VECTOR('',#4940,10.);
#1497=VECTOR('',#4941,10.);
#1498=VECTOR('',#4942,10.);
#1499=VECTOR('',#4943,10.);
#1500=VECTOR('',#4946,10.);
#1501=VECTOR('',#4947,10.);
#1502=VECTOR('',#4948,10.);
#1503=VECTOR('',#4951,10.);
#1504=VECTOR('',#4952,10.);
#1505=VECTOR('',#4953,10.);
#1506=VECTOR('',#4956,10.);
#1507=VECTOR('',#4957,10.);
#1508=VERTEX_POINT('',#4964);
#1509=VERTEX_POINT('',#4965);
#1510=VERTEX_POINT('',#4967);
#1511=VERTEX_POINT('',#4969);
#1512=VERTEX_POINT('',#4973);
#1513=VERTEX_POINT('',#4975);
#1514=VERTEX_POINT('',#4979);
#1515=VERTEX_POINT('',#4981);
#1516=VERTEX_POINT('',#4990);
#1517=VERTEX_POINT('',#4991);
#1518=VERTEX_POINT('',#4993);
#1519=VERTEX_POINT('',#4995);
#1520=VERTEX_POINT('',#4999);
#1521=VERTEX_POINT('',#5001);
#1522=VERTEX_POINT('',#5005);
#1523=VERTEX_POINT('',#5007);
#1524=VERTEX_POINT('',#5016);
#1525=VERTEX_POINT('',#5017);
#1526=VERTEX_POINT('',#5019);
#1527=VERTEX_POINT('',#5021);
#1528=VERTEX_POINT('',#5025);
#1529=VERTEX_POINT('',#5027);
#1530=VERTEX_POINT('',#5031);
#1531=VERTEX_POINT('',#5033);
#1532=VERTEX_POINT('',#5042);
#1533=VERTEX_POINT('',#5043);
#1534=VERTEX_POINT('',#5045);
#1535=VERTEX_POINT('',#5047);
#1536=VERTEX_POINT('',#5051);
#1537=VERTEX_POINT('',#5053);
#1538=VERTEX_POINT('',#5057);
#1539=VERTEX_POINT('',#5059);
#1540=VERTEX_POINT('',#5068);
#1541=VERTEX_POINT('',#5069);
#1542=VERTEX_POINT('',#5071);
#1543=VERTEX_POINT('',#5073);
#1544=VERTEX_POINT('',#5077);
#1545=VERTEX_POINT('',#5079);
#1546=VERTEX_POINT('',#5083);
#1547=VERTEX_POINT('',#5085);
#1548=VERTEX_POINT('',#5094);
#1549=VERTEX_POINT('',#5095);
#1550=VERTEX_POINT('',#5097);
#1551=VERTEX_POINT('',#5099);
#1552=VERTEX_POINT('',#5103);
#1553=VERTEX_POINT('',#5105);
#1554=VERTEX_POINT('',#5109);
#1555=VERTEX_POINT('',#5111);
#1556=VERTEX_POINT('',#5120);
#1557=VERTEX_POINT('',#5121);
#1558=VERTEX_POINT('',#5123);
#1559=VERTEX_POINT('',#5125);
#1560=VERTEX_POINT('',#5129);
#1561=VERTEX_POINT('',#5131);
#1562=VERTEX_POINT('',#5135);
#1563=VERTEX_POINT('',#5137);
#1564=VERTEX_POINT('',#5146);
#1565=VERTEX_POINT('',#5147);
#1566=VERTEX_POINT('',#5149);
#1567=VERTEX_POINT('',#5151);
#1568=VERTEX_POINT('',#5155);
#1569=VERTEX_POINT('',#5157);
#1570=VERTEX_POINT('',#5161);
#1571=VERTEX_POINT('',#5163);
#1572=VERTEX_POINT('',#5172);
#1573=VERTEX_POINT('',#5173);
#1574=VERTEX_POINT('',#5175);
#1575=VERTEX_POINT('',#5177);
#1576=VERTEX_POINT('',#5181);
#1577=VERTEX_POINT('',#5183);
#1578=VERTEX_POINT('',#5187);
#1579=VERTEX_POINT('',#5189);
#1580=VERTEX_POINT('',#5198);
#1581=VERTEX_POINT('',#5199);
#1582=VERTEX_POINT('',#5201);
#1583=VERTEX_POINT('',#5203);
#1584=VERTEX_POINT('',#5207);
#1585=VERTEX_POINT('',#5209);
#1586=VERTEX_POINT('',#5213);
#1587=VERTEX_POINT('',#5215);
#1588=VERTEX_POINT('',#5224);
#1589=VERTEX_POINT('',#5225);
#1590=VERTEX_POINT('',#5227);
#1591=VERTEX_POINT('',#5229);
#1592=VERTEX_POINT('',#5233);
#1593=VERTEX_POINT('',#5235);
#1594=VERTEX_POINT('',#5239);
#1595=VERTEX_POINT('',#5241);
#1596=VERTEX_POINT('',#5250);
#1597=VERTEX_POINT('',#5251);
#1598=VERTEX_POINT('',#5253);
#1599=VERTEX_POINT('',#5255);
#1600=VERTEX_POINT('',#5259);
#1601=VERTEX_POINT('',#5261);
#1602=VERTEX_POINT('',#5265);
#1603=VERTEX_POINT('',#5267);
#1604=VERTEX_POINT('',#5276);
#1605=VERTEX_POINT('',#5277);
#1606=VERTEX_POINT('',#5279);
#1607=VERTEX_POINT('',#5281);
#1608=VERTEX_POINT('',#5285);
#1609=VERTEX_POINT('',#5287);
#1610=VERTEX_POINT('',#5291);
#1611=VERTEX_POINT('',#5293);
#1612=VERTEX_POINT('',#5302);
#1613=VERTEX_POINT('',#5303);
#1614=VERTEX_POINT('',#5305);
#1615=VERTEX_POINT('',#5307);
#1616=VERTEX_POINT('',#5311);
#1617=VERTEX_POINT('',#5313);
#1618=VERTEX_POINT('',#5317);
#1619=VERTEX_POINT('',#5319);
#1620=VERTEX_POINT('',#5328);
#1621=VERTEX_POINT('',#5329);
#1622=VERTEX_POINT('',#5331);
#1623=VERTEX_POINT('',#5333);
#1624=VERTEX_POINT('',#5337);
#1625=VERTEX_POINT('',#5339);
#1626=VERTEX_POINT('',#5343);
#1627=VERTEX_POINT('',#5345);
#1628=VERTEX_POINT('',#5354);
#1629=VERTEX_POINT('',#5355);
#1630=VERTEX_POINT('',#5357);
#1631=VERTEX_POINT('',#5359);
#1632=VERTEX_POINT('',#5363);
#1633=VERTEX_POINT('',#5365);
#1634=VERTEX_POINT('',#5369);
#1635=VERTEX_POINT('',#5371);
#1636=VERTEX_POINT('',#5380);
#1637=VERTEX_POINT('',#5382);
#1638=VERTEX_POINT('',#5388);
#1639=VERTEX_POINT('',#5390);
#1640=VERTEX_POINT('',#5396);
#1641=VERTEX_POINT('',#5398);
#1642=VERTEX_POINT('',#5404);
#1643=VERTEX_POINT('',#5406);
#1644=VERTEX_POINT('',#5412);
#1645=VERTEX_POINT('',#5413);
#1646=VERTEX_POINT('',#5415);
#1647=VERTEX_POINT('',#5417);
#1648=VERTEX_POINT('',#5421);
#1649=VERTEX_POINT('',#5423);
#1650=VERTEX_POINT('',#5427);
#1651=VERTEX_POINT('',#5429);
#1652=VERTEX_POINT('',#5438);
#1653=VERTEX_POINT('',#5439);
#1654=VERTEX_POINT('',#5441);
#1655=VERTEX_POINT('',#5443);
#1656=VERTEX_POINT('',#5447);
#1657=VERTEX_POINT('',#5449);
#1658=VERTEX_POINT('',#5453);
#1659=VERTEX_POINT('',#5455);
#1660=VERTEX_POINT('',#5464);
#1661=VERTEX_POINT('',#5465);
#1662=VERTEX_POINT('',#5467);
#1663=VERTEX_POINT('',#5469);
#1664=VERTEX_POINT('',#5473);
#1665=VERTEX_POINT('',#5475);
#1666=VERTEX_POINT('',#5479);
#1667=VERTEX_POINT('',#5481);
#1668=VERTEX_POINT('',#5490);
#1669=VERTEX_POINT('',#5491);
#1670=VERTEX_POINT('',#5493);
#1671=VERTEX_POINT('',#5495);
#1672=VERTEX_POINT('',#5499);
#1673=VERTEX_POINT('',#5501);
#1674=VERTEX_POINT('',#5505);
#1675=VERTEX_POINT('',#5507);
#1676=VERTEX_POINT('',#5516);
#1677=VERTEX_POINT('',#5518);
#1678=VERTEX_POINT('',#5522);
#1679=VERTEX_POINT('',#5524);
#1680=VERTEX_POINT('',#5530);
#1681=VERTEX_POINT('',#5532);
#1682=VERTEX_POINT('',#5538);
#1683=VERTEX_POINT('',#5539);
#1684=VERTEX_POINT('',#5541);
#1685=VERTEX_POINT('',#5543);
#1686=VERTEX_POINT('',#5547);
#1687=VERTEX_POINT('',#5549);
#1688=VERTEX_POINT('',#5553);
#1689=VERTEX_POINT('',#5555);
#1690=VERTEX_POINT('',#5564);
#1691=VERTEX_POINT('',#5565);
#1692=VERTEX_POINT('',#5567);
#1693=VERTEX_POINT('',#5569);
#1694=VERTEX_POINT('',#5573);
#1695=VERTEX_POINT('',#5575);
#1696=VERTEX_POINT('',#5579);
#1697=VERTEX_POINT('',#5581);
#1698=VERTEX_POINT('',#5590);
#1699=VERTEX_POINT('',#5591);
#1700=VERTEX_POINT('',#5593);
#1701=VERTEX_POINT('',#5595);
#1702=VERTEX_POINT('',#5599);
#1703=VERTEX_POINT('',#5601);
#1704=VERTEX_POINT('',#5605);
#1705=VERTEX_POINT('',#5607);
#1706=VERTEX_POINT('',#5616);
#1707=VERTEX_POINT('',#5617);
#1708=VERTEX_POINT('',#5619);
#1709=VERTEX_POINT('',#5621);
#1710=VERTEX_POINT('',#5625);
#1711=VERTEX_POINT('',#5627);
#1712=VERTEX_POINT('',#5631);
#1713=VERTEX_POINT('',#5633);
#1714=VERTEX_POINT('',#5642);
#1715=VERTEX_POINT('',#5643);
#1716=VERTEX_POINT('',#5645);
#1717=VERTEX_POINT('',#5647);
#1718=VERTEX_POINT('',#5651);
#1719=VERTEX_POINT('',#5653);
#1720=VERTEX_POINT('',#5657);
#1721=VERTEX_POINT('',#5659);
#1722=VERTEX_POINT('',#5668);
#1723=VERTEX_POINT('',#5669);
#1724=VERTEX_POINT('',#5671);
#1725=VERTEX_POINT('',#5673);
#1726=VERTEX_POINT('',#5677);
#1727=VERTEX_POINT('',#5679);
#1728=VERTEX_POINT('',#5683);
#1729=VERTEX_POINT('',#5685);
#1730=VERTEX_POINT('',#5694);
#1731=VERTEX_POINT('',#5695);
#1732=VERTEX_POINT('',#5697);
#1733=VERTEX_POINT('',#5699);
#1734=VERTEX_POINT('',#5703);
#1735=VERTEX_POINT('',#5705);
#1736=VERTEX_POINT('',#5709);
#1737=VERTEX_POINT('',#5711);
#1738=VERTEX_POINT('',#5720);
#1739=VERTEX_POINT('',#5721);
#1740=VERTEX_POINT('',#5723);
#1741=VERTEX_POINT('',#5725);
#1742=VERTEX_POINT('',#5729);
#1743=VERTEX_POINT('',#5731);
#1744=VERTEX_POINT('',#5735);
#1745=VERTEX_POINT('',#5737);
#1746=VERTEX_POINT('',#5746);
#1747=VERTEX_POINT('',#5747);
#1748=VERTEX_POINT('',#5749);
#1749=VERTEX_POINT('',#5751);
#1750=VERTEX_POINT('',#5755);
#1751=VERTEX_POINT('',#5757);
#1752=VERTEX_POINT('',#5761);
#1753=VERTEX_POINT('',#5763);
#1754=VERTEX_POINT('',#5772);
#1755=VERTEX_POINT('',#5773);
#1756=VERTEX_POINT('',#5775);
#1757=VERTEX_POINT('',#5777);
#1758=VERTEX_POINT('',#5781);
#1759=VERTEX_POINT('',#5783);
#1760=VERTEX_POINT('',#5787);
#1761=VERTEX_POINT('',#5789);
#1762=VERTEX_POINT('',#5798);
#1763=VERTEX_POINT('',#5799);
#1764=VERTEX_POINT('',#5801);
#1765=VERTEX_POINT('',#5803);
#1766=VERTEX_POINT('',#5807);
#1767=VERTEX_POINT('',#5809);
#1768=VERTEX_POINT('',#5813);
#1769=VERTEX_POINT('',#5815);
#1770=VERTEX_POINT('',#5824);
#1771=VERTEX_POINT('',#5825);
#1772=VERTEX_POINT('',#5827);
#1773=VERTEX_POINT('',#5829);
#1774=VERTEX_POINT('',#5833);
#1775=VERTEX_POINT('',#5835);
#1776=VERTEX_POINT('',#5839);
#1777=VERTEX_POINT('',#5841);
#1778=VERTEX_POINT('',#5850);
#1779=VERTEX_POINT('',#5851);
#1780=VERTEX_POINT('',#5853);
#1781=VERTEX_POINT('',#5855);
#1782=VERTEX_POINT('',#5859);
#1783=VERTEX_POINT('',#5861);
#1784=VERTEX_POINT('',#5865);
#1785=VERTEX_POINT('',#5867);
#1786=VERTEX_POINT('',#5876);
#1787=VERTEX_POINT('',#5877);
#1788=VERTEX_POINT('',#5879);
#1789=VERTEX_POINT('',#5881);
#1790=VERTEX_POINT('',#5885);
#1791=VERTEX_POINT('',#5887);
#1792=VERTEX_POINT('',#5891);
#1793=VERTEX_POINT('',#5893);
#1794=VERTEX_POINT('',#5902);
#1795=VERTEX_POINT('',#5903);
#1796=VERTEX_POINT('',#5905);
#1797=VERTEX_POINT('',#5907);
#1798=VERTEX_POINT('',#5911);
#1799=VERTEX_POINT('',#5913);
#1800=VERTEX_POINT('',#5917);
#1801=VERTEX_POINT('',#5919);
#1802=VERTEX_POINT('',#5928);
#1803=VERTEX_POINT('',#5929);
#1804=VERTEX_POINT('',#5931);
#1805=VERTEX_POINT('',#5933);
#1806=VERTEX_POINT('',#5937);
#1807=VERTEX_POINT('',#5939);
#1808=VERTEX_POINT('',#5943);
#1809=VERTEX_POINT('',#5945);
#1810=VERTEX_POINT('',#5954);
#1811=VERTEX_POINT('',#5955);
#1812=VERTEX_POINT('',#5957);
#1813=VERTEX_POINT('',#5959);
#1814=VERTEX_POINT('',#5963);
#1815=VERTEX_POINT('',#5965);
#1816=VERTEX_POINT('',#5969);
#1817=VERTEX_POINT('',#5971);
#1818=EDGE_CURVE('',#1508,#1509,#606,.T.);
#1819=EDGE_CURVE('',#1509,#1510,#607,.T.);
#1820=EDGE_CURVE('',#1511,#1510,#608,.T.);
#1821=EDGE_CURVE('',#1508,#1511,#609,.T.);
#1822=EDGE_CURVE('',#1512,#1508,#610,.T.);
#1823=EDGE_CURVE('',#1513,#1511,#611,.T.);
#1824=EDGE_CURVE('',#1512,#1513,#612,.T.);
#1825=EDGE_CURVE('',#1514,#1512,#613,.T.);
#1826=EDGE_CURVE('',#1515,#1513,#614,.T.);
#1827=EDGE_CURVE('',#1514,#1515,#615,.T.);
#1828=EDGE_CURVE('',#1509,#1514,#616,.T.);
#1829=EDGE_CURVE('',#1510,#1515,#617,.T.);
#1830=EDGE_CURVE('',#1516,#1517,#618,.T.);
#1831=EDGE_CURVE('',#1517,#1518,#619,.T.);
#1832=EDGE_CURVE('',#1519,#1518,#620,.T.);
#1833=EDGE_CURVE('',#1516,#1519,#621,.T.);
#1834=EDGE_CURVE('',#1520,#1516,#622,.T.);
#1835=EDGE_CURVE('',#1521,#1519,#623,.T.);
#1836=EDGE_CURVE('',#1520,#1521,#624,.T.);
#1837=EDGE_CURVE('',#1522,#1520,#625,.T.);
#1838=EDGE_CURVE('',#1523,#1521,#626,.T.);
#1839=EDGE_CURVE('',#1522,#1523,#627,.T.);
#1840=EDGE_CURVE('',#1517,#1522,#628,.T.);
#1841=EDGE_CURVE('',#1518,#1523,#629,.T.);
#1842=EDGE_CURVE('',#1524,#1525,#630,.T.);
#1843=EDGE_CURVE('',#1525,#1526,#631,.T.);
#1844=EDGE_CURVE('',#1527,#1526,#632,.T.);
#1845=EDGE_CURVE('',#1524,#1527,#633,.T.);
#1846=EDGE_CURVE('',#1528,#1524,#634,.T.);
#1847=EDGE_CURVE('',#1529,#1527,#635,.T.);
#1848=EDGE_CURVE('',#1528,#1529,#636,.T.);
#1849=EDGE_CURVE('',#1530,#1528,#637,.T.);
#1850=EDGE_CURVE('',#1531,#1529,#638,.T.);
#1851=EDGE_CURVE('',#1530,#1531,#639,.T.);
#1852=EDGE_CURVE('',#1525,#1530,#640,.T.);
#1853=EDGE_CURVE('',#1526,#1531,#641,.T.);
#1854=EDGE_CURVE('',#1532,#1533,#642,.T.);
#1855=EDGE_CURVE('',#1532,#1534,#643,.T.);
#1856=EDGE_CURVE('',#1535,#1534,#644,.T.);
#1857=EDGE_CURVE('',#1533,#1535,#645,.T.);
#1858=EDGE_CURVE('',#1533,#1536,#646,.T.);
#1859=EDGE_CURVE('',#1537,#1535,#647,.T.);
#1860=EDGE_CURVE('',#1536,#1537,#648,.T.);
#1861=EDGE_CURVE('',#1536,#1538,#649,.T.);
#1862=EDGE_CURVE('',#1539,#1537,#650,.T.);
#1863=EDGE_CURVE('',#1538,#1539,#651,.T.);
#1864=EDGE_CURVE('',#1538,#1532,#652,.T.);
#1865=EDGE_CURVE('',#1534,#1539,#653,.T.);
#1866=EDGE_CURVE('',#1540,#1541,#654,.T.);
#1867=EDGE_CURVE('',#1540,#1542,#655,.T.);
#1868=EDGE_CURVE('',#1543,#1542,#656,.T.);
#1869=EDGE_CURVE('',#1541,#1543,#657,.T.);
#1870=EDGE_CURVE('',#1541,#1544,#658,.T.);
#1871=EDGE_CURVE('',#1545,#1543,#659,.T.);
#1872=EDGE_CURVE('',#1544,#1545,#660,.T.);
#1873=EDGE_CURVE('',#1544,#1546,#661,.T.);
#1874=EDGE_CURVE('',#1547,#1545,#662,.T.);
#1875=EDGE_CURVE('',#1546,#1547,#663,.T.);
#1876=EDGE_CURVE('',#1546,#1540,#664,.T.);
#1877=EDGE_CURVE('',#1542,#1547,#665,.T.);
#1878=EDGE_CURVE('',#1548,#1549,#666,.T.);
#1879=EDGE_CURVE('',#1548,#1550,#667,.T.);
#1880=EDGE_CURVE('',#1551,#1550,#668,.T.);
#1881=EDGE_CURVE('',#1549,#1551,#669,.T.);
#1882=EDGE_CURVE('',#1549,#1552,#670,.T.);
#1883=EDGE_CURVE('',#1553,#1551,#671,.T.);
#1884=EDGE_CURVE('',#1552,#1553,#672,.T.);
#1885=EDGE_CURVE('',#1552,#1554,#673,.T.);
#1886=EDGE_CURVE('',#1555,#1553,#674,.T.);
#1887=EDGE_CURVE('',#1554,#1555,#675,.T.);
#1888=EDGE_CURVE('',#1554,#1548,#676,.T.);
#1889=EDGE_CURVE('',#1550,#1555,#677,.T.);
#1890=EDGE_CURVE('',#1556,#1557,#678,.T.);
#1891=EDGE_CURVE('',#1557,#1558,#679,.T.);
#1892=EDGE_CURVE('',#1559,#1558,#680,.T.);
#1893=EDGE_CURVE('',#1556,#1559,#681,.T.);
#1894=EDGE_CURVE('',#1560,#1556,#682,.T.);
#1895=EDGE_CURVE('',#1561,#1559,#683,.T.);
#1896=EDGE_CURVE('',#1560,#1561,#684,.T.);
#1897=EDGE_CURVE('',#1562,#1560,#685,.T.);
#1898=EDGE_CURVE('',#1563,#1561,#686,.T.);
#1899=EDGE_CURVE('',#1562,#1563,#687,.T.);
#1900=EDGE_CURVE('',#1557,#1562,#688,.T.);
#1901=EDGE_CURVE('',#1558,#1563,#689,.T.);
#1902=EDGE_CURVE('',#1564,#1565,#690,.T.);
#1903=EDGE_CURVE('',#1564,#1566,#691,.T.);
#1904=EDGE_CURVE('',#1567,#1566,#692,.T.);
#1905=EDGE_CURVE('',#1565,#1567,#693,.T.);
#1906=EDGE_CURVE('',#1565,#1568,#694,.T.);
#1907=EDGE_CURVE('',#1569,#1567,#695,.T.);
#1908=EDGE_CURVE('',#1568,#1569,#696,.T.);
#1909=EDGE_CURVE('',#1568,#1570,#697,.T.);
#1910=EDGE_CURVE('',#1571,#1569,#698,.T.);
#1911=EDGE_CURVE('',#1570,#1571,#699,.T.);
#1912=EDGE_CURVE('',#1570,#1564,#700,.T.);
#1913=EDGE_CURVE('',#1566,#1571,#701,.T.);
#1914=EDGE_CURVE('',#1572,#1573,#702,.T.);
#1915=EDGE_CURVE('',#1573,#1574,#703,.T.);
#1916=EDGE_CURVE('',#1575,#1574,#704,.T.);
#1917=EDGE_CURVE('',#1572,#1575,#705,.T.);
#1918=EDGE_CURVE('',#1576,#1572,#706,.T.);
#1919=EDGE_CURVE('',#1577,#1575,#707,.T.);
#1920=EDGE_CURVE('',#1576,#1577,#708,.T.);
#1921=EDGE_CURVE('',#1578,#1576,#709,.T.);
#1922=EDGE_CURVE('',#1579,#1577,#710,.T.);
#1923=EDGE_CURVE('',#1578,#1579,#711,.T.);
#1924=EDGE_CURVE('',#1573,#1578,#712,.T.);
#1925=EDGE_CURVE('',#1574,#1579,#713,.T.);
#1926=EDGE_CURVE('',#1580,#1581,#714,.T.);
#1927=EDGE_CURVE('',#1581,#1582,#715,.T.);
#1928=EDGE_CURVE('',#1583,#1582,#716,.T.);
#1929=EDGE_CURVE('',#1580,#1583,#717,.T.);
#1930=EDGE_CURVE('',#1584,#1580,#718,.T.);
#1931=EDGE_CURVE('',#1585,#1583,#719,.T.);
#1932=EDGE_CURVE('',#1584,#1585,#720,.T.);
#1933=EDGE_CURVE('',#1586,#1584,#721,.T.);
#1934=EDGE_CURVE('',#1587,#1585,#722,.T.);
#1935=EDGE_CURVE('',#1586,#1587,#723,.T.);
#1936=EDGE_CURVE('',#1581,#1586,#724,.T.);
#1937=EDGE_CURVE('',#1582,#1587,#725,.T.);
#1938=EDGE_CURVE('',#1588,#1589,#726,.T.);
#1939=EDGE_CURVE('',#1589,#1590,#727,.T.);
#1940=EDGE_CURVE('',#1591,#1590,#728,.T.);
#1941=EDGE_CURVE('',#1588,#1591,#729,.T.);
#1942=EDGE_CURVE('',#1592,#1588,#730,.T.);
#1943=EDGE_CURVE('',#1593,#1591,#731,.T.);
#1944=EDGE_CURVE('',#1592,#1593,#732,.T.);
#1945=EDGE_CURVE('',#1594,#1592,#733,.T.);
#1946=EDGE_CURVE('',#1595,#1593,#734,.T.);
#1947=EDGE_CURVE('',#1594,#1595,#735,.T.);
#1948=EDGE_CURVE('',#1589,#1594,#736,.T.);
#1949=EDGE_CURVE('',#1590,#1595,#737,.T.);
#1950=EDGE_CURVE('',#1596,#1597,#738,.T.);
#1951=EDGE_CURVE('',#1597,#1598,#739,.T.);
#1952=EDGE_CURVE('',#1599,#1598,#740,.T.);
#1953=EDGE_CURVE('',#1596,#1599,#741,.T.);
#1954=EDGE_CURVE('',#1600,#1596,#742,.T.);
#1955=EDGE_CURVE('',#1601,#1599,#743,.T.);
#1956=EDGE_CURVE('',#1600,#1601,#744,.T.);
#1957=EDGE_CURVE('',#1602,#1600,#745,.T.);
#1958=EDGE_CURVE('',#1603,#1601,#746,.T.);
#1959=EDGE_CURVE('',#1602,#1603,#747,.T.);
#1960=EDGE_CURVE('',#1597,#1602,#748,.T.);
#1961=EDGE_CURVE('',#1598,#1603,#749,.T.);
#1962=EDGE_CURVE('',#1604,#1605,#750,.T.);
#1963=EDGE_CURVE('',#1605,#1606,#751,.T.);
#1964=EDGE_CURVE('',#1607,#1606,#752,.T.);
#1965=EDGE_CURVE('',#1604,#1607,#753,.T.);
#1966=EDGE_CURVE('',#1608,#1604,#754,.T.);
#1967=EDGE_CURVE('',#1609,#1607,#755,.T.);
#1968=EDGE_CURVE('',#1608,#1609,#756,.T.);
#1969=EDGE_CURVE('',#1610,#1608,#757,.T.);
#1970=EDGE_CURVE('',#1611,#1609,#758,.T.);
#1971=EDGE_CURVE('',#1610,#1611,#759,.T.);
#1972=EDGE_CURVE('',#1605,#1610,#760,.T.);
#1973=EDGE_CURVE('',#1606,#1611,#761,.T.);
#1974=EDGE_CURVE('',#1612,#1613,#762,.T.);
#1975=EDGE_CURVE('',#1613,#1614,#763,.T.);
#1976=EDGE_CURVE('',#1615,#1614,#764,.T.);
#1977=EDGE_CURVE('',#1612,#1615,#765,.T.);
#1978=EDGE_CURVE('',#1616,#1612,#766,.T.);
#1979=EDGE_CURVE('',#1617,#1615,#767,.T.);
#1980=EDGE_CURVE('',#1616,#1617,#768,.T.);
#1981=EDGE_CURVE('',#1618,#1616,#769,.T.);
#1982=EDGE_CURVE('',#1619,#1617,#770,.T.);
#1983=EDGE_CURVE('',#1618,#1619,#771,.T.);
#1984=EDGE_CURVE('',#1613,#1618,#772,.T.);
#1985=EDGE_CURVE('',#1614,#1619,#773,.T.);
#1986=EDGE_CURVE('',#1620,#1621,#774,.T.);
#1987=EDGE_CURVE('',#1621,#1622,#775,.T.);
#1988=EDGE_CURVE('',#1623,#1622,#776,.T.);
#1989=EDGE_CURVE('',#1620,#1623,#777,.T.);
#1990=EDGE_CURVE('',#1624,#1620,#778,.T.);
#1991=EDGE_CURVE('',#1625,#1623,#779,.T.);
#1992=EDGE_CURVE('',#1624,#1625,#780,.T.);
#1993=EDGE_CURVE('',#1626,#1624,#781,.T.);
#1994=EDGE_CURVE('',#1627,#1625,#782,.T.);
#1995=EDGE_CURVE('',#1626,#1627,#783,.T.);
#1996=EDGE_CURVE('',#1621,#1626,#784,.T.);
#1997=EDGE_CURVE('',#1622,#1627,#785,.T.);
#1998=EDGE_CURVE('',#1628,#1629,#786,.T.);
#1999=EDGE_CURVE('',#1629,#1630,#787,.T.);
#2000=EDGE_CURVE('',#1631,#1630,#788,.T.);
#2001=EDGE_CURVE('',#1628,#1631,#789,.T.);
#2002=EDGE_CURVE('',#1632,#1628,#790,.T.);
#2003=EDGE_CURVE('',#1633,#1631,#791,.T.);
#2004=EDGE_CURVE('',#1632,#1633,#792,.T.);
#2005=EDGE_CURVE('',#1634,#1632,#793,.T.);
#2006=EDGE_CURVE('',#1635,#1633,#794,.T.);
#2007=EDGE_CURVE('',#1634,#1635,#795,.T.);
#2008=EDGE_CURVE('',#1629,#1634,#796,.T.);
#2009=EDGE_CURVE('',#1630,#1635,#797,.T.);
#2010=EDGE_CURVE('',#1636,#1636,#15,.T.);
#2011=EDGE_CURVE('',#1636,#1637,#798,.T.);
#2012=EDGE_CURVE('',#1637,#1637,#16,.T.);
#2013=EDGE_CURVE('',#1638,#1638,#17,.T.);
#2014=EDGE_CURVE('',#1638,#1639,#799,.T.);
#2015=EDGE_CURVE('',#1639,#1639,#18,.T.);
#2016=EDGE_CURVE('',#1640,#1640,#19,.T.);
#2017=EDGE_CURVE('',#1640,#1641,#800,.T.);
#2018=EDGE_CURVE('',#1641,#1641,#20,.T.);
#2019=EDGE_CURVE('',#1642,#1642,#21,.T.);
#2020=EDGE_CURVE('',#1642,#1643,#801,.T.);
#2021=EDGE_CURVE('',#1643,#1643,#22,.T.);
#2022=EDGE_CURVE('',#1644,#1645,#802,.T.);
#2023=EDGE_CURVE('',#1645,#1646,#803,.T.);
#2024=EDGE_CURVE('',#1647,#1646,#804,.T.);
#2025=EDGE_CURVE('',#1644,#1647,#805,.T.);
#2026=EDGE_CURVE('',#1648,#1644,#806,.T.);
#2027=EDGE_CURVE('',#1649,#1647,#807,.T.);
#2028=EDGE_CURVE('',#1648,#1649,#808,.T.);
#2029=EDGE_CURVE('',#1650,#1648,#809,.T.);
#2030=EDGE_CURVE('',#1651,#1649,#810,.T.);
#2031=EDGE_CURVE('',#1650,#1651,#811,.T.);
#2032=EDGE_CURVE('',#1645,#1650,#812,.T.);
#2033=EDGE_CURVE('',#1646,#1651,#813,.T.);
#2034=EDGE_CURVE('',#1652,#1653,#814,.T.);
#2035=EDGE_CURVE('',#1653,#1654,#815,.T.);
#2036=EDGE_CURVE('',#1655,#1654,#816,.T.);
#2037=EDGE_CURVE('',#1652,#1655,#817,.T.);
#2038=EDGE_CURVE('',#1656,#1652,#818,.T.);
#2039=EDGE_CURVE('',#1657,#1655,#819,.T.);
#2040=EDGE_CURVE('',#1656,#1657,#820,.T.);
#2041=EDGE_CURVE('',#1658,#1656,#821,.T.);
#2042=EDGE_CURVE('',#1659,#1657,#822,.T.);
#2043=EDGE_CURVE('',#1658,#1659,#823,.T.);
#2044=EDGE_CURVE('',#1653,#1658,#824,.T.);
#2045=EDGE_CURVE('',#1654,#1659,#825,.T.);
#2046=EDGE_CURVE('',#1660,#1661,#826,.T.);
#2047=EDGE_CURVE('',#1661,#1662,#827,.T.);
#2048=EDGE_CURVE('',#1663,#1662,#828,.T.);
#2049=EDGE_CURVE('',#1660,#1663,#829,.T.);
#2050=EDGE_CURVE('',#1664,#1660,#830,.T.);
#2051=EDGE_CURVE('',#1665,#1663,#831,.T.);
#2052=EDGE_CURVE('',#1664,#1665,#832,.T.);
#2053=EDGE_CURVE('',#1666,#1664,#833,.T.);
#2054=EDGE_CURVE('',#1667,#1665,#834,.T.);
#2055=EDGE_CURVE('',#1666,#1667,#835,.T.);
#2056=EDGE_CURVE('',#1661,#1666,#836,.T.);
#2057=EDGE_CURVE('',#1662,#1667,#837,.T.);
#2058=EDGE_CURVE('',#1668,#1669,#838,.T.);
#2059=EDGE_CURVE('',#1669,#1670,#839,.T.);
#2060=EDGE_CURVE('',#1671,#1670,#840,.T.);
#2061=EDGE_CURVE('',#1668,#1671,#841,.T.);
#2062=EDGE_CURVE('',#1672,#1668,#842,.T.);
#2063=EDGE_CURVE('',#1673,#1671,#843,.T.);
#2064=EDGE_CURVE('',#1672,#1673,#844,.T.);
#2065=EDGE_CURVE('',#1674,#1672,#845,.T.);
#2066=EDGE_CURVE('',#1675,#1673,#846,.T.);
#2067=EDGE_CURVE('',#1674,#1675,#847,.T.);
#2068=EDGE_CURVE('',#1669,#1674,#848,.T.);
#2069=EDGE_CURVE('',#1670,#1675,#849,.T.);
#2070=EDGE_CURVE('',#1676,#1676,#23,.T.);
#2071=EDGE_CURVE('',#1676,#1677,#850,.T.);
#2072=EDGE_CURVE('',#1677,#1677,#24,.T.);
#2073=EDGE_CURVE('',#1678,#1678,#25,.T.);
#2074=EDGE_CURVE('',#1678,#1679,#851,.T.);
#2075=EDGE_CURVE('',#1679,#1679,#26,.T.);
#2076=EDGE_CURVE('',#1680,#1680,#27,.T.);
#2077=EDGE_CURVE('',#1680,#1681,#852,.T.);
#2078=EDGE_CURVE('',#1681,#1681,#28,.T.);
#2079=EDGE_CURVE('',#1682,#1683,#853,.T.);
#2080=EDGE_CURVE('',#1683,#1684,#854,.T.);
#2081=EDGE_CURVE('',#1685,#1684,#855,.T.);
#2082=EDGE_CURVE('',#1682,#1685,#856,.T.);
#2083=EDGE_CURVE('',#1686,#1682,#857,.T.);
#2084=EDGE_CURVE('',#1687,#1685,#858,.T.);
#2085=EDGE_CURVE('',#1686,#1687,#859,.T.);
#2086=EDGE_CURVE('',#1688,#1686,#860,.T.);
#2087=EDGE_CURVE('',#1689,#1687,#861,.T.);
#2088=EDGE_CURVE('',#1688,#1689,#862,.T.);
#2089=EDGE_CURVE('',#1683,#1688,#863,.T.);
#2090=EDGE_CURVE('',#1684,#1689,#864,.T.);
#2091=EDGE_CURVE('',#1690,#1691,#865,.T.);
#2092=EDGE_CURVE('',#1691,#1692,#866,.T.);
#2093=EDGE_CURVE('',#1693,#1692,#867,.T.);
#2094=EDGE_CURVE('',#1690,#1693,#868,.T.);
#2095=EDGE_CURVE('',#1694,#1690,#869,.T.);
#2096=EDGE_CURVE('',#1695,#1693,#870,.T.);
#2097=EDGE_CURVE('',#1694,#1695,#871,.T.);
#2098=EDGE_CURVE('',#1696,#1694,#872,.T.);
#2099=EDGE_CURVE('',#1697,#1695,#873,.T.);
#2100=EDGE_CURVE('',#1696,#1697,#874,.T.);
#2101=EDGE_CURVE('',#1691,#1696,#875,.T.);
#2102=EDGE_CURVE('',#1692,#1697,#876,.T.);
#2103=EDGE_CURVE('',#1698,#1699,#877,.T.);
#2104=EDGE_CURVE('',#1699,#1700,#878,.T.);
#2105=EDGE_CURVE('',#1701,#1700,#879,.T.);
#2106=EDGE_CURVE('',#1698,#1701,#880,.T.);
#2107=EDGE_CURVE('',#1702,#1698,#881,.T.);
#2108=EDGE_CURVE('',#1703,#1701,#882,.T.);
#2109=EDGE_CURVE('',#1702,#1703,#883,.T.);
#2110=EDGE_CURVE('',#1704,#1702,#884,.T.);
#2111=EDGE_CURVE('',#1705,#1703,#885,.T.);
#2112=EDGE_CURVE('',#1704,#1705,#886,.T.);
#2113=EDGE_CURVE('',#1699,#1704,#887,.T.);
#2114=EDGE_CURVE('',#1700,#1705,#888,.T.);
#2115=EDGE_CURVE('',#1706,#1707,#889,.T.);
#2116=EDGE_CURVE('',#1707,#1708,#890,.T.);
#2117=EDGE_CURVE('',#1709,#1708,#891,.T.);
#2118=EDGE_CURVE('',#1706,#1709,#892,.T.);
#2119=EDGE_CURVE('',#1710,#1706,#893,.T.);
#2120=EDGE_CURVE('',#1711,#1709,#894,.T.);
#2121=EDGE_CURVE('',#1710,#1711,#895,.T.);
#2122=EDGE_CURVE('',#1712,#1710,#896,.T.);
#2123=EDGE_CURVE('',#1713,#1711,#897,.T.);
#2124=EDGE_CURVE('',#1712,#1713,#898,.T.);
#2125=EDGE_CURVE('',#1707,#1712,#899,.T.);
#2126=EDGE_CURVE('',#1708,#1713,#900,.T.);
#2127=EDGE_CURVE('',#1714,#1715,#901,.T.);
#2128=EDGE_CURVE('',#1715,#1716,#902,.T.);
#2129=EDGE_CURVE('',#1717,#1716,#903,.T.);
#2130=EDGE_CURVE('',#1714,#1717,#904,.T.);
#2131=EDGE_CURVE('',#1718,#1714,#905,.T.);
#2132=EDGE_CURVE('',#1719,#1717,#906,.T.);
#2133=EDGE_CURVE('',#1718,#1719,#907,.T.);
#2134=EDGE_CURVE('',#1720,#1718,#908,.T.);
#2135=EDGE_CURVE('',#1721,#1719,#909,.T.);
#2136=EDGE_CURVE('',#1720,#1721,#910,.T.);
#2137=EDGE_CURVE('',#1715,#1720,#911,.T.);
#2138=EDGE_CURVE('',#1716,#1721,#912,.T.);
#2139=EDGE_CURVE('',#1722,#1723,#913,.T.);
#2140=EDGE_CURVE('',#1723,#1724,#914,.T.);
#2141=EDGE_CURVE('',#1725,#1724,#915,.T.);
#2142=EDGE_CURVE('',#1722,#1725,#916,.T.);
#2143=EDGE_CURVE('',#1726,#1722,#917,.T.);
#2144=EDGE_CURVE('',#1727,#1725,#918,.T.);
#2145=EDGE_CURVE('',#1726,#1727,#919,.T.);
#2146=EDGE_CURVE('',#1728,#1726,#920,.T.);
#2147=EDGE_CURVE('',#1729,#1727,#921,.T.);
#2148=EDGE_CURVE('',#1728,#1729,#922,.T.);
#2149=EDGE_CURVE('',#1723,#1728,#923,.T.);
#2150=EDGE_CURVE('',#1724,#1729,#924,.T.);
#2151=EDGE_CURVE('',#1730,#1731,#925,.T.);
#2152=EDGE_CURVE('',#1731,#1732,#926,.T.);
#2153=EDGE_CURVE('',#1733,#1732,#927,.T.);
#2154=EDGE_CURVE('',#1730,#1733,#928,.T.);
#2155=EDGE_CURVE('',#1734,#1730,#929,.T.);
#2156=EDGE_CURVE('',#1735,#1733,#930,.T.);
#2157=EDGE_CURVE('',#1734,#1735,#931,.T.);
#2158=EDGE_CURVE('',#1736,#1734,#932,.T.);
#2159=EDGE_CURVE('',#1737,#1735,#933,.T.);
#2160=EDGE_CURVE('',#1736,#1737,#934,.T.);
#2161=EDGE_CURVE('',#1731,#1736,#935,.T.);
#2162=EDGE_CURVE('',#1732,#1737,#936,.T.);
#2163=EDGE_CURVE('',#1738,#1739,#937,.T.);
#2164=EDGE_CURVE('',#1739,#1740,#938,.T.);
#2165=EDGE_CURVE('',#1741,#1740,#939,.T.);
#2166=EDGE_CURVE('',#1738,#1741,#940,.T.);
#2167=EDGE_CURVE('',#1742,#1738,#941,.T.);
#2168=EDGE_CURVE('',#1743,#1741,#942,.T.);
#2169=EDGE_CURVE('',#1742,#1743,#943,.T.);
#2170=EDGE_CURVE('',#1744,#1742,#944,.T.);
#2171=EDGE_CURVE('',#1745,#1743,#945,.T.);
#2172=EDGE_CURVE('',#1744,#1745,#946,.T.);
#2173=EDGE_CURVE('',#1739,#1744,#947,.T.);
#2174=EDGE_CURVE('',#1740,#1745,#948,.T.);
#2175=EDGE_CURVE('',#1746,#1747,#949,.T.);
#2176=EDGE_CURVE('',#1747,#1748,#950,.T.);
#2177=EDGE_CURVE('',#1749,#1748,#951,.T.);
#2178=EDGE_CURVE('',#1746,#1749,#952,.T.);
#2179=EDGE_CURVE('',#1750,#1746,#953,.T.);
#2180=EDGE_CURVE('',#1751,#1749,#954,.T.);
#2181=EDGE_CURVE('',#1750,#1751,#955,.T.);
#2182=EDGE_CURVE('',#1752,#1750,#956,.T.);
#2183=EDGE_CURVE('',#1753,#1751,#957,.T.);
#2184=EDGE_CURVE('',#1752,#1753,#958,.T.);
#2185=EDGE_CURVE('',#1747,#1752,#959,.T.);
#2186=EDGE_CURVE('',#1748,#1753,#960,.T.);
#2187=EDGE_CURVE('',#1754,#1755,#961,.T.);
#2188=EDGE_CURVE('',#1755,#1756,#962,.T.);
#2189=EDGE_CURVE('',#1757,#1756,#963,.T.);
#2190=EDGE_CURVE('',#1754,#1757,#964,.T.);
#2191=EDGE_CURVE('',#1758,#1754,#965,.T.);
#2192=EDGE_CURVE('',#1759,#1757,#966,.T.);
#2193=EDGE_CURVE('',#1758,#1759,#967,.T.);
#2194=EDGE_CURVE('',#1760,#1758,#968,.T.);
#2195=EDGE_CURVE('',#1761,#1759,#969,.T.);
#2196=EDGE_CURVE('',#1760,#1761,#970,.T.);
#2197=EDGE_CURVE('',#1755,#1760,#971,.T.);
#2198=EDGE_CURVE('',#1756,#1761,#972,.T.);
#2199=EDGE_CURVE('',#1762,#1763,#973,.T.);
#2200=EDGE_CURVE('',#1763,#1764,#974,.T.);
#2201=EDGE_CURVE('',#1765,#1764,#975,.T.);
#2202=EDGE_CURVE('',#1762,#1765,#976,.T.);
#2203=EDGE_CURVE('',#1766,#1762,#977,.T.);
#2204=EDGE_CURVE('',#1767,#1765,#978,.T.);
#2205=EDGE_CURVE('',#1766,#1767,#979,.T.);
#2206=EDGE_CURVE('',#1768,#1766,#980,.T.);
#2207=EDGE_CURVE('',#1769,#1767,#981,.T.);
#2208=EDGE_CURVE('',#1768,#1769,#982,.T.);
#2209=EDGE_CURVE('',#1763,#1768,#983,.T.);
#2210=EDGE_CURVE('',#1764,#1769,#984,.T.);
#2211=EDGE_CURVE('',#1770,#1771,#985,.T.);
#2212=EDGE_CURVE('',#1771,#1772,#986,.T.);
#2213=EDGE_CURVE('',#1773,#1772,#987,.T.);
#2214=EDGE_CURVE('',#1770,#1773,#988,.T.);
#2215=EDGE_CURVE('',#1774,#1770,#989,.T.);
#2216=EDGE_CURVE('',#1775,#1773,#990,.T.);
#2217=EDGE_CURVE('',#1774,#1775,#991,.T.);
#2218=EDGE_CURVE('',#1776,#1774,#992,.T.);
#2219=EDGE_CURVE('',#1777,#1775,#993,.T.);
#2220=EDGE_CURVE('',#1776,#1777,#994,.T.);
#2221=EDGE_CURVE('',#1771,#1776,#995,.T.);
#2222=EDGE_CURVE('',#1772,#1777,#996,.T.);
#2223=EDGE_CURVE('',#1778,#1779,#997,.T.);
#2224=EDGE_CURVE('',#1779,#1780,#998,.T.);
#2225=EDGE_CURVE('',#1781,#1780,#999,.T.);
#2226=EDGE_CURVE('',#1778,#1781,#1000,.T.);
#2227=EDGE_CURVE('',#1782,#1778,#1001,.T.);
#2228=EDGE_CURVE('',#1783,#1781,#1002,.T.);
#2229=EDGE_CURVE('',#1782,#1783,#1003,.T.);
#2230=EDGE_CURVE('',#1784,#1782,#1004,.T.);
#2231=EDGE_CURVE('',#1785,#1783,#1005,.T.);
#2232=EDGE_CURVE('',#1784,#1785,#1006,.T.);
#2233=EDGE_CURVE('',#1779,#1784,#1007,.T.);
#2234=EDGE_CURVE('',#1780,#1785,#1008,.T.);
#2235=EDGE_CURVE('',#1786,#1787,#1009,.T.);
#2236=EDGE_CURVE('',#1787,#1788,#1010,.T.);
#2237=EDGE_CURVE('',#1789,#1788,#1011,.T.);
#2238=EDGE_CURVE('',#1786,#1789,#1012,.T.);
#2239=EDGE_CURVE('',#1790,#1786,#1013,.T.);
#2240=EDGE_CURVE('',#1791,#1789,#1014,.T.);
#2241=EDGE_CURVE('',#1790,#1791,#1015,.T.);
#2242=EDGE_CURVE('',#1792,#1790,#1016,.T.);
#2243=EDGE_CURVE('',#1793,#1791,#1017,.T.);
#2244=EDGE_CURVE('',#1792,#1793,#1018,.T.);
#2245=EDGE_CURVE('',#1787,#1792,#1019,.T.);
#2246=EDGE_CURVE('',#1788,#1793,#1020,.T.);
#2247=EDGE_CURVE('',#1794,#1795,#1021,.T.);
#2248=EDGE_CURVE('',#1795,#1796,#1022,.T.);
#2249=EDGE_CURVE('',#1797,#1796,#1023,.T.);
#2250=EDGE_CURVE('',#1794,#1797,#1024,.T.);
#2251=EDGE_CURVE('',#1798,#1794,#1025,.T.);
#2252=EDGE_CURVE('',#1799,#1797,#1026,.T.);
#2253=EDGE_CURVE('',#1798,#1799,#1027,.T.);
#2254=EDGE_CURVE('',#1800,#1798,#1028,.T.);
#2255=EDGE_CURVE('',#1801,#1799,#1029,.T.);
#2256=EDGE_CURVE('',#1800,#1801,#1030,.T.);
#2257=EDGE_CURVE('',#1795,#1800,#1031,.T.);
#2258=EDGE_CURVE('',#1796,#1801,#1032,.T.);
#2259=EDGE_CURVE('',#1802,#1803,#1033,.T.);
#2260=EDGE_CURVE('',#1803,#1804,#1034,.T.);
#2261=EDGE_CURVE('',#1805,#1804,#1035,.T.);
#2262=EDGE_CURVE('',#1802,#1805,#1036,.T.);
#2263=EDGE_CURVE('',#1806,#1802,#1037,.T.);
#2264=EDGE_CURVE('',#1807,#1805,#1038,.T.);
#2265=EDGE_CURVE('',#1806,#1807,#1039,.T.);
#2266=EDGE_CURVE('',#1808,#1806,#1040,.T.);
#2267=EDGE_CURVE('',#1809,#1807,#1041,.T.);
#2268=EDGE_CURVE('',#1808,#1809,#1042,.T.);
#2269=EDGE_CURVE('',#1803,#1808,#1043,.T.);
#2270=EDGE_CURVE('',#1804,#1809,#1044,.T.);
#2271=EDGE_CURVE('',#1810,#1811,#1045,.T.);
#2272=EDGE_CURVE('',#1811,#1812,#1046,.T.);
#2273=EDGE_CURVE('',#1813,#1812,#1047,.T.);
#2274=EDGE_CURVE('',#1810,#1813,#1048,.T.);
#2275=EDGE_CURVE('',#1814,#1810,#1049,.T.);
#2276=EDGE_CURVE('',#1815,#1813,#1050,.T.);
#2277=EDGE_CURVE('',#1814,#1815,#1051,.T.);
#2278=EDGE_CURVE('',#1816,#1814,#1052,.T.);
#2279=EDGE_CURVE('',#1817,#1815,#1053,.T.);
#2280=EDGE_CURVE('',#1816,#1817,#1054,.T.);
#2281=EDGE_CURVE('',#1811,#1816,#1055,.T.);
#2282=EDGE_CURVE('',#1812,#1817,#1056,.T.);
#2283=ORIENTED_EDGE('',*,*,#1818,.T.);
#2284=ORIENTED_EDGE('',*,*,#1819,.T.);
#2285=ORIENTED_EDGE('',*,*,#1820,.F.);
#2286=ORIENTED_EDGE('',*,*,#1821,.F.);
#2287=ORIENTED_EDGE('',*,*,#1822,.T.);
#2288=ORIENTED_EDGE('',*,*,#1821,.T.);
#2289=ORIENTED_EDGE('',*,*,#1823,.F.);
#2290=ORIENTED_EDGE('',*,*,#1824,.F.);
#2291=ORIENTED_EDGE('',*,*,#1825,.T.);
#2292=ORIENTED_EDGE('',*,*,#1824,.T.);
#2293=ORIENTED_EDGE('',*,*,#1826,.F.);
#2294=ORIENTED_EDGE('',*,*,#1827,.F.);
#2295=ORIENTED_EDGE('',*,*,#1828,.T.);
#2296=ORIENTED_EDGE('',*,*,#1827,.T.);
#2297=ORIENTED_EDGE('',*,*,#1829,.F.);
#2298=ORIENTED_EDGE('',*,*,#1819,.F.);
#2299=ORIENTED_EDGE('',*,*,#1829,.T.);
#2300=ORIENTED_EDGE('',*,*,#1826,.T.);
#2301=ORIENTED_EDGE('',*,*,#1823,.T.);
#2302=ORIENTED_EDGE('',*,*,#1820,.T.);
#2303=ORIENTED_EDGE('',*,*,#1828,.F.);
#2304=ORIENTED_EDGE('',*,*,#1818,.F.);
#2305=ORIENTED_EDGE('',*,*,#1822,.F.);
#2306=ORIENTED_EDGE('',*,*,#1825,.F.);
#2307=ORIENTED_EDGE('',*,*,#1830,.T.);
#2308=ORIENTED_EDGE('',*,*,#1831,.T.);
#2309=ORIENTED_EDGE('',*,*,#1832,.F.);
#2310=ORIENTED_EDGE('',*,*,#1833,.F.);
#2311=ORIENTED_EDGE('',*,*,#1834,.T.);
#2312=ORIENTED_EDGE('',*,*,#1833,.T.);
#2313=ORIENTED_EDGE('',*,*,#1835,.F.);
#2314=ORIENTED_EDGE('',*,*,#1836,.F.);
#2315=ORIENTED_EDGE('',*,*,#1837,.T.);
#2316=ORIENTED_EDGE('',*,*,#1836,.T.);
#2317=ORIENTED_EDGE('',*,*,#1838,.F.);
#2318=ORIENTED_EDGE('',*,*,#1839,.F.);
#2319=ORIENTED_EDGE('',*,*,#1840,.T.);
#2320=ORIENTED_EDGE('',*,*,#1839,.T.);
#2321=ORIENTED_EDGE('',*,*,#1841,.F.);
#2322=ORIENTED_EDGE('',*,*,#1831,.F.);
#2323=ORIENTED_EDGE('',*,*,#1841,.T.);
#2324=ORIENTED_EDGE('',*,*,#1838,.T.);
#2325=ORIENTED_EDGE('',*,*,#1835,.T.);
#2326=ORIENTED_EDGE('',*,*,#1832,.T.);
#2327=ORIENTED_EDGE('',*,*,#1840,.F.);
#2328=ORIENTED_EDGE('',*,*,#1830,.F.);
#2329=ORIENTED_EDGE('',*,*,#1834,.F.);
#2330=ORIENTED_EDGE('',*,*,#1837,.F.);
#2331=ORIENTED_EDGE('',*,*,#1842,.T.);
#2332=ORIENTED_EDGE('',*,*,#1843,.T.);
#2333=ORIENTED_EDGE('',*,*,#1844,.F.);
#2334=ORIENTED_EDGE('',*,*,#1845,.F.);
#2335=ORIENTED_EDGE('',*,*,#1846,.T.);
#2336=ORIENTED_EDGE('',*,*,#1845,.T.);
#2337=ORIENTED_EDGE('',*,*,#1847,.F.);
#2338=ORIENTED_EDGE('',*,*,#1848,.F.);
#2339=ORIENTED_EDGE('',*,*,#1849,.T.);
#2340=ORIENTED_EDGE('',*,*,#1848,.T.);
#2341=ORIENTED_EDGE('',*,*,#1850,.F.);
#2342=ORIENTED_EDGE('',*,*,#1851,.F.);
#2343=ORIENTED_EDGE('',*,*,#1852,.T.);
#2344=ORIENTED_EDGE('',*,*,#1851,.T.);
#2345=ORIENTED_EDGE('',*,*,#1853,.F.);
#2346=ORIENTED_EDGE('',*,*,#1843,.F.);
#2347=ORIENTED_EDGE('',*,*,#1853,.T.);
#2348=ORIENTED_EDGE('',*,*,#1850,.T.);
#2349=ORIENTED_EDGE('',*,*,#1847,.T.);
#2350=ORIENTED_EDGE('',*,*,#1844,.T.);
#2351=ORIENTED_EDGE('',*,*,#1852,.F.);
#2352=ORIENTED_EDGE('',*,*,#1842,.F.);
#2353=ORIENTED_EDGE('',*,*,#1846,.F.);
#2354=ORIENTED_EDGE('',*,*,#1849,.F.);
#2355=ORIENTED_EDGE('',*,*,#1854,.F.);
#2356=ORIENTED_EDGE('',*,*,#1855,.T.);
#2357=ORIENTED_EDGE('',*,*,#1856,.F.);
#2358=ORIENTED_EDGE('',*,*,#1857,.F.);
#2359=ORIENTED_EDGE('',*,*,#1858,.F.);
#2360=ORIENTED_EDGE('',*,*,#1857,.T.);
#2361=ORIENTED_EDGE('',*,*,#1859,.F.);
#2362=ORIENTED_EDGE('',*,*,#1860,.F.);
#2363=ORIENTED_EDGE('',*,*,#1861,.F.);
#2364=ORIENTED_EDGE('',*,*,#1860,.T.);
#2365=ORIENTED_EDGE('',*,*,#1862,.F.);
#2366=ORIENTED_EDGE('',*,*,#1863,.F.);
#2367=ORIENTED_EDGE('',*,*,#1864,.F.);
#2368=ORIENTED_EDGE('',*,*,#1863,.T.);
#2369=ORIENTED_EDGE('',*,*,#1865,.F.);
#2370=ORIENTED_EDGE('',*,*,#1855,.F.);
#2371=ORIENTED_EDGE('',*,*,#1865,.T.);
#2372=ORIENTED_EDGE('',*,*,#1862,.T.);
#2373=ORIENTED_EDGE('',*,*,#1859,.T.);
#2374=ORIENTED_EDGE('',*,*,#1856,.T.);
#2375=ORIENTED_EDGE('',*,*,#1864,.T.);
#2376=ORIENTED_EDGE('',*,*,#1854,.T.);
#2377=ORIENTED_EDGE('',*,*,#1858,.T.);
#2378=ORIENTED_EDGE('',*,*,#1861,.T.);
#2379=ORIENTED_EDGE('',*,*,#1866,.F.);
#2380=ORIENTED_EDGE('',*,*,#1867,.T.);
#2381=ORIENTED_EDGE('',*,*,#1868,.F.);
#2382=ORIENTED_EDGE('',*,*,#1869,.F.);
#2383=ORIENTED_EDGE('',*,*,#1870,.F.);
#2384=ORIENTED_EDGE('',*,*,#1869,.T.);
#2385=ORIENTED_EDGE('',*,*,#1871,.F.);
#2386=ORIENTED_EDGE('',*,*,#1872,.F.);
#2387=ORIENTED_EDGE('',*,*,#1873,.F.);
#2388=ORIENTED_EDGE('',*,*,#1872,.T.);
#2389=ORIENTED_EDGE('',*,*,#1874,.F.);
#2390=ORIENTED_EDGE('',*,*,#1875,.F.);
#2391=ORIENTED_EDGE('',*,*,#1876,.F.);
#2392=ORIENTED_EDGE('',*,*,#1875,.T.);
#2393=ORIENTED_EDGE('',*,*,#1877,.F.);
#2394=ORIENTED_EDGE('',*,*,#1867,.F.);
#2395=ORIENTED_EDGE('',*,*,#1877,.T.);
#2396=ORIENTED_EDGE('',*,*,#1874,.T.);
#2397=ORIENTED_EDGE('',*,*,#1871,.T.);
#2398=ORIENTED_EDGE('',*,*,#1868,.T.);
#2399=ORIENTED_EDGE('',*,*,#1876,.T.);
#2400=ORIENTED_EDGE('',*,*,#1866,.T.);
#2401=ORIENTED_EDGE('',*,*,#1870,.T.);
#2402=ORIENTED_EDGE('',*,*,#1873,.T.);
#2403=ORIENTED_EDGE('',*,*,#1878,.F.);
#2404=ORIENTED_EDGE('',*,*,#1879,.T.);
#2405=ORIENTED_EDGE('',*,*,#1880,.F.);
#2406=ORIENTED_EDGE('',*,*,#1881,.F.);
#2407=ORIENTED_EDGE('',*,*,#1882,.F.);
#2408=ORIENTED_EDGE('',*,*,#1881,.T.);
#2409=ORIENTED_EDGE('',*,*,#1883,.F.);
#2410=ORIENTED_EDGE('',*,*,#1884,.F.);
#2411=ORIENTED_EDGE('',*,*,#1885,.F.);
#2412=ORIENTED_EDGE('',*,*,#1884,.T.);
#2413=ORIENTED_EDGE('',*,*,#1886,.F.);
#2414=ORIENTED_EDGE('',*,*,#1887,.F.);
#2415=ORIENTED_EDGE('',*,*,#1888,.F.);
#2416=ORIENTED_EDGE('',*,*,#1887,.T.);
#2417=ORIENTED_EDGE('',*,*,#1889,.F.);
#2418=ORIENTED_EDGE('',*,*,#1879,.F.);
#2419=ORIENTED_EDGE('',*,*,#1889,.T.);
#2420=ORIENTED_EDGE('',*,*,#1886,.T.);
#2421=ORIENTED_EDGE('',*,*,#1883,.T.);
#2422=ORIENTED_EDGE('',*,*,#1880,.T.);
#2423=ORIENTED_EDGE('',*,*,#1888,.T.);
#2424=ORIENTED_EDGE('',*,*,#1878,.T.);
#2425=ORIENTED_EDGE('',*,*,#1882,.T.);
#2426=ORIENTED_EDGE('',*,*,#1885,.T.);
#2427=ORIENTED_EDGE('',*,*,#1890,.T.);
#2428=ORIENTED_EDGE('',*,*,#1891,.T.);
#2429=ORIENTED_EDGE('',*,*,#1892,.F.);
#2430=ORIENTED_EDGE('',*,*,#1893,.F.);
#2431=ORIENTED_EDGE('',*,*,#1894,.T.);
#2432=ORIENTED_EDGE('',*,*,#1893,.T.);
#2433=ORIENTED_EDGE('',*,*,#1895,.F.);
#2434=ORIENTED_EDGE('',*,*,#1896,.F.);
#2435=ORIENTED_EDGE('',*,*,#1897,.T.);
#2436=ORIENTED_EDGE('',*,*,#1896,.T.);
#2437=ORIENTED_EDGE('',*,*,#1898,.F.);
#2438=ORIENTED_EDGE('',*,*,#1899,.F.);
#2439=ORIENTED_EDGE('',*,*,#1900,.T.);
#2440=ORIENTED_EDGE('',*,*,#1899,.T.);
#2441=ORIENTED_EDGE('',*,*,#1901,.F.);
#2442=ORIENTED_EDGE('',*,*,#1891,.F.);
#2443=ORIENTED_EDGE('',*,*,#1901,.T.);
#2444=ORIENTED_EDGE('',*,*,#1898,.T.);
#2445=ORIENTED_EDGE('',*,*,#1895,.T.);
#2446=ORIENTED_EDGE('',*,*,#1892,.T.);
#2447=ORIENTED_EDGE('',*,*,#1900,.F.);
#2448=ORIENTED_EDGE('',*,*,#1890,.F.);
#2449=ORIENTED_EDGE('',*,*,#1894,.F.);
#2450=ORIENTED_EDGE('',*,*,#1897,.F.);
#2451=ORIENTED_EDGE('',*,*,#1902,.F.);
#2452=ORIENTED_EDGE('',*,*,#1903,.T.);
#2453=ORIENTED_EDGE('',*,*,#1904,.F.);
#2454=ORIENTED_EDGE('',*,*,#1905,.F.);
#2455=ORIENTED_EDGE('',*,*,#1906,.F.);
#2456=ORIENTED_EDGE('',*,*,#1905,.T.);
#2457=ORIENTED_EDGE('',*,*,#1907,.F.);
#2458=ORIENTED_EDGE('',*,*,#1908,.F.);
#2459=ORIENTED_EDGE('',*,*,#1909,.F.);
#2460=ORIENTED_EDGE('',*,*,#1908,.T.);
#2461=ORIENTED_EDGE('',*,*,#1910,.F.);
#2462=ORIENTED_EDGE('',*,*,#1911,.F.);
#2463=ORIENTED_EDGE('',*,*,#1912,.F.);
#2464=ORIENTED_EDGE('',*,*,#1911,.T.);
#2465=ORIENTED_EDGE('',*,*,#1913,.F.);
#2466=ORIENTED_EDGE('',*,*,#1903,.F.);
#2467=ORIENTED_EDGE('',*,*,#1913,.T.);
#2468=ORIENTED_EDGE('',*,*,#1910,.T.);
#2469=ORIENTED_EDGE('',*,*,#1907,.T.);
#2470=ORIENTED_EDGE('',*,*,#1904,.T.);
#2471=ORIENTED_EDGE('',*,*,#1912,.T.);
#2472=ORIENTED_EDGE('',*,*,#1902,.T.);
#2473=ORIENTED_EDGE('',*,*,#1906,.T.);
#2474=ORIENTED_EDGE('',*,*,#1909,.T.);
#2475=ORIENTED_EDGE('',*,*,#1914,.T.);
#2476=ORIENTED_EDGE('',*,*,#1915,.T.);
#2477=ORIENTED_EDGE('',*,*,#1916,.F.);
#2478=ORIENTED_EDGE('',*,*,#1917,.F.);
#2479=ORIENTED_EDGE('',*,*,#1918,.T.);
#2480=ORIENTED_EDGE('',*,*,#1917,.T.);
#2481=ORIENTED_EDGE('',*,*,#1919,.F.);
#2482=ORIENTED_EDGE('',*,*,#1920,.F.);
#2483=ORIENTED_EDGE('',*,*,#1921,.T.);
#2484=ORIENTED_EDGE('',*,*,#1920,.T.);
#2485=ORIENTED_EDGE('',*,*,#1922,.F.);
#2486=ORIENTED_EDGE('',*,*,#1923,.F.);
#2487=ORIENTED_EDGE('',*,*,#1924,.T.);
#2488=ORIENTED_EDGE('',*,*,#1923,.T.);
#2489=ORIENTED_EDGE('',*,*,#1925,.F.);
#2490=ORIENTED_EDGE('',*,*,#1915,.F.);
#2491=ORIENTED_EDGE('',*,*,#1925,.T.);
#2492=ORIENTED_EDGE('',*,*,#1922,.T.);
#2493=ORIENTED_EDGE('',*,*,#1919,.T.);
#2494=ORIENTED_EDGE('',*,*,#1916,.T.);
#2495=ORIENTED_EDGE('',*,*,#1924,.F.);
#2496=ORIENTED_EDGE('',*,*,#1914,.F.);
#2497=ORIENTED_EDGE('',*,*,#1918,.F.);
#2498=ORIENTED_EDGE('',*,*,#1921,.F.);
#2499=ORIENTED_EDGE('',*,*,#1926,.T.);
#2500=ORIENTED_EDGE('',*,*,#1927,.T.);
#2501=ORIENTED_EDGE('',*,*,#1928,.F.);
#2502=ORIENTED_EDGE('',*,*,#1929,.F.);
#2503=ORIENTED_EDGE('',*,*,#1930,.T.);
#2504=ORIENTED_EDGE('',*,*,#1929,.T.);
#2505=ORIENTED_EDGE('',*,*,#1931,.F.);
#2506=ORIENTED_EDGE('',*,*,#1932,.F.);
#2507=ORIENTED_EDGE('',*,*,#1933,.T.);
#2508=ORIENTED_EDGE('',*,*,#1932,.T.);
#2509=ORIENTED_EDGE('',*,*,#1934,.F.);
#2510=ORIENTED_EDGE('',*,*,#1935,.F.);
#2511=ORIENTED_EDGE('',*,*,#1936,.T.);
#2512=ORIENTED_EDGE('',*,*,#1935,.T.);
#2513=ORIENTED_EDGE('',*,*,#1937,.F.);
#2514=ORIENTED_EDGE('',*,*,#1927,.F.);
#2515=ORIENTED_EDGE('',*,*,#1937,.T.);
#2516=ORIENTED_EDGE('',*,*,#1934,.T.);
#2517=ORIENTED_EDGE('',*,*,#1931,.T.);
#2518=ORIENTED_EDGE('',*,*,#1928,.T.);
#2519=ORIENTED_EDGE('',*,*,#1936,.F.);
#2520=ORIENTED_EDGE('',*,*,#1926,.F.);
#2521=ORIENTED_EDGE('',*,*,#1930,.F.);
#2522=ORIENTED_EDGE('',*,*,#1933,.F.);
#2523=ORIENTED_EDGE('',*,*,#1938,.T.);
#2524=ORIENTED_EDGE('',*,*,#1939,.T.);
#2525=ORIENTED_EDGE('',*,*,#1940,.F.);
#2526=ORIENTED_EDGE('',*,*,#1941,.F.);
#2527=ORIENTED_EDGE('',*,*,#1942,.T.);
#2528=ORIENTED_EDGE('',*,*,#1941,.T.);
#2529=ORIENTED_EDGE('',*,*,#1943,.F.);
#2530=ORIENTED_EDGE('',*,*,#1944,.F.);
#2531=ORIENTED_EDGE('',*,*,#1945,.T.);
#2532=ORIENTED_EDGE('',*,*,#1944,.T.);
#2533=ORIENTED_EDGE('',*,*,#1946,.F.);
#2534=ORIENTED_EDGE('',*,*,#1947,.F.);
#2535=ORIENTED_EDGE('',*,*,#1948,.T.);
#2536=ORIENTED_EDGE('',*,*,#1947,.T.);
#2537=ORIENTED_EDGE('',*,*,#1949,.F.);
#2538=ORIENTED_EDGE('',*,*,#1939,.F.);
#2539=ORIENTED_EDGE('',*,*,#1949,.T.);
#2540=ORIENTED_EDGE('',*,*,#1946,.T.);
#2541=ORIENTED_EDGE('',*,*,#1943,.T.);
#2542=ORIENTED_EDGE('',*,*,#1940,.T.);
#2543=ORIENTED_EDGE('',*,*,#1948,.F.);
#2544=ORIENTED_EDGE('',*,*,#1938,.F.);
#2545=ORIENTED_EDGE('',*,*,#1942,.F.);
#2546=ORIENTED_EDGE('',*,*,#1945,.F.);
#2547=ORIENTED_EDGE('',*,*,#1950,.T.);
#2548=ORIENTED_EDGE('',*,*,#1951,.T.);
#2549=ORIENTED_EDGE('',*,*,#1952,.F.);
#2550=ORIENTED_EDGE('',*,*,#1953,.F.);
#2551=ORIENTED_EDGE('',*,*,#1954,.T.);
#2552=ORIENTED_EDGE('',*,*,#1953,.T.);
#2553=ORIENTED_EDGE('',*,*,#1955,.F.);
#2554=ORIENTED_EDGE('',*,*,#1956,.F.);
#2555=ORIENTED_EDGE('',*,*,#1957,.T.);
#2556=ORIENTED_EDGE('',*,*,#1956,.T.);
#2557=ORIENTED_EDGE('',*,*,#1958,.F.);
#2558=ORIENTED_EDGE('',*,*,#1959,.F.);
#2559=ORIENTED_EDGE('',*,*,#1960,.T.);
#2560=ORIENTED_EDGE('',*,*,#1959,.T.);
#2561=ORIENTED_EDGE('',*,*,#1961,.F.);
#2562=ORIENTED_EDGE('',*,*,#1951,.F.);
#2563=ORIENTED_EDGE('',*,*,#1961,.T.);
#2564=ORIENTED_EDGE('',*,*,#1958,.T.);
#2565=ORIENTED_EDGE('',*,*,#1955,.T.);
#2566=ORIENTED_EDGE('',*,*,#1952,.T.);
#2567=ORIENTED_EDGE('',*,*,#1960,.F.);
#2568=ORIENTED_EDGE('',*,*,#1950,.F.);
#2569=ORIENTED_EDGE('',*,*,#1954,.F.);
#2570=ORIENTED_EDGE('',*,*,#1957,.F.);
#2571=ORIENTED_EDGE('',*,*,#1962,.T.);
#2572=ORIENTED_EDGE('',*,*,#1963,.T.);
#2573=ORIENTED_EDGE('',*,*,#1964,.F.);
#2574=ORIENTED_EDGE('',*,*,#1965,.F.);
#2575=ORIENTED_EDGE('',*,*,#1966,.T.);
#2576=ORIENTED_EDGE('',*,*,#1965,.T.);
#2577=ORIENTED_EDGE('',*,*,#1967,.F.);
#2578=ORIENTED_EDGE('',*,*,#1968,.F.);
#2579=ORIENTED_EDGE('',*,*,#1969,.T.);
#2580=ORIENTED_EDGE('',*,*,#1968,.T.);
#2581=ORIENTED_EDGE('',*,*,#1970,.F.);
#2582=ORIENTED_EDGE('',*,*,#1971,.F.);
#2583=ORIENTED_EDGE('',*,*,#1972,.T.);
#2584=ORIENTED_EDGE('',*,*,#1971,.T.);
#2585=ORIENTED_EDGE('',*,*,#1973,.F.);
#2586=ORIENTED_EDGE('',*,*,#1963,.F.);
#2587=ORIENTED_EDGE('',*,*,#1973,.T.);
#2588=ORIENTED_EDGE('',*,*,#1970,.T.);
#2589=ORIENTED_EDGE('',*,*,#1967,.T.);
#2590=ORIENTED_EDGE('',*,*,#1964,.T.);
#2591=ORIENTED_EDGE('',*,*,#1972,.F.);
#2592=ORIENTED_EDGE('',*,*,#1962,.F.);
#2593=ORIENTED_EDGE('',*,*,#1966,.F.);
#2594=ORIENTED_EDGE('',*,*,#1969,.F.);
#2595=ORIENTED_EDGE('',*,*,#1974,.T.);
#2596=ORIENTED_EDGE('',*,*,#1975,.T.);
#2597=ORIENTED_EDGE('',*,*,#1976,.F.);
#2598=ORIENTED_EDGE('',*,*,#1977,.F.);
#2599=ORIENTED_EDGE('',*,*,#1978,.T.);
#2600=ORIENTED_EDGE('',*,*,#1977,.T.);
#2601=ORIENTED_EDGE('',*,*,#1979,.F.);
#2602=ORIENTED_EDGE('',*,*,#1980,.F.);
#2603=ORIENTED_EDGE('',*,*,#1981,.T.);
#2604=ORIENTED_EDGE('',*,*,#1980,.T.);
#2605=ORIENTED_EDGE('',*,*,#1982,.F.);
#2606=ORIENTED_EDGE('',*,*,#1983,.F.);
#2607=ORIENTED_EDGE('',*,*,#1984,.T.);
#2608=ORIENTED_EDGE('',*,*,#1983,.T.);
#2609=ORIENTED_EDGE('',*,*,#1985,.F.);
#2610=ORIENTED_EDGE('',*,*,#1975,.F.);
#2611=ORIENTED_EDGE('',*,*,#1985,.T.);
#2612=ORIENTED_EDGE('',*,*,#1982,.T.);
#2613=ORIENTED_EDGE('',*,*,#1979,.T.);
#2614=ORIENTED_EDGE('',*,*,#1976,.T.);
#2615=ORIENTED_EDGE('',*,*,#1984,.F.);
#2616=ORIENTED_EDGE('',*,*,#1974,.F.);
#2617=ORIENTED_EDGE('',*,*,#1978,.F.);
#2618=ORIENTED_EDGE('',*,*,#1981,.F.);
#2619=ORIENTED_EDGE('',*,*,#1986,.T.);
#2620=ORIENTED_EDGE('',*,*,#1987,.T.);
#2621=ORIENTED_EDGE('',*,*,#1988,.F.);
#2622=ORIENTED_EDGE('',*,*,#1989,.F.);
#2623=ORIENTED_EDGE('',*,*,#1990,.T.);
#2624=ORIENTED_EDGE('',*,*,#1989,.T.);
#2625=ORIENTED_EDGE('',*,*,#1991,.F.);
#2626=ORIENTED_EDGE('',*,*,#1992,.F.);
#2627=ORIENTED_EDGE('',*,*,#1993,.T.);
#2628=ORIENTED_EDGE('',*,*,#1992,.T.);
#2629=ORIENTED_EDGE('',*,*,#1994,.F.);
#2630=ORIENTED_EDGE('',*,*,#1995,.F.);
#2631=ORIENTED_EDGE('',*,*,#1996,.T.);
#2632=ORIENTED_EDGE('',*,*,#1995,.T.);
#2633=ORIENTED_EDGE('',*,*,#1997,.F.);
#2634=ORIENTED_EDGE('',*,*,#1987,.F.);
#2635=ORIENTED_EDGE('',*,*,#1997,.T.);
#2636=ORIENTED_EDGE('',*,*,#1994,.T.);
#2637=ORIENTED_EDGE('',*,*,#1991,.T.);
#2638=ORIENTED_EDGE('',*,*,#1988,.T.);
#2639=ORIENTED_EDGE('',*,*,#1996,.F.);
#2640=ORIENTED_EDGE('',*,*,#1986,.F.);
#2641=ORIENTED_EDGE('',*,*,#1990,.F.);
#2642=ORIENTED_EDGE('',*,*,#1993,.F.);
#2643=ORIENTED_EDGE('',*,*,#1998,.T.);
#2644=ORIENTED_EDGE('',*,*,#1999,.T.);
#2645=ORIENTED_EDGE('',*,*,#2000,.F.);
#2646=ORIENTED_EDGE('',*,*,#2001,.F.);
#2647=ORIENTED_EDGE('',*,*,#2002,.T.);
#2648=ORIENTED_EDGE('',*,*,#2001,.T.);
#2649=ORIENTED_EDGE('',*,*,#2003,.F.);
#2650=ORIENTED_EDGE('',*,*,#2004,.F.);
#2651=ORIENTED_EDGE('',*,*,#2005,.T.);
#2652=ORIENTED_EDGE('',*,*,#2004,.T.);
#2653=ORIENTED_EDGE('',*,*,#2006,.F.);
#2654=ORIENTED_EDGE('',*,*,#2007,.F.);
#2655=ORIENTED_EDGE('',*,*,#2008,.T.);
#2656=ORIENTED_EDGE('',*,*,#2007,.T.);
#2657=ORIENTED_EDGE('',*,*,#2009,.F.);
#2658=ORIENTED_EDGE('',*,*,#1999,.F.);
#2659=ORIENTED_EDGE('',*,*,#2009,.T.);
#2660=ORIENTED_EDGE('',*,*,#2006,.T.);
#2661=ORIENTED_EDGE('',*,*,#2003,.T.);
#2662=ORIENTED_EDGE('',*,*,#2000,.T.);
#2663=ORIENTED_EDGE('',*,*,#2008,.F.);
#2664=ORIENTED_EDGE('',*,*,#1998,.F.);
#2665=ORIENTED_EDGE('',*,*,#2002,.F.);
#2666=ORIENTED_EDGE('',*,*,#2005,.F.);
#2667=ORIENTED_EDGE('',*,*,#2010,.F.);
#2668=ORIENTED_EDGE('',*,*,#2011,.T.);
#2669=ORIENTED_EDGE('',*,*,#2012,.T.);
#2670=ORIENTED_EDGE('',*,*,#2011,.F.);
#2671=ORIENTED_EDGE('',*,*,#2010,.T.);
#2672=ORIENTED_EDGE('',*,*,#2012,.F.);
#2673=ORIENTED_EDGE('',*,*,#2013,.F.);
#2674=ORIENTED_EDGE('',*,*,#2014,.T.);
#2675=ORIENTED_EDGE('',*,*,#2015,.F.);
#2676=ORIENTED_EDGE('',*,*,#2014,.F.);
#2677=ORIENTED_EDGE('',*,*,#2015,.T.);
#2678=ORIENTED_EDGE('',*,*,#2013,.T.);
#2679=ORIENTED_EDGE('',*,*,#2016,.F.);
#2680=ORIENTED_EDGE('',*,*,#2017,.T.);
#2681=ORIENTED_EDGE('',*,*,#2018,.T.);
#2682=ORIENTED_EDGE('',*,*,#2017,.F.);
#2683=ORIENTED_EDGE('',*,*,#2016,.T.);
#2684=ORIENTED_EDGE('',*,*,#2018,.F.);
#2685=ORIENTED_EDGE('',*,*,#2019,.F.);
#2686=ORIENTED_EDGE('',*,*,#2020,.T.);
#2687=ORIENTED_EDGE('',*,*,#2021,.F.);
#2688=ORIENTED_EDGE('',*,*,#2020,.F.);
#2689=ORIENTED_EDGE('',*,*,#2021,.T.);
#2690=ORIENTED_EDGE('',*,*,#2019,.T.);
#2691=ORIENTED_EDGE('',*,*,#2022,.T.);
#2692=ORIENTED_EDGE('',*,*,#2023,.T.);
#2693=ORIENTED_EDGE('',*,*,#2024,.F.);
#2694=ORIENTED_EDGE('',*,*,#2025,.F.);
#2695=ORIENTED_EDGE('',*,*,#2026,.T.);
#2696=ORIENTED_EDGE('',*,*,#2025,.T.);
#2697=ORIENTED_EDGE('',*,*,#2027,.F.);
#2698=ORIENTED_EDGE('',*,*,#2028,.F.);
#2699=ORIENTED_EDGE('',*,*,#2029,.T.);
#2700=ORIENTED_EDGE('',*,*,#2028,.T.);
#2701=ORIENTED_EDGE('',*,*,#2030,.F.);
#2702=ORIENTED_EDGE('',*,*,#2031,.F.);
#2703=ORIENTED_EDGE('',*,*,#2032,.T.);
#2704=ORIENTED_EDGE('',*,*,#2031,.T.);
#2705=ORIENTED_EDGE('',*,*,#2033,.F.);
#2706=ORIENTED_EDGE('',*,*,#2023,.F.);
#2707=ORIENTED_EDGE('',*,*,#2033,.T.);
#2708=ORIENTED_EDGE('',*,*,#2030,.T.);
#2709=ORIENTED_EDGE('',*,*,#2027,.T.);
#2710=ORIENTED_EDGE('',*,*,#2024,.T.);
#2711=ORIENTED_EDGE('',*,*,#2032,.F.);
#2712=ORIENTED_EDGE('',*,*,#2022,.F.);
#2713=ORIENTED_EDGE('',*,*,#2026,.F.);
#2714=ORIENTED_EDGE('',*,*,#2029,.F.);
#2715=ORIENTED_EDGE('',*,*,#2034,.T.);
#2716=ORIENTED_EDGE('',*,*,#2035,.T.);
#2717=ORIENTED_EDGE('',*,*,#2036,.F.);
#2718=ORIENTED_EDGE('',*,*,#2037,.F.);
#2719=ORIENTED_EDGE('',*,*,#2038,.T.);
#2720=ORIENTED_EDGE('',*,*,#2037,.T.);
#2721=ORIENTED_EDGE('',*,*,#2039,.F.);
#2722=ORIENTED_EDGE('',*,*,#2040,.F.);
#2723=ORIENTED_EDGE('',*,*,#2041,.T.);
#2724=ORIENTED_EDGE('',*,*,#2040,.T.);
#2725=ORIENTED_EDGE('',*,*,#2042,.F.);
#2726=ORIENTED_EDGE('',*,*,#2043,.F.);
#2727=ORIENTED_EDGE('',*,*,#2044,.T.);
#2728=ORIENTED_EDGE('',*,*,#2043,.T.);
#2729=ORIENTED_EDGE('',*,*,#2045,.F.);
#2730=ORIENTED_EDGE('',*,*,#2035,.F.);
#2731=ORIENTED_EDGE('',*,*,#2045,.T.);
#2732=ORIENTED_EDGE('',*,*,#2042,.T.);
#2733=ORIENTED_EDGE('',*,*,#2039,.T.);
#2734=ORIENTED_EDGE('',*,*,#2036,.T.);
#2735=ORIENTED_EDGE('',*,*,#2044,.F.);
#2736=ORIENTED_EDGE('',*,*,#2034,.F.);
#2737=ORIENTED_EDGE('',*,*,#2038,.F.);
#2738=ORIENTED_EDGE('',*,*,#2041,.F.);
#2739=ORIENTED_EDGE('',*,*,#2046,.T.);
#2740=ORIENTED_EDGE('',*,*,#2047,.T.);
#2741=ORIENTED_EDGE('',*,*,#2048,.F.);
#2742=ORIENTED_EDGE('',*,*,#2049,.F.);
#2743=ORIENTED_EDGE('',*,*,#2050,.T.);
#2744=ORIENTED_EDGE('',*,*,#2049,.T.);
#2745=ORIENTED_EDGE('',*,*,#2051,.F.);
#2746=ORIENTED_EDGE('',*,*,#2052,.F.);
#2747=ORIENTED_EDGE('',*,*,#2053,.T.);
#2748=ORIENTED_EDGE('',*,*,#2052,.T.);
#2749=ORIENTED_EDGE('',*,*,#2054,.F.);
#2750=ORIENTED_EDGE('',*,*,#2055,.F.);
#2751=ORIENTED_EDGE('',*,*,#2056,.T.);
#2752=ORIENTED_EDGE('',*,*,#2055,.T.);
#2753=ORIENTED_EDGE('',*,*,#2057,.F.);
#2754=ORIENTED_EDGE('',*,*,#2047,.F.);
#2755=ORIENTED_EDGE('',*,*,#2057,.T.);
#2756=ORIENTED_EDGE('',*,*,#2054,.T.);
#2757=ORIENTED_EDGE('',*,*,#2051,.T.);
#2758=ORIENTED_EDGE('',*,*,#2048,.T.);
#2759=ORIENTED_EDGE('',*,*,#2056,.F.);
#2760=ORIENTED_EDGE('',*,*,#2046,.F.);
#2761=ORIENTED_EDGE('',*,*,#2050,.F.);
#2762=ORIENTED_EDGE('',*,*,#2053,.F.);
#2763=ORIENTED_EDGE('',*,*,#2058,.T.);
#2764=ORIENTED_EDGE('',*,*,#2059,.T.);
#2765=ORIENTED_EDGE('',*,*,#2060,.F.);
#2766=ORIENTED_EDGE('',*,*,#2061,.F.);
#2767=ORIENTED_EDGE('',*,*,#2062,.T.);
#2768=ORIENTED_EDGE('',*,*,#2061,.T.);
#2769=ORIENTED_EDGE('',*,*,#2063,.F.);
#2770=ORIENTED_EDGE('',*,*,#2064,.F.);
#2771=ORIENTED_EDGE('',*,*,#2065,.T.);
#2772=ORIENTED_EDGE('',*,*,#2064,.T.);
#2773=ORIENTED_EDGE('',*,*,#2066,.F.);
#2774=ORIENTED_EDGE('',*,*,#2067,.F.);
#2775=ORIENTED_EDGE('',*,*,#2068,.T.);
#2776=ORIENTED_EDGE('',*,*,#2067,.T.);
#2777=ORIENTED_EDGE('',*,*,#2069,.F.);
#2778=ORIENTED_EDGE('',*,*,#2059,.F.);
#2779=ORIENTED_EDGE('',*,*,#2069,.T.);
#2780=ORIENTED_EDGE('',*,*,#2066,.T.);
#2781=ORIENTED_EDGE('',*,*,#2063,.T.);
#2782=ORIENTED_EDGE('',*,*,#2060,.T.);
#2783=ORIENTED_EDGE('',*,*,#2068,.F.);
#2784=ORIENTED_EDGE('',*,*,#2058,.F.);
#2785=ORIENTED_EDGE('',*,*,#2062,.F.);
#2786=ORIENTED_EDGE('',*,*,#2065,.F.);
#2787=ORIENTED_EDGE('',*,*,#2070,.F.);
#2788=ORIENTED_EDGE('',*,*,#2071,.T.);
#2789=ORIENTED_EDGE('',*,*,#2072,.F.);
#2790=ORIENTED_EDGE('',*,*,#2071,.F.);
#2791=ORIENTED_EDGE('',*,*,#2073,.F.);
#2792=ORIENTED_EDGE('',*,*,#2074,.T.);
#2793=ORIENTED_EDGE('',*,*,#2075,.F.);
#2794=ORIENTED_EDGE('',*,*,#2074,.F.);
#2795=ORIENTED_EDGE('',*,*,#2075,.T.);
#2796=ORIENTED_EDGE('',*,*,#2072,.T.);
#2797=ORIENTED_EDGE('',*,*,#2073,.T.);
#2798=ORIENTED_EDGE('',*,*,#2070,.T.);
#2799=ORIENTED_EDGE('',*,*,#2076,.F.);
#2800=ORIENTED_EDGE('',*,*,#2077,.T.);
#2801=ORIENTED_EDGE('',*,*,#2078,.F.);
#2802=ORIENTED_EDGE('',*,*,#2077,.F.);
#2803=ORIENTED_EDGE('',*,*,#2078,.T.);
#2804=ORIENTED_EDGE('',*,*,#2076,.T.);
#2805=ORIENTED_EDGE('',*,*,#2079,.T.);
#2806=ORIENTED_EDGE('',*,*,#2080,.T.);
#2807=ORIENTED_EDGE('',*,*,#2081,.F.);
#2808=ORIENTED_EDGE('',*,*,#2082,.F.);
#2809=ORIENTED_EDGE('',*,*,#2083,.T.);
#2810=ORIENTED_EDGE('',*,*,#2082,.T.);
#2811=ORIENTED_EDGE('',*,*,#2084,.F.);
#2812=ORIENTED_EDGE('',*,*,#2085,.F.);
#2813=ORIENTED_EDGE('',*,*,#2086,.T.);
#2814=ORIENTED_EDGE('',*,*,#2085,.T.);
#2815=ORIENTED_EDGE('',*,*,#2087,.F.);
#2816=ORIENTED_EDGE('',*,*,#2088,.F.);
#2817=ORIENTED_EDGE('',*,*,#2089,.T.);
#2818=ORIENTED_EDGE('',*,*,#2088,.T.);
#2819=ORIENTED_EDGE('',*,*,#2090,.F.);
#2820=ORIENTED_EDGE('',*,*,#2080,.F.);
#2821=ORIENTED_EDGE('',*,*,#2090,.T.);
#2822=ORIENTED_EDGE('',*,*,#2087,.T.);
#2823=ORIENTED_EDGE('',*,*,#2084,.T.);
#2824=ORIENTED_EDGE('',*,*,#2081,.T.);
#2825=ORIENTED_EDGE('',*,*,#2089,.F.);
#2826=ORIENTED_EDGE('',*,*,#2079,.F.);
#2827=ORIENTED_EDGE('',*,*,#2083,.F.);
#2828=ORIENTED_EDGE('',*,*,#2086,.F.);
#2829=ORIENTED_EDGE('',*,*,#2091,.T.);
#2830=ORIENTED_EDGE('',*,*,#2092,.T.);
#2831=ORIENTED_EDGE('',*,*,#2093,.F.);
#2832=ORIENTED_EDGE('',*,*,#2094,.F.);
#2833=ORIENTED_EDGE('',*,*,#2095,.T.);
#2834=ORIENTED_EDGE('',*,*,#2094,.T.);
#2835=ORIENTED_EDGE('',*,*,#2096,.F.);
#2836=ORIENTED_EDGE('',*,*,#2097,.F.);
#2837=ORIENTED_EDGE('',*,*,#2098,.T.);
#2838=ORIENTED_EDGE('',*,*,#2097,.T.);
#2839=ORIENTED_EDGE('',*,*,#2099,.F.);
#2840=ORIENTED_EDGE('',*,*,#2100,.F.);
#2841=ORIENTED_EDGE('',*,*,#2101,.T.);
#2842=ORIENTED_EDGE('',*,*,#2100,.T.);
#2843=ORIENTED_EDGE('',*,*,#2102,.F.);
#2844=ORIENTED_EDGE('',*,*,#2092,.F.);
#2845=ORIENTED_EDGE('',*,*,#2102,.T.);
#2846=ORIENTED_EDGE('',*,*,#2099,.T.);
#2847=ORIENTED_EDGE('',*,*,#2096,.T.);
#2848=ORIENTED_EDGE('',*,*,#2093,.T.);
#2849=ORIENTED_EDGE('',*,*,#2101,.F.);
#2850=ORIENTED_EDGE('',*,*,#2091,.F.);
#2851=ORIENTED_EDGE('',*,*,#2095,.F.);
#2852=ORIENTED_EDGE('',*,*,#2098,.F.);
#2853=ORIENTED_EDGE('',*,*,#2103,.T.);
#2854=ORIENTED_EDGE('',*,*,#2104,.T.);
#2855=ORIENTED_EDGE('',*,*,#2105,.F.);
#2856=ORIENTED_EDGE('',*,*,#2106,.F.);
#2857=ORIENTED_EDGE('',*,*,#2107,.T.);
#2858=ORIENTED_EDGE('',*,*,#2106,.T.);
#2859=ORIENTED_EDGE('',*,*,#2108,.F.);
#2860=ORIENTED_EDGE('',*,*,#2109,.F.);
#2861=ORIENTED_EDGE('',*,*,#2110,.T.);
#2862=ORIENTED_EDGE('',*,*,#2109,.T.);
#2863=ORIENTED_EDGE('',*,*,#2111,.F.);
#2864=ORIENTED_EDGE('',*,*,#2112,.F.);
#2865=ORIENTED_EDGE('',*,*,#2113,.T.);
#2866=ORIENTED_EDGE('',*,*,#2112,.T.);
#2867=ORIENTED_EDGE('',*,*,#2114,.F.);
#2868=ORIENTED_EDGE('',*,*,#2104,.F.);
#2869=ORIENTED_EDGE('',*,*,#2114,.T.);
#2870=ORIENTED_EDGE('',*,*,#2111,.T.);
#2871=ORIENTED_EDGE('',*,*,#2108,.T.);
#2872=ORIENTED_EDGE('',*,*,#2105,.T.);
#2873=ORIENTED_EDGE('',*,*,#2113,.F.);
#2874=ORIENTED_EDGE('',*,*,#2103,.F.);
#2875=ORIENTED_EDGE('',*,*,#2107,.F.);
#2876=ORIENTED_EDGE('',*,*,#2110,.F.);
#2877=ORIENTED_EDGE('',*,*,#2115,.T.);
#2878=ORIENTED_EDGE('',*,*,#2116,.T.);
#2879=ORIENTED_EDGE('',*,*,#2117,.F.);
#2880=ORIENTED_EDGE('',*,*,#2118,.F.);
#2881=ORIENTED_EDGE('',*,*,#2119,.T.);
#2882=ORIENTED_EDGE('',*,*,#2118,.T.);
#2883=ORIENTED_EDGE('',*,*,#2120,.F.);
#2884=ORIENTED_EDGE('',*,*,#2121,.F.);
#2885=ORIENTED_EDGE('',*,*,#2122,.T.);
#2886=ORIENTED_EDGE('',*,*,#2121,.T.);
#2887=ORIENTED_EDGE('',*,*,#2123,.F.);
#2888=ORIENTED_EDGE('',*,*,#2124,.F.);
#2889=ORIENTED_EDGE('',*,*,#2125,.T.);
#2890=ORIENTED_EDGE('',*,*,#2124,.T.);
#2891=ORIENTED_EDGE('',*,*,#2126,.F.);
#2892=ORIENTED_EDGE('',*,*,#2116,.F.);
#2893=ORIENTED_EDGE('',*,*,#2126,.T.);
#2894=ORIENTED_EDGE('',*,*,#2123,.T.);
#2895=ORIENTED_EDGE('',*,*,#2120,.T.);
#2896=ORIENTED_EDGE('',*,*,#2117,.T.);
#2897=ORIENTED_EDGE('',*,*,#2125,.F.);
#2898=ORIENTED_EDGE('',*,*,#2115,.F.);
#2899=ORIENTED_EDGE('',*,*,#2119,.F.);
#2900=ORIENTED_EDGE('',*,*,#2122,.F.);
#2901=ORIENTED_EDGE('',*,*,#2127,.T.);
#2902=ORIENTED_EDGE('',*,*,#2128,.T.);
#2903=ORIENTED_EDGE('',*,*,#2129,.F.);
#2904=ORIENTED_EDGE('',*,*,#2130,.F.);
#2905=ORIENTED_EDGE('',*,*,#2131,.T.);
#2906=ORIENTED_EDGE('',*,*,#2130,.T.);
#2907=ORIENTED_EDGE('',*,*,#2132,.F.);
#2908=ORIENTED_EDGE('',*,*,#2133,.F.);
#2909=ORIENTED_EDGE('',*,*,#2134,.T.);
#2910=ORIENTED_EDGE('',*,*,#2133,.T.);
#2911=ORIENTED_EDGE('',*,*,#2135,.F.);
#2912=ORIENTED_EDGE('',*,*,#2136,.F.);
#2913=ORIENTED_EDGE('',*,*,#2137,.T.);
#2914=ORIENTED_EDGE('',*,*,#2136,.T.);
#2915=ORIENTED_EDGE('',*,*,#2138,.F.);
#2916=ORIENTED_EDGE('',*,*,#2128,.F.);
#2917=ORIENTED_EDGE('',*,*,#2138,.T.);
#2918=ORIENTED_EDGE('',*,*,#2135,.T.);
#2919=ORIENTED_EDGE('',*,*,#2132,.T.);
#2920=ORIENTED_EDGE('',*,*,#2129,.T.);
#2921=ORIENTED_EDGE('',*,*,#2137,.F.);
#2922=ORIENTED_EDGE('',*,*,#2127,.F.);
#2923=ORIENTED_EDGE('',*,*,#2131,.F.);
#2924=ORIENTED_EDGE('',*,*,#2134,.F.);
#2925=ORIENTED_EDGE('',*,*,#2139,.T.);
#2926=ORIENTED_EDGE('',*,*,#2140,.T.);
#2927=ORIENTED_EDGE('',*,*,#2141,.F.);
#2928=ORIENTED_EDGE('',*,*,#2142,.F.);
#2929=ORIENTED_EDGE('',*,*,#2143,.T.);
#2930=ORIENTED_EDGE('',*,*,#2142,.T.);
#2931=ORIENTED_EDGE('',*,*,#2144,.F.);
#2932=ORIENTED_EDGE('',*,*,#2145,.F.);
#2933=ORIENTED_EDGE('',*,*,#2146,.T.);
#2934=ORIENTED_EDGE('',*,*,#2145,.T.);
#2935=ORIENTED_EDGE('',*,*,#2147,.F.);
#2936=ORIENTED_EDGE('',*,*,#2148,.F.);
#2937=ORIENTED_EDGE('',*,*,#2149,.T.);
#2938=ORIENTED_EDGE('',*,*,#2148,.T.);
#2939=ORIENTED_EDGE('',*,*,#2150,.F.);
#2940=ORIENTED_EDGE('',*,*,#2140,.F.);
#2941=ORIENTED_EDGE('',*,*,#2150,.T.);
#2942=ORIENTED_EDGE('',*,*,#2147,.T.);
#2943=ORIENTED_EDGE('',*,*,#2144,.T.);
#2944=ORIENTED_EDGE('',*,*,#2141,.T.);
#2945=ORIENTED_EDGE('',*,*,#2149,.F.);
#2946=ORIENTED_EDGE('',*,*,#2139,.F.);
#2947=ORIENTED_EDGE('',*,*,#2143,.F.);
#2948=ORIENTED_EDGE('',*,*,#2146,.F.);
#2949=ORIENTED_EDGE('',*,*,#2151,.T.);
#2950=ORIENTED_EDGE('',*,*,#2152,.T.);
#2951=ORIENTED_EDGE('',*,*,#2153,.F.);
#2952=ORIENTED_EDGE('',*,*,#2154,.F.);
#2953=ORIENTED_EDGE('',*,*,#2155,.T.);
#2954=ORIENTED_EDGE('',*,*,#2154,.T.);
#2955=ORIENTED_EDGE('',*,*,#2156,.F.);
#2956=ORIENTED_EDGE('',*,*,#2157,.F.);
#2957=ORIENTED_EDGE('',*,*,#2158,.T.);
#2958=ORIENTED_EDGE('',*,*,#2157,.T.);
#2959=ORIENTED_EDGE('',*,*,#2159,.F.);
#2960=ORIENTED_EDGE('',*,*,#2160,.F.);
#2961=ORIENTED_EDGE('',*,*,#2161,.T.);
#2962=ORIENTED_EDGE('',*,*,#2160,.T.);
#2963=ORIENTED_EDGE('',*,*,#2162,.F.);
#2964=ORIENTED_EDGE('',*,*,#2152,.F.);
#2965=ORIENTED_EDGE('',*,*,#2162,.T.);
#2966=ORIENTED_EDGE('',*,*,#2159,.T.);
#2967=ORIENTED_EDGE('',*,*,#2156,.T.);
#2968=ORIENTED_EDGE('',*,*,#2153,.T.);
#2969=ORIENTED_EDGE('',*,*,#2161,.F.);
#2970=ORIENTED_EDGE('',*,*,#2151,.F.);
#2971=ORIENTED_EDGE('',*,*,#2155,.F.);
#2972=ORIENTED_EDGE('',*,*,#2158,.F.);
#2973=ORIENTED_EDGE('',*,*,#2163,.T.);
#2974=ORIENTED_EDGE('',*,*,#2164,.T.);
#2975=ORIENTED_EDGE('',*,*,#2165,.F.);
#2976=ORIENTED_EDGE('',*,*,#2166,.F.);
#2977=ORIENTED_EDGE('',*,*,#2167,.T.);
#2978=ORIENTED_EDGE('',*,*,#2166,.T.);
#2979=ORIENTED_EDGE('',*,*,#2168,.F.);
#2980=ORIENTED_EDGE('',*,*,#2169,.F.);
#2981=ORIENTED_EDGE('',*,*,#2170,.T.);
#2982=ORIENTED_EDGE('',*,*,#2169,.T.);
#2983=ORIENTED_EDGE('',*,*,#2171,.F.);
#2984=ORIENTED_EDGE('',*,*,#2172,.F.);
#2985=ORIENTED_EDGE('',*,*,#2173,.T.);
#2986=ORIENTED_EDGE('',*,*,#2172,.T.);
#2987=ORIENTED_EDGE('',*,*,#2174,.F.);
#2988=ORIENTED_EDGE('',*,*,#2164,.F.);
#2989=ORIENTED_EDGE('',*,*,#2174,.T.);
#2990=ORIENTED_EDGE('',*,*,#2171,.T.);
#2991=ORIENTED_EDGE('',*,*,#2168,.T.);
#2992=ORIENTED_EDGE('',*,*,#2165,.T.);
#2993=ORIENTED_EDGE('',*,*,#2173,.F.);
#2994=ORIENTED_EDGE('',*,*,#2163,.F.);
#2995=ORIENTED_EDGE('',*,*,#2167,.F.);
#2996=ORIENTED_EDGE('',*,*,#2170,.F.);
#2997=ORIENTED_EDGE('',*,*,#2175,.T.);
#2998=ORIENTED_EDGE('',*,*,#2176,.T.);
#2999=ORIENTED_EDGE('',*,*,#2177,.F.);
#3000=ORIENTED_EDGE('',*,*,#2178,.F.);
#3001=ORIENTED_EDGE('',*,*,#2179,.T.);
#3002=ORIENTED_EDGE('',*,*,#2178,.T.);
#3003=ORIENTED_EDGE('',*,*,#2180,.F.);
#3004=ORIENTED_EDGE('',*,*,#2181,.F.);
#3005=ORIENTED_EDGE('',*,*,#2182,.T.);
#3006=ORIENTED_EDGE('',*,*,#2181,.T.);
#3007=ORIENTED_EDGE('',*,*,#2183,.F.);
#3008=ORIENTED_EDGE('',*,*,#2184,.F.);
#3009=ORIENTED_EDGE('',*,*,#2185,.T.);
#3010=ORIENTED_EDGE('',*,*,#2184,.T.);
#3011=ORIENTED_EDGE('',*,*,#2186,.F.);
#3012=ORIENTED_EDGE('',*,*,#2176,.F.);
#3013=ORIENTED_EDGE('',*,*,#2186,.T.);
#3014=ORIENTED_EDGE('',*,*,#2183,.T.);
#3015=ORIENTED_EDGE('',*,*,#2180,.T.);
#3016=ORIENTED_EDGE('',*,*,#2177,.T.);
#3017=ORIENTED_EDGE('',*,*,#2185,.F.);
#3018=ORIENTED_EDGE('',*,*,#2175,.F.);
#3019=ORIENTED_EDGE('',*,*,#2179,.F.);
#3020=ORIENTED_EDGE('',*,*,#2182,.F.);
#3021=ORIENTED_EDGE('',*,*,#2187,.T.);
#3022=ORIENTED_EDGE('',*,*,#2188,.T.);
#3023=ORIENTED_EDGE('',*,*,#2189,.F.);
#3024=ORIENTED_EDGE('',*,*,#2190,.F.);
#3025=ORIENTED_EDGE('',*,*,#2191,.T.);
#3026=ORIENTED_EDGE('',*,*,#2190,.T.);
#3027=ORIENTED_EDGE('',*,*,#2192,.F.);
#3028=ORIENTED_EDGE('',*,*,#2193,.F.);
#3029=ORIENTED_EDGE('',*,*,#2194,.T.);
#3030=ORIENTED_EDGE('',*,*,#2193,.T.);
#3031=ORIENTED_EDGE('',*,*,#2195,.F.);
#3032=ORIENTED_EDGE('',*,*,#2196,.F.);
#3033=ORIENTED_EDGE('',*,*,#2197,.T.);
#3034=ORIENTED_EDGE('',*,*,#2196,.T.);
#3035=ORIENTED_EDGE('',*,*,#2198,.F.);
#3036=ORIENTED_EDGE('',*,*,#2188,.F.);
#3037=ORIENTED_EDGE('',*,*,#2198,.T.);
#3038=ORIENTED_EDGE('',*,*,#2195,.T.);
#3039=ORIENTED_EDGE('',*,*,#2192,.T.);
#3040=ORIENTED_EDGE('',*,*,#2189,.T.);
#3041=ORIENTED_EDGE('',*,*,#2197,.F.);
#3042=ORIENTED_EDGE('',*,*,#2187,.F.);
#3043=ORIENTED_EDGE('',*,*,#2191,.F.);
#3044=ORIENTED_EDGE('',*,*,#2194,.F.);
#3045=ORIENTED_EDGE('',*,*,#2199,.T.);
#3046=ORIENTED_EDGE('',*,*,#2200,.T.);
#3047=ORIENTED_EDGE('',*,*,#2201,.F.);
#3048=ORIENTED_EDGE('',*,*,#2202,.F.);
#3049=ORIENTED_EDGE('',*,*,#2203,.T.);
#3050=ORIENTED_EDGE('',*,*,#2202,.T.);
#3051=ORIENTED_EDGE('',*,*,#2204,.F.);
#3052=ORIENTED_EDGE('',*,*,#2205,.F.);
#3053=ORIENTED_EDGE('',*,*,#2206,.T.);
#3054=ORIENTED_EDGE('',*,*,#2205,.T.);
#3055=ORIENTED_EDGE('',*,*,#2207,.F.);
#3056=ORIENTED_EDGE('',*,*,#2208,.F.);
#3057=ORIENTED_EDGE('',*,*,#2209,.T.);
#3058=ORIENTED_EDGE('',*,*,#2208,.T.);
#3059=ORIENTED_EDGE('',*,*,#2210,.F.);
#3060=ORIENTED_EDGE('',*,*,#2200,.F.);
#3061=ORIENTED_EDGE('',*,*,#2210,.T.);
#3062=ORIENTED_EDGE('',*,*,#2207,.T.);
#3063=ORIENTED_EDGE('',*,*,#2204,.T.);
#3064=ORIENTED_EDGE('',*,*,#2201,.T.);
#3065=ORIENTED_EDGE('',*,*,#2209,.F.);
#3066=ORIENTED_EDGE('',*,*,#2199,.F.);
#3067=ORIENTED_EDGE('',*,*,#2203,.F.);
#3068=ORIENTED_EDGE('',*,*,#2206,.F.);
#3069=ORIENTED_EDGE('',*,*,#2211,.T.);
#3070=ORIENTED_EDGE('',*,*,#2212,.T.);
#3071=ORIENTED_EDGE('',*,*,#2213,.F.);
#3072=ORIENTED_EDGE('',*,*,#2214,.F.);
#3073=ORIENTED_EDGE('',*,*,#2215,.T.);
#3074=ORIENTED_EDGE('',*,*,#2214,.T.);
#3075=ORIENTED_EDGE('',*,*,#2216,.F.);
#3076=ORIENTED_EDGE('',*,*,#2217,.F.);
#3077=ORIENTED_EDGE('',*,*,#2218,.T.);
#3078=ORIENTED_EDGE('',*,*,#2217,.T.);
#3079=ORIENTED_EDGE('',*,*,#2219,.F.);
#3080=ORIENTED_EDGE('',*,*,#2220,.F.);
#3081=ORIENTED_EDGE('',*,*,#2221,.T.);
#3082=ORIENTED_EDGE('',*,*,#2220,.T.);
#3083=ORIENTED_EDGE('',*,*,#2222,.F.);
#3084=ORIENTED_EDGE('',*,*,#2212,.F.);
#3085=ORIENTED_EDGE('',*,*,#2222,.T.);
#3086=ORIENTED_EDGE('',*,*,#2219,.T.);
#3087=ORIENTED_EDGE('',*,*,#2216,.T.);
#3088=ORIENTED_EDGE('',*,*,#2213,.T.);
#3089=ORIENTED_EDGE('',*,*,#2221,.F.);
#3090=ORIENTED_EDGE('',*,*,#2211,.F.);
#3091=ORIENTED_EDGE('',*,*,#2215,.F.);
#3092=ORIENTED_EDGE('',*,*,#2218,.F.);
#3093=ORIENTED_EDGE('',*,*,#2223,.T.);
#3094=ORIENTED_EDGE('',*,*,#2224,.T.);
#3095=ORIENTED_EDGE('',*,*,#2225,.F.);
#3096=ORIENTED_EDGE('',*,*,#2226,.F.);
#3097=ORIENTED_EDGE('',*,*,#2227,.T.);
#3098=ORIENTED_EDGE('',*,*,#2226,.T.);
#3099=ORIENTED_EDGE('',*,*,#2228,.F.);
#3100=ORIENTED_EDGE('',*,*,#2229,.F.);
#3101=ORIENTED_EDGE('',*,*,#2230,.T.);
#3102=ORIENTED_EDGE('',*,*,#2229,.T.);
#3103=ORIENTED_EDGE('',*,*,#2231,.F.);
#3104=ORIENTED_EDGE('',*,*,#2232,.F.);
#3105=ORIENTED_EDGE('',*,*,#2233,.T.);
#3106=ORIENTED_EDGE('',*,*,#2232,.T.);
#3107=ORIENTED_EDGE('',*,*,#2234,.F.);
#3108=ORIENTED_EDGE('',*,*,#2224,.F.);
#3109=ORIENTED_EDGE('',*,*,#2234,.T.);
#3110=ORIENTED_EDGE('',*,*,#2231,.T.);
#3111=ORIENTED_EDGE('',*,*,#2228,.T.);
#3112=ORIENTED_EDGE('',*,*,#2225,.T.);
#3113=ORIENTED_EDGE('',*,*,#2233,.F.);
#3114=ORIENTED_EDGE('',*,*,#2223,.F.);
#3115=ORIENTED_EDGE('',*,*,#2227,.F.);
#3116=ORIENTED_EDGE('',*,*,#2230,.F.);
#3117=ORIENTED_EDGE('',*,*,#2235,.T.);
#3118=ORIENTED_EDGE('',*,*,#2236,.T.);
#3119=ORIENTED_EDGE('',*,*,#2237,.F.);
#3120=ORIENTED_EDGE('',*,*,#2238,.F.);
#3121=ORIENTED_EDGE('',*,*,#2239,.T.);
#3122=ORIENTED_EDGE('',*,*,#2238,.T.);
#3123=ORIENTED_EDGE('',*,*,#2240,.F.);
#3124=ORIENTED_EDGE('',*,*,#2241,.F.);
#3125=ORIENTED_EDGE('',*,*,#2242,.T.);
#3126=ORIENTED_EDGE('',*,*,#2241,.T.);
#3127=ORIENTED_EDGE('',*,*,#2243,.F.);
#3128=ORIENTED_EDGE('',*,*,#2244,.F.);
#3129=ORIENTED_EDGE('',*,*,#2245,.T.);
#3130=ORIENTED_EDGE('',*,*,#2244,.T.);
#3131=ORIENTED_EDGE('',*,*,#2246,.F.);
#3132=ORIENTED_EDGE('',*,*,#2236,.F.);
#3133=ORIENTED_EDGE('',*,*,#2246,.T.);
#3134=ORIENTED_EDGE('',*,*,#2243,.T.);
#3135=ORIENTED_EDGE('',*,*,#2240,.T.);
#3136=ORIENTED_EDGE('',*,*,#2237,.T.);
#3137=ORIENTED_EDGE('',*,*,#2245,.F.);
#3138=ORIENTED_EDGE('',*,*,#2235,.F.);
#3139=ORIENTED_EDGE('',*,*,#2239,.F.);
#3140=ORIENTED_EDGE('',*,*,#2242,.F.);
#3141=ORIENTED_EDGE('',*,*,#2247,.T.);
#3142=ORIENTED_EDGE('',*,*,#2248,.T.);
#3143=ORIENTED_EDGE('',*,*,#2249,.F.);
#3144=ORIENTED_EDGE('',*,*,#2250,.F.);
#3145=ORIENTED_EDGE('',*,*,#2251,.T.);
#3146=ORIENTED_EDGE('',*,*,#2250,.T.);
#3147=ORIENTED_EDGE('',*,*,#2252,.F.);
#3148=ORIENTED_EDGE('',*,*,#2253,.F.);
#3149=ORIENTED_EDGE('',*,*,#2254,.T.);
#3150=ORIENTED_EDGE('',*,*,#2253,.T.);
#3151=ORIENTED_EDGE('',*,*,#2255,.F.);
#3152=ORIENTED_EDGE('',*,*,#2256,.F.);
#3153=ORIENTED_EDGE('',*,*,#2257,.T.);
#3154=ORIENTED_EDGE('',*,*,#2256,.T.);
#3155=ORIENTED_EDGE('',*,*,#2258,.F.);
#3156=ORIENTED_EDGE('',*,*,#2248,.F.);
#3157=ORIENTED_EDGE('',*,*,#2258,.T.);
#3158=ORIENTED_EDGE('',*,*,#2255,.T.);
#3159=ORIENTED_EDGE('',*,*,#2252,.T.);
#3160=ORIENTED_EDGE('',*,*,#2249,.T.);
#3161=ORIENTED_EDGE('',*,*,#2257,.F.);
#3162=ORIENTED_EDGE('',*,*,#2247,.F.);
#3163=ORIENTED_EDGE('',*,*,#2251,.F.);
#3164=ORIENTED_EDGE('',*,*,#2254,.F.);
#3165=ORIENTED_EDGE('',*,*,#2259,.T.);
#3166=ORIENTED_EDGE('',*,*,#2260,.T.);
#3167=ORIENTED_EDGE('',*,*,#2261,.F.);
#3168=ORIENTED_EDGE('',*,*,#2262,.F.);
#3169=ORIENTED_EDGE('',*,*,#2263,.T.);
#3170=ORIENTED_EDGE('',*,*,#2262,.T.);
#3171=ORIENTED_EDGE('',*,*,#2264,.F.);
#3172=ORIENTED_EDGE('',*,*,#2265,.F.);
#3173=ORIENTED_EDGE('',*,*,#2266,.T.);
#3174=ORIENTED_EDGE('',*,*,#2265,.T.);
#3175=ORIENTED_EDGE('',*,*,#2267,.F.);
#3176=ORIENTED_EDGE('',*,*,#2268,.F.);
#3177=ORIENTED_EDGE('',*,*,#2269,.T.);
#3178=ORIENTED_EDGE('',*,*,#2268,.T.);
#3179=ORIENTED_EDGE('',*,*,#2270,.F.);
#3180=ORIENTED_EDGE('',*,*,#2260,.F.);
#3181=ORIENTED_EDGE('',*,*,#2270,.T.);
#3182=ORIENTED_EDGE('',*,*,#2267,.T.);
#3183=ORIENTED_EDGE('',*,*,#2264,.T.);
#3184=ORIENTED_EDGE('',*,*,#2261,.T.);
#3185=ORIENTED_EDGE('',*,*,#2269,.F.);
#3186=ORIENTED_EDGE('',*,*,#2259,.F.);
#3187=ORIENTED_EDGE('',*,*,#2263,.F.);
#3188=ORIENTED_EDGE('',*,*,#2266,.F.);
#3189=ORIENTED_EDGE('',*,*,#2271,.T.);
#3190=ORIENTED_EDGE('',*,*,#2272,.T.);
#3191=ORIENTED_EDGE('',*,*,#2273,.F.);
#3192=ORIENTED_EDGE('',*,*,#2274,.F.);
#3193=ORIENTED_EDGE('',*,*,#2275,.T.);
#3194=ORIENTED_EDGE('',*,*,#2274,.T.);
#3195=ORIENTED_EDGE('',*,*,#2276,.F.);
#3196=ORIENTED_EDGE('',*,*,#2277,.F.);
#3197=ORIENTED_EDGE('',*,*,#2278,.T.);
#3198=ORIENTED_EDGE('',*,*,#2277,.T.);
#3199=ORIENTED_EDGE('',*,*,#2279,.F.);
#3200=ORIENTED_EDGE('',*,*,#2280,.F.);
#3201=ORIENTED_EDGE('',*,*,#2281,.T.);
#3202=ORIENTED_EDGE('',*,*,#2280,.T.);
#3203=ORIENTED_EDGE('',*,*,#2282,.F.);
#3204=ORIENTED_EDGE('',*,*,#2272,.F.);
#3205=ORIENTED_EDGE('',*,*,#2282,.T.);
#3206=ORIENTED_EDGE('',*,*,#2279,.T.);
#3207=ORIENTED_EDGE('',*,*,#2276,.T.);
#3208=ORIENTED_EDGE('',*,*,#2273,.T.);
#3209=ORIENTED_EDGE('',*,*,#2281,.F.);
#3210=ORIENTED_EDGE('',*,*,#2271,.F.);
#3211=ORIENTED_EDGE('',*,*,#2275,.F.);
#3212=ORIENTED_EDGE('',*,*,#2278,.F.);
#3213=PLANE('',#3744);
#3214=PLANE('',#3745);
#3215=PLANE('',#3746);
#3216=PLANE('',#3747);
#3217=PLANE('',#3748);
#3218=PLANE('',#3749);
#3219=PLANE('',#3750);
#3220=PLANE('',#3751);
#3221=PLANE('',#3752);
#3222=PLANE('',#3753);
#3223=PLANE('',#3754);
#3224=PLANE('',#3755);
#3225=PLANE('',#3756);
#3226=PLANE('',#3757);
#3227=PLANE('',#3758);
#3228=PLANE('',#3759);
#3229=PLANE('',#3760);
#3230=PLANE('',#3761);
#3231=PLANE('',#3762);
#3232=PLANE('',#3763);
#3233=PLANE('',#3764);
#3234=PLANE('',#3765);
#3235=PLANE('',#3766);
#3236=PLANE('',#3767);
#3237=PLANE('',#3768);
#3238=PLANE('',#3769);
#3239=PLANE('',#3770);
#3240=PLANE('',#3771);
#3241=PLANE('',#3772);
#3242=PLANE('',#3773);
#3243=PLANE('',#3774);
#3244=PLANE('',#3775);
#3245=PLANE('',#3776);
#3246=PLANE('',#3777);
#3247=PLANE('',#3778);
#3248=PLANE('',#3779);
#3249=PLANE('',#3780);
#3250=PLANE('',#3781);
#3251=PLANE('',#3782);
#3252=PLANE('',#3783);
#3253=PLANE('',#3784);
#3254=PLANE('',#3785);
#3255=PLANE('',#3786);
#3256=PLANE('',#3787);
#3257=PLANE('',#3788);
#3258=PLANE('',#3789);
#3259=PLANE('',#3790);
#3260=PLANE('',#3791);
#3261=PLANE('',#3792);
#3262=PLANE('',#3793);
#3263=PLANE('',#3794);
#3264=PLANE('',#3795);
#3265=PLANE('',#3796);
#3266=PLANE('',#3797);
#3267=PLANE('',#3798);
#3268=PLANE('',#3799);
#3269=PLANE('',#3800);
#3270=PLANE('',#3801);
#3271=PLANE('',#3802);
#3272=PLANE('',#3803);
#3273=PLANE('',#3804);
#3274=PLANE('',#3805);
#3275=PLANE('',#3806);
#3276=PLANE('',#3807);
#3277=PLANE('',#3808);
#3278=PLANE('',#3809);
#3279=PLANE('',#3810);
#3280=PLANE('',#3811);
#3281=PLANE('',#3812);
#3282=PLANE('',#3813);
#3283=PLANE('',#3814);
#3284=PLANE('',#3815);
#3285=PLANE('',#3816);
#3286=PLANE('',#3817);
#3287=PLANE('',#3818);
#3288=PLANE('',#3819);
#3289=PLANE('',#3820);
#3290=PLANE('',#3821);
#3291=PLANE('',#3822);
#3292=PLANE('',#3823);
#3293=PLANE('',#3824);
#3294=PLANE('',#3825);
#3295=PLANE('',#3826);
#3296=PLANE('',#3827);
#3297=PLANE('',#3828);
#3298=PLANE('',#3829);
#3299=PLANE('',#3830);
#3300=PLANE('',#3831);
#3301=PLANE('',#3832);
#3302=PLANE('',#3833);
#3303=PLANE('',#3834);
#3304=PLANE('',#3835);
#3305=PLANE('',#3836);
#3306=PLANE('',#3837);
#3307=PLANE('',#3838);
#3308=PLANE('',#3839);
#3309=PLANE('',#3843);
#3310=PLANE('',#3844);
#3311=PLANE('',#3848);
#3312=PLANE('',#3849);
#3313=PLANE('',#3853);
#3314=PLANE('',#3854);
#3315=PLANE('',#3858);
#3316=PLANE('',#3859);
#3317=PLANE('',#3860);
#3318=PLANE('',#3861);
#3319=PLANE('',#3862);
#3320=PLANE('',#3863);
#3321=PLANE('',#3864);
#3322=PLANE('',#3865);
#3323=PLANE('',#3866);
#3324=PLANE('',#3867);
#3325=PLANE('',#3868);
#3326=PLANE('',#3869);
#3327=PLANE('',#3870);
#3328=PLANE('',#3871);
#3329=PLANE('',#3872);
#3330=PLANE('',#3873);
#3331=PLANE('',#3874);
#3332=PLANE('',#3875);
#3333=PLANE('',#3876);
#3334=PLANE('',#3877);
#3335=PLANE('',#3878);
#3336=PLANE('',#3879);
#3337=PLANE('',#3880);
#3338=PLANE('',#3881);
#3339=PLANE('',#3882);
#3340=PLANE('',#3883);
#3341=PLANE('',#3890);
#3342=PLANE('',#3891);
#3343=PLANE('',#3895);
#3344=PLANE('',#3896);
#3345=PLANE('',#3897);
#3346=PLANE('',#3898);
#3347=PLANE('',#3899);
#3348=PLANE('',#3900);
#3349=PLANE('',#3901);
#3350=PLANE('',#3902);
#3351=PLANE('',#3903);
#3352=PLANE('',#3904);
#3353=PLANE('',#3905);
#3354=PLANE('',#3906);
#3355=PLANE('',#3907);
#3356=PLANE('',#3908);
#3357=PLANE('',#3909);
#3358=PLANE('',#3910);
#3359=PLANE('',#3911);
#3360=PLANE('',#3912);
#3361=PLANE('',#3913);
#3362=PLANE('',#3914);
#3363=PLANE('',#3915);
#3364=PLANE('',#3916);
#3365=PLANE('',#3917);
#3366=PLANE('',#3918);
#3367=PLANE('',#3919);
#3368=PLANE('',#3920);
#3369=PLANE('',#3921);
#3370=PLANE('',#3922);
#3371=PLANE('',#3923);
#3372=PLANE('',#3924);
#3373=PLANE('',#3925);
#3374=PLANE('',#3926);
#3375=PLANE('',#3927);
#3376=PLANE('',#3928);
#3377=PLANE('',#3929);
#3378=PLANE('',#3930);
#3379=PLANE('',#3931);
#3380=PLANE('',#3932);
#3381=PLANE('',#3933);
#3382=PLANE('',#3934);
#3383=PLANE('',#3935);
#3384=PLANE('',#3936);
#3385=PLANE('',#3937);
#3386=PLANE('',#3938);
#3387=PLANE('',#3939);
#3388=PLANE('',#3940);
#3389=PLANE('',#3941);
#3390=PLANE('',#3942);
#3391=PLANE('',#3943);
#3392=PLANE('',#3944);
#3393=PLANE('',#3945);
#3394=PLANE('',#3946);
#3395=PLANE('',#3947);
#3396=PLANE('',#3948);
#3397=PLANE('',#3949);
#3398=PLANE('',#3950);
#3399=PLANE('',#3951);
#3400=PLANE('',#3952);
#3401=PLANE('',#3953);
#3402=PLANE('',#3954);
#3403=PLANE('',#3955);
#3404=PLANE('',#3956);
#3405=PLANE('',#3957);
#3406=PLANE('',#3958);
#3407=PLANE('',#3959);
#3408=PLANE('',#3960);
#3409=PLANE('',#3961);
#3410=PLANE('',#3962);
#3411=PLANE('',#3963);
#3412=PLANE('',#3964);
#3413=PLANE('',#3965);
#3414=PLANE('',#3966);
#3415=PLANE('',#3967);
#3416=PLANE('',#3968);
#3417=PLANE('',#3969);
#3418=PLANE('',#3970);
#3419=PLANE('',#3971);
#3420=PLANE('',#3972);
#3421=PLANE('',#3973);
#3422=PLANE('',#3974);
#3423=PLANE('',#3975);
#3424=PLANE('',#3976);
#3425=PLANE('',#3977);
#3426=PLANE('',#3978);
#3427=PLANE('',#3979);
#3428=PLANE('',#3980);
#3429=PLANE('',#3981);
#3430=PLANE('',#3982);
#3431=PLANE('',#3983);
#3432=PLANE('',#3984);
#3433=PLANE('',#3985);
#3434=PLANE('',#3986);
#3435=PLANE('',#3987);
#3436=PLANE('',#3988);
#3437=PLANE('',#3989);
#3438=PLANE('',#3990);
#3439=PLANE('',#3991);
#3440=PLANE('',#3992);
#3441=PLANE('',#3993);
#3442=PLANE('',#3994);
#3443=PLANE('',#3995);
#3444=PLANE('',#3996);
#3445=PLANE('',#3997);
#3446=PLANE('',#3998);
#3447=ADVANCED_FACE('',(#122),#3213,.T.);
#3448=ADVANCED_FACE('',(#123),#3214,.T.);
#3449=ADVANCED_FACE('',(#124),#3215,.T.);
#3450=ADVANCED_FACE('',(#125),#3216,.T.);
#3451=ADVANCED_FACE('',(#126),#3217,.T.);
#3452=ADVANCED_FACE('',(#127),#3218,.F.);
#3453=ADVANCED_FACE('',(#128),#3219,.T.);
#3454=ADVANCED_FACE('',(#129),#3220,.T.);
#3455=ADVANCED_FACE('',(#130),#3221,.T.);
#3456=ADVANCED_FACE('',(#131),#3222,.T.);
#3457=ADVANCED_FACE('',(#132),#3223,.T.);
#3458=ADVANCED_FACE('',(#133),#3224,.F.);
#3459=ADVANCED_FACE('',(#134),#3225,.T.);
#3460=ADVANCED_FACE('',(#135),#3226,.T.);
#3461=ADVANCED_FACE('',(#136),#3227,.T.);
#3462=ADVANCED_FACE('',(#137),#3228,.T.);
#3463=ADVANCED_FACE('',(#138),#3229,.T.);
#3464=ADVANCED_FACE('',(#139),#3230,.F.);
#3465=ADVANCED_FACE('',(#140),#3231,.T.);
#3466=ADVANCED_FACE('',(#141),#3232,.T.);
#3467=ADVANCED_FACE('',(#142),#3233,.T.);
#3468=ADVANCED_FACE('',(#143),#3234,.T.);
#3469=ADVANCED_FACE('',(#144),#3235,.T.);
#3470=ADVANCED_FACE('',(#145),#3236,.F.);
#3471=ADVANCED_FACE('',(#146),#3237,.T.);
#3472=ADVANCED_FACE('',(#147),#3238,.T.);
#3473=ADVANCED_FACE('',(#148),#3239,.T.);
#3474=ADVANCED_FACE('',(#149),#3240,.T.);
#3475=ADVANCED_FACE('',(#150),#3241,.T.);
#3476=ADVANCED_FACE('',(#151),#3242,.F.);
#3477=ADVANCED_FACE('',(#152),#3243,.T.);
#3478=ADVANCED_FACE('',(#153),#3244,.T.);
#3479=ADVANCED_FACE('',(#154),#3245,.T.);
#3480=ADVANCED_FACE('',(#155),#3246,.T.);
#3481=ADVANCED_FACE('',(#156),#3247,.T.);
#3482=ADVANCED_FACE('',(#157),#3248,.F.);
#3483=ADVANCED_FACE('',(#158),#3249,.T.);
#3484=ADVANCED_FACE('',(#159),#3250,.T.);
#3485=ADVANCED_FACE('',(#160),#3251,.T.);
#3486=ADVANCED_FACE('',(#161),#3252,.T.);
#3487=ADVANCED_FACE('',(#162),#3253,.T.);
#3488=ADVANCED_FACE('',(#163),#3254,.F.);
#3489=ADVANCED_FACE('',(#164),#3255,.T.);
#3490=ADVANCED_FACE('',(#165),#3256,.T.);
#3491=ADVANCED_FACE('',(#166),#3257,.T.);
#3492=ADVANCED_FACE('',(#167),#3258,.T.);
#3493=ADVANCED_FACE('',(#168),#3259,.T.);
#3494=ADVANCED_FACE('',(#169),#3260,.F.);
#3495=ADVANCED_FACE('',(#170),#3261,.T.);
#3496=ADVANCED_FACE('',(#171),#3262,.T.);
#3497=ADVANCED_FACE('',(#172),#3263,.T.);
#3498=ADVANCED_FACE('',(#173),#3264,.T.);
#3499=ADVANCED_FACE('',(#174),#3265,.T.);
#3500=ADVANCED_FACE('',(#175),#3266,.F.);
#3501=ADVANCED_FACE('',(#176),#3267,.T.);
#3502=ADVANCED_FACE('',(#177),#3268,.T.);
#3503=ADVANCED_FACE('',(#178),#3269,.T.);
#3504=ADVANCED_FACE('',(#179),#3270,.T.);
#3505=ADVANCED_FACE('',(#180),#3271,.T.);
#3506=ADVANCED_FACE('',(#181),#3272,.F.);
#3507=ADVANCED_FACE('',(#182),#3273,.T.);
#3508=ADVANCED_FACE('',(#183),#3274,.T.);
#3509=ADVANCED_FACE('',(#184),#3275,.T.);
#3510=ADVANCED_FACE('',(#185),#3276,.T.);
#3511=ADVANCED_FACE('',(#186),#3277,.T.);
#3512=ADVANCED_FACE('',(#187),#3278,.F.);
#3513=ADVANCED_FACE('',(#188),#3279,.T.);
#3514=ADVANCED_FACE('',(#189),#3280,.T.);
#3515=ADVANCED_FACE('',(#190),#3281,.T.);
#3516=ADVANCED_FACE('',(#191),#3282,.T.);
#3517=ADVANCED_FACE('',(#192),#3283,.T.);
#3518=ADVANCED_FACE('',(#193),#3284,.F.);
#3519=ADVANCED_FACE('',(#194),#3285,.T.);
#3520=ADVANCED_FACE('',(#195),#3286,.T.);
#3521=ADVANCED_FACE('',(#196),#3287,.T.);
#3522=ADVANCED_FACE('',(#197),#3288,.T.);
#3523=ADVANCED_FACE('',(#198),#3289,.T.);
#3524=ADVANCED_FACE('',(#199),#3290,.F.);
#3525=ADVANCED_FACE('',(#200),#3291,.T.);
#3526=ADVANCED_FACE('',(#201),#3292,.T.);
#3527=ADVANCED_FACE('',(#202),#3293,.T.);
#3528=ADVANCED_FACE('',(#203),#3294,.T.);
#3529=ADVANCED_FACE('',(#204),#3295,.T.);
#3530=ADVANCED_FACE('',(#205),#3296,.F.);
#3531=ADVANCED_FACE('',(#206),#3297,.T.);
#3532=ADVANCED_FACE('',(#207),#3298,.T.);
#3533=ADVANCED_FACE('',(#208),#3299,.T.);
#3534=ADVANCED_FACE('',(#209),#3300,.T.);
#3535=ADVANCED_FACE('',(#210),#3301,.T.);
#3536=ADVANCED_FACE('',(#211),#3302,.F.);
#3537=ADVANCED_FACE('',(#212),#3303,.T.);
#3538=ADVANCED_FACE('',(#213),#3304,.T.);
#3539=ADVANCED_FACE('',(#214),#3305,.T.);
#3540=ADVANCED_FACE('',(#215),#3306,.T.);
#3541=ADVANCED_FACE('',(#216),#3307,.T.);
#3542=ADVANCED_FACE('',(#217),#3308,.F.);
#3543=ADVANCED_FACE('',(#218),#29,.T.);
#3544=ADVANCED_FACE('',(#219),#3309,.T.);
#3545=ADVANCED_FACE('',(#220),#3310,.F.);
#3546=ADVANCED_FACE('',(#221),#30,.T.);
#3547=ADVANCED_FACE('',(#222),#3311,.T.);
#3548=ADVANCED_FACE('',(#223),#3312,.F.);
#3549=ADVANCED_FACE('',(#224),#31,.T.);
#3550=ADVANCED_FACE('',(#225),#3313,.T.);
#3551=ADVANCED_FACE('',(#226),#3314,.F.);
#3552=ADVANCED_FACE('',(#227),#32,.T.);
#3553=ADVANCED_FACE('',(#228),#3315,.T.);
#3554=ADVANCED_FACE('',(#229),#3316,.F.);
#3555=ADVANCED_FACE('',(#230),#3317,.T.);
#3556=ADVANCED_FACE('',(#231),#3318,.T.);
#3557=ADVANCED_FACE('',(#232),#3319,.T.);
#3558=ADVANCED_FACE('',(#233),#3320,.T.);
#3559=ADVANCED_FACE('',(#234),#3321,.T.);
#3560=ADVANCED_FACE('',(#235),#3322,.F.);
#3561=ADVANCED_FACE('',(#236),#3323,.T.);
#3562=ADVANCED_FACE('',(#237),#3324,.T.);
#3563=ADVANCED_FACE('',(#238),#3325,.T.);
#3564=ADVANCED_FACE('',(#239),#3326,.T.);
#3565=ADVANCED_FACE('',(#240),#3327,.T.);
#3566=ADVANCED_FACE('',(#241),#3328,.F.);
#3567=ADVANCED_FACE('',(#242),#3329,.T.);
#3568=ADVANCED_FACE('',(#243),#3330,.T.);
#3569=ADVANCED_FACE('',(#244),#3331,.T.);
#3570=ADVANCED_FACE('',(#245),#3332,.T.);
#3571=ADVANCED_FACE('',(#246),#3333,.T.);
#3572=ADVANCED_FACE('',(#247),#3334,.F.);
#3573=ADVANCED_FACE('',(#248),#3335,.T.);
#3574=ADVANCED_FACE('',(#249),#3336,.T.);
#3575=ADVANCED_FACE('',(#250),#3337,.T.);
#3576=ADVANCED_FACE('',(#251),#3338,.T.);
#3577=ADVANCED_FACE('',(#252),#3339,.T.);
#3578=ADVANCED_FACE('',(#253),#3340,.F.);
#3579=ADVANCED_FACE('',(#254),#33,.F.);
#3580=ADVANCED_FACE('',(#255),#34,.T.);
#3581=ADVANCED_FACE('',(#256,#13),#3341,.T.);
#3582=ADVANCED_FACE('',(#257,#14),#3342,.F.);
#3583=ADVANCED_FACE('',(#258),#35,.T.);
#3584=ADVANCED_FACE('',(#259),#3343,.T.);
#3585=ADVANCED_FACE('',(#260),#3344,.F.);
#3586=ADVANCED_FACE('',(#261),#3345,.T.);
#3587=ADVANCED_FACE('',(#262),#3346,.T.);
#3588=ADVANCED_FACE('',(#263),#3347,.T.);
#3589=ADVANCED_FACE('',(#264),#3348,.T.);
#3590=ADVANCED_FACE('',(#265),#3349,.T.);
#3591=ADVANCED_FACE('',(#266),#3350,.F.);
#3592=ADVANCED_FACE('',(#267),#3351,.T.);
#3593=ADVANCED_FACE('',(#268),#3352,.T.);
#3594=ADVANCED_FACE('',(#269),#3353,.T.);
#3595=ADVANCED_FACE('',(#270),#3354,.T.);
#3596=ADVANCED_FACE('',(#271),#3355,.T.);
#3597=ADVANCED_FACE('',(#272),#3356,.F.);
#3598=ADVANCED_FACE('',(#273),#3357,.T.);
#3599=ADVANCED_FACE('',(#274),#3358,.T.);
#3600=ADVANCED_FACE('',(#275),#3359,.T.);
#3601=ADVANCED_FACE('',(#276),#3360,.T.);
#3602=ADVANCED_FACE('',(#277),#3361,.T.);
#3603=ADVANCED_FACE('',(#278),#3362,.F.);
#3604=ADVANCED_FACE('',(#279),#3363,.T.);
#3605=ADVANCED_FACE('',(#280),#3364,.T.);
#3606=ADVANCED_FACE('',(#281),#3365,.T.);
#3607=ADVANCED_FACE('',(#282),#3366,.T.);
#3608=ADVANCED_FACE('',(#283),#3367,.T.);
#3609=ADVANCED_FACE('',(#284),#3368,.F.);
#3610=ADVANCED_FACE('',(#285),#3369,.T.);
#3611=ADVANCED_FACE('',(#286),#3370,.T.);
#3612=ADVANCED_FACE('',(#287),#3371,.T.);
#3613=ADVANCED_FACE('',(#288),#3372,.T.);
#3614=ADVANCED_FACE('',(#289),#3373,.T.);
#3615=ADVANCED_FACE('',(#290),#3374,.F.);
#3616=ADVANCED_FACE('',(#291),#3375,.T.);
#3617=ADVANCED_FACE('',(#292),#3376,.T.);
#3618=ADVANCED_FACE('',(#293),#3377,.T.);
#3619=ADVANCED_FACE('',(#294),#3378,.T.);
#3620=ADVANCED_FACE('',(#295),#3379,.T.);
#3621=ADVANCED_FACE('',(#296),#3380,.F.);
#3622=ADVANCED_FACE('',(#297),#3381,.T.);
#3623=ADVANCED_FACE('',(#298),#3382,.T.);
#3624=ADVANCED_FACE('',(#299),#3383,.T.);
#3625=ADVANCED_FACE('',(#300),#3384,.T.);
#3626=ADVANCED_FACE('',(#301),#3385,.T.);
#3627=ADVANCED_FACE('',(#302),#3386,.F.);
#3628=ADVANCED_FACE('',(#303),#3387,.T.);
#3629=ADVANCED_FACE('',(#304),#3388,.T.);
#3630=ADVANCED_FACE('',(#305),#3389,.T.);
#3631=ADVANCED_FACE('',(#306),#3390,.T.);
#3632=ADVANCED_FACE('',(#307),#3391,.T.);
#3633=ADVANCED_FACE('',(#308),#3392,.F.);
#3634=ADVANCED_FACE('',(#309),#3393,.T.);
#3635=ADVANCED_FACE('',(#310),#3394,.T.);
#3636=ADVANCED_FACE('',(#311),#3395,.T.);
#3637=ADVANCED_FACE('',(#312),#3396,.T.);
#3638=ADVANCED_FACE('',(#313),#3397,.T.);
#3639=ADVANCED_FACE('',(#314),#3398,.F.);
#3640=ADVANCED_FACE('',(#315),#3399,.T.);
#3641=ADVANCED_FACE('',(#316),#3400,.T.);
#3642=ADVANCED_FACE('',(#317),#3401,.T.);
#3643=ADVANCED_FACE('',(#318),#3402,.T.);
#3644=ADVANCED_FACE('',(#319),#3403,.T.);
#3645=ADVANCED_FACE('',(#320),#3404,.F.);
#3646=ADVANCED_FACE('',(#321),#3405,.T.);
#3647=ADVANCED_FACE('',(#322),#3406,.T.);
#3648=ADVANCED_FACE('',(#323),#3407,.T.);
#3649=ADVANCED_FACE('',(#324),#3408,.T.);
#3650=ADVANCED_FACE('',(#325),#3409,.T.);
#3651=ADVANCED_FACE('',(#326),#3410,.F.);
#3652=ADVANCED_FACE('',(#327),#3411,.T.);
#3653=ADVANCED_FACE('',(#328),#3412,.T.);
#3654=ADVANCED_FACE('',(#329),#3413,.T.);
#3655=ADVANCED_FACE('',(#330),#3414,.T.);
#3656=ADVANCED_FACE('',(#331),#3415,.T.);
#3657=ADVANCED_FACE('',(#332),#3416,.F.);
#3658=ADVANCED_FACE('',(#333),#3417,.T.);
#3659=ADVANCED_FACE('',(#334),#3418,.T.);
#3660=ADVANCED_FACE('',(#335),#3419,.T.);
#3661=ADVANCED_FACE('',(#336),#3420,.T.);
#3662=ADVANCED_FACE('',(#337),#3421,.T.);
#3663=ADVANCED_FACE('',(#338),#3422,.F.);
#3664=ADVANCED_FACE('',(#339),#3423,.T.);
#3665=ADVANCED_FACE('',(#340),#3424,.T.);
#3666=ADVANCED_FACE('',(#341),#3425,.T.);
#3667=ADVANCED_FACE('',(#342),#3426,.T.);
#3668=ADVANCED_FACE('',(#343),#3427,.T.);
#3669=ADVANCED_FACE('',(#344),#3428,.F.);
#3670=ADVANCED_FACE('',(#345),#3429,.T.);
#3671=ADVANCED_FACE('',(#346),#3430,.T.);
#3672=ADVANCED_FACE('',(#347),#3431,.T.);
#3673=ADVANCED_FACE('',(#348),#3432,.T.);
#3674=ADVANCED_FACE('',(#349),#3433,.T.);
#3675=ADVANCED_FACE('',(#350),#3434,.F.);
#3676=ADVANCED_FACE('',(#351),#3435,.T.);
#3677=ADVANCED_FACE('',(#352),#3436,.T.);
#3678=ADVANCED_FACE('',(#353),#3437,.T.);
#3679=ADVANCED_FACE('',(#354),#3438,.T.);
#3680=ADVANCED_FACE('',(#355),#3439,.T.);
#3681=ADVANCED_FACE('',(#356),#3440,.F.);
#3682=ADVANCED_FACE('',(#357),#3441,.T.);
#3683=ADVANCED_FACE('',(#358),#3442,.T.);
#3684=ADVANCED_FACE('',(#359),#3443,.T.);
#3685=ADVANCED_FACE('',(#360),#3444,.T.);
#3686=ADVANCED_FACE('',(#361),#3445,.T.);
#3687=ADVANCED_FACE('',(#362),#3446,.F.);
#3688=CLOSED_SHELL('',(#3447,#3448,#3449,#3450,#3451,#3452));
#3689=CLOSED_SHELL('',(#3453,#3454,#3455,#3456,#3457,#3458));
#3690=CLOSED_SHELL('',(#3459,#3460,#3461,#3462,#3463,#3464));
#3691=CLOSED_SHELL('',(#3465,#3466,#3467,#3468,#3469,#3470));
#3692=CLOSED_SHELL('',(#3471,#3472,#3473,#3474,#3475,#3476));
#3693=CLOSED_SHELL('',(#3477,#3478,#3479,#3480,#3481,#3482));
#3694=CLOSED_SHELL('',(#3483,#3484,#3485,#3486,#3487,#3488));
#3695=CLOSED_SHELL('',(#3489,#3490,#3491,#3492,#3493,#3494));
#3696=CLOSED_SHELL('',(#3495,#3496,#3497,#3498,#3499,#3500));
#3697=CLOSED_SHELL('',(#3501,#3502,#3503,#3504,#3505,#3506));
#3698=CLOSED_SHELL('',(#3507,#3508,#3509,#3510,#3511,#3512));
#3699=CLOSED_SHELL('',(#3513,#3514,#3515,#3516,#3517,#3518));
#3700=CLOSED_SHELL('',(#3519,#3520,#3521,#3522,#3523,#3524));
#3701=CLOSED_SHELL('',(#3525,#3526,#3527,#3528,#3529,#3530));
#3702=CLOSED_SHELL('',(#3531,#3532,#3533,#3534,#3535,#3536));
#3703=CLOSED_SHELL('',(#3537,#3538,#3539,#3540,#3541,#3542));
#3704=CLOSED_SHELL('',(#3543,#3544,#3545));
#3705=CLOSED_SHELL('',(#3546,#3547,#3548));
#3706=CLOSED_SHELL('',(#3549,#3550,#3551));
#3707=CLOSED_SHELL('',(#3552,#3553,#3554));
#3708=CLOSED_SHELL('',(#3555,#3556,#3557,#3558,#3559,#3560));
#3709=CLOSED_SHELL('',(#3561,#3562,#3563,#3564,#3565,#3566));
#3710=CLOSED_SHELL('',(#3567,#3568,#3569,#3570,#3571,#3572));
#3711=CLOSED_SHELL('',(#3573,#3574,#3575,#3576,#3577,#3578));
#3712=CLOSED_SHELL('',(#3579,#3580,#3581,#3582));
#3713=CLOSED_SHELL('',(#3583,#3584,#3585));
#3714=CLOSED_SHELL('',(#3586,#3587,#3588,#3589,#3590,#3591));
#3715=CLOSED_SHELL('',(#3592,#3593,#3594,#3595,#3596,#3597));
#3716=CLOSED_SHELL('',(#3598,#3599,#3600,#3601,#3602,#3603));
#3717=CLOSED_SHELL('',(#3604,#3605,#3606,#3607,#3608,#3609));
#3718=CLOSED_SHELL('',(#3610,#3611,#3612,#3613,#3614,#3615));
#3719=CLOSED_SHELL('',(#3616,#3617,#3618,#3619,#3620,#3621));
#3720=CLOSED_SHELL('',(#3622,#3623,#3624,#3625,#3626,#3627));
#3721=CLOSED_SHELL('',(#3628,#3629,#3630,#3631,#3632,#3633));
#3722=CLOSED_SHELL('',(#3634,#3635,#3636,#3637,#3638,#3639));
#3723=CLOSED_SHELL('',(#3640,#3641,#3642,#3643,#3644,#3645));
#3724=CLOSED_SHELL('',(#3646,#3647,#3648,#3649,#3650,#3651));
#3725=CLOSED_SHELL('',(#3652,#3653,#3654,#3655,#3656,#3657));
#3726=CLOSED_SHELL('',(#3658,#3659,#3660,#3661,#3662,#3663));
#3727=CLOSED_SHELL('',(#3664,#3665,#3666,#3667,#3668,#3669));
#3728=CLOSED_SHELL('',(#3670,#3671,#3672,#3673,#3674,#3675));
#3729=CLOSED_SHELL('',(#3676,#3677,#3678,#3679,#3680,#3681));
#3730=CLOSED_SHELL('',(#3682,#3683,#3684,#3685,#3686,#3687));
#3731=DERIVED_UNIT_ELEMENT(#3733,1.);
#3732=DERIVED_UNIT_ELEMENT(#5984,-3.);
#3733=(
MASS_UNIT()
NAMED_UNIT(*)
SI_UNIT(.KILO.,.GRAM.)
);
#3734=DERIVED_UNIT((#3731,#3732));
#3735=MEASURE_REPRESENTATION_ITEM('density measure',
POSITIVE_RATIO_MEASURE(7850.),#3734);
#3736=PROPERTY_DEFINITION_REPRESENTATION(#3741,#3738);
#3737=PROPERTY_DEFINITION_REPRESENTATION(#3742,#3739);
#3738=REPRESENTATION('material name',(#3740),#5981);
#3739=REPRESENTATION('density',(#3735),#5981);
#3740=DESCRIPTIVE_REPRESENTATION_ITEM('Steel','Steel');
#3741=PROPERTY_DEFINITION('material property','material name',#5991);
#3742=PROPERTY_DEFINITION('material property','density of part',#5991);
#3743=AXIS2_PLACEMENT_3D('',#4962,#3999,#4000);
#3744=AXIS2_PLACEMENT_3D('',#4963,#4001,#4002);
#3745=AXIS2_PLACEMENT_3D('',#4972,#4007,#4008);
#3746=AXIS2_PLACEMENT_3D('',#4978,#4012,#4013);
#3747=AXIS2_PLACEMENT_3D('',#4984,#4017,#4018);
#3748=AXIS2_PLACEMENT_3D('',#4987,#4021,#4022);
#3749=AXIS2_PLACEMENT_3D('',#4988,#4023,#4024);
#3750=AXIS2_PLACEMENT_3D('',#4989,#4025,#4026);
#3751=AXIS2_PLACEMENT_3D('',#4998,#4031,#4032);
#3752=AXIS2_PLACEMENT_3D('',#5004,#4036,#4037);
#3753=AXIS2_PLACEMENT_3D('',#5010,#4041,#4042);
#3754=AXIS2_PLACEMENT_3D('',#5013,#4045,#4046);
#3755=AXIS2_PLACEMENT_3D('',#5014,#4047,#4048);
#3756=AXIS2_PLACEMENT_3D('',#5015,#4049,#4050);
#3757=AXIS2_PLACEMENT_3D('',#5024,#4055,#4056);
#3758=AXIS2_PLACEMENT_3D('',#5030,#4060,#4061);
#3759=AXIS2_PLACEMENT_3D('',#5036,#4065,#4066);
#3760=AXIS2_PLACEMENT_3D('',#5039,#4069,#4070);
#3761=AXIS2_PLACEMENT_3D('',#5040,#4071,#4072);
#3762=AXIS2_PLACEMENT_3D('',#5041,#4073,#4074);
#3763=AXIS2_PLACEMENT_3D('',#5050,#4079,#4080);
#3764=AXIS2_PLACEMENT_3D('',#5056,#4084,#4085);
#3765=AXIS2_PLACEMENT_3D('',#5062,#4089,#4090);
#3766=AXIS2_PLACEMENT_3D('',#5065,#4093,#4094);
#3767=AXIS2_PLACEMENT_3D('',#5066,#4095,#4096);
#3768=AXIS2_PLACEMENT_3D('',#5067,#4097,#4098);
#3769=AXIS2_PLACEMENT_3D('',#5076,#4103,#4104);
#3770=AXIS2_PLACEMENT_3D('',#5082,#4108,#4109);
#3771=AXIS2_PLACEMENT_3D('',#5088,#4113,#4114);
#3772=AXIS2_PLACEMENT_3D('',#5091,#4117,#4118);
#3773=AXIS2_PLACEMENT_3D('',#5092,#4119,#4120);
#3774=AXIS2_PLACEMENT_3D('',#5093,#4121,#4122);
#3775=AXIS2_PLACEMENT_3D('',#5102,#4127,#4128);
#3776=AXIS2_PLACEMENT_3D('',#5108,#4132,#4133);
#3777=AXIS2_PLACEMENT_3D('',#5114,#4137,#4138);
#3778=AXIS2_PLACEMENT_3D('',#5117,#4141,#4142);
#3779=AXIS2_PLACEMENT_3D('',#5118,#4143,#4144);
#3780=AXIS2_PLACEMENT_3D('',#5119,#4145,#4146);
#3781=AXIS2_PLACEMENT_3D('',#5128,#4151,#4152);
#3782=AXIS2_PLACEMENT_3D('',#5134,#4156,#4157);
#3783=AXIS2_PLACEMENT_3D('',#5140,#4161,#4162);
#3784=AXIS2_PLACEMENT_3D('',#5143,#4165,#4166);
#3785=AXIS2_PLACEMENT_3D('',#5144,#4167,#4168);
#3786=AXIS2_PLACEMENT_3D('',#5145,#4169,#4170);
#3787=AXIS2_PLACEMENT_3D('',#5154,#4175,#4176);
#3788=AXIS2_PLACEMENT_3D('',#5160,#4180,#4181);
#3789=AXIS2_PLACEMENT_3D('',#5166,#4185,#4186);
#3790=AXIS2_PLACEMENT_3D('',#5169,#4189,#4190);
#3791=AXIS2_PLACEMENT_3D('',#5170,#4191,#4192);
#3792=AXIS2_PLACEMENT_3D('',#5171,#4193,#4194);
#3793=AXIS2_PLACEMENT_3D('',#5180,#4199,#4200);
#3794=AXIS2_PLACEMENT_3D('',#5186,#4204,#4205);
#3795=AXIS2_PLACEMENT_3D('',#5192,#4209,#4210);
#3796=AXIS2_PLACEMENT_3D('',#5195,#4213,#4214);
#3797=AXIS2_PLACEMENT_3D('',#5196,#4215,#4216);
#3798=AXIS2_PLACEMENT_3D('',#5197,#4217,#4218);
#3799=AXIS2_PLACEMENT_3D('',#5206,#4223,#4224);
#3800=AXIS2_PLACEMENT_3D('',#5212,#4228,#4229);
#3801=AXIS2_PLACEMENT_3D('',#5218,#4233,#4234);
#3802=AXIS2_PLACEMENT_3D('',#5221,#4237,#4238);
#3803=AXIS2_PLACEMENT_3D('',#5222,#4239,#4240);
#3804=AXIS2_PLACEMENT_3D('',#5223,#4241,#4242);
#3805=AXIS2_PLACEMENT_3D('',#5232,#4247,#4248);
#3806=AXIS2_PLACEMENT_3D('',#5238,#4252,#4253);
#3807=AXIS2_PLACEMENT_3D('',#5244,#4257,#4258);
#3808=AXIS2_PLACEMENT_3D('',#5247,#4261,#4262);
#3809=AXIS2_PLACEMENT_3D('',#5248,#4263,#4264);
#3810=AXIS2_PLACEMENT_3D('',#5249,#4265,#4266);
#3811=AXIS2_PLACEMENT_3D('',#5258,#4271,#4272);
#3812=AXIS2_PLACEMENT_3D('',#5264,#4276,#4277);
#3813=AXIS2_PLACEMENT_3D('',#5270,#4281,#4282);
#3814=AXIS2_PLACEMENT_3D('',#5273,#4285,#4286);
#3815=AXIS2_PLACEMENT_3D('',#5274,#4287,#4288);
#3816=AXIS2_PLACEMENT_3D('',#5275,#4289,#4290);
#3817=AXIS2_PLACEMENT_3D('',#5284,#4295,#4296);
#3818=AXIS2_PLACEMENT_3D('',#5290,#4300,#4301);
#3819=AXIS2_PLACEMENT_3D('',#5296,#4305,#4306);
#3820=AXIS2_PLACEMENT_3D('',#5299,#4309,#4310);
#3821=AXIS2_PLACEMENT_3D('',#5300,#4311,#4312);
#3822=AXIS2_PLACEMENT_3D('',#5301,#4313,#4314);
#3823=AXIS2_PLACEMENT_3D('',#5310,#4319,#4320);
#3824=AXIS2_PLACEMENT_3D('',#5316,#4324,#4325);
#3825=AXIS2_PLACEMENT_3D('',#5322,#4329,#4330);
#3826=AXIS2_PLACEMENT_3D('',#5325,#4333,#4334);
#3827=AXIS2_PLACEMENT_3D('',#5326,#4335,#4336);
#3828=AXIS2_PLACEMENT_3D('',#5327,#4337,#4338);
#3829=AXIS2_PLACEMENT_3D('',#5336,#4343,#4344);
#3830=AXIS2_PLACEMENT_3D('',#5342,#4348,#4349);
#3831=AXIS2_PLACEMENT_3D('',#5348,#4353,#4354);
#3832=AXIS2_PLACEMENT_3D('',#5351,#4357,#4358);
#3833=AXIS2_PLACEMENT_3D('',#5352,#4359,#4360);
#3834=AXIS2_PLACEMENT_3D('',#5353,#4361,#4362);
#3835=AXIS2_PLACEMENT_3D('',#5362,#4367,#4368);
#3836=AXIS2_PLACEMENT_3D('',#5368,#4372,#4373);
#3837=AXIS2_PLACEMENT_3D('',#5374,#4377,#4378);
#3838=AXIS2_PLACEMENT_3D('',#5377,#4381,#4382);
#3839=AXIS2_PLACEMENT_3D('',#5378,#4383,#4384);
#3840=AXIS2_PLACEMENT_3D('',#5379,#4385,#4386);
#3841=AXIS2_PLACEMENT_3D('',#5381,#4387,#4388);
#3842=AXIS2_PLACEMENT_3D('',#5384,#4390,#4391);
#3843=AXIS2_PLACEMENT_3D('',#5385,#4392,#4393);
#3844=AXIS2_PLACEMENT_3D('',#5386,#4394,#4395);
#3845=AXIS2_PLACEMENT_3D('',#5387,#4396,#4397);
#3846=AXIS2_PLACEMENT_3D('',#5389,#4398,#4399);
#3847=AXIS2_PLACEMENT_3D('',#5392,#4401,#4402);
#3848=AXIS2_PLACEMENT_3D('',#5393,#4403,#4404);
#3849=AXIS2_PLACEMENT_3D('',#5394,#4405,#4406);
#3850=AXIS2_PLACEMENT_3D('',#5395,#4407,#4408);
#3851=AXIS2_PLACEMENT_3D('',#5397,#4409,#4410);
#3852=AXIS2_PLACEMENT_3D('',#5400,#4412,#4413);
#3853=AXIS2_PLACEMENT_3D('',#5401,#4414,#4415);
#3854=AXIS2_PLACEMENT_3D('',#5402,#4416,#4417);
#3855=AXIS2_PLACEMENT_3D('',#5403,#4418,#4419);
#3856=AXIS2_PLACEMENT_3D('',#5405,#4420,#4421);
#3857=AXIS2_PLACEMENT_3D('',#5408,#4423,#4424);
#3858=AXIS2_PLACEMENT_3D('',#5409,#4425,#4426);
#3859=AXIS2_PLACEMENT_3D('',#5410,#4427,#4428);
#3860=AXIS2_PLACEMENT_3D('',#5411,#4429,#4430);
#3861=AXIS2_PLACEMENT_3D('',#5420,#4435,#4436);
#3862=AXIS2_PLACEMENT_3D('',#5426,#4440,#4441);
#3863=AXIS2_PLACEMENT_3D('',#5432,#4445,#4446);
#3864=AXIS2_PLACEMENT_3D('',#5435,#4449,#4450);
#3865=AXIS2_PLACEMENT_3D('',#5436,#4451,#4452);
#3866=AXIS2_PLACEMENT_3D('',#5437,#4453,#4454);
#3867=AXIS2_PLACEMENT_3D('',#5446,#4459,#4460);
#3868=AXIS2_PLACEMENT_3D('',#5452,#4464,#4465);
#3869=AXIS2_PLACEMENT_3D('',#5458,#4469,#4470);
#3870=AXIS2_PLACEMENT_3D('',#5461,#4473,#4474);
#3871=AXIS2_PLACEMENT_3D('',#5462,#4475,#4476);
#3872=AXIS2_PLACEMENT_3D('',#5463,#4477,#4478);
#3873=AXIS2_PLACEMENT_3D('',#5472,#4483,#4484);
#3874=AXIS2_PLACEMENT_3D('',#5478,#4488,#4489);
#3875=AXIS2_PLACEMENT_3D('',#5484,#4493,#4494);
#3876=AXIS2_PLACEMENT_3D('',#5487,#4497,#4498);
#3877=AXIS2_PLACEMENT_3D('',#5488,#4499,#4500);
#3878=AXIS2_PLACEMENT_3D('',#5489,#4501,#4502);
#3879=AXIS2_PLACEMENT_3D('',#5498,#4507,#4508);
#3880=AXIS2_PLACEMENT_3D('',#5504,#4512,#4513);
#3881=AXIS2_PLACEMENT_3D('',#5510,#4517,#4518);
#3882=AXIS2_PLACEMENT_3D('',#5513,#4521,#4522);
#3883=AXIS2_PLACEMENT_3D('',#5514,#4523,#4524);
#3884=AXIS2_PLACEMENT_3D('',#5515,#4525,#4526);
#3885=AXIS2_PLACEMENT_3D('',#5517,#4527,#4528);
#3886=AXIS2_PLACEMENT_3D('',#5520,#4530,#4531);
#3887=AXIS2_PLACEMENT_3D('',#5521,#4532,#4533);
#3888=AXIS2_PLACEMENT_3D('',#5523,#4534,#4535);
#3889=AXIS2_PLACEMENT_3D('',#5526,#4537,#4538);
#3890=AXIS2_PLACEMENT_3D('',#5527,#4539,#4540);
#3891=AXIS2_PLACEMENT_3D('',#5528,#4541,#4542);
#3892=AXIS2_PLACEMENT_3D('',#5529,#4543,#4544);
#3893=AXIS2_PLACEMENT_3D('',#5531,#4545,#4546);
#3894=AXIS2_PLACEMENT_3D('',#5534,#4548,#4549);
#3895=AXIS2_PLACEMENT_3D('',#5535,#4550,#4551);
#3896=AXIS2_PLACEMENT_3D('',#5536,#4552,#4553);
#3897=AXIS2_PLACEMENT_3D('',#5537,#4554,#4555);
#3898=AXIS2_PLACEMENT_3D('',#5546,#4560,#4561);
#3899=AXIS2_PLACEMENT_3D('',#5552,#4565,#4566);
#3900=AXIS2_PLACEMENT_3D('',#5558,#4570,#4571);
#3901=AXIS2_PLACEMENT_3D('',#5561,#4574,#4575);
#3902=AXIS2_PLACEMENT_3D('',#5562,#4576,#4577);
#3903=AXIS2_PLACEMENT_3D('',#5563,#4578,#4579);
#3904=AXIS2_PLACEMENT_3D('',#5572,#4584,#4585);
#3905=AXIS2_PLACEMENT_3D('',#5578,#4589,#4590);
#3906=AXIS2_PLACEMENT_3D('',#5584,#4594,#4595);
#3907=AXIS2_PLACEMENT_3D('',#5587,#4598,#4599);
#3908=AXIS2_PLACEMENT_3D('',#5588,#4600,#4601);
#3909=AXIS2_PLACEMENT_3D('',#5589,#4602,#4603);
#3910=AXIS2_PLACEMENT_3D('',#5598,#4608,#4609);
#3911=AXIS2_PLACEMENT_3D('',#5604,#4613,#4614);
#3912=AXIS2_PLACEMENT_3D('',#5610,#4618,#4619);
#3913=AXIS2_PLACEMENT_3D('',#5613,#4622,#4623);
#3914=AXIS2_PLACEMENT_3D('',#5614,#4624,#4625);
#3915=AXIS2_PLACEMENT_3D('',#5615,#4626,#4627);
#3916=AXIS2_PLACEMENT_3D('',#5624,#4632,#4633);
#3917=AXIS2_PLACEMENT_3D('',#5630,#4637,#4638);
#3918=AXIS2_PLACEMENT_3D('',#5636,#4642,#4643);
#3919=AXIS2_PLACEMENT_3D('',#5639,#4646,#4647);
#3920=AXIS2_PLACEMENT_3D('',#5640,#4648,#4649);
#3921=AXIS2_PLACEMENT_3D('',#5641,#4650,#4651);
#3922=AXIS2_PLACEMENT_3D('',#5650,#4656,#4657);
#3923=AXIS2_PLACEMENT_3D('',#5656,#4661,#4662);
#3924=AXIS2_PLACEMENT_3D('',#5662,#4666,#4667);
#3925=AXIS2_PLACEMENT_3D('',#5665,#4670,#4671);
#3926=AXIS2_PLACEMENT_3D('',#5666,#4672,#4673);
#3927=AXIS2_PLACEMENT_3D('',#5667,#4674,#4675);
#3928=AXIS2_PLACEMENT_3D('',#5676,#4680,#4681);
#3929=AXIS2_PLACEMENT_3D('',#5682,#4685,#4686);
#3930=AXIS2_PLACEMENT_3D('',#5688,#4690,#4691);
#3931=AXIS2_PLACEMENT_3D('',#5691,#4694,#4695);
#3932=AXIS2_PLACEMENT_3D('',#5692,#4696,#4697);
#3933=AXIS2_PLACEMENT_3D('',#5693,#4698,#4699);
#3934=AXIS2_PLACEMENT_3D('',#5702,#4704,#4705);
#3935=AXIS2_PLACEMENT_3D('',#5708,#4709,#4710);
#3936=AXIS2_PLACEMENT_3D('',#5714,#4714,#4715);
#3937=AXIS2_PLACEMENT_3D('',#5717,#4718,#4719);
#3938=AXIS2_PLACEMENT_3D('',#5718,#4720,#4721);
#3939=AXIS2_PLACEMENT_3D('',#5719,#4722,#4723);
#3940=AXIS2_PLACEMENT_3D('',#5728,#4728,#4729);
#3941=AXIS2_PLACEMENT_3D('',#5734,#4733,#4734);
#3942=AXIS2_PLACEMENT_3D('',#5740,#4738,#4739);
#3943=AXIS2_PLACEMENT_3D('',#5743,#4742,#4743);
#3944=AXIS2_PLACEMENT_3D('',#5744,#4744,#4745);
#3945=AXIS2_PLACEMENT_3D('',#5745,#4746,#4747);
#3946=AXIS2_PLACEMENT_3D('',#5754,#4752,#4753);
#3947=AXIS2_PLACEMENT_3D('',#5760,#4757,#4758);
#3948=AXIS2_PLACEMENT_3D('',#5766,#4762,#4763);
#3949=AXIS2_PLACEMENT_3D('',#5769,#4766,#4767);
#3950=AXIS2_PLACEMENT_3D('',#5770,#4768,#4769);
#3951=AXIS2_PLACEMENT_3D('',#5771,#4770,#4771);
#3952=AXIS2_PLACEMENT_3D('',#5780,#4776,#4777);
#3953=AXIS2_PLACEMENT_3D('',#5786,#4781,#4782);
#3954=AXIS2_PLACEMENT_3D('',#5792,#4786,#4787);
#3955=AXIS2_PLACEMENT_3D('',#5795,#4790,#4791);
#3956=AXIS2_PLACEMENT_3D('',#5796,#4792,#4793);
#3957=AXIS2_PLACEMENT_3D('',#5797,#4794,#4795);
#3958=AXIS2_PLACEMENT_3D('',#5806,#4800,#4801);
#3959=AXIS2_PLACEMENT_3D('',#5812,#4805,#4806);
#3960=AXIS2_PLACEMENT_3D('',#5818,#4810,#4811);
#3961=AXIS2_PLACEMENT_3D('',#5821,#4814,#4815);
#3962=AXIS2_PLACEMENT_3D('',#5822,#4816,#4817);
#3963=AXIS2_PLACEMENT_3D('',#5823,#4818,#4819);
#3964=AXIS2_PLACEMENT_3D('',#5832,#4824,#4825);
#3965=AXIS2_PLACEMENT_3D('',#5838,#4829,#4830);
#3966=AXIS2_PLACEMENT_3D('',#5844,#4834,#4835);
#3967=AXIS2_PLACEMENT_3D('',#5847,#4838,#4839);
#3968=AXIS2_PLACEMENT_3D('',#5848,#4840,#4841);
#3969=AXIS2_PLACEMENT_3D('',#5849,#4842,#4843);
#3970=AXIS2_PLACEMENT_3D('',#5858,#4848,#4849);
#3971=AXIS2_PLACEMENT_3D('',#5864,#4853,#4854);
#3972=AXIS2_PLACEMENT_3D('',#5870,#4858,#4859);
#3973=AXIS2_PLACEMENT_3D('',#5873,#4862,#4863);
#3974=AXIS2_PLACEMENT_3D('',#5874,#4864,#4865);
#3975=AXIS2_PLACEMENT_3D('',#5875,#4866,#4867);
#3976=AXIS2_PLACEMENT_3D('',#5884,#4872,#4873);
#3977=AXIS2_PLACEMENT_3D('',#5890,#4877,#4878);
#3978=AXIS2_PLACEMENT_3D('',#5896,#4882,#4883);
#3979=AXIS2_PLACEMENT_3D('',#5899,#4886,#4887);
#3980=AXIS2_PLACEMENT_3D('',#5900,#4888,#4889);
#3981=AXIS2_PLACEMENT_3D('',#5901,#4890,#4891);
#3982=AXIS2_PLACEMENT_3D('',#5910,#4896,#4897);
#3983=AXIS2_PLACEMENT_3D('',#5916,#4901,#4902);
#3984=AXIS2_PLACEMENT_3D('',#5922,#4906,#4907);
#3985=AXIS2_PLACEMENT_3D('',#5925,#4910,#4911);
#3986=AXIS2_PLACEMENT_3D('',#5926,#4912,#4913);
#3987=AXIS2_PLACEMENT_3D('',#5927,#4914,#4915);
#3988=AXIS2_PLACEMENT_3D('',#5936,#4920,#4921);
#3989=AXIS2_PLACEMENT_3D('',#5942,#4925,#4926);
#3990=AXIS2_PLACEMENT_3D('',#5948,#4930,#4931);
#3991=AXIS2_PLACEMENT_3D('',#5951,#4934,#4935);
#3992=AXIS2_PLACEMENT_3D('',#5952,#4936,#4937);
#3993=AXIS2_PLACEMENT_3D('',#5953,#4938,#4939);
#3994=AXIS2_PLACEMENT_3D('',#5962,#4944,#4945);
#3995=AXIS2_PLACEMENT_3D('',#5968,#4949,#4950);
#3996=AXIS2_PLACEMENT_3D('',#5974,#4954,#4955);
#3997=AXIS2_PLACEMENT_3D('',#5977,#4958,#4959);
#3998=AXIS2_PLACEMENT_3D('',#5978,#4960,#4961);
#3999=DIRECTION('axis',(0.,0.,1.));
#4000=DIRECTION('refdir',(1.,0.,0.));
#4001=DIRECTION('center_axis',(0.,1.,0.));
#4002=DIRECTION('ref_axis',(-1.,0.,0.));
#4003=DIRECTION('',(-1.,0.,0.));
#4004=DIRECTION('',(0.,0.,1.));
#4005=DIRECTION('',(-1.,0.,0.));
#4006=DIRECTION('',(0.,0.,1.));
#4007=DIRECTION('center_axis',(1.,0.,0.));
#4008=DIRECTION('ref_axis',(0.,1.,0.));
#4009=DIRECTION('',(0.,1.,0.));
#4010=DIRECTION('',(0.,1.,0.));
#4011=DIRECTION('',(0.,0.,1.));
#4012=DIRECTION('center_axis',(0.,-1.,0.));
#4013=DIRECTION('ref_axis',(1.,0.,0.));
#4014=DIRECTION('',(1.,0.,0.));
#4015=DIRECTION('',(1.,0.,0.));
#4016=DIRECTION('',(0.,0.,1.));
#4017=DIRECTION('center_axis',(-1.,0.,0.));
#4018=DIRECTION('ref_axis',(0.,-1.,0.));
#4019=DIRECTION('',(0.,-1.,0.));
#4020=DIRECTION('',(0.,-1.,0.));
#4021=DIRECTION('center_axis',(0.,0.,1.));
#4022=DIRECTION('ref_axis',(1.,0.,0.));
#4023=DIRECTION('center_axis',(0.,0.,1.));
#4024=DIRECTION('ref_axis',(1.,0.,0.));
#4025=DIRECTION('center_axis',(0.,1.,0.));
#4026=DIRECTION('ref_axis',(-1.,0.,0.));
#4027=DIRECTION('',(-1.,0.,0.));
#4028=DIRECTION('',(0.,0.,1.));
#4029=DIRECTION('',(-1.,0.,0.));
#4030=DIRECTION('',(0.,0.,1.));
#4031=DIRECTION('center_axis',(1.,0.,0.));
#4032=DIRECTION('ref_axis',(0.,1.,0.));
#4033=DIRECTION('',(0.,1.,0.));
#4034=DIRECTION('',(0.,1.,0.));
#4035=DIRECTION('',(0.,0.,1.));
#4036=DIRECTION('center_axis',(0.,-1.,0.));
#4037=DIRECTION('ref_axis',(1.,0.,0.));
#4038=DIRECTION('',(1.,0.,0.));
#4039=DIRECTION('',(1.,0.,0.));
#4040=DIRECTION('',(0.,0.,1.));
#4041=DIRECTION('center_axis',(-1.,0.,0.));
#4042=DIRECTION('ref_axis',(0.,-1.,0.));
#4043=DIRECTION('',(0.,-1.,0.));
#4044=DIRECTION('',(0.,-1.,0.));
#4045=DIRECTION('center_axis',(0.,0.,1.));
#4046=DIRECTION('ref_axis',(1.,0.,0.));
#4047=DIRECTION('center_axis',(0.,0.,1.));
#4048=DIRECTION('ref_axis',(1.,0.,0.));
#4049=DIRECTION('center_axis',(0.,1.,0.));
#4050=DIRECTION('ref_axis',(-1.,0.,0.));
#4051=DIRECTION('',(-1.,0.,0.));
#4052=DIRECTION('',(0.,0.,1.));
#4053=DIRECTION('',(-1.,0.,0.));
#4054=DIRECTION('',(0.,0.,1.));
#4055=DIRECTION('center_axis',(1.,0.,0.));
#4056=DIRECTION('ref_axis',(0.,1.,0.));
#4057=DIRECTION('',(0.,1.,0.));
#4058=DIRECTION('',(0.,1.,0.));
#4059=DIRECTION('',(0.,0.,1.));
#4060=DIRECTION('center_axis',(0.,-1.,0.));
#4061=DIRECTION('ref_axis',(1.,0.,0.));
#4062=DIRECTION('',(1.,0.,0.));
#4063=DIRECTION('',(1.,0.,0.));
#4064=DIRECTION('',(0.,0.,1.));
#4065=DIRECTION('center_axis',(-1.,0.,0.));
#4066=DIRECTION('ref_axis',(0.,-1.,0.));
#4067=DIRECTION('',(0.,-1.,0.));
#4068=DIRECTION('',(0.,-1.,0.));
#4069=DIRECTION('center_axis',(0.,0.,1.));
#4070=DIRECTION('ref_axis',(1.,0.,0.));
#4071=DIRECTION('center_axis',(0.,0.,1.));
#4072=DIRECTION('ref_axis',(1.,0.,0.));
#4073=DIRECTION('center_axis',(-1.,0.,0.));
#4074=DIRECTION('ref_axis',(0.,-1.,0.));
#4075=DIRECTION('',(0.,1.,0.));
#4076=DIRECTION('',(0.,0.,1.));
#4077=DIRECTION('',(0.,-1.,0.));
#4078=DIRECTION('',(0.,0.,1.));
#4079=DIRECTION('center_axis',(0.,1.,0.));
#4080=DIRECTION('ref_axis',(-1.,0.,0.));
#4081=DIRECTION('',(1.,0.,0.));
#4082=DIRECTION('',(-1.,0.,0.));
#4083=DIRECTION('',(0.,0.,1.));
#4084=DIRECTION('center_axis',(1.,0.,0.));
#4085=DIRECTION('ref_axis',(0.,1.,0.));
#4086=DIRECTION('',(0.,-1.,0.));
#4087=DIRECTION('',(0.,1.,0.));
#4088=DIRECTION('',(0.,0.,1.));
#4089=DIRECTION('center_axis',(0.,-1.,0.));
#4090=DIRECTION('ref_axis',(1.,0.,0.));
#4091=DIRECTION('',(-1.,0.,0.));
#4092=DIRECTION('',(1.,0.,0.));
#4093=DIRECTION('center_axis',(0.,0.,1.));
#4094=DIRECTION('ref_axis',(1.,0.,0.));
#4095=DIRECTION('center_axis',(0.,0.,1.));
#4096=DIRECTION('ref_axis',(1.,0.,0.));
#4097=DIRECTION('center_axis',(-1.,0.,0.));
#4098=DIRECTION('ref_axis',(0.,-1.,0.));
#4099=DIRECTION('',(0.,1.,0.));
#4100=DIRECTION('',(0.,0.,1.));
#4101=DIRECTION('',(0.,-1.,0.));
#4102=DIRECTION('',(0.,0.,1.));
#4103=DIRECTION('center_axis',(0.,1.,0.));
#4104=DIRECTION('ref_axis',(-1.,0.,0.));
#4105=DIRECTION('',(1.,0.,0.));
#4106=DIRECTION('',(-1.,0.,0.));
#4107=DIRECTION('',(0.,0.,1.));
#4108=DIRECTION('center_axis',(1.,0.,0.));
#4109=DIRECTION('ref_axis',(0.,1.,0.));
#4110=DIRECTION('',(0.,-1.,0.));
#4111=DIRECTION('',(0.,1.,0.));
#4112=DIRECTION('',(0.,0.,1.));
#4113=DIRECTION('center_axis',(0.,-1.,0.));
#4114=DIRECTION('ref_axis',(1.,0.,0.));
#4115=DIRECTION('',(-1.,0.,0.));
#4116=DIRECTION('',(1.,0.,0.));
#4117=DIRECTION('center_axis',(0.,0.,1.));
#4118=DIRECTION('ref_axis',(1.,0.,0.));
#4119=DIRECTION('center_axis',(0.,0.,1.));
#4120=DIRECTION('ref_axis',(1.,0.,0.));
#4121=DIRECTION('center_axis',(-1.,0.,0.));
#4122=DIRECTION('ref_axis',(0.,-1.,0.));
#4123=DIRECTION('',(0.,1.,0.));
#4124=DIRECTION('',(0.,0.,1.));
#4125=DIRECTION('',(0.,-1.,0.));
#4126=DIRECTION('',(0.,0.,1.));
#4127=DIRECTION('center_axis',(0.,1.,0.));
#4128=DIRECTION('ref_axis',(-1.,0.,0.));
#4129=DIRECTION('',(1.,0.,0.));
#4130=DIRECTION('',(-1.,0.,0.));
#4131=DIRECTION('',(0.,0.,1.));
#4132=DIRECTION('center_axis',(1.,0.,0.));
#4133=DIRECTION('ref_axis',(0.,1.,0.));
#4134=DIRECTION('',(0.,-1.,0.));
#4135=DIRECTION('',(0.,1.,0.));
#4136=DIRECTION('',(0.,0.,1.));
#4137=DIRECTION('center_axis',(0.,-1.,0.));
#4138=DIRECTION('ref_axis',(1.,0.,0.));
#4139=DIRECTION('',(-1.,0.,0.));
#4140=DIRECTION('',(1.,0.,0.));
#4141=DIRECTION('center_axis',(0.,0.,1.));
#4142=DIRECTION('ref_axis',(1.,0.,0.));
#4143=DIRECTION('center_axis',(0.,0.,1.));
#4144=DIRECTION('ref_axis',(1.,0.,0.));
#4145=DIRECTION('center_axis',(0.,1.,0.));
#4146=DIRECTION('ref_axis',(-1.,0.,0.));
#4147=DIRECTION('',(-1.,0.,0.));
#4148=DIRECTION('',(0.,0.,1.));
#4149=DIRECTION('',(-1.,0.,0.));
#4150=DIRECTION('',(0.,0.,1.));
#4151=DIRECTION('center_axis',(1.,0.,0.));
#4152=DIRECTION('ref_axis',(0.,1.,0.));
#4153=DIRECTION('',(0.,1.,0.));
#4154=DIRECTION('',(0.,1.,0.));
#4155=DIRECTION('',(0.,0.,1.));
#4156=DIRECTION('center_axis',(0.,-1.,0.));
#4157=DIRECTION('ref_axis',(1.,0.,0.));
#4158=DIRECTION('',(1.,0.,0.));
#4159=DIRECTION('',(1.,0.,0.));
#4160=DIRECTION('',(0.,0.,1.));
#4161=DIRECTION('center_axis',(-1.,0.,0.));
#4162=DIRECTION('ref_axis',(0.,-1.,0.));
#4163=DIRECTION('',(0.,-1.,0.));
#4164=DIRECTION('',(0.,-1.,0.));
#4165=DIRECTION('center_axis',(0.,0.,1.));
#4166=DIRECTION('ref_axis',(1.,0.,0.));
#4167=DIRECTION('center_axis',(0.,0.,1.));
#4168=DIRECTION('ref_axis',(1.,0.,0.));
#4169=DIRECTION('center_axis',(-1.,0.,0.));
#4170=DIRECTION('ref_axis',(0.,-1.,0.));
#4171=DIRECTION('',(0.,1.,0.));
#4172=DIRECTION('',(0.,0.,1.));
#4173=DIRECTION('',(0.,-1.,0.));
#4174=DIRECTION('',(0.,0.,1.));
#4175=DIRECTION('center_axis',(0.,1.,0.));
#4176=DIRECTION('ref_axis',(-1.,0.,0.));
#4177=DIRECTION('',(1.,0.,0.));
#4178=DIRECTION('',(-1.,0.,0.));
#4179=DIRECTION('',(0.,0.,1.));
#4180=DIRECTION('center_axis',(1.,0.,0.));
#4181=DIRECTION('ref_axis',(0.,1.,0.));
#4182=DIRECTION('',(0.,-1.,0.));
#4183=DIRECTION('',(0.,1.,0.));
#4184=DIRECTION('',(0.,0.,1.));
#4185=DIRECTION('center_axis',(0.,-1.,0.));
#4186=DIRECTION('ref_axis',(1.,0.,0.));
#4187=DIRECTION('',(-1.,0.,0.));
#4188=DIRECTION('',(1.,0.,0.));
#4189=DIRECTION('center_axis',(0.,0.,1.));
#4190=DIRECTION('ref_axis',(1.,0.,0.));
#4191=DIRECTION('center_axis',(0.,0.,1.));
#4192=DIRECTION('ref_axis',(1.,0.,0.));
#4193=DIRECTION('center_axis',(0.,1.,0.));
#4194=DIRECTION('ref_axis',(-1.,0.,0.));
#4195=DIRECTION('',(-1.,0.,0.));
#4196=DIRECTION('',(0.,0.,1.));
#4197=DIRECTION('',(-1.,0.,0.));
#4198=DIRECTION('',(0.,0.,1.));
#4199=DIRECTION('center_axis',(1.,0.,0.));
#4200=DIRECTION('ref_axis',(0.,1.,0.));
#4201=DIRECTION('',(0.,1.,0.));
#4202=DIRECTION('',(0.,1.,0.));
#4203=DIRECTION('',(0.,0.,1.));
#4204=DIRECTION('center_axis',(0.,-1.,0.));
#4205=DIRECTION('ref_axis',(1.,0.,0.));
#4206=DIRECTION('',(1.,0.,0.));
#4207=DIRECTION('',(1.,0.,0.));
#4208=DIRECTION('',(0.,0.,1.));
#4209=DIRECTION('center_axis',(-1.,0.,0.));
#4210=DIRECTION('ref_axis',(0.,-1.,0.));
#4211=DIRECTION('',(0.,-1.,0.));
#4212=DIRECTION('',(0.,-1.,0.));
#4213=DIRECTION('center_axis',(0.,0.,1.));
#4214=DIRECTION('ref_axis',(1.,0.,0.));
#4215=DIRECTION('center_axis',(0.,0.,1.));
#4216=DIRECTION('ref_axis',(1.,0.,0.));
#4217=DIRECTION('center_axis',(0.,1.,0.));
#4218=DIRECTION('ref_axis',(-1.,0.,0.));
#4219=DIRECTION('',(-1.,0.,0.));
#4220=DIRECTION('',(0.,0.,1.));
#4221=DIRECTION('',(-1.,0.,0.));
#4222=DIRECTION('',(0.,0.,1.));
#4223=DIRECTION('center_axis',(1.,0.,0.));
#4224=DIRECTION('ref_axis',(0.,1.,0.));
#4225=DIRECTION('',(0.,1.,0.));
#4226=DIRECTION('',(0.,1.,0.));
#4227=DIRECTION('',(0.,0.,1.));
#4228=DIRECTION('center_axis',(0.,-1.,0.));
#4229=DIRECTION('ref_axis',(1.,0.,0.));
#4230=DIRECTION('',(1.,0.,0.));
#4231=DIRECTION('',(1.,0.,0.));
#4232=DIRECTION('',(0.,0.,1.));
#4233=DIRECTION('center_axis',(-1.,0.,0.));
#4234=DIRECTION('ref_axis',(0.,-1.,0.));
#4235=DIRECTION('',(0.,-1.,0.));
#4236=DIRECTION('',(0.,-1.,0.));
#4237=DIRECTION('center_axis',(0.,0.,1.));
#4238=DIRECTION('ref_axis',(1.,0.,0.));
#4239=DIRECTION('center_axis',(0.,0.,1.));
#4240=DIRECTION('ref_axis',(1.,0.,0.));
#4241=DIRECTION('center_axis',(0.,1.,0.));
#4242=DIRECTION('ref_axis',(-1.,0.,0.));
#4243=DIRECTION('',(-1.,0.,0.));
#4244=DIRECTION('',(0.,0.,1.));
#4245=DIRECTION('',(-1.,0.,0.));
#4246=DIRECTION('',(0.,0.,1.));
#4247=DIRECTION('center_axis',(1.,0.,0.));
#4248=DIRECTION('ref_axis',(0.,1.,0.));
#4249=DIRECTION('',(0.,1.,0.));
#4250=DIRECTION('',(0.,1.,0.));
#4251=DIRECTION('',(0.,0.,1.));
#4252=DIRECTION('center_axis',(0.,-1.,0.));
#4253=DIRECTION('ref_axis',(1.,0.,0.));
#4254=DIRECTION('',(1.,0.,0.));
#4255=DIRECTION('',(1.,0.,0.));
#4256=DIRECTION('',(0.,0.,1.));
#4257=DIRECTION('center_axis',(-1.,0.,0.));
#4258=DIRECTION('ref_axis',(0.,-1.,0.));
#4259=DIRECTION('',(0.,-1.,0.));
#4260=DIRECTION('',(0.,-1.,0.));
#4261=DIRECTION('center_axis',(0.,0.,1.));
#4262=DIRECTION('ref_axis',(1.,0.,0.));
#4263=DIRECTION('center_axis',(0.,0.,1.));
#4264=DIRECTION('ref_axis',(1.,0.,0.));
#4265=DIRECTION('center_axis',(0.,1.,0.));
#4266=DIRECTION('ref_axis',(-1.,0.,0.));
#4267=DIRECTION('',(-1.,0.,0.));
#4268=DIRECTION('',(0.,0.,1.));
#4269=DIRECTION('',(-1.,0.,0.));
#4270=DIRECTION('',(0.,0.,1.));
#4271=DIRECTION('center_axis',(1.,0.,0.));
#4272=DIRECTION('ref_axis',(0.,1.,0.));
#4273=DIRECTION('',(0.,1.,0.));
#4274=DIRECTION('',(0.,1.,0.));
#4275=DIRECTION('',(0.,0.,1.));
#4276=DIRECTION('center_axis',(0.,-1.,0.));
#4277=DIRECTION('ref_axis',(1.,0.,0.));
#4278=DIRECTION('',(1.,0.,0.));
#4279=DIRECTION('',(1.,0.,0.));
#4280=DIRECTION('',(0.,0.,1.));
#4281=DIRECTION('center_axis',(-1.,0.,0.));
#4282=DIRECTION('ref_axis',(0.,-1.,0.));
#4283=DIRECTION('',(0.,-1.,0.));
#4284=DIRECTION('',(0.,-1.,0.));
#4285=DIRECTION('center_axis',(0.,0.,1.));
#4286=DIRECTION('ref_axis',(1.,0.,0.));
#4287=DIRECTION('center_axis',(0.,0.,1.));
#4288=DIRECTION('ref_axis',(1.,0.,0.));
#4289=DIRECTION('center_axis',(0.,1.,0.));
#4290=DIRECTION('ref_axis',(-1.,0.,0.));
#4291=DIRECTION('',(-1.,0.,0.));
#4292=DIRECTION('',(0.,0.,1.));
#4293=DIRECTION('',(-1.,0.,0.));
#4294=DIRECTION('',(0.,0.,1.));
#4295=DIRECTION('center_axis',(1.,0.,0.));
#4296=DIRECTION('ref_axis',(0.,1.,0.));
#4297=DIRECTION('',(0.,1.,0.));
#4298=DIRECTION('',(0.,1.,0.));
#4299=DIRECTION('',(0.,0.,1.));
#4300=DIRECTION('center_axis',(0.,-1.,0.));
#4301=DIRECTION('ref_axis',(1.,0.,0.));
#4302=DIRECTION('',(1.,0.,0.));
#4303=DIRECTION('',(1.,0.,0.));
#4304=DIRECTION('',(0.,0.,1.));
#4305=DIRECTION('center_axis',(-1.,0.,0.));
#4306=DIRECTION('ref_axis',(0.,-1.,0.));
#4307=DIRECTION('',(0.,-1.,0.));
#4308=DIRECTION('',(0.,-1.,0.));
#4309=DIRECTION('center_axis',(0.,0.,1.));
#4310=DIRECTION('ref_axis',(1.,0.,0.));
#4311=DIRECTION('center_axis',(0.,0.,1.));
#4312=DIRECTION('ref_axis',(1.,0.,0.));
#4313=DIRECTION('center_axis',(0.,1.,0.));
#4314=DIRECTION('ref_axis',(-1.,0.,0.));
#4315=DIRECTION('',(-1.,0.,0.));
#4316=DIRECTION('',(0.,0.,1.));
#4317=DIRECTION('',(-1.,0.,0.));
#4318=DIRECTION('',(0.,0.,1.));
#4319=DIRECTION('center_axis',(1.,0.,0.));
#4320=DIRECTION('ref_axis',(0.,1.,0.));
#4321=DIRECTION('',(0.,1.,0.));
#4322=DIRECTION('',(0.,1.,0.));
#4323=DIRECTION('',(0.,0.,1.));
#4324=DIRECTION('center_axis',(0.,-1.,0.));
#4325=DIRECTION('ref_axis',(1.,0.,0.));
#4326=DIRECTION('',(1.,0.,0.));
#4327=DIRECTION('',(1.,0.,0.));
#4328=DIRECTION('',(0.,0.,1.));
#4329=DIRECTION('center_axis',(-1.,0.,0.));
#4330=DIRECTION('ref_axis',(0.,-1.,0.));
#4331=DIRECTION('',(0.,-1.,0.));
#4332=DIRECTION('',(0.,-1.,0.));
#4333=DIRECTION('center_axis',(0.,0.,1.));
#4334=DIRECTION('ref_axis',(1.,0.,0.));
#4335=DIRECTION('center_axis',(0.,0.,1.));
#4336=DIRECTION('ref_axis',(1.,0.,0.));
#4337=DIRECTION('center_axis',(0.,1.,0.));
#4338=DIRECTION('ref_axis',(-1.,0.,0.));
#4339=DIRECTION('',(-1.,0.,0.));
#4340=DIRECTION('',(0.,0.,1.));
#4341=DIRECTION('',(-1.,0.,0.));
#4342=DIRECTION('',(0.,0.,1.));
#4343=DIRECTION('center_axis',(1.,0.,0.));
#4344=DIRECTION('ref_axis',(0.,1.,0.));
#4345=DIRECTION('',(0.,1.,0.));
#4346=DIRECTION('',(0.,1.,0.));
#4347=DIRECTION('',(0.,0.,1.));
#4348=DIRECTION('center_axis',(0.,-1.,0.));
#4349=DIRECTION('ref_axis',(1.,0.,0.));
#4350=DIRECTION('',(1.,0.,0.));
#4351=DIRECTION('',(1.,0.,0.));
#4352=DIRECTION('',(0.,0.,1.));
#4353=DIRECTION('center_axis',(-1.,0.,0.));
#4354=DIRECTION('ref_axis',(0.,-1.,0.));
#4355=DIRECTION('',(0.,-1.,0.));
#4356=DIRECTION('',(0.,-1.,0.));
#4357=DIRECTION('center_axis',(0.,0.,1.));
#4358=DIRECTION('ref_axis',(1.,0.,0.));
#4359=DIRECTION('center_axis',(0.,0.,1.));
#4360=DIRECTION('ref_axis',(1.,0.,0.));
#4361=DIRECTION('center_axis',(0.,1.,0.));
#4362=DIRECTION('ref_axis',(-1.,0.,0.));
#4363=DIRECTION('',(-1.,0.,0.));
#4364=DIRECTION('',(0.,0.,1.));
#4365=DIRECTION('',(-1.,0.,0.));
#4366=DIRECTION('',(0.,0.,1.));
#4367=DIRECTION('center_axis',(1.,0.,0.));
#4368=DIRECTION('ref_axis',(0.,1.,0.));
#4369=DIRECTION('',(0.,1.,0.));
#4370=DIRECTION('',(0.,1.,0.));
#4371=DIRECTION('',(0.,0.,1.));
#4372=DIRECTION('center_axis',(0.,-1.,0.));
#4373=DIRECTION('ref_axis',(1.,0.,0.));
#4374=DIRECTION('',(1.,0.,0.));
#4375=DIRECTION('',(1.,0.,0.));
#4376=DIRECTION('',(0.,0.,1.));
#4377=DIRECTION('center_axis',(-1.,0.,0.));
#4378=DIRECTION('ref_axis',(0.,-1.,0.));
#4379=DIRECTION('',(0.,-1.,0.));
#4380=DIRECTION('',(0.,-1.,0.));
#4381=DIRECTION('center_axis',(0.,0.,1.));
#4382=DIRECTION('ref_axis',(1.,0.,0.));
#4383=DIRECTION('center_axis',(0.,0.,1.));
#4384=DIRECTION('ref_axis',(1.,0.,0.));
#4385=DIRECTION('center_axis',(0.,1.,0.));
#4386=DIRECTION('ref_axis',(1.,0.,0.));
#4387=DIRECTION('center_axis',(0.,1.,0.));
#4388=DIRECTION('ref_axis',(1.,0.,0.));
#4389=DIRECTION('',(0.,-1.,0.));
#4390=DIRECTION('center_axis',(0.,1.,0.));
#4391=DIRECTION('ref_axis',(1.,0.,0.));
#4392=DIRECTION('center_axis',(0.,1.,0.));
#4393=DIRECTION('ref_axis',(1.,0.,0.));
#4394=DIRECTION('center_axis',(0.,1.,0.));
#4395=DIRECTION('ref_axis',(1.,0.,0.));
#4396=DIRECTION('center_axis',(0.,-1.,0.));
#4397=DIRECTION('ref_axis',(1.,0.,0.));
#4398=DIRECTION('center_axis',(0.,-1.,0.));
#4399=DIRECTION('ref_axis',(1.,0.,0.));
#4400=DIRECTION('',(0.,1.,0.));
#4401=DIRECTION('center_axis',(0.,1.,0.));
#4402=DIRECTION('ref_axis',(1.,0.,0.));
#4403=DIRECTION('center_axis',(0.,1.,0.));
#4404=DIRECTION('ref_axis',(1.,0.,0.));
#4405=DIRECTION('center_axis',(0.,1.,0.));
#4406=DIRECTION('ref_axis',(1.,0.,0.));
#4407=DIRECTION('center_axis',(0.,1.,0.));
#4408=DIRECTION('ref_axis',(1.,0.,0.));
#4409=DIRECTION('center_axis',(0.,1.,0.));
#4410=DIRECTION('ref_axis',(1.,0.,0.));
#4411=DIRECTION('',(0.,-1.,0.));
#4412=DIRECTION('center_axis',(0.,1.,0.));
#4413=DIRECTION('ref_axis',(1.,0.,0.));
#4414=DIRECTION('center_axis',(0.,1.,0.));
#4415=DIRECTION('ref_axis',(1.,0.,0.));
#4416=DIRECTION('center_axis',(0.,1.,0.));
#4417=DIRECTION('ref_axis',(1.,0.,0.));
#4418=DIRECTION('center_axis',(0.,-1.,0.));
#4419=DIRECTION('ref_axis',(1.,0.,0.));
#4420=DIRECTION('center_axis',(0.,-1.,0.));
#4421=DIRECTION('ref_axis',(1.,0.,0.));
#4422=DIRECTION('',(0.,1.,0.));
#4423=DIRECTION('center_axis',(0.,1.,0.));
#4424=DIRECTION('ref_axis',(1.,0.,0.));
#4425=DIRECTION('center_axis',(0.,1.,0.));
#4426=DIRECTION('ref_axis',(1.,0.,0.));
#4427=DIRECTION('center_axis',(0.,1.,0.));
#4428=DIRECTION('ref_axis',(1.,0.,0.));
#4429=DIRECTION('center_axis',(0.,1.,0.));
#4430=DIRECTION('ref_axis',(-1.,0.,0.));
#4431=DIRECTION('',(-1.,0.,0.));
#4432=DIRECTION('',(0.,0.,1.));
#4433=DIRECTION('',(-1.,0.,0.));
#4434=DIRECTION('',(0.,0.,1.));
#4435=DIRECTION('center_axis',(1.,0.,0.));
#4436=DIRECTION('ref_axis',(0.,1.,0.));
#4437=DIRECTION('',(0.,1.,0.));
#4438=DIRECTION('',(0.,1.,0.));
#4439=DIRECTION('',(0.,0.,1.));
#4440=DIRECTION('center_axis',(0.,-1.,0.));
#4441=DIRECTION('ref_axis',(1.,0.,0.));
#4442=DIRECTION('',(1.,0.,0.));
#4443=DIRECTION('',(1.,0.,0.));
#4444=DIRECTION('',(0.,0.,1.));
#4445=DIRECTION('center_axis',(-1.,0.,0.));
#4446=DIRECTION('ref_axis',(0.,-1.,0.));
#4447=DIRECTION('',(0.,-1.,0.));
#4448=DIRECTION('',(0.,-1.,0.));
#4449=DIRECTION('center_axis',(0.,0.,1.));
#4450=DIRECTION('ref_axis',(1.,0.,0.));
#4451=DIRECTION('center_axis',(0.,0.,1.));
#4452=DIRECTION('ref_axis',(1.,0.,0.));
#4453=DIRECTION('center_axis',(0.,1.,0.));
#4454=DIRECTION('ref_axis',(-1.,0.,0.));
#4455=DIRECTION('',(-1.,0.,0.));
#4456=DIRECTION('',(0.,0.,1.));
#4457=DIRECTION('',(-1.,0.,0.));
#4458=DIRECTION('',(0.,0.,1.));
#4459=DIRECTION('center_axis',(1.,0.,0.));
#4460=DIRECTION('ref_axis',(0.,1.,0.));
#4461=DIRECTION('',(0.,1.,0.));
#4462=DIRECTION('',(0.,1.,0.));
#4463=DIRECTION('',(0.,0.,1.));
#4464=DIRECTION('center_axis',(0.,-1.,0.));
#4465=DIRECTION('ref_axis',(1.,0.,0.));
#4466=DIRECTION('',(1.,0.,0.));
#4467=DIRECTION('',(1.,0.,0.));
#4468=DIRECTION('',(0.,0.,1.));
#4469=DIRECTION('center_axis',(-1.,0.,0.));
#4470=DIRECTION('ref_axis',(0.,-1.,0.));
#4471=DIRECTION('',(0.,-1.,0.));
#4472=DIRECTION('',(0.,-1.,0.));
#4473=DIRECTION('center_axis',(0.,0.,1.));
#4474=DIRECTION('ref_axis',(1.,0.,0.));
#4475=DIRECTION('center_axis',(0.,0.,1.));
#4476=DIRECTION('ref_axis',(1.,0.,0.));
#4477=DIRECTION('center_axis',(0.,1.,0.));
#4478=DIRECTION('ref_axis',(-1.,0.,0.));
#4479=DIRECTION('',(-1.,0.,0.));
#4480=DIRECTION('',(0.,0.,1.));
#4481=DIRECTION('',(-1.,0.,0.));
#4482=DIRECTION('',(0.,0.,1.));
#4483=DIRECTION('center_axis',(1.,0.,0.));
#4484=DIRECTION('ref_axis',(0.,1.,0.));
#4485=DIRECTION('',(0.,1.,0.));
#4486=DIRECTION('',(0.,1.,0.));
#4487=DIRECTION('',(0.,0.,1.));
#4488=DIRECTION('center_axis',(0.,-1.,0.));
#4489=DIRECTION('ref_axis',(1.,0.,0.));
#4490=DIRECTION('',(1.,0.,0.));
#4491=DIRECTION('',(1.,0.,0.));
#4492=DIRECTION('',(0.,0.,1.));
#4493=DIRECTION('center_axis',(-1.,0.,0.));
#4494=DIRECTION('ref_axis',(0.,-1.,0.));
#4495=DIRECTION('',(0.,-1.,0.));
#4496=DIRECTION('',(0.,-1.,0.));
#4497=DIRECTION('center_axis',(0.,0.,1.));
#4498=DIRECTION('ref_axis',(1.,0.,0.));
#4499=DIRECTION('center_axis',(0.,0.,1.));
#4500=DIRECTION('ref_axis',(1.,0.,0.));
#4501=DIRECTION('center_axis',(0.,1.,0.));
#4502=DIRECTION('ref_axis',(-1.,0.,0.));
#4503=DIRECTION('',(-1.,0.,0.));
#4504=DIRECTION('',(0.,0.,1.));
#4505=DIRECTION('',(-1.,0.,0.));
#4506=DIRECTION('',(0.,0.,1.));
#4507=DIRECTION('center_axis',(1.,0.,0.));
#4508=DIRECTION('ref_axis',(0.,1.,0.));
#4509=DIRECTION('',(0.,1.,0.));
#4510=DIRECTION('',(0.,1.,0.));
#4511=DIRECTION('',(0.,0.,1.));
#4512=DIRECTION('center_axis',(0.,-1.,0.));
#4513=DIRECTION('ref_axis',(1.,0.,0.));
#4514=DIRECTION('',(1.,0.,0.));
#4515=DIRECTION('',(1.,0.,0.));
#4516=DIRECTION('',(0.,0.,1.));
#4517=DIRECTION('center_axis',(-1.,0.,0.));
#4518=DIRECTION('ref_axis',(0.,-1.,0.));
#4519=DIRECTION('',(0.,-1.,0.));
#4520=DIRECTION('',(0.,-1.,0.));
#4521=DIRECTION('center_axis',(0.,0.,1.));
#4522=DIRECTION('ref_axis',(1.,0.,0.));
#4523=DIRECTION('center_axis',(0.,0.,1.));
#4524=DIRECTION('ref_axis',(1.,0.,0.));
#4525=DIRECTION('center_axis',(-1.,0.,0.));
#4526=DIRECTION('ref_axis',(0.,0.,-1.));
#4527=DIRECTION('center_axis',(1.,0.,0.));
#4528=DIRECTION('ref_axis',(0.,0.,-1.));
#4529=DIRECTION('',(1.,0.,0.));
#4530=DIRECTION('center_axis',(-1.,0.,0.));
#4531=DIRECTION('ref_axis',(0.,0.,-1.));
#4532=DIRECTION('center_axis',(-1.,0.,0.));
#4533=DIRECTION('ref_axis',(0.,0.,-1.));
#4534=DIRECTION('center_axis',(-1.,0.,0.));
#4535=DIRECTION('ref_axis',(0.,0.,-1.));
#4536=DIRECTION('',(1.,0.,0.));
#4537=DIRECTION('center_axis',(1.,0.,0.));
#4538=DIRECTION('ref_axis',(0.,0.,-1.));
#4539=DIRECTION('center_axis',(1.,0.,0.));
#4540=DIRECTION('ref_axis',(0.,0.,-1.));
#4541=DIRECTION('center_axis',(1.,0.,0.));
#4542=DIRECTION('ref_axis',(0.,0.,-1.));
#4543=DIRECTION('center_axis',(-1.,0.,0.));
#4544=DIRECTION('ref_axis',(0.,0.,-1.));
#4545=DIRECTION('center_axis',(-1.,0.,0.));
#4546=DIRECTION('ref_axis',(0.,0.,-1.));
#4547=DIRECTION('',(1.,0.,0.));
#4548=DIRECTION('center_axis',(1.,0.,0.));
#4549=DIRECTION('ref_axis',(0.,0.,-1.));
#4550=DIRECTION('center_axis',(1.,0.,0.));
#4551=DIRECTION('ref_axis',(0.,0.,-1.));
#4552=DIRECTION('center_axis',(1.,0.,0.));
#4553=DIRECTION('ref_axis',(0.,0.,-1.));
#4554=DIRECTION('center_axis',(0.,1.,0.));
#4555=DIRECTION('ref_axis',(-1.,0.,0.));
#4556=DIRECTION('',(-1.,0.,0.));
#4557=DIRECTION('',(0.,0.,1.));
#4558=DIRECTION('',(-1.,0.,0.));
#4559=DIRECTION('',(0.,0.,1.));
#4560=DIRECTION('center_axis',(1.,0.,0.));
#4561=DIRECTION('ref_axis',(0.,1.,0.));
#4562=DIRECTION('',(0.,1.,0.));
#4563=DIRECTION('',(0.,1.,0.));
#4564=DIRECTION('',(0.,0.,1.));
#4565=DIRECTION('center_axis',(0.,-1.,0.));
#4566=DIRECTION('ref_axis',(1.,0.,0.));
#4567=DIRECTION('',(1.,0.,0.));
#4568=DIRECTION('',(1.,0.,0.));
#4569=DIRECTION('',(0.,0.,1.));
#4570=DIRECTION('center_axis',(-1.,0.,0.));
#4571=DIRECTION('ref_axis',(0.,-1.,0.));
#4572=DIRECTION('',(0.,-1.,0.));
#4573=DIRECTION('',(0.,-1.,0.));
#4574=DIRECTION('center_axis',(0.,0.,1.));
#4575=DIRECTION('ref_axis',(1.,0.,0.));
#4576=DIRECTION('center_axis',(0.,0.,1.));
#4577=DIRECTION('ref_axis',(1.,0.,0.));
#4578=DIRECTION('center_axis',(0.,1.,0.));
#4579=DIRECTION('ref_axis',(-1.,0.,0.));
#4580=DIRECTION('',(-1.,0.,0.));
#4581=DIRECTION('',(0.,0.,1.));
#4582=DIRECTION('',(-1.,0.,0.));
#4583=DIRECTION('',(0.,0.,1.));
#4584=DIRECTION('center_axis',(1.,0.,0.));
#4585=DIRECTION('ref_axis',(0.,1.,0.));
#4586=DIRECTION('',(0.,1.,0.));
#4587=DIRECTION('',(0.,1.,0.));
#4588=DIRECTION('',(0.,0.,1.));
#4589=DIRECTION('center_axis',(0.,-1.,0.));
#4590=DIRECTION('ref_axis',(1.,0.,0.));
#4591=DIRECTION('',(1.,0.,0.));
#4592=DIRECTION('',(1.,0.,0.));
#4593=DIRECTION('',(0.,0.,1.));
#4594=DIRECTION('center_axis',(-1.,0.,0.));
#4595=DIRECTION('ref_axis',(0.,-1.,0.));
#4596=DIRECTION('',(0.,-1.,0.));
#4597=DIRECTION('',(0.,-1.,0.));
#4598=DIRECTION('center_axis',(0.,0.,1.));
#4599=DIRECTION('ref_axis',(1.,0.,0.));
#4600=DIRECTION('center_axis',(0.,0.,1.));
#4601=DIRECTION('ref_axis',(1.,0.,0.));
#4602=DIRECTION('center_axis',(0.,1.,0.));
#4603=DIRECTION('ref_axis',(-1.,0.,0.));
#4604=DIRECTION('',(-1.,0.,0.));
#4605=DIRECTION('',(0.,0.,1.));
#4606=DIRECTION('',(-1.,0.,0.));
#4607=DIRECTION('',(0.,0.,1.));
#4608=DIRECTION('center_axis',(1.,0.,0.));
#4609=DIRECTION('ref_axis',(0.,1.,0.));
#4610=DIRECTION('',(0.,1.,0.));
#4611=DIRECTION('',(0.,1.,0.));
#4612=DIRECTION('',(0.,0.,1.));
#4613=DIRECTION('center_axis',(0.,-1.,0.));
#4614=DIRECTION('ref_axis',(1.,0.,0.));
#4615=DIRECTION('',(1.,0.,0.));
#4616=DIRECTION('',(1.,0.,0.));
#4617=DIRECTION('',(0.,0.,1.));
#4618=DIRECTION('center_axis',(-1.,0.,0.));
#4619=DIRECTION('ref_axis',(0.,-1.,0.));
#4620=DIRECTION('',(0.,-1.,0.));
#4621=DIRECTION('',(0.,-1.,0.));
#4622=DIRECTION('center_axis',(0.,0.,1.));
#4623=DIRECTION('ref_axis',(1.,0.,0.));
#4624=DIRECTION('center_axis',(0.,0.,1.));
#4625=DIRECTION('ref_axis',(1.,0.,0.));
#4626=DIRECTION('center_axis',(0.,1.,0.));
#4627=DIRECTION('ref_axis',(-1.,0.,0.));
#4628=DIRECTION('',(-1.,0.,0.));
#4629=DIRECTION('',(0.,0.,1.));
#4630=DIRECTION('',(-1.,0.,0.));
#4631=DIRECTION('',(0.,0.,1.));
#4632=DIRECTION('center_axis',(1.,0.,0.));
#4633=DIRECTION('ref_axis',(0.,1.,0.));
#4634=DIRECTION('',(0.,1.,0.));
#4635=DIRECTION('',(0.,1.,0.));
#4636=DIRECTION('',(0.,0.,1.));
#4637=DIRECTION('center_axis',(0.,-1.,0.));
#4638=DIRECTION('ref_axis',(1.,0.,0.));
#4639=DIRECTION('',(1.,0.,0.));
#4640=DIRECTION('',(1.,0.,0.));
#4641=DIRECTION('',(0.,0.,1.));
#4642=DIRECTION('center_axis',(-1.,0.,0.));
#4643=DIRECTION('ref_axis',(0.,-1.,0.));
#4644=DIRECTION('',(0.,-1.,0.));
#4645=DIRECTION('',(0.,-1.,0.));
#4646=DIRECTION('center_axis',(0.,0.,1.));
#4647=DIRECTION('ref_axis',(1.,0.,0.));
#4648=DIRECTION('center_axis',(0.,0.,1.));
#4649=DIRECTION('ref_axis',(1.,0.,0.));
#4650=DIRECTION('center_axis',(0.,1.,0.));
#4651=DIRECTION('ref_axis',(-1.,0.,0.));
#4652=DIRECTION('',(-1.,0.,0.));
#4653=DIRECTION('',(0.,0.,1.));
#4654=DIRECTION('',(-1.,0.,0.));
#4655=DIRECTION('',(0.,0.,1.));
#4656=DIRECTION('center_axis',(1.,0.,0.));
#4657=DIRECTION('ref_axis',(0.,1.,0.));
#4658=DIRECTION('',(0.,1.,0.));
#4659=DIRECTION('',(0.,1.,0.));
#4660=DIRECTION('',(0.,0.,1.));
#4661=DIRECTION('center_axis',(0.,-1.,0.));
#4662=DIRECTION('ref_axis',(1.,0.,0.));
#4663=DIRECTION('',(1.,0.,0.));
#4664=DIRECTION('',(1.,0.,0.));
#4665=DIRECTION('',(0.,0.,1.));
#4666=DIRECTION('center_axis',(-1.,0.,0.));
#4667=DIRECTION('ref_axis',(0.,-1.,0.));
#4668=DIRECTION('',(0.,-1.,0.));
#4669=DIRECTION('',(0.,-1.,0.));
#4670=DIRECTION('center_axis',(0.,0.,1.));
#4671=DIRECTION('ref_axis',(1.,0.,0.));
#4672=DIRECTION('center_axis',(0.,0.,1.));
#4673=DIRECTION('ref_axis',(1.,0.,0.));
#4674=DIRECTION('center_axis',(0.,1.,0.));
#4675=DIRECTION('ref_axis',(-1.,0.,0.));
#4676=DIRECTION('',(-1.,0.,0.));
#4677=DIRECTION('',(0.,0.,1.));
#4678=DIRECTION('',(-1.,0.,0.));
#4679=DIRECTION('',(0.,0.,1.));
#4680=DIRECTION('center_axis',(1.,0.,0.));
#4681=DIRECTION('ref_axis',(0.,1.,0.));
#4682=DIRECTION('',(0.,1.,0.));
#4683=DIRECTION('',(0.,1.,0.));
#4684=DIRECTION('',(0.,0.,1.));
#4685=DIRECTION('center_axis',(0.,-1.,0.));
#4686=DIRECTION('ref_axis',(1.,0.,0.));
#4687=DIRECTION('',(1.,0.,0.));
#4688=DIRECTION('',(1.,0.,0.));
#4689=DIRECTION('',(0.,0.,1.));
#4690=DIRECTION('center_axis',(-1.,0.,0.));
#4691=DIRECTION('ref_axis',(0.,-1.,0.));
#4692=DIRECTION('',(0.,-1.,0.));
#4693=DIRECTION('',(0.,-1.,0.));
#4694=DIRECTION('center_axis',(0.,0.,1.));
#4695=DIRECTION('ref_axis',(1.,0.,0.));
#4696=DIRECTION('center_axis',(0.,0.,1.));
#4697=DIRECTION('ref_axis',(1.,0.,0.));
#4698=DIRECTION('center_axis',(0.,1.,0.));
#4699=DIRECTION('ref_axis',(-1.,0.,0.));
#4700=DIRECTION('',(-1.,0.,0.));
#4701=DIRECTION('',(0.,0.,1.));
#4702=DIRECTION('',(-1.,0.,0.));
#4703=DIRECTION('',(0.,0.,1.));
#4704=DIRECTION('center_axis',(1.,0.,0.));
#4705=DIRECTION('ref_axis',(0.,1.,0.));
#4706=DIRECTION('',(0.,1.,0.));
#4707=DIRECTION('',(0.,1.,0.));
#4708=DIRECTION('',(0.,0.,1.));
#4709=DIRECTION('center_axis',(0.,-1.,0.));
#4710=DIRECTION('ref_axis',(1.,0.,0.));
#4711=DIRECTION('',(1.,0.,0.));
#4712=DIRECTION('',(1.,0.,0.));
#4713=DIRECTION('',(0.,0.,1.));
#4714=DIRECTION('center_axis',(-1.,0.,0.));
#4715=DIRECTION('ref_axis',(0.,-1.,0.));
#4716=DIRECTION('',(0.,-1.,0.));
#4717=DIRECTION('',(0.,-1.,0.));
#4718=DIRECTION('center_axis',(0.,0.,1.));
#4719=DIRECTION('ref_axis',(1.,0.,0.));
#4720=DIRECTION('center_axis',(0.,0.,1.));
#4721=DIRECTION('ref_axis',(1.,0.,0.));
#4722=DIRECTION('center_axis',(0.,1.,0.));
#4723=DIRECTION('ref_axis',(-1.,0.,0.));
#4724=DIRECTION('',(-1.,0.,0.));
#4725=DIRECTION('',(0.,0.,1.));
#4726=DIRECTION('',(-1.,0.,0.));
#4727=DIRECTION('',(0.,0.,1.));
#4728=DIRECTION('center_axis',(1.,0.,0.));
#4729=DIRECTION('ref_axis',(0.,1.,0.));
#4730=DIRECTION('',(0.,1.,0.));
#4731=DIRECTION('',(0.,1.,0.));
#4732=DIRECTION('',(0.,0.,1.));
#4733=DIRECTION('center_axis',(0.,-1.,0.));
#4734=DIRECTION('ref_axis',(1.,0.,0.));
#4735=DIRECTION('',(1.,0.,0.));
#4736=DIRECTION('',(1.,0.,0.));
#4737=DIRECTION('',(0.,0.,1.));
#4738=DIRECTION('center_axis',(-1.,0.,0.));
#4739=DIRECTION('ref_axis',(0.,-1.,0.));
#4740=DIRECTION('',(0.,-1.,0.));
#4741=DIRECTION('',(0.,-1.,0.));
#4742=DIRECTION('center_axis',(0.,0.,1.));
#4743=DIRECTION('ref_axis',(1.,0.,0.));
#4744=DIRECTION('center_axis',(0.,0.,1.));
#4745=DIRECTION('ref_axis',(1.,0.,0.));
#4746=DIRECTION('center_axis',(0.,1.,0.));
#4747=DIRECTION('ref_axis',(-1.,0.,0.));
#4748=DIRECTION('',(-1.,0.,0.));
#4749=DIRECTION('',(0.,0.,1.));
#4750=DIRECTION('',(-1.,0.,0.));
#4751=DIRECTION('',(0.,0.,1.));
#4752=DIRECTION('center_axis',(1.,0.,0.));
#4753=DIRECTION('ref_axis',(0.,1.,0.));
#4754=DIRECTION('',(0.,1.,0.));
#4755=DIRECTION('',(0.,1.,0.));
#4756=DIRECTION('',(0.,0.,1.));
#4757=DIRECTION('center_axis',(0.,-1.,0.));
#4758=DIRECTION('ref_axis',(1.,0.,0.));
#4759=DIRECTION('',(1.,0.,0.));
#4760=DIRECTION('',(1.,0.,0.));
#4761=DIRECTION('',(0.,0.,1.));
#4762=DIRECTION('center_axis',(-1.,0.,0.));
#4763=DIRECTION('ref_axis',(0.,-1.,0.));
#4764=DIRECTION('',(0.,-1.,0.));
#4765=DIRECTION('',(0.,-1.,0.));
#4766=DIRECTION('center_axis',(0.,0.,1.));
#4767=DIRECTION('ref_axis',(1.,0.,0.));
#4768=DIRECTION('center_axis',(0.,0.,1.));
#4769=DIRECTION('ref_axis',(1.,0.,0.));
#4770=DIRECTION('center_axis',(0.,1.,0.));
#4771=DIRECTION('ref_axis',(-1.,0.,0.));
#4772=DIRECTION('',(-1.,0.,0.));
#4773=DIRECTION('',(0.,0.,1.));
#4774=DIRECTION('',(-1.,0.,0.));
#4775=DIRECTION('',(0.,0.,1.));
#4776=DIRECTION('center_axis',(1.,0.,0.));
#4777=DIRECTION('ref_axis',(0.,1.,0.));
#4778=DIRECTION('',(0.,1.,0.));
#4779=DIRECTION('',(0.,1.,0.));
#4780=DIRECTION('',(0.,0.,1.));
#4781=DIRECTION('center_axis',(0.,-1.,0.));
#4782=DIRECTION('ref_axis',(1.,0.,0.));
#4783=DIRECTION('',(1.,0.,0.));
#4784=DIRECTION('',(1.,0.,0.));
#4785=DIRECTION('',(0.,0.,1.));
#4786=DIRECTION('center_axis',(-1.,0.,0.));
#4787=DIRECTION('ref_axis',(0.,-1.,0.));
#4788=DIRECTION('',(0.,-1.,0.));
#4789=DIRECTION('',(0.,-1.,0.));
#4790=DIRECTION('center_axis',(0.,0.,1.));
#4791=DIRECTION('ref_axis',(1.,0.,0.));
#4792=DIRECTION('center_axis',(0.,0.,1.));
#4793=DIRECTION('ref_axis',(1.,0.,0.));
#4794=DIRECTION('center_axis',(0.,1.,0.));
#4795=DIRECTION('ref_axis',(-1.,0.,0.));
#4796=DIRECTION('',(-1.,0.,0.));
#4797=DIRECTION('',(0.,0.,1.));
#4798=DIRECTION('',(-1.,0.,0.));
#4799=DIRECTION('',(0.,0.,1.));
#4800=DIRECTION('center_axis',(1.,0.,0.));
#4801=DIRECTION('ref_axis',(0.,1.,0.));
#4802=DIRECTION('',(0.,1.,0.));
#4803=DIRECTION('',(0.,1.,0.));
#4804=DIRECTION('',(0.,0.,1.));
#4805=DIRECTION('center_axis',(0.,-1.,0.));
#4806=DIRECTION('ref_axis',(1.,0.,0.));
#4807=DIRECTION('',(1.,0.,0.));
#4808=DIRECTION('',(1.,0.,0.));
#4809=DIRECTION('',(0.,0.,1.));
#4810=DIRECTION('center_axis',(-1.,0.,0.));
#4811=DIRECTION('ref_axis',(0.,-1.,0.));
#4812=DIRECTION('',(0.,-1.,0.));
#4813=DIRECTION('',(0.,-1.,0.));
#4814=DIRECTION('center_axis',(0.,0.,1.));
#4815=DIRECTION('ref_axis',(1.,0.,0.));
#4816=DIRECTION('center_axis',(0.,0.,1.));
#4817=DIRECTION('ref_axis',(1.,0.,0.));
#4818=DIRECTION('center_axis',(0.,1.,0.));
#4819=DIRECTION('ref_axis',(-1.,0.,0.));
#4820=DIRECTION('',(-1.,0.,0.));
#4821=DIRECTION('',(0.,0.,1.));
#4822=DIRECTION('',(-1.,0.,0.));
#4823=DIRECTION('',(0.,0.,1.));
#4824=DIRECTION('center_axis',(1.,0.,0.));
#4825=DIRECTION('ref_axis',(0.,1.,0.));
#4826=DIRECTION('',(0.,1.,0.));
#4827=DIRECTION('',(0.,1.,0.));
#4828=DIRECTION('',(0.,0.,1.));
#4829=DIRECTION('center_axis',(0.,-1.,0.));
#4830=DIRECTION('ref_axis',(1.,0.,0.));
#4831=DIRECTION('',(1.,0.,0.));
#4832=DIRECTION('',(1.,0.,0.));
#4833=DIRECTION('',(0.,0.,1.));
#4834=DIRECTION('center_axis',(-1.,0.,0.));
#4835=DIRECTION('ref_axis',(0.,-1.,0.));
#4836=DIRECTION('',(0.,-1.,0.));
#4837=DIRECTION('',(0.,-1.,0.));
#4838=DIRECTION('center_axis',(0.,0.,1.));
#4839=DIRECTION('ref_axis',(1.,0.,0.));
#4840=DIRECTION('center_axis',(0.,0.,1.));
#4841=DIRECTION('ref_axis',(1.,0.,0.));
#4842=DIRECTION('center_axis',(0.,1.,0.));
#4843=DIRECTION('ref_axis',(-1.,0.,0.));
#4844=DIRECTION('',(-1.,0.,0.));
#4845=DIRECTION('',(0.,0.,1.));
#4846=DIRECTION('',(-1.,0.,0.));
#4847=DIRECTION('',(0.,0.,1.));
#4848=DIRECTION('center_axis',(1.,0.,0.));
#4849=DIRECTION('ref_axis',(0.,1.,0.));
#4850=DIRECTION('',(0.,1.,0.));
#4851=DIRECTION('',(0.,1.,0.));
#4852=DIRECTION('',(0.,0.,1.));
#4853=DIRECTION('center_axis',(0.,-1.,0.));
#4854=DIRECTION('ref_axis',(1.,0.,0.));
#4855=DIRECTION('',(1.,0.,0.));
#4856=DIRECTION('',(1.,0.,0.));
#4857=DIRECTION('',(0.,0.,1.));
#4858=DIRECTION('center_axis',(-1.,0.,0.));
#4859=DIRECTION('ref_axis',(0.,-1.,0.));
#4860=DIRECTION('',(0.,-1.,0.));
#4861=DIRECTION('',(0.,-1.,0.));
#4862=DIRECTION('center_axis',(0.,0.,1.));
#4863=DIRECTION('ref_axis',(1.,0.,0.));
#4864=DIRECTION('center_axis',(0.,0.,1.));
#4865=DIRECTION('ref_axis',(1.,0.,0.));
#4866=DIRECTION('center_axis',(0.,1.,0.));
#4867=DIRECTION('ref_axis',(-1.,0.,0.));
#4868=DIRECTION('',(-1.,0.,0.));
#4869=DIRECTION('',(0.,0.,1.));
#4870=DIRECTION('',(-1.,0.,0.));
#4871=DIRECTION('',(0.,0.,1.));
#4872=DIRECTION('center_axis',(1.,0.,0.));
#4873=DIRECTION('ref_axis',(0.,1.,0.));
#4874=DIRECTION('',(0.,1.,0.));
#4875=DIRECTION('',(0.,1.,0.));
#4876=DIRECTION('',(0.,0.,1.));
#4877=DIRECTION('center_axis',(0.,-1.,0.));
#4878=DIRECTION('ref_axis',(1.,0.,0.));
#4879=DIRECTION('',(1.,0.,0.));
#4880=DIRECTION('',(1.,0.,0.));
#4881=DIRECTION('',(0.,0.,1.));
#4882=DIRECTION('center_axis',(-1.,0.,0.));
#4883=DIRECTION('ref_axis',(0.,-1.,0.));
#4884=DIRECTION('',(0.,-1.,0.));
#4885=DIRECTION('',(0.,-1.,0.));
#4886=DIRECTION('center_axis',(0.,0.,1.));
#4887=DIRECTION('ref_axis',(1.,0.,0.));
#4888=DIRECTION('center_axis',(0.,0.,1.));
#4889=DIRECTION('ref_axis',(1.,0.,0.));
#4890=DIRECTION('center_axis',(0.,1.,0.));
#4891=DIRECTION('ref_axis',(-1.,0.,0.));
#4892=DIRECTION('',(-1.,0.,0.));
#4893=DIRECTION('',(0.,0.,1.));
#4894=DIRECTION('',(-1.,0.,0.));
#4895=DIRECTION('',(0.,0.,1.));
#4896=DIRECTION('center_axis',(1.,0.,0.));
#4897=DIRECTION('ref_axis',(0.,1.,0.));
#4898=DIRECTION('',(0.,1.,0.));
#4899=DIRECTION('',(0.,1.,0.));
#4900=DIRECTION('',(0.,0.,1.));
#4901=DIRECTION('center_axis',(0.,-1.,0.));
#4902=DIRECTION('ref_axis',(1.,0.,0.));
#4903=DIRECTION('',(1.,0.,0.));
#4904=DIRECTION('',(1.,0.,0.));
#4905=DIRECTION('',(0.,0.,1.));
#4906=DIRECTION('center_axis',(-1.,0.,0.));
#4907=DIRECTION('ref_axis',(0.,-1.,0.));
#4908=DIRECTION('',(0.,-1.,0.));
#4909=DIRECTION('',(0.,-1.,0.));
#4910=DIRECTION('center_axis',(0.,0.,1.));
#4911=DIRECTION('ref_axis',(1.,0.,0.));
#4912=DIRECTION('center_axis',(0.,0.,1.));
#4913=DIRECTION('ref_axis',(1.,0.,0.));
#4914=DIRECTION('center_axis',(0.,1.,0.));
#4915=DIRECTION('ref_axis',(-1.,0.,0.));
#4916=DIRECTION('',(-1.,0.,0.));
#4917=DIRECTION('',(0.,0.,1.));
#4918=DIRECTION('',(-1.,0.,0.));
#4919=DIRECTION('',(0.,0.,1.));
#4920=DIRECTION('center_axis',(1.,0.,0.));
#4921=DIRECTION('ref_axis',(0.,1.,0.));
#4922=DIRECTION('',(0.,1.,0.));
#4923=DIRECTION('',(0.,1.,0.));
#4924=DIRECTION('',(0.,0.,1.));
#4925=DIRECTION('center_axis',(0.,-1.,0.));
#4926=DIRECTION('ref_axis',(1.,0.,0.));
#4927=DIRECTION('',(1.,0.,0.));
#4928=DIRECTION('',(1.,0.,0.));
#4929=DIRECTION('',(0.,0.,1.));
#4930=DIRECTION('center_axis',(-1.,0.,0.));
#4931=DIRECTION('ref_axis',(0.,-1.,0.));
#4932=DIRECTION('',(0.,-1.,0.));
#4933=DIRECTION('',(0.,-1.,0.));
#4934=DIRECTION('center_axis',(0.,0.,1.));
#4935=DIRECTION('ref_axis',(1.,0.,0.));
#4936=DIRECTION('center_axis',(0.,0.,1.));
#4937=DIRECTION('ref_axis',(1.,0.,0.));
#4938=DIRECTION('center_axis',(0.,1.,0.));
#4939=DIRECTION('ref_axis',(-1.,0.,0.));
#4940=DIRECTION('',(-1.,0.,0.));
#4941=DIRECTION('',(0.,0.,1.));
#4942=DIRECTION('',(-1.,0.,0.));
#4943=DIRECTION('',(0.,0.,1.));
#4944=DIRECTION('center_axis',(1.,0.,0.));
#4945=DIRECTION('ref_axis',(0.,1.,0.));
#4946=DIRECTION('',(0.,1.,0.));
#4947=DIRECTION('',(0.,1.,0.));
#4948=DIRECTION('',(0.,0.,1.));
#4949=DIRECTION('center_axis',(0.,-1.,0.));
#4950=DIRECTION('ref_axis',(1.,0.,0.));
#4951=DIRECTION('',(1.,0.,0.));
#4952=DIRECTION('',(1.,0.,0.));
#4953=DIRECTION('',(0.,0.,1.));
#4954=DIRECTION('center_axis',(-1.,0.,0.));
#4955=DIRECTION('ref_axis',(0.,-1.,0.));
#4956=DIRECTION('',(0.,-1.,0.));
#4957=DIRECTION('',(0.,-1.,0.));
#4958=DIRECTION('center_axis',(0.,0.,1.));
#4959=DIRECTION('ref_axis',(1.,0.,0.));
#4960=DIRECTION('center_axis',(0.,0.,1.));
#4961=DIRECTION('ref_axis',(1.,0.,0.));
#4962=CARTESIAN_POINT('',(0.,0.,0.));
#4963=CARTESIAN_POINT('Origin',(1800.,98.,0.));
#4964=CARTESIAN_POINT('',(1800.,98.,0.));
#4965=CARTESIAN_POINT('',(0.,98.,0.));
#4966=CARTESIAN_POINT('',(1800.,98.,0.));
#4967=CARTESIAN_POINT('',(0.,98.,65.));
#4968=CARTESIAN_POINT('',(0.,98.,0.));
#4969=CARTESIAN_POINT('',(1800.,98.,65.));
#4970=CARTESIAN_POINT('',(1800.,98.,65.));
#4971=CARTESIAN_POINT('',(1800.,98.,0.));
#4972=CARTESIAN_POINT('Origin',(1800.,78.,0.));
#4973=CARTESIAN_POINT('',(1800.,78.,0.));
#4974=CARTESIAN_POINT('',(1800.,78.,0.));
#4975=CARTESIAN_POINT('',(1800.,78.,65.));
#4976=CARTESIAN_POINT('',(1800.,78.,65.));
#4977=CARTESIAN_POINT('',(1800.,78.,0.));
#4978=CARTESIAN_POINT('Origin',(0.,78.,0.));
#4979=CARTESIAN_POINT('',(0.,78.,0.));
#4980=CARTESIAN_POINT('',(0.,78.,0.));
#4981=CARTESIAN_POINT('',(0.,78.,65.));
#4982=CARTESIAN_POINT('',(0.,78.,65.));
#4983=CARTESIAN_POINT('',(0.,78.,0.));
#4984=CARTESIAN_POINT('Origin',(0.,98.,0.));
#4985=CARTESIAN_POINT('',(0.,98.,0.));
#4986=CARTESIAN_POINT('',(0.,98.,65.));
#4987=CARTESIAN_POINT('Origin',(900.,88.,65.));
#4988=CARTESIAN_POINT('Origin',(900.,88.,0.));
#4989=CARTESIAN_POINT('Origin',(1800.,88.,0.));
#4990=CARTESIAN_POINT('',(1800.,88.,0.));
#4991=CARTESIAN_POINT('',(0.,88.,0.));
#4992=CARTESIAN_POINT('',(1800.,88.,0.));
#4993=CARTESIAN_POINT('',(0.,88.,44.));
#4994=CARTESIAN_POINT('',(0.,88.,0.));
#4995=CARTESIAN_POINT('',(1800.,88.,44.));
#4996=CARTESIAN_POINT('',(1800.,88.,44.));
#4997=CARTESIAN_POINT('',(1800.,88.,0.));
#4998=CARTESIAN_POINT('Origin',(1800.,68.,0.));
#4999=CARTESIAN_POINT('',(1800.,68.,0.));
#5000=CARTESIAN_POINT('',(1800.,68.,0.));
#5001=CARTESIAN_POINT('',(1800.,68.,44.));
#5002=CARTESIAN_POINT('',(1800.,68.,44.));
#5003=CARTESIAN_POINT('',(1800.,68.,0.));
#5004=CARTESIAN_POINT('Origin',(0.,68.,0.));
#5005=CARTESIAN_POINT('',(0.,68.,0.));
#5006=CARTESIAN_POINT('',(0.,68.,0.));
#5007=CARTESIAN_POINT('',(0.,68.,44.));
#5008=CARTESIAN_POINT('',(0.,68.,44.));
#5009=CARTESIAN_POINT('',(0.,68.,0.));
#5010=CARTESIAN_POINT('Origin',(0.,88.,0.));
#5011=CARTESIAN_POINT('',(0.,88.,0.));
#5012=CARTESIAN_POINT('',(0.,88.,44.));
#5013=CARTESIAN_POINT('Origin',(900.,78.,44.));
#5014=CARTESIAN_POINT('Origin',(900.,78.,0.));
#5015=CARTESIAN_POINT('Origin',(1800.,86.,0.));
#5016=CARTESIAN_POINT('',(1800.,86.,0.));
#5017=CARTESIAN_POINT('',(0.,86.,0.));
#5018=CARTESIAN_POINT('',(1800.,86.,0.));
#5019=CARTESIAN_POINT('',(0.,86.,22.));
#5020=CARTESIAN_POINT('',(0.,86.,0.));
#5021=CARTESIAN_POINT('',(1800.,86.,22.));
#5022=CARTESIAN_POINT('',(1800.,86.,22.));
#5023=CARTESIAN_POINT('',(1800.,86.,0.));
#5024=CARTESIAN_POINT('Origin',(1800.,70.,0.));
#5025=CARTESIAN_POINT('',(1800.,70.,0.));
#5026=CARTESIAN_POINT('',(1800.,70.,0.));
#5027=CARTESIAN_POINT('',(1800.,70.,22.));
#5028=CARTESIAN_POINT('',(1800.,70.,22.));
#5029=CARTESIAN_POINT('',(1800.,70.,0.));
#5030=CARTESIAN_POINT('Origin',(0.,70.,0.));
#5031=CARTESIAN_POINT('',(0.,70.,0.));
#5032=CARTESIAN_POINT('',(0.,70.,0.));
#5033=CARTESIAN_POINT('',(0.,70.,22.));
#5034=CARTESIAN_POINT('',(0.,70.,22.));
#5035=CARTESIAN_POINT('',(0.,70.,0.));
#5036=CARTESIAN_POINT('Origin',(0.,86.,0.));
#5037=CARTESIAN_POINT('',(0.,86.,0.));
#5038=CARTESIAN_POINT('',(0.,86.,22.));
#5039=CARTESIAN_POINT('Origin',(900.,78.,22.));
#5040=CARTESIAN_POINT('Origin',(900.,78.,0.));
#5041=CARTESIAN_POINT('Origin',(0.,-78.,0.));
#5042=CARTESIAN_POINT('',(0.,-98.,0.));
#5043=CARTESIAN_POINT('',(0.,-78.,0.));
#5044=CARTESIAN_POINT('',(0.,-98.,0.));
#5045=CARTESIAN_POINT('',(0.,-98.,65.));
#5046=CARTESIAN_POINT('',(0.,-98.,0.));
#5047=CARTESIAN_POINT('',(0.,-78.,65.));
#5048=CARTESIAN_POINT('',(0.,-98.,65.));
#5049=CARTESIAN_POINT('',(0.,-78.,0.));
#5050=CARTESIAN_POINT('Origin',(1800.,-78.,0.));
#5051=CARTESIAN_POINT('',(1800.,-78.,0.));
#5052=CARTESIAN_POINT('',(0.,-78.,0.));
#5053=CARTESIAN_POINT('',(1800.,-78.,65.));
#5054=CARTESIAN_POINT('',(0.,-78.,65.));
#5055=CARTESIAN_POINT('',(1800.,-78.,0.));
#5056=CARTESIAN_POINT('Origin',(1800.,-98.,0.));
#5057=CARTESIAN_POINT('',(1800.,-98.,0.));
#5058=CARTESIAN_POINT('',(1800.,-78.,0.));
#5059=CARTESIAN_POINT('',(1800.,-98.,65.));
#5060=CARTESIAN_POINT('',(1800.,-78.,65.));
#5061=CARTESIAN_POINT('',(1800.,-98.,0.));
#5062=CARTESIAN_POINT('Origin',(0.,-98.,0.));
#5063=CARTESIAN_POINT('',(1800.,-98.,0.));
#5064=CARTESIAN_POINT('',(1800.,-98.,65.));
#5065=CARTESIAN_POINT('Origin',(900.,-88.,65.));
#5066=CARTESIAN_POINT('Origin',(900.,-88.,0.));
#5067=CARTESIAN_POINT('Origin',(0.,-68.,0.));
#5068=CARTESIAN_POINT('',(0.,-88.,0.));
#5069=CARTESIAN_POINT('',(0.,-68.,0.));
#5070=CARTESIAN_POINT('',(0.,-88.,0.));
#5071=CARTESIAN_POINT('',(0.,-88.,44.));
#5072=CARTESIAN_POINT('',(0.,-88.,0.));
#5073=CARTESIAN_POINT('',(0.,-68.,44.));
#5074=CARTESIAN_POINT('',(0.,-88.,44.));
#5075=CARTESIAN_POINT('',(0.,-68.,0.));
#5076=CARTESIAN_POINT('Origin',(1800.,-68.,0.));
#5077=CARTESIAN_POINT('',(1800.,-68.,0.));
#5078=CARTESIAN_POINT('',(0.,-68.,0.));
#5079=CARTESIAN_POINT('',(1800.,-68.,44.));
#5080=CARTESIAN_POINT('',(0.,-68.,44.));
#5081=CARTESIAN_POINT('',(1800.,-68.,0.));
#5082=CARTESIAN_POINT('Origin',(1800.,-88.,0.));
#5083=CARTESIAN_POINT('',(1800.,-88.,0.));
#5084=CARTESIAN_POINT('',(1800.,-68.,0.));
#5085=CARTESIAN_POINT('',(1800.,-88.,44.));
#5086=CARTESIAN_POINT('',(1800.,-68.,44.));
#5087=CARTESIAN_POINT('',(1800.,-88.,0.));
#5088=CARTESIAN_POINT('Origin',(0.,-88.,0.));
#5089=CARTESIAN_POINT('',(1800.,-88.,0.));
#5090=CARTESIAN_POINT('',(1800.,-88.,44.));
#5091=CARTESIAN_POINT('Origin',(900.,-78.,44.));
#5092=CARTESIAN_POINT('Origin',(900.,-78.,0.));
#5093=CARTESIAN_POINT('Origin',(0.,-70.,0.));
#5094=CARTESIAN_POINT('',(0.,-86.,0.));
#5095=CARTESIAN_POINT('',(0.,-70.,0.));
#5096=CARTESIAN_POINT('',(0.,-86.,0.));
#5097=CARTESIAN_POINT('',(0.,-86.,22.));
#5098=CARTESIAN_POINT('',(0.,-86.,0.));
#5099=CARTESIAN_POINT('',(0.,-70.,22.));
#5100=CARTESIAN_POINT('',(0.,-86.,22.));
#5101=CARTESIAN_POINT('',(0.,-70.,0.));
#5102=CARTESIAN_POINT('Origin',(1800.,-70.,0.));
#5103=CARTESIAN_POINT('',(1800.,-70.,0.));
#5104=CARTESIAN_POINT('',(0.,-70.,0.));
#5105=CARTESIAN_POINT('',(1800.,-70.,22.));
#5106=CARTESIAN_POINT('',(0.,-70.,22.));
#5107=CARTESIAN_POINT('',(1800.,-70.,0.));
#5108=CARTESIAN_POINT('Origin',(1800.,-86.,0.));
#5109=CARTESIAN_POINT('',(1800.,-86.,0.));
#5110=CARTESIAN_POINT('',(1800.,-70.,0.));
#5111=CARTESIAN_POINT('',(1800.,-86.,22.));
#5112=CARTESIAN_POINT('',(1800.,-70.,22.));
#5113=CARTESIAN_POINT('',(1800.,-86.,0.));
#5114=CARTESIAN_POINT('Origin',(0.,-86.,0.));
#5115=CARTESIAN_POINT('',(1800.,-86.,0.));
#5116=CARTESIAN_POINT('',(1800.,-86.,22.));
#5117=CARTESIAN_POINT('Origin',(900.,-78.,22.));
#5118=CARTESIAN_POINT('Origin',(900.,-78.,0.));
#5119=CARTESIAN_POINT('Origin',(50.,78.,0.));
#5120=CARTESIAN_POINT('',(50.,78.,0.));
#5121=CARTESIAN_POINT('',(30.,78.,0.));
#5122=CARTESIAN_POINT('',(50.,78.,0.));
#5123=CARTESIAN_POINT('',(30.,78.,28.));
#5124=CARTESIAN_POINT('',(30.,78.,0.));
#5125=CARTESIAN_POINT('',(50.,78.,28.));
#5126=CARTESIAN_POINT('',(50.,78.,28.));
#5127=CARTESIAN_POINT('',(50.,78.,0.));
#5128=CARTESIAN_POINT('Origin',(50.,68.,0.));
#5129=CARTESIAN_POINT('',(50.,68.,0.));
#5130=CARTESIAN_POINT('',(50.,68.,0.));
#5131=CARTESIAN_POINT('',(50.,68.,28.));
#5132=CARTESIAN_POINT('',(50.,68.,28.));
#5133=CARTESIAN_POINT('',(50.,68.,0.));
#5134=CARTESIAN_POINT('Origin',(30.,68.,0.));
#5135=CARTESIAN_POINT('',(30.,68.,0.));
#5136=CARTESIAN_POINT('',(30.,68.,0.));
#5137=CARTESIAN_POINT('',(30.,68.,28.));
#5138=CARTESIAN_POINT('',(30.,68.,28.));
#5139=CARTESIAN_POINT('',(30.,68.,0.));
#5140=CARTESIAN_POINT('Origin',(30.,78.,0.));
#5141=CARTESIAN_POINT('',(30.,78.,0.));
#5142=CARTESIAN_POINT('',(30.,78.,28.));
#5143=CARTESIAN_POINT('Origin',(40.,73.,28.));
#5144=CARTESIAN_POINT('Origin',(40.,73.,0.));
#5145=CARTESIAN_POINT('Origin',(30.,-68.,0.));
#5146=CARTESIAN_POINT('',(30.,-78.,0.));
#5147=CARTESIAN_POINT('',(30.,-68.,0.));
#5148=CARTESIAN_POINT('',(30.,-78.,0.));
#5149=CARTESIAN_POINT('',(30.,-78.,28.));
#5150=CARTESIAN_POINT('',(30.,-78.,0.));
#5151=CARTESIAN_POINT('',(30.,-68.,28.));
#5152=CARTESIAN_POINT('',(30.,-78.,28.));
#5153=CARTESIAN_POINT('',(30.,-68.,0.));
#5154=CARTESIAN_POINT('Origin',(50.,-68.,0.));
#5155=CARTESIAN_POINT('',(50.,-68.,0.));
#5156=CARTESIAN_POINT('',(30.,-68.,0.));
#5157=CARTESIAN_POINT('',(50.,-68.,28.));
#5158=CARTESIAN_POINT('',(30.,-68.,28.));
#5159=CARTESIAN_POINT('',(50.,-68.,0.));
#5160=CARTESIAN_POINT('Origin',(50.,-78.,0.));
#5161=CARTESIAN_POINT('',(50.,-78.,0.));
#5162=CARTESIAN_POINT('',(50.,-68.,0.));
#5163=CARTESIAN_POINT('',(50.,-78.,28.));
#5164=CARTESIAN_POINT('',(50.,-68.,28.));
#5165=CARTESIAN_POINT('',(50.,-78.,0.));
#5166=CARTESIAN_POINT('Origin',(30.,-78.,0.));
#5167=CARTESIAN_POINT('',(50.,-78.,0.));
#5168=CARTESIAN_POINT('',(50.,-78.,28.));
#5169=CARTESIAN_POINT('Origin',(40.,-73.,28.));
#5170=CARTESIAN_POINT('Origin',(40.,-73.,0.));
#5171=CARTESIAN_POINT('Origin',(1296.,45.,0.));
#5172=CARTESIAN_POINT('',(1296.,45.,0.));
#5173=CARTESIAN_POINT('',(0.,45.,0.));
#5174=CARTESIAN_POINT('',(1296.,45.,0.));
#5175=CARTESIAN_POINT('',(0.,45.,10.));
#5176=CARTESIAN_POINT('',(0.,45.,0.));
#5177=CARTESIAN_POINT('',(1296.,45.,10.));
#5178=CARTESIAN_POINT('',(1296.,45.,10.));
#5179=CARTESIAN_POINT('',(1296.,45.,0.));
#5180=CARTESIAN_POINT('Origin',(1296.,-45.,0.));
#5181=CARTESIAN_POINT('',(1296.,-45.,0.));
#5182=CARTESIAN_POINT('',(1296.,-45.,0.));
#5183=CARTESIAN_POINT('',(1296.,-45.,10.));
#5184=CARTESIAN_POINT('',(1296.,-45.,10.));
#5185=CARTESIAN_POINT('',(1296.,-45.,0.));
#5186=CARTESIAN_POINT('Origin',(0.,-45.,0.));
#5187=CARTESIAN_POINT('',(0.,-45.,0.));
#5188=CARTESIAN_POINT('',(0.,-45.,0.));
#5189=CARTESIAN_POINT('',(0.,-45.,10.));
#5190=CARTESIAN_POINT('',(0.,-45.,10.));
#5191=CARTESIAN_POINT('',(0.,-45.,0.));
#5192=CARTESIAN_POINT('Origin',(0.,45.,0.));
#5193=CARTESIAN_POINT('',(0.,45.,0.));
#5194=CARTESIAN_POINT('',(0.,45.,10.));
#5195=CARTESIAN_POINT('Origin',(648.,0.,10.));
#5196=CARTESIAN_POINT('Origin',(648.,0.,0.));
#5197=CARTESIAN_POINT('Origin',(1296.,45.,0.));
#5198=CARTESIAN_POINT('',(1296.,45.,0.));
#5199=CARTESIAN_POINT('',(0.,45.,0.));
#5200=CARTESIAN_POINT('',(1296.,45.,0.));
#5201=CARTESIAN_POINT('',(0.,45.,10.));
#5202=CARTESIAN_POINT('',(0.,45.,0.));
#5203=CARTESIAN_POINT('',(1296.,45.,10.));
#5204=CARTESIAN_POINT('',(1296.,45.,10.));
#5205=CARTESIAN_POINT('',(1296.,45.,0.));
#5206=CARTESIAN_POINT('Origin',(1296.,-45.,0.));
#5207=CARTESIAN_POINT('',(1296.,-45.,0.));
#5208=CARTESIAN_POINT('',(1296.,-45.,0.));
#5209=CARTESIAN_POINT('',(1296.,-45.,10.));
#5210=CARTESIAN_POINT('',(1296.,-45.,10.));
#5211=CARTESIAN_POINT('',(1296.,-45.,0.));
#5212=CARTESIAN_POINT('Origin',(0.,-45.,0.));
#5213=CARTESIAN_POINT('',(0.,-45.,0.));
#5214=CARTESIAN_POINT('',(0.,-45.,0.));
#5215=CARTESIAN_POINT('',(0.,-45.,10.));
#5216=CARTESIAN_POINT('',(0.,-45.,10.));
#5217=CARTESIAN_POINT('',(0.,-45.,0.));
#5218=CARTESIAN_POINT('Origin',(0.,45.,0.));
#5219=CARTESIAN_POINT('',(0.,45.,0.));
#5220=CARTESIAN_POINT('',(0.,45.,10.));
#5221=CARTESIAN_POINT('Origin',(648.,0.,10.));
#5222=CARTESIAN_POINT('Origin',(648.,0.,0.));
#5223=CARTESIAN_POINT('Origin',(1088.,70.,0.));
#5224=CARTESIAN_POINT('',(1088.,70.,0.));
#5225=CARTESIAN_POINT('',(600.,70.,0.));
#5226=CARTESIAN_POINT('',(1088.,70.,0.));
#5227=CARTESIAN_POINT('',(600.,70.,6.));
#5228=CARTESIAN_POINT('',(600.,70.,0.));
#5229=CARTESIAN_POINT('',(1088.,70.,6.));
#5230=CARTESIAN_POINT('',(1088.,70.,6.));
#5231=CARTESIAN_POINT('',(1088.,70.,0.));
#5232=CARTESIAN_POINT('Origin',(1088.,-70.,0.));
#5233=CARTESIAN_POINT('',(1088.,-70.,0.));
#5234=CARTESIAN_POINT('',(1088.,-70.,0.));
#5235=CARTESIAN_POINT('',(1088.,-70.,6.));
#5236=CARTESIAN_POINT('',(1088.,-70.,6.));
#5237=CARTESIAN_POINT('',(1088.,-70.,0.));
#5238=CARTESIAN_POINT('Origin',(600.,-70.,0.));
#5239=CARTESIAN_POINT('',(600.,-70.,0.));
#5240=CARTESIAN_POINT('',(600.,-70.,0.));
#5241=CARTESIAN_POINT('',(600.,-70.,6.));
#5242=CARTESIAN_POINT('',(600.,-70.,6.));
#5243=CARTESIAN_POINT('',(600.,-70.,0.));
#5244=CARTESIAN_POINT('Origin',(600.,70.,0.));
#5245=CARTESIAN_POINT('',(600.,70.,0.));
#5246=CARTESIAN_POINT('',(600.,70.,6.));
#5247=CARTESIAN_POINT('Origin',(844.,0.,6.));
#5248=CARTESIAN_POINT('Origin',(844.,0.,0.));
#5249=CARTESIAN_POINT('Origin',(1088.,70.,0.));
#5250=CARTESIAN_POINT('',(1088.,70.,0.));
#5251=CARTESIAN_POINT('',(600.,70.,0.));
#5252=CARTESIAN_POINT('',(1088.,70.,0.));
#5253=CARTESIAN_POINT('',(600.,70.,6.));
#5254=CARTESIAN_POINT('',(600.,70.,0.));
#5255=CARTESIAN_POINT('',(1088.,70.,6.));
#5256=CARTESIAN_POINT('',(1088.,70.,6.));
#5257=CARTESIAN_POINT('',(1088.,70.,0.));
#5258=CARTESIAN_POINT('Origin',(1088.,-70.,0.));
#5259=CARTESIAN_POINT('',(1088.,-70.,0.));
#5260=CARTESIAN_POINT('',(1088.,-70.,0.));
#5261=CARTESIAN_POINT('',(1088.,-70.,6.));
#5262=CARTESIAN_POINT('',(1088.,-70.,6.));
#5263=CARTESIAN_POINT('',(1088.,-70.,0.));
#5264=CARTESIAN_POINT('Origin',(600.,-70.,0.));
#5265=CARTESIAN_POINT('',(600.,-70.,0.));
#5266=CARTESIAN_POINT('',(600.,-70.,0.));
#5267=CARTESIAN_POINT('',(600.,-70.,6.));
#5268=CARTESIAN_POINT('',(600.,-70.,6.));
#5269=CARTESIAN_POINT('',(600.,-70.,0.));
#5270=CARTESIAN_POINT('Origin',(600.,70.,0.));
#5271=CARTESIAN_POINT('',(600.,70.,0.));
#5272=CARTESIAN_POINT('',(600.,70.,6.));
#5273=CARTESIAN_POINT('Origin',(844.,0.,6.));
#5274=CARTESIAN_POINT('Origin',(844.,0.,0.));
#5275=CARTESIAN_POINT('Origin',(1088.,54.,0.));
#5276=CARTESIAN_POINT('',(1088.,54.,0.));
#5277=CARTESIAN_POINT('',(600.,54.,0.));
#5278=CARTESIAN_POINT('',(1088.,54.,0.));
#5279=CARTESIAN_POINT('',(600.,54.,140.));
#5280=CARTESIAN_POINT('',(600.,54.,0.));
#5281=CARTESIAN_POINT('',(1088.,54.,140.));
#5282=CARTESIAN_POINT('',(1088.,54.,140.));
#5283=CARTESIAN_POINT('',(1088.,54.,0.));
#5284=CARTESIAN_POINT('Origin',(1088.,48.,0.));
#5285=CARTESIAN_POINT('',(1088.,48.,0.));
#5286=CARTESIAN_POINT('',(1088.,48.,0.));
#5287=CARTESIAN_POINT('',(1088.,48.,140.));
#5288=CARTESIAN_POINT('',(1088.,48.,140.));
#5289=CARTESIAN_POINT('',(1088.,48.,0.));
#5290=CARTESIAN_POINT('Origin',(600.,48.,0.));
#5291=CARTESIAN_POINT('',(600.,48.,0.));
#5292=CARTESIAN_POINT('',(600.,48.,0.));
#5293=CARTESIAN_POINT('',(600.,48.,140.));
#5294=CARTESIAN_POINT('',(600.,48.,140.));
#5295=CARTESIAN_POINT('',(600.,48.,0.));
#5296=CARTESIAN_POINT('Origin',(600.,54.,0.));
#5297=CARTESIAN_POINT('',(600.,54.,0.));
#5298=CARTESIAN_POINT('',(600.,54.,140.));
#5299=CARTESIAN_POINT('Origin',(844.,51.,140.));
#5300=CARTESIAN_POINT('Origin',(844.,51.,0.));
#5301=CARTESIAN_POINT('Origin',(1088.,-48.,0.));
#5302=CARTESIAN_POINT('',(1088.,-48.,0.));
#5303=CARTESIAN_POINT('',(600.,-48.,0.));
#5304=CARTESIAN_POINT('',(1088.,-48.,0.));
#5305=CARTESIAN_POINT('',(600.,-48.,140.));
#5306=CARTESIAN_POINT('',(600.,-48.,0.));
#5307=CARTESIAN_POINT('',(1088.,-48.,140.));
#5308=CARTESIAN_POINT('',(1088.,-48.,140.));
#5309=CARTESIAN_POINT('',(1088.,-48.,0.));
#5310=CARTESIAN_POINT('Origin',(1088.,-54.,0.));
#5311=CARTESIAN_POINT('',(1088.,-54.,0.));
#5312=CARTESIAN_POINT('',(1088.,-54.,0.));
#5313=CARTESIAN_POINT('',(1088.,-54.,140.));
#5314=CARTESIAN_POINT('',(1088.,-54.,140.));
#5315=CARTESIAN_POINT('',(1088.,-54.,0.));
#5316=CARTESIAN_POINT('Origin',(600.,-54.,0.));
#5317=CARTESIAN_POINT('',(600.,-54.,0.));
#5318=CARTESIAN_POINT('',(600.,-54.,0.));
#5319=CARTESIAN_POINT('',(600.,-54.,140.));
#5320=CARTESIAN_POINT('',(600.,-54.,140.));
#5321=CARTESIAN_POINT('',(600.,-54.,0.));
#5322=CARTESIAN_POINT('Origin',(600.,-48.,0.));
#5323=CARTESIAN_POINT('',(600.,-48.,0.));
#5324=CARTESIAN_POINT('',(600.,-48.,140.));
#5325=CARTESIAN_POINT('Origin',(844.,-51.,140.));
#5326=CARTESIAN_POINT('Origin',(844.,-51.,0.));
#5327=CARTESIAN_POINT('Origin',(1088.,45.,0.));
#5328=CARTESIAN_POINT('',(1088.,45.,0.));
#5329=CARTESIAN_POINT('',(830.,45.,0.));
#5330=CARTESIAN_POINT('',(1088.,45.,0.));
#5331=CARTESIAN_POINT('',(830.,45.,8.));
#5332=CARTESIAN_POINT('',(830.,45.,0.));
#5333=CARTESIAN_POINT('',(1088.,45.,8.));
#5334=CARTESIAN_POINT('',(1088.,45.,8.));
#5335=CARTESIAN_POINT('',(1088.,45.,0.));
#5336=CARTESIAN_POINT('Origin',(1088.,-45.,0.));
#5337=CARTESIAN_POINT('',(1088.,-45.,0.));
#5338=CARTESIAN_POINT('',(1088.,-45.,0.));
#5339=CARTESIAN_POINT('',(1088.,-45.,8.));
#5340=CARTESIAN_POINT('',(1088.,-45.,8.));
#5341=CARTESIAN_POINT('',(1088.,-45.,0.));
#5342=CARTESIAN_POINT('Origin',(830.,-45.,0.));
#5343=CARTESIAN_POINT('',(830.,-45.,0.));
#5344=CARTESIAN_POINT('',(830.,-45.,0.));
#5345=CARTESIAN_POINT('',(830.,-45.,8.));
#5346=CARTESIAN_POINT('',(830.,-45.,8.));
#5347=CARTESIAN_POINT('',(830.,-45.,0.));
#5348=CARTESIAN_POINT('Origin',(830.,45.,0.));
#5349=CARTESIAN_POINT('',(830.,45.,0.));
#5350=CARTESIAN_POINT('',(830.,45.,8.));
#5351=CARTESIAN_POINT('Origin',(959.,0.,8.));
#5352=CARTESIAN_POINT('Origin',(959.,0.,0.));
#5353=CARTESIAN_POINT('Origin',(1088.,45.,0.));
#5354=CARTESIAN_POINT('',(1088.,45.,0.));
#5355=CARTESIAN_POINT('',(830.,45.,0.));
#5356=CARTESIAN_POINT('',(1088.,45.,0.));
#5357=CARTESIAN_POINT('',(830.,45.,8.));
#5358=CARTESIAN_POINT('',(830.,45.,0.));
#5359=CARTESIAN_POINT('',(1088.,45.,8.));
#5360=CARTESIAN_POINT('',(1088.,45.,8.));
#5361=CARTESIAN_POINT('',(1088.,45.,0.));
#5362=CARTESIAN_POINT('Origin',(1088.,-45.,0.));
#5363=CARTESIAN_POINT('',(1088.,-45.,0.));
#5364=CARTESIAN_POINT('',(1088.,-45.,0.));
#5365=CARTESIAN_POINT('',(1088.,-45.,8.));
#5366=CARTESIAN_POINT('',(1088.,-45.,8.));
#5367=CARTESIAN_POINT('',(1088.,-45.,0.));
#5368=CARTESIAN_POINT('Origin',(830.,-45.,0.));
#5369=CARTESIAN_POINT('',(830.,-45.,0.));
#5370=CARTESIAN_POINT('',(830.,-45.,0.));
#5371=CARTESIAN_POINT('',(830.,-45.,8.));
#5372=CARTESIAN_POINT('',(830.,-45.,8.));
#5373=CARTESIAN_POINT('',(830.,-45.,0.));
#5374=CARTESIAN_POINT('Origin',(830.,45.,0.));
#5375=CARTESIAN_POINT('',(830.,45.,0.));
#5376=CARTESIAN_POINT('',(830.,45.,8.));
#5377=CARTESIAN_POINT('Origin',(959.,0.,8.));
#5378=CARTESIAN_POINT('Origin',(959.,0.,0.));
#5379=CARTESIAN_POINT('Origin',(719.,0.,0.));
#5380=CARTESIAN_POINT('',(704.,16.,1.83697019872103E-15));
#5381=CARTESIAN_POINT('Origin',(719.,16.,0.));
#5382=CARTESIAN_POINT('',(704.,0.,1.83697019872103E-15));
#5383=CARTESIAN_POINT('',(704.,0.,1.83697019872103E-15));
#5384=CARTESIAN_POINT('Origin',(719.,0.,0.));
#5385=CARTESIAN_POINT('Origin',(719.,16.,0.));
#5386=CARTESIAN_POINT('Origin',(719.,0.,0.));
#5387=CARTESIAN_POINT('Origin',(719.,0.,0.));
#5388=CARTESIAN_POINT('',(704.,-16.,1.83697019872103E-15));
#5389=CARTESIAN_POINT('Origin',(719.,-16.,0.));
#5390=CARTESIAN_POINT('',(704.,0.,1.83697019872103E-15));
#5391=CARTESIAN_POINT('',(704.,0.,-1.83697019872103E-15));
#5392=CARTESIAN_POINT('Origin',(719.,0.,0.));
#5393=CARTESIAN_POINT('Origin',(719.,0.,0.));
#5394=CARTESIAN_POINT('Origin',(719.,-16.,0.));
#5395=CARTESIAN_POINT('Origin',(969.,0.,0.));
#5396=CARTESIAN_POINT('',(954.,16.,1.83697019872103E-15));
#5397=CARTESIAN_POINT('Origin',(969.,16.,0.));
#5398=CARTESIAN_POINT('',(954.,0.,1.83697019872103E-15));
#5399=CARTESIAN_POINT('',(954.,0.,1.83697019872103E-15));
#5400=CARTESIAN_POINT('Origin',(969.,0.,0.));
#5401=CARTESIAN_POINT('Origin',(969.,16.,0.));
#5402=CARTESIAN_POINT('Origin',(969.,0.,0.));
#5403=CARTESIAN_POINT('Origin',(969.,0.,0.));
#5404=CARTESIAN_POINT('',(954.,-16.,1.83697019872103E-15));
#5405=CARTESIAN_POINT('Origin',(969.,-16.,0.));
#5406=CARTESIAN_POINT('',(954.,0.,1.83697019872103E-15));
#5407=CARTESIAN_POINT('',(954.,0.,-1.83697019872103E-15));
#5408=CARTESIAN_POINT('Origin',(969.,0.,0.));
#5409=CARTESIAN_POINT('Origin',(969.,0.,0.));
#5410=CARTESIAN_POINT('Origin',(969.,-16.,0.));
#5411=CARTESIAN_POINT('Origin',(380.5,276.,0.));
#5412=CARTESIAN_POINT('',(380.5,276.,0.));
#5413=CARTESIAN_POINT('',(0.,276.,0.));
#5414=CARTESIAN_POINT('',(380.5,276.,0.));
#5415=CARTESIAN_POINT('',(0.,276.,690.));
#5416=CARTESIAN_POINT('',(0.,276.,0.));
#5417=CARTESIAN_POINT('',(380.5,276.,690.));
#5418=CARTESIAN_POINT('',(380.5,276.,690.));
#5419=CARTESIAN_POINT('',(380.5,276.,0.));
#5420=CARTESIAN_POINT('Origin',(380.5,110.,0.));
#5421=CARTESIAN_POINT('',(380.5,110.,0.));
#5422=CARTESIAN_POINT('',(380.5,110.,0.));
#5423=CARTESIAN_POINT('',(380.5,110.,690.));
#5424=CARTESIAN_POINT('',(380.5,110.,690.));
#5425=CARTESIAN_POINT('',(380.5,110.,0.));
#5426=CARTESIAN_POINT('Origin',(0.,110.,0.));
#5427=CARTESIAN_POINT('',(0.,110.,0.));
#5428=CARTESIAN_POINT('',(0.,110.,0.));
#5429=CARTESIAN_POINT('',(0.,110.,690.));
#5430=CARTESIAN_POINT('',(0.,110.,690.));
#5431=CARTESIAN_POINT('',(0.,110.,0.));
#5432=CARTESIAN_POINT('Origin',(0.,276.,0.));
#5433=CARTESIAN_POINT('',(0.,276.,0.));
#5434=CARTESIAN_POINT('',(0.,276.,690.));
#5435=CARTESIAN_POINT('Origin',(190.25,193.,690.));
#5436=CARTESIAN_POINT('Origin',(190.25,193.,0.));
#5437=CARTESIAN_POINT('Origin',(380.5,-110.,0.));
#5438=CARTESIAN_POINT('',(380.5,-110.,0.));
#5439=CARTESIAN_POINT('',(0.,-110.,0.));
#5440=CARTESIAN_POINT('',(380.5,-110.,0.));
#5441=CARTESIAN_POINT('',(0.,-110.,690.));
#5442=CARTESIAN_POINT('',(0.,-110.,0.));
#5443=CARTESIAN_POINT('',(380.5,-110.,690.));
#5444=CARTESIAN_POINT('',(380.5,-110.,690.));
#5445=CARTESIAN_POINT('',(380.5,-110.,0.));
#5446=CARTESIAN_POINT('Origin',(380.5,-276.,0.));
#5447=CARTESIAN_POINT('',(380.5,-276.,0.));
#5448=CARTESIAN_POINT('',(380.5,-276.,0.));
#5449=CARTESIAN_POINT('',(380.5,-276.,690.));
#5450=CARTESIAN_POINT('',(380.5,-276.,690.));
#5451=CARTESIAN_POINT('',(380.5,-276.,0.));
#5452=CARTESIAN_POINT('Origin',(0.,-276.,0.));
#5453=CARTESIAN_POINT('',(0.,-276.,0.));
#5454=CARTESIAN_POINT('',(0.,-276.,0.));
#5455=CARTESIAN_POINT('',(0.,-276.,690.));
#5456=CARTESIAN_POINT('',(0.,-276.,690.));
#5457=CARTESIAN_POINT('',(0.,-276.,0.));
#5458=CARTESIAN_POINT('Origin',(0.,-110.,0.));
#5459=CARTESIAN_POINT('',(0.,-110.,0.));
#5460=CARTESIAN_POINT('',(0.,-110.,690.));
#5461=CARTESIAN_POINT('Origin',(190.25,-193.,690.));
#5462=CARTESIAN_POINT('Origin',(190.25,-193.,0.));
#5463=CARTESIAN_POINT('Origin',(1740.,45.,0.));
#5464=CARTESIAN_POINT('',(1740.,45.,0.));
#5465=CARTESIAN_POINT('',(1530.,45.,0.));
#5466=CARTESIAN_POINT('',(1740.,45.,0.));
#5467=CARTESIAN_POINT('',(1530.,45.,15.));
#5468=CARTESIAN_POINT('',(1530.,45.,0.));
#5469=CARTESIAN_POINT('',(1740.,45.,15.));
#5470=CARTESIAN_POINT('',(1740.,45.,15.));
#5471=CARTESIAN_POINT('',(1740.,45.,0.));
#5472=CARTESIAN_POINT('Origin',(1740.,-45.,0.));
#5473=CARTESIAN_POINT('',(1740.,-45.,0.));
#5474=CARTESIAN_POINT('',(1740.,-45.,0.));
#5475=CARTESIAN_POINT('',(1740.,-45.,15.));
#5476=CARTESIAN_POINT('',(1740.,-45.,15.));
#5477=CARTESIAN_POINT('',(1740.,-45.,0.));
#5478=CARTESIAN_POINT('Origin',(1530.,-45.,0.));
#5479=CARTESIAN_POINT('',(1530.,-45.,0.));
#5480=CARTESIAN_POINT('',(1530.,-45.,0.));
#5481=CARTESIAN_POINT('',(1530.,-45.,15.));
#5482=CARTESIAN_POINT('',(1530.,-45.,15.));
#5483=CARTESIAN_POINT('',(1530.,-45.,0.));
#5484=CARTESIAN_POINT('Origin',(1530.,45.,0.));
#5485=CARTESIAN_POINT('',(1530.,45.,0.));
#5486=CARTESIAN_POINT('',(1530.,45.,15.));
#5487=CARTESIAN_POINT('Origin',(1635.,0.,15.));
#5488=CARTESIAN_POINT('Origin',(1635.,0.,0.));
#5489=CARTESIAN_POINT('Origin',(1740.,45.,0.));
#5490=CARTESIAN_POINT('',(1740.,45.,0.));
#5491=CARTESIAN_POINT('',(1530.,45.,0.));
#5492=CARTESIAN_POINT('',(1740.,45.,0.));
#5493=CARTESIAN_POINT('',(1530.,45.,15.));
#5494=CARTESIAN_POINT('',(1530.,45.,0.));
#5495=CARTESIAN_POINT('',(1740.,45.,15.));
#5496=CARTESIAN_POINT('',(1740.,45.,15.));
#5497=CARTESIAN_POINT('',(1740.,45.,0.));
#5498=CARTESIAN_POINT('Origin',(1740.,-45.,0.));
#5499=CARTESIAN_POINT('',(1740.,-45.,0.));
#5500=CARTESIAN_POINT('',(1740.,-45.,0.));
#5501=CARTESIAN_POINT('',(1740.,-45.,15.));
#5502=CARTESIAN_POINT('',(1740.,-45.,15.));
#5503=CARTESIAN_POINT('',(1740.,-45.,0.));
#5504=CARTESIAN_POINT('Origin',(1530.,-45.,0.));
#5505=CARTESIAN_POINT('',(1530.,-45.,0.));
#5506=CARTESIAN_POINT('',(1530.,-45.,0.));
#5507=CARTESIAN_POINT('',(1530.,-45.,15.));
#5508=CARTESIAN_POINT('',(1530.,-45.,15.));
#5509=CARTESIAN_POINT('',(1530.,-45.,0.));
#5510=CARTESIAN_POINT('Origin',(1530.,45.,0.));
#5511=CARTESIAN_POINT('',(1530.,45.,0.));
#5512=CARTESIAN_POINT('',(1530.,45.,15.));
#5513=CARTESIAN_POINT('Origin',(1635.,0.,15.));
#5514=CARTESIAN_POINT('Origin',(1635.,0.,0.));
#5515=CARTESIAN_POINT('Origin',(0.,0.,0.));
#5516=CARTESIAN_POINT('',(-25.,-2.0818995585505E-14,170.));
#5517=CARTESIAN_POINT('Origin',(-25.,0.,0.));
#5518=CARTESIAN_POINT('',(0.,-2.0818995585505E-14,170.));
#5519=CARTESIAN_POINT('',(0.,2.0818995585505E-14,170.));
#5520=CARTESIAN_POINT('Origin',(0.,0.,0.));
#5521=CARTESIAN_POINT('Origin',(0.,0.,0.));
#5522=CARTESIAN_POINT('',(-25.,-2.81668763803891E-14,230.));
#5523=CARTESIAN_POINT('Origin',(-25.,0.,0.));
#5524=CARTESIAN_POINT('',(0.,-2.81668763803891E-14,230.));
#5525=CARTESIAN_POINT('',(0.,2.81668763803891E-14,230.));
#5526=CARTESIAN_POINT('Origin',(0.,0.,0.));
#5527=CARTESIAN_POINT('Origin',(0.,0.,0.));
#5528=CARTESIAN_POINT('Origin',(-25.,0.,0.));
#5529=CARTESIAN_POINT('Origin',(0.,0.,0.));
#5530=CARTESIAN_POINT('',(-15.,-1.83697019872103E-14,150.));
#5531=CARTESIAN_POINT('Origin',(-15.,0.,0.));
#5532=CARTESIAN_POINT('',(0.,-1.83697019872103E-14,150.));
#5533=CARTESIAN_POINT('',(0.,1.83697019872103E-14,150.));
#5534=CARTESIAN_POINT('Origin',(0.,0.,0.));
#5535=CARTESIAN_POINT('Origin',(0.,0.,0.));
#5536=CARTESIAN_POINT('Origin',(-15.,0.,0.));
#5537=CARTESIAN_POINT('Origin',(360.5,210.,0.));
#5538=CARTESIAN_POINT('',(360.5,210.,0.));
#5539=CARTESIAN_POINT('',(20.,210.,0.));
#5540=CARTESIAN_POINT('',(360.5,210.,0.));
#5541=CARTESIAN_POINT('',(20.,210.,100.));
#5542=CARTESIAN_POINT('',(20.,210.,0.));
#5543=CARTESIAN_POINT('',(360.5,210.,100.));
#5544=CARTESIAN_POINT('',(360.5,210.,100.));
#5545=CARTESIAN_POINT('',(360.5,210.,0.));
#5546=CARTESIAN_POINT('Origin',(360.5,110.,0.));
#5547=CARTESIAN_POINT('',(360.5,110.,0.));
#5548=CARTESIAN_POINT('',(360.5,110.,0.));
#5549=CARTESIAN_POINT('',(360.5,110.,100.));
#5550=CARTESIAN_POINT('',(360.5,110.,100.));
#5551=CARTESIAN_POINT('',(360.5,110.,0.));
#5552=CARTESIAN_POINT('Origin',(20.,110.,0.));
#5553=CARTESIAN_POINT('',(20.,110.,0.));
#5554=CARTESIAN_POINT('',(20.,110.,0.));
#5555=CARTESIAN_POINT('',(20.,110.,100.));
#5556=CARTESIAN_POINT('',(20.,110.,100.));
#5557=CARTESIAN_POINT('',(20.,110.,0.));
#5558=CARTESIAN_POINT('Origin',(20.,210.,0.));
#5559=CARTESIAN_POINT('',(20.,210.,0.));
#5560=CARTESIAN_POINT('',(20.,210.,100.));
#5561=CARTESIAN_POINT('Origin',(190.25,160.,100.));
#5562=CARTESIAN_POINT('Origin',(190.25,160.,0.));
#5563=CARTESIAN_POINT('Origin',(360.5,210.,0.));
#5564=CARTESIAN_POINT('',(360.5,210.,0.));
#5565=CARTESIAN_POINT('',(20.,210.,0.));
#5566=CARTESIAN_POINT('',(360.5,210.,0.));
#5567=CARTESIAN_POINT('',(20.,210.,100.));
#5568=CARTESIAN_POINT('',(20.,210.,0.));
#5569=CARTESIAN_POINT('',(360.5,210.,100.));
#5570=CARTESIAN_POINT('',(360.5,210.,100.));
#5571=CARTESIAN_POINT('',(360.5,210.,0.));
#5572=CARTESIAN_POINT('Origin',(360.5,110.,0.));
#5573=CARTESIAN_POINT('',(360.5,110.,0.));
#5574=CARTESIAN_POINT('',(360.5,110.,0.));
#5575=CARTESIAN_POINT('',(360.5,110.,100.));
#5576=CARTESIAN_POINT('',(360.5,110.,100.));
#5577=CARTESIAN_POINT('',(360.5,110.,0.));
#5578=CARTESIAN_POINT('Origin',(20.,110.,0.));
#5579=CARTESIAN_POINT('',(20.,110.,0.));
#5580=CARTESIAN_POINT('',(20.,110.,0.));
#5581=CARTESIAN_POINT('',(20.,110.,100.));
#5582=CARTESIAN_POINT('',(20.,110.,100.));
#5583=CARTESIAN_POINT('',(20.,110.,0.));
#5584=CARTESIAN_POINT('Origin',(20.,210.,0.));
#5585=CARTESIAN_POINT('',(20.,210.,0.));
#5586=CARTESIAN_POINT('',(20.,210.,100.));
#5587=CARTESIAN_POINT('Origin',(190.25,160.,100.));
#5588=CARTESIAN_POINT('Origin',(190.25,160.,0.));
#5589=CARTESIAN_POINT('Origin',(360.5,210.,0.));
#5590=CARTESIAN_POINT('',(360.5,210.,0.));
#5591=CARTESIAN_POINT('',(20.,210.,0.));
#5592=CARTESIAN_POINT('',(360.5,210.,0.));
#5593=CARTESIAN_POINT('',(20.,210.,100.));
#5594=CARTESIAN_POINT('',(20.,210.,0.));
#5595=CARTESIAN_POINT('',(360.5,210.,100.));
#5596=CARTESIAN_POINT('',(360.5,210.,100.));
#5597=CARTESIAN_POINT('',(360.5,210.,0.));
#5598=CARTESIAN_POINT('Origin',(360.5,110.,0.));
#5599=CARTESIAN_POINT('',(360.5,110.,0.));
#5600=CARTESIAN_POINT('',(360.5,110.,0.));
#5601=CARTESIAN_POINT('',(360.5,110.,100.));
#5602=CARTESIAN_POINT('',(360.5,110.,100.));
#5603=CARTESIAN_POINT('',(360.5,110.,0.));
#5604=CARTESIAN_POINT('Origin',(20.,110.,0.));
#5605=CARTESIAN_POINT('',(20.,110.,0.));
#5606=CARTESIAN_POINT('',(20.,110.,0.));
#5607=CARTESIAN_POINT('',(20.,110.,100.));
#5608=CARTESIAN_POINT('',(20.,110.,100.));
#5609=CARTESIAN_POINT('',(20.,110.,0.));
#5610=CARTESIAN_POINT('Origin',(20.,210.,0.));
#5611=CARTESIAN_POINT('',(20.,210.,0.));
#5612=CARTESIAN_POINT('',(20.,210.,100.));
#5613=CARTESIAN_POINT('Origin',(190.25,160.,100.));
#5614=CARTESIAN_POINT('Origin',(190.25,160.,0.));
#5615=CARTESIAN_POINT('Origin',(360.5,210.,0.));
#5616=CARTESIAN_POINT('',(360.5,210.,0.));
#5617=CARTESIAN_POINT('',(20.,210.,0.));
#5618=CARTESIAN_POINT('',(360.5,210.,0.));
#5619=CARTESIAN_POINT('',(20.,210.,100.));
#5620=CARTESIAN_POINT('',(20.,210.,0.));
#5621=CARTESIAN_POINT('',(360.5,210.,100.));
#5622=CARTESIAN_POINT('',(360.5,210.,100.));
#5623=CARTESIAN_POINT('',(360.5,210.,0.));
#5624=CARTESIAN_POINT('Origin',(360.5,110.,0.));
#5625=CARTESIAN_POINT('',(360.5,110.,0.));
#5626=CARTESIAN_POINT('',(360.5,110.,0.));
#5627=CARTESIAN_POINT('',(360.5,110.,100.));
#5628=CARTESIAN_POINT('',(360.5,110.,100.));
#5629=CARTESIAN_POINT('',(360.5,110.,0.));
#5630=CARTESIAN_POINT('Origin',(20.,110.,0.));
#5631=CARTESIAN_POINT('',(20.,110.,0.));
#5632=CARTESIAN_POINT('',(20.,110.,0.));
#5633=CARTESIAN_POINT('',(20.,110.,100.));
#5634=CARTESIAN_POINT('',(20.,110.,100.));
#5635=CARTESIAN_POINT('',(20.,110.,0.));
#5636=CARTESIAN_POINT('Origin',(20.,210.,0.));
#5637=CARTESIAN_POINT('',(20.,210.,0.));
#5638=CARTESIAN_POINT('',(20.,210.,100.));
#5639=CARTESIAN_POINT('Origin',(190.25,160.,100.));
#5640=CARTESIAN_POINT('Origin',(190.25,160.,0.));
#5641=CARTESIAN_POINT('Origin',(360.5,210.,0.));
#5642=CARTESIAN_POINT('',(360.5,210.,0.));
#5643=CARTESIAN_POINT('',(20.,210.,0.));
#5644=CARTESIAN_POINT('',(360.5,210.,0.));
#5645=CARTESIAN_POINT('',(20.,210.,100.));
#5646=CARTESIAN_POINT('',(20.,210.,0.));
#5647=CARTESIAN_POINT('',(360.5,210.,100.));
#5648=CARTESIAN_POINT('',(360.5,210.,100.));
#5649=CARTESIAN_POINT('',(360.5,210.,0.));
#5650=CARTESIAN_POINT('Origin',(360.5,110.,0.));
#5651=CARTESIAN_POINT('',(360.5,110.,0.));
#5652=CARTESIAN_POINT('',(360.5,110.,0.));
#5653=CARTESIAN_POINT('',(360.5,110.,100.));
#5654=CARTESIAN_POINT('',(360.5,110.,100.));
#5655=CARTESIAN_POINT('',(360.5,110.,0.));
#5656=CARTESIAN_POINT('Origin',(20.,110.,0.));
#5657=CARTESIAN_POINT('',(20.,110.,0.));
#5658=CARTESIAN_POINT('',(20.,110.,0.));
#5659=CARTESIAN_POINT('',(20.,110.,100.));
#5660=CARTESIAN_POINT('',(20.,110.,100.));
#5661=CARTESIAN_POINT('',(20.,110.,0.));
#5662=CARTESIAN_POINT('Origin',(20.,210.,0.));
#5663=CARTESIAN_POINT('',(20.,210.,0.));
#5664=CARTESIAN_POINT('',(20.,210.,100.));
#5665=CARTESIAN_POINT('Origin',(190.25,160.,100.));
#5666=CARTESIAN_POINT('Origin',(190.25,160.,0.));
#5667=CARTESIAN_POINT('Origin',(360.5,210.,0.));
#5668=CARTESIAN_POINT('',(360.5,210.,0.));
#5669=CARTESIAN_POINT('',(20.,210.,0.));
#5670=CARTESIAN_POINT('',(360.5,210.,0.));
#5671=CARTESIAN_POINT('',(20.,210.,100.));
#5672=CARTESIAN_POINT('',(20.,210.,0.));
#5673=CARTESIAN_POINT('',(360.5,210.,100.));
#5674=CARTESIAN_POINT('',(360.5,210.,100.));
#5675=CARTESIAN_POINT('',(360.5,210.,0.));
#5676=CARTESIAN_POINT('Origin',(360.5,110.,0.));
#5677=CARTESIAN_POINT('',(360.5,110.,0.));
#5678=CARTESIAN_POINT('',(360.5,110.,0.));
#5679=CARTESIAN_POINT('',(360.5,110.,100.));
#5680=CARTESIAN_POINT('',(360.5,110.,100.));
#5681=CARTESIAN_POINT('',(360.5,110.,0.));
#5682=CARTESIAN_POINT('Origin',(20.,110.,0.));
#5683=CARTESIAN_POINT('',(20.,110.,0.));
#5684=CARTESIAN_POINT('',(20.,110.,0.));
#5685=CARTESIAN_POINT('',(20.,110.,100.));
#5686=CARTESIAN_POINT('',(20.,110.,100.));
#5687=CARTESIAN_POINT('',(20.,110.,0.));
#5688=CARTESIAN_POINT('Origin',(20.,210.,0.));
#5689=CARTESIAN_POINT('',(20.,210.,0.));
#5690=CARTESIAN_POINT('',(20.,210.,100.));
#5691=CARTESIAN_POINT('Origin',(190.25,160.,100.));
#5692=CARTESIAN_POINT('Origin',(190.25,160.,0.));
#5693=CARTESIAN_POINT('Origin',(360.5,-176.,0.));
#5694=CARTESIAN_POINT('',(360.5,-176.,0.));
#5695=CARTESIAN_POINT('',(20.,-176.,0.));
#5696=CARTESIAN_POINT('',(360.5,-176.,0.));
#5697=CARTESIAN_POINT('',(20.,-176.,100.));
#5698=CARTESIAN_POINT('',(20.,-176.,0.));
#5699=CARTESIAN_POINT('',(360.5,-176.,100.));
#5700=CARTESIAN_POINT('',(360.5,-176.,100.));
#5701=CARTESIAN_POINT('',(360.5,-176.,0.));
#5702=CARTESIAN_POINT('Origin',(360.5,-276.,0.));
#5703=CARTESIAN_POINT('',(360.5,-276.,0.));
#5704=CARTESIAN_POINT('',(360.5,-276.,0.));
#5705=CARTESIAN_POINT('',(360.5,-276.,100.));
#5706=CARTESIAN_POINT('',(360.5,-276.,100.));
#5707=CARTESIAN_POINT('',(360.5,-276.,0.));
#5708=CARTESIAN_POINT('Origin',(20.,-276.,0.));
#5709=CARTESIAN_POINT('',(20.,-276.,0.));
#5710=CARTESIAN_POINT('',(20.,-276.,0.));
#5711=CARTESIAN_POINT('',(20.,-276.,100.));
#5712=CARTESIAN_POINT('',(20.,-276.,100.));
#5713=CARTESIAN_POINT('',(20.,-276.,0.));
#5714=CARTESIAN_POINT('Origin',(20.,-176.,0.));
#5715=CARTESIAN_POINT('',(20.,-176.,0.));
#5716=CARTESIAN_POINT('',(20.,-176.,100.));
#5717=CARTESIAN_POINT('Origin',(190.25,-226.,100.));
#5718=CARTESIAN_POINT('Origin',(190.25,-226.,0.));
#5719=CARTESIAN_POINT('Origin',(360.5,-176.,0.));
#5720=CARTESIAN_POINT('',(360.5,-176.,0.));
#5721=CARTESIAN_POINT('',(20.,-176.,0.));
#5722=CARTESIAN_POINT('',(360.5,-176.,0.));
#5723=CARTESIAN_POINT('',(20.,-176.,100.));
#5724=CARTESIAN_POINT('',(20.,-176.,0.));
#5725=CARTESIAN_POINT('',(360.5,-176.,100.));
#5726=CARTESIAN_POINT('',(360.5,-176.,100.));
#5727=CARTESIAN_POINT('',(360.5,-176.,0.));
#5728=CARTESIAN_POINT('Origin',(360.5,-276.,0.));
#5729=CARTESIAN_POINT('',(360.5,-276.,0.));
#5730=CARTESIAN_POINT('',(360.5,-276.,0.));
#5731=CARTESIAN_POINT('',(360.5,-276.,100.));
#5732=CARTESIAN_POINT('',(360.5,-276.,100.));
#5733=CARTESIAN_POINT('',(360.5,-276.,0.));
#5734=CARTESIAN_POINT('Origin',(20.,-276.,0.));
#5735=CARTESIAN_POINT('',(20.,-276.,0.));
#5736=CARTESIAN_POINT('',(20.,-276.,0.));
#5737=CARTESIAN_POINT('',(20.,-276.,100.));
#5738=CARTESIAN_POINT('',(20.,-276.,100.));
#5739=CARTESIAN_POINT('',(20.,-276.,0.));
#5740=CARTESIAN_POINT('Origin',(20.,-176.,0.));
#5741=CARTESIAN_POINT('',(20.,-176.,0.));
#5742=CARTESIAN_POINT('',(20.,-176.,100.));
#5743=CARTESIAN_POINT('Origin',(190.25,-226.,100.));
#5744=CARTESIAN_POINT('Origin',(190.25,-226.,0.));
#5745=CARTESIAN_POINT('Origin',(360.5,-176.,0.));
#5746=CARTESIAN_POINT('',(360.5,-176.,0.));
#5747=CARTESIAN_POINT('',(20.,-176.,0.));
#5748=CARTESIAN_POINT('',(360.5,-176.,0.));
#5749=CARTESIAN_POINT('',(20.,-176.,100.));
#5750=CARTESIAN_POINT('',(20.,-176.,0.));
#5751=CARTESIAN_POINT('',(360.5,-176.,100.));
#5752=CARTESIAN_POINT('',(360.5,-176.,100.));
#5753=CARTESIAN_POINT('',(360.5,-176.,0.));
#5754=CARTESIAN_POINT('Origin',(360.5,-276.,0.));
#5755=CARTESIAN_POINT('',(360.5,-276.,0.));
#5756=CARTESIAN_POINT('',(360.5,-276.,0.));
#5757=CARTESIAN_POINT('',(360.5,-276.,100.));
#5758=CARTESIAN_POINT('',(360.5,-276.,100.));
#5759=CARTESIAN_POINT('',(360.5,-276.,0.));
#5760=CARTESIAN_POINT('Origin',(20.,-276.,0.));
#5761=CARTESIAN_POINT('',(20.,-276.,0.));
#5762=CARTESIAN_POINT('',(20.,-276.,0.));
#5763=CARTESIAN_POINT('',(20.,-276.,100.));
#5764=CARTESIAN_POINT('',(20.,-276.,100.));
#5765=CARTESIAN_POINT('',(20.,-276.,0.));
#5766=CARTESIAN_POINT('Origin',(20.,-176.,0.));
#5767=CARTESIAN_POINT('',(20.,-176.,0.));
#5768=CARTESIAN_POINT('',(20.,-176.,100.));
#5769=CARTESIAN_POINT('Origin',(190.25,-226.,100.));
#5770=CARTESIAN_POINT('Origin',(190.25,-226.,0.));
#5771=CARTESIAN_POINT('Origin',(360.5,-176.,0.));
#5772=CARTESIAN_POINT('',(360.5,-176.,0.));
#5773=CARTESIAN_POINT('',(20.,-176.,0.));
#5774=CARTESIAN_POINT('',(360.5,-176.,0.));
#5775=CARTESIAN_POINT('',(20.,-176.,100.));
#5776=CARTESIAN_POINT('',(20.,-176.,0.));
#5777=CARTESIAN_POINT('',(360.5,-176.,100.));
#5778=CARTESIAN_POINT('',(360.5,-176.,100.));
#5779=CARTESIAN_POINT('',(360.5,-176.,0.));
#5780=CARTESIAN_POINT('Origin',(360.5,-276.,0.));
#5781=CARTESIAN_POINT('',(360.5,-276.,0.));
#5782=CARTESIAN_POINT('',(360.5,-276.,0.));
#5783=CARTESIAN_POINT('',(360.5,-276.,100.));
#5784=CARTESIAN_POINT('',(360.5,-276.,100.));
#5785=CARTESIAN_POINT('',(360.5,-276.,0.));
#5786=CARTESIAN_POINT('Origin',(20.,-276.,0.));
#5787=CARTESIAN_POINT('',(20.,-276.,0.));
#5788=CARTESIAN_POINT('',(20.,-276.,0.));
#5789=CARTESIAN_POINT('',(20.,-276.,100.));
#5790=CARTESIAN_POINT('',(20.,-276.,100.));
#5791=CARTESIAN_POINT('',(20.,-276.,0.));
#5792=CARTESIAN_POINT('Origin',(20.,-176.,0.));
#5793=CARTESIAN_POINT('',(20.,-176.,0.));
#5794=CARTESIAN_POINT('',(20.,-176.,100.));
#5795=CARTESIAN_POINT('Origin',(190.25,-226.,100.));
#5796=CARTESIAN_POINT('Origin',(190.25,-226.,0.));
#5797=CARTESIAN_POINT('Origin',(360.5,-176.,0.));
#5798=CARTESIAN_POINT('',(360.5,-176.,0.));
#5799=CARTESIAN_POINT('',(20.,-176.,0.));
#5800=CARTESIAN_POINT('',(360.5,-176.,0.));
#5801=CARTESIAN_POINT('',(20.,-176.,100.));
#5802=CARTESIAN_POINT('',(20.,-176.,0.));
#5803=CARTESIAN_POINT('',(360.5,-176.,100.));
#5804=CARTESIAN_POINT('',(360.5,-176.,100.));
#5805=CARTESIAN_POINT('',(360.5,-176.,0.));
#5806=CARTESIAN_POINT('Origin',(360.5,-276.,0.));
#5807=CARTESIAN_POINT('',(360.5,-276.,0.));
#5808=CARTESIAN_POINT('',(360.5,-276.,0.));
#5809=CARTESIAN_POINT('',(360.5,-276.,100.));
#5810=CARTESIAN_POINT('',(360.5,-276.,100.));
#5811=CARTESIAN_POINT('',(360.5,-276.,0.));
#5812=CARTESIAN_POINT('Origin',(20.,-276.,0.));
#5813=CARTESIAN_POINT('',(20.,-276.,0.));
#5814=CARTESIAN_POINT('',(20.,-276.,0.));
#5815=CARTESIAN_POINT('',(20.,-276.,100.));
#5816=CARTESIAN_POINT('',(20.,-276.,100.));
#5817=CARTESIAN_POINT('',(20.,-276.,0.));
#5818=CARTESIAN_POINT('Origin',(20.,-176.,0.));
#5819=CARTESIAN_POINT('',(20.,-176.,0.));
#5820=CARTESIAN_POINT('',(20.,-176.,100.));
#5821=CARTESIAN_POINT('Origin',(190.25,-226.,100.));
#5822=CARTESIAN_POINT('Origin',(190.25,-226.,0.));
#5823=CARTESIAN_POINT('Origin',(360.5,-176.,0.));
#5824=CARTESIAN_POINT('',(360.5,-176.,0.));
#5825=CARTESIAN_POINT('',(20.,-176.,0.));
#5826=CARTESIAN_POINT('',(360.5,-176.,0.));
#5827=CARTESIAN_POINT('',(20.,-176.,100.));
#5828=CARTESIAN_POINT('',(20.,-176.,0.));
#5829=CARTESIAN_POINT('',(360.5,-176.,100.));
#5830=CARTESIAN_POINT('',(360.5,-176.,100.));
#5831=CARTESIAN_POINT('',(360.5,-176.,0.));
#5832=CARTESIAN_POINT('Origin',(360.5,-276.,0.));
#5833=CARTESIAN_POINT('',(360.5,-276.,0.));
#5834=CARTESIAN_POINT('',(360.5,-276.,0.));
#5835=CARTESIAN_POINT('',(360.5,-276.,100.));
#5836=CARTESIAN_POINT('',(360.5,-276.,100.));
#5837=CARTESIAN_POINT('',(360.5,-276.,0.));
#5838=CARTESIAN_POINT('Origin',(20.,-276.,0.));
#5839=CARTESIAN_POINT('',(20.,-276.,0.));
#5840=CARTESIAN_POINT('',(20.,-276.,0.));
#5841=CARTESIAN_POINT('',(20.,-276.,100.));
#5842=CARTESIAN_POINT('',(20.,-276.,100.));
#5843=CARTESIAN_POINT('',(20.,-276.,0.));
#5844=CARTESIAN_POINT('Origin',(20.,-176.,0.));
#5845=CARTESIAN_POINT('',(20.,-176.,0.));
#5846=CARTESIAN_POINT('',(20.,-176.,100.));
#5847=CARTESIAN_POINT('Origin',(190.25,-226.,100.));
#5848=CARTESIAN_POINT('Origin',(190.25,-226.,0.));
#5849=CARTESIAN_POINT('Origin',(1807.,265.,0.));
#5850=CARTESIAN_POINT('',(1807.,265.,0.));
#5851=CARTESIAN_POINT('',(-32.,265.,0.));
#5852=CARTESIAN_POINT('',(1807.,265.,0.));
#5853=CARTESIAN_POINT('',(-32.,265.,2.));
#5854=CARTESIAN_POINT('',(-32.,265.,0.));
#5855=CARTESIAN_POINT('',(1807.,265.,2.));
#5856=CARTESIAN_POINT('',(1807.,265.,2.));
#5857=CARTESIAN_POINT('',(1807.,265.,0.));
#5858=CARTESIAN_POINT('Origin',(1807.,-265.,0.));
#5859=CARTESIAN_POINT('',(1807.,-265.,0.));
#5860=CARTESIAN_POINT('',(1807.,-265.,0.));
#5861=CARTESIAN_POINT('',(1807.,-265.,2.));
#5862=CARTESIAN_POINT('',(1807.,-265.,2.));
#5863=CARTESIAN_POINT('',(1807.,-265.,0.));
#5864=CARTESIAN_POINT('Origin',(-32.,-265.,0.));
#5865=CARTESIAN_POINT('',(-32.,-265.,0.));
#5866=CARTESIAN_POINT('',(-32.,-265.,0.));
#5867=CARTESIAN_POINT('',(-32.,-265.,2.));
#5868=CARTESIAN_POINT('',(-32.,-265.,2.));
#5869=CARTESIAN_POINT('',(-32.,-265.,0.));
#5870=CARTESIAN_POINT('Origin',(-32.,265.,0.));
#5871=CARTESIAN_POINT('',(-32.,265.,0.));
#5872=CARTESIAN_POINT('',(-32.,265.,2.));
#5873=CARTESIAN_POINT('Origin',(887.5,0.,2.));
#5874=CARTESIAN_POINT('Origin',(887.5,0.,0.));
#5875=CARTESIAN_POINT('Origin',(1807.,265.,0.));
#5876=CARTESIAN_POINT('',(1807.,265.,0.));
#5877=CARTESIAN_POINT('',(-32.,265.,0.));
#5878=CARTESIAN_POINT('',(1807.,265.,0.));
#5879=CARTESIAN_POINT('',(-32.,265.,2.));
#5880=CARTESIAN_POINT('',(-32.,265.,0.));
#5881=CARTESIAN_POINT('',(1807.,265.,2.));
#5882=CARTESIAN_POINT('',(1807.,265.,2.));
#5883=CARTESIAN_POINT('',(1807.,265.,0.));
#5884=CARTESIAN_POINT('Origin',(1807.,-265.,0.));
#5885=CARTESIAN_POINT('',(1807.,-265.,0.));
#5886=CARTESIAN_POINT('',(1807.,-265.,0.));
#5887=CARTESIAN_POINT('',(1807.,-265.,2.));
#5888=CARTESIAN_POINT('',(1807.,-265.,2.));
#5889=CARTESIAN_POINT('',(1807.,-265.,0.));
#5890=CARTESIAN_POINT('Origin',(-32.,-265.,0.));
#5891=CARTESIAN_POINT('',(-32.,-265.,0.));
#5892=CARTESIAN_POINT('',(-32.,-265.,0.));
#5893=CARTESIAN_POINT('',(-32.,-265.,2.));
#5894=CARTESIAN_POINT('',(-32.,-265.,2.));
#5895=CARTESIAN_POINT('',(-32.,-265.,0.));
#5896=CARTESIAN_POINT('Origin',(-32.,265.,0.));
#5897=CARTESIAN_POINT('',(-32.,265.,0.));
#5898=CARTESIAN_POINT('',(-32.,265.,2.));
#5899=CARTESIAN_POINT('Origin',(887.5,0.,2.));
#5900=CARTESIAN_POINT('Origin',(887.5,0.,0.));
#5901=CARTESIAN_POINT('Origin',(1807.,265.,0.));
#5902=CARTESIAN_POINT('',(1807.,265.,0.));
#5903=CARTESIAN_POINT('',(-32.,265.,0.));
#5904=CARTESIAN_POINT('',(1807.,265.,0.));
#5905=CARTESIAN_POINT('',(-32.,265.,914.));
#5906=CARTESIAN_POINT('',(-32.,265.,0.));
#5907=CARTESIAN_POINT('',(1807.,265.,914.));
#5908=CARTESIAN_POINT('',(1807.,265.,914.));
#5909=CARTESIAN_POINT('',(1807.,265.,0.));
#5910=CARTESIAN_POINT('Origin',(1807.,263.,0.));
#5911=CARTESIAN_POINT('',(1807.,263.,0.));
#5912=CARTESIAN_POINT('',(1807.,263.,0.));
#5913=CARTESIAN_POINT('',(1807.,263.,914.));
#5914=CARTESIAN_POINT('',(1807.,263.,914.));
#5915=CARTESIAN_POINT('',(1807.,263.,0.));
#5916=CARTESIAN_POINT('Origin',(-32.,263.,0.));
#5917=CARTESIAN_POINT('',(-32.,263.,0.));
#5918=CARTESIAN_POINT('',(-32.,263.,0.));
#5919=CARTESIAN_POINT('',(-32.,263.,914.));
#5920=CARTESIAN_POINT('',(-32.,263.,914.));
#5921=CARTESIAN_POINT('',(-32.,263.,0.));
#5922=CARTESIAN_POINT('Origin',(-32.,265.,0.));
#5923=CARTESIAN_POINT('',(-32.,265.,0.));
#5924=CARTESIAN_POINT('',(-32.,265.,914.));
#5925=CARTESIAN_POINT('Origin',(887.5,264.,914.));
#5926=CARTESIAN_POINT('Origin',(887.5,264.,0.));
#5927=CARTESIAN_POINT('Origin',(1807.,-263.,0.));
#5928=CARTESIAN_POINT('',(1807.,-263.,0.));
#5929=CARTESIAN_POINT('',(-32.,-263.,0.));
#5930=CARTESIAN_POINT('',(1807.,-263.,0.));
#5931=CARTESIAN_POINT('',(-32.,-263.,914.));
#5932=CARTESIAN_POINT('',(-32.,-263.,0.));
#5933=CARTESIAN_POINT('',(1807.,-263.,914.));
#5934=CARTESIAN_POINT('',(1807.,-263.,914.));
#5935=CARTESIAN_POINT('',(1807.,-263.,0.));
#5936=CARTESIAN_POINT('Origin',(1807.,-265.,0.));
#5937=CARTESIAN_POINT('',(1807.,-265.,0.));
#5938=CARTESIAN_POINT('',(1807.,-265.,0.));
#5939=CARTESIAN_POINT('',(1807.,-265.,914.));
#5940=CARTESIAN_POINT('',(1807.,-265.,914.));
#5941=CARTESIAN_POINT('',(1807.,-265.,0.));
#5942=CARTESIAN_POINT('Origin',(-32.,-265.,0.));
#5943=CARTESIAN_POINT('',(-32.,-265.,0.));
#5944=CARTESIAN_POINT('',(-32.,-265.,0.));
#5945=CARTESIAN_POINT('',(-32.,-265.,914.));
#5946=CARTESIAN_POINT('',(-32.,-265.,914.));
#5947=CARTESIAN_POINT('',(-32.,-265.,0.));
#5948=CARTESIAN_POINT('Origin',(-32.,-263.,0.));
#5949=CARTESIAN_POINT('',(-32.,-263.,0.));
#5950=CARTESIAN_POINT('',(-32.,-263.,914.));
#5951=CARTESIAN_POINT('Origin',(887.5,-264.,914.));
#5952=CARTESIAN_POINT('Origin',(887.5,-264.,0.));
#5953=CARTESIAN_POINT('Origin',(1670.,100.,0.));
#5954=CARTESIAN_POINT('',(1670.,100.,0.));
#5955=CARTESIAN_POINT('',(70.,100.,0.));
#5956=CARTESIAN_POINT('',(1670.,100.,0.));
#5957=CARTESIAN_POINT('',(70.,100.,3.));
#5958=CARTESIAN_POINT('',(70.,100.,0.));
#5959=CARTESIAN_POINT('',(1670.,100.,3.));
#5960=CARTESIAN_POINT('',(1670.,100.,3.));
#5961=CARTESIAN_POINT('',(1670.,100.,0.));
#5962=CARTESIAN_POINT('Origin',(1670.,-100.,0.));
#5963=CARTESIAN_POINT('',(1670.,-100.,0.));
#5964=CARTESIAN_POINT('',(1670.,-100.,0.));
#5965=CARTESIAN_POINT('',(1670.,-100.,3.));
#5966=CARTESIAN_POINT('',(1670.,-100.,3.));
#5967=CARTESIAN_POINT('',(1670.,-100.,0.));
#5968=CARTESIAN_POINT('Origin',(70.,-100.,0.));
#5969=CARTESIAN_POINT('',(70.,-100.,0.));
#5970=CARTESIAN_POINT('',(70.,-100.,0.));
#5971=CARTESIAN_POINT('',(70.,-100.,3.));
#5972=CARTESIAN_POINT('',(70.,-100.,3.));
#5973=CARTESIAN_POINT('',(70.,-100.,0.));
#5974=CARTESIAN_POINT('Origin',(70.,100.,0.));
#5975=CARTESIAN_POINT('',(70.,100.,0.));
#5976=CARTESIAN_POINT('',(70.,100.,3.));
#5977=CARTESIAN_POINT('Origin',(870.,0.,3.));
#5978=CARTESIAN_POINT('Origin',(870.,0.,0.));
#5979=UNCERTAINTY_MEASURE_WITH_UNIT(LENGTH_MEASURE(0.01),#5983,
'DISTANCE_ACCURACY_VALUE',
'Maximum model space distance between geometric entities at asserted c
onnectivities');
#5980=UNCERTAINTY_MEASURE_WITH_UNIT(LENGTH_MEASURE(0.01),#5983,
'DISTANCE_ACCURACY_VALUE',
'Maximum model space distance between geometric entities at asserted c
onnectivities');
#5981=(
GEOMETRIC_REPRESENTATION_CONTEXT(3)
GLOBAL_UNCERTAINTY_ASSIGNED_CONTEXT((#5979))
GLOBAL_UNIT_ASSIGNED_CONTEXT((#5983,#5985,#5986))
REPRESENTATION_CONTEXT('','3D')
);
#5982=(
GEOMETRIC_REPRESENTATION_CONTEXT(3)
GLOBAL_UNCERTAINTY_ASSIGNED_CONTEXT((#5980))
GLOBAL_UNIT_ASSIGNED_CONTEXT((#5983,#5985,#5986))
REPRESENTATION_CONTEXT('','3D')
);
#5983=(
LENGTH_UNIT()
NAMED_UNIT(*)
SI_UNIT(.MILLI.,.METRE.)
);
#5984=(
LENGTH_UNIT()
NAMED_UNIT(*)
SI_UNIT($,.METRE.)
);
#5985=(
NAMED_UNIT(*)
PLANE_ANGLE_UNIT()
SI_UNIT($,.RADIAN.)
);
#5986=(
NAMED_UNIT(*)
SI_UNIT($,.STERADIAN.)
SOLID_ANGLE_UNIT()
);
#5987=SHAPE_DEFINITION_REPRESENTATION(#5988,#5989);
#5988=PRODUCT_DEFINITION_SHAPE('',$,#5991);
#5989=SHAPE_REPRESENTATION('',(#3743),#5981);
#5990=PRODUCT_DEFINITION_CONTEXT('part definition',#5995,'design');
#5991=PRODUCT_DEFINITION('EMOCD_Assembly','EMOCD_Assembly v1',#5992,#5990);
#5992=PRODUCT_DEFINITION_FORMATION('',$,#5997);
#5993=PRODUCT_RELATED_PRODUCT_CATEGORY('EMOCD_Assembly v1',
'EMOCD_Assembly v1',(#5997));
#5994=APPLICATION_PROTOCOL_DEFINITION('international standard',
'automotive_design',2009,#5995);
#5995=APPLICATION_CONTEXT(
'Core Data for Automotive Mechanical Design Process');
#5996=PRODUCT_CONTEXT('part definition',#5995,'mechanical');
#5997=PRODUCT('EMOCD_Assembly','EMOCD_Assembly v1',$,(#5996));
#5998=PRESENTATION_STYLE_ASSIGNMENT((#5999));
#5999=SURFACE_STYLE_USAGE(.BOTH.,#6000);
#6000=SURFACE_SIDE_STYLE('',(#6001));
#6001=SURFACE_STYLE_FILL_AREA(#6002);
#6002=FILL_AREA_STYLE('Steel - Satin',(#6003));
#6003=FILL_AREA_STYLE_COLOUR('Steel - Satin',#6004);
#6004=COLOUR_RGB('Steel - Satin',0.627450980392157,0.627450980392157,0.627450980392157);
ENDSEC;
END-ISO-10303-21;
